idx,pair,class,stable,fee_tier,token0,token1,reserve0,reserve1,bal0,bal1,tvl_usd,vault,vault_bal0,vault_bal1,free_steal_raw,full_drain_raw,donation_raw,full_drain_usd
0,0x748fc6a5cf179ef42c4f43784d4e194bdd1e8ebabc8498a8d927b87bd43204c,0x4a56a2e38b5d525a6d441e8d40d8546f6599442f1f8b8e466e45063592872b1,True,4,0xda114221cb83fa859dbdb4c44beeaa0bb37c7537ad5ae66fe5e0efd20e6eb3,0x53c91253bc9682c04929ca02ed00b3e423f6710d2ee7e0d5ebb06f3ecf368a8,371074683968245174468,748491535,371074683968245174468,748491535,1119.38,0x532c855f694bac4061eb66b56f27dfb7e63619aef8a85e8df639327ada96ee3,332029498430339255201,330979032,,,,
1,0x7cecccbfa263721bb64c19892ccdc658ad08ea80e90fb8f78ff06446a62c3cc,0x4a56a2e38b5d525a6d441e8d40d8546f6599442f1f8b8e466e45063592872b1,True,4,0x53c91253bc9682c04929ca02ed00b3e423f6710d2ee7e0d5ebb06f3ecf368a8,0x68f5c6a61780768455de69077e07e89787839bf8166decfbf92b645209c0fb8,8754522312,9945947301,8754522312,9945947301,18690.59,0xcb1451f9e8f3008f17e1764da9fd37bd19f5b9a9c346f3dc7914a8b25e3ea6,2594368248,2595918709,,,,
2,0x2566ee42f9981ca7ec918f7a8063f6595150a141a7077f3ed6182c7441c2e88,0x4a56a2e38b5d525a6d441e8d40d8546f6599442f1f8b8e466e45063592872b1,True,4,0xda114221cb83fa859dbdb4c44beeaa0bb37c7537ad5ae66fe5e0efd20e6eb3,0x68f5c6a61780768455de69077e07e89787839bf8166decfbf92b645209c0fb8,39207329954991842807,80096366,39207329954991842807,80096366,119.24,0x14a4508e58da732d848e6ecfe227d2f89d759fd771df401eb2dc83408bd93a0,26816821313474155360,26876417,,,,
3,0x549bdff3f2744f69a6f5f84bdcdc647452e116e1faf967e5ff19955d0011c87,0x4a56a2e38b5d525a6d441e8d40d8546f6599442f1f8b8e466e45063592872b1,False,30,0x49d36570d4e46f48e99674bd3fcc84644ddd6b96f7c741b1562b82f9e004dc7,0x53c91253bc9682c04929ca02ed00b3e423f6710d2ee7e0d5ebb06f3ecf368a8,3351510569281480291,8333470635,3351510569281480291,8333470635,16670.91,0x4cecd416fbb4347412e82780e04d5de34683c2897d40fcfe3868d26cc7e05b1,998156322724496886,2537763512,,,,
4,0x2b96b5c0b573d90a8149a68a66bbb67ab80f1848d9b8746eb09372cbc4e096,0x4a56a2e38b5d525a6d441e8d40d8546f6599442f1f8b8e466e45063592872b1,False,30,0xda114221cb83fa859dbdb4c44beeaa0bb37c7537ad5ae66fe5e0efd20e6eb3,0x49d36570d4e46f48e99674bd3fcc84644ddd6b96f7c741b1562b82f9e004dc7,310330469146444247320,134616682022710516,310330469146444247320,134616682022710516,645.3,0x3e683459616fd9b5c436b843cf6328b01e9acd957abd8a755fb99885577572a,16210366455974078070,6295271343740905,,,,
5,0xdf028499d3cfec3995cea6b75e494d632c57cef090e63c1015cbef2fddaba8,0x30ca57592ec02e083d3fefd0245b2c10ca15a3d7f1c88e6675db051f94c2e9f,True,4,0x53c91253bc9682c04929ca02ed00b3e423f6710d2ee7e0d5ebb06f3ecf368a8,0x70a76fd48ca0ef910631754d77dd822147fe98a569b826ec85e3c33fde586ac,1,1375822842,1,1375822842,0.0,0x34c4a8ffc3bb21e4605b303140d592585110492000c5f6184e70e3089c4b523,130858,264581742811830416,,,,
6,0x27b683a8b3a1f386bf5949448fef94fb9b7a004e76467491c4ccd4c9989ebbb,0x30ca57592ec02e083d3fefd0245b2c10ca15a3d7f1c88e6675db051f94c2e9f,False,30,0xda114221cb83fa859dbdb4c44beeaa0bb37c7537ad5ae66fe5e0efd20e6eb3,0x68f5c6a61780768455de69077e07e89787839bf8166decfbf92b645209c0fb8,6505543080944643305,7100450,6505543080944643305,7100450,13.6,0x26c5784916a4733e946a012b5a0adf311456f454ac441f124a7e7de2252b679,17409026373521244,17512,,,,
7,0xd0778809710cecd727b805ca92267ad17d0e6f35f1877086b9a7ca12b98c4c,0x4a56a2e38b5d525a6d441e8d40d8546f6599442f1f8b8e466e45063592872b1,False,30,0x49d36570d4e46f48e99674bd3fcc84644ddd6b96f7c741b1562b82f9e004dc7,0x68f5c6a61780768455de69077e07e89787839bf8166decfbf92b645209c0fb8,654429482632530399,1629699789,654429482632530399,1629699789,3256.87,0x4503b767a376b123cf430ee61593354f410ecd40a2ec4e61e1c8e4b89cb2f18,106875399731654992,280195587,,,,
8,0x1d3229c303ed63e1f1de4a7d2a913e79f6997c6e3570e35540ae08eb75ba4dc,0x30ca57592ec02e083d3fefd0245b2c10ca15a3d7f1c88e6675db051f94c2e9f,True,100,0xda114221cb83fa859dbdb4c44beeaa0bb37c7537ad5ae66fe5e0efd20e6eb3,0x53c91253bc9682c04929ca02ed00b3e423f6710d2ee7e0d5ebb06f3ecf368a8,177895793013706188,189300,177895793013706188,189300,0.37,0x1e2c79feddf464bfbbad0ccb3d4713da29bc4fc214b0344c45b63f8f4d8aa9b,351162705528386221,236327,,,,
9,0x9204e2a9ca0c2ec431c506df58ca7a5ee71c8da531972295e01ffd2ed9a29f,0x30ca57592ec02e083d3fefd0245b2c10ca15a3d7f1c88e6675db051f94c2e9f,False,30,0xda114221cb83fa859dbdb4c44beeaa0bb37c7537ad5ae66fe5e0efd20e6eb3,0x53c91253bc9682c04929ca02ed00b3e423f6710d2ee7e0d5ebb06f3ecf368a8,24100696719467480077,26468068,24100696719467480077,26468068,50.56,0x4b59b974319140535ae670974225bbff048c2d3d82485a22752db62d21308bd,28818413080153272,34752,,,,
10,0x522e1112acb96754a5300b52094c2fda7a0b597d0f02bf0e3fc83050c015ab6,0x4a56a2e38b5d525a6d441e8d40d8546f6599442f1f8b8e466e45063592872b1,False,30,0x42b8f0484674ca266ac5d08e4ac6a3fe65bd3129795def2dca5c34ecc5f96d2,0x49d36570d4e46f48e99674bd3fcc84644ddd6b96f7c741b1562b82f9e004dc7,713611532866014257,885210104029046355,713611532866014257,885210104029046355,4414.76,0x6bf80c8ddcd6b7c8afe86b691b300670a0d944728f3c72b58c772aaff86e402,51066478654279478,59131039520931022,,,,
11,0xff9b9f8f92fbb9301d06e618ea6ec0b6e89efec30885056753c2f281de8a38,0x4a56a2e38b5d525a6d441e8d40d8546f6599442f1f8b8e466e45063592872b1,False,30,0x3fe2b97c1fd336e750087d68b9b867997fd64a2661ff3ca5a7c771641e8e7ac,0x49d36570d4e46f48e99674bd3fcc84644ddd6b96f7c741b1562b82f9e004dc7,305935,101063647329518452,305935,101063647329518452,503.67,0x67d45acc54b2446f95ebfd47b322e5aa4fc4631dfb971b8eef3f5fc7c2a5cf,14397,3372668531306892,,,,
12,0x6a6171b9a74643a17a7ad7040f669f570d9c98ad04b05c7418bdc99c686860e,0x4a56a2e38b5d525a6d441e8d40d8546f6599442f1f8b8e466e45063592872b1,True,30,0x53c91253bc9682c04929ca02ed00b3e423f6710d2ee7e0d5ebb06f3ecf368a8,0x68f5c6a61780768455de69077e07e89787839bf8166decfbf92b645209c0fb8,1511334646,1829705156,1511334646,1829705156,3339.25,0x6dcf5a4e4434093a32e6ec0f0af9a9904a2f6be7c0e693cda9961ba3d66710e,260116604,259366993,,,,
13,0x11df19ba8936eed666a1f8a83283b7a84970ae2d5877b596fa5b9542cae7a95,0x4a56a2e38b5d525a6d441e8d40d8546f6599442f1f8b8e466e45063592872b1,True,4,0x42b8f0484674ca266ac5d08e4ac6a3fe65bd3129795def2dca5c34ecc5f96d2,0x49d36570d4e46f48e99674bd3fcc84644ddd6b96f7c741b1562b82f9e004dc7,41356332596528307,117167018491084602,41356332596528307,117167018491084602,419.75,0x7a20ad08b7355f7700841fae86d63c4c29e57036b82cd567c133367b92d7bc4,422158706822382,513832679378274,,,,
14,0x25b27213ec739aa9dd543b68b2578f4a0ab24dd9d9324e8d131211b8fcbd384,0x4a56a2e38b5d525a6d441e8d40d8546f6599442f1f8b8e466e45063592872b1,False,1,0x49d36570d4e46f48e99674bd3fcc84644ddd6b96f7c741b1562b82f9e004dc7,0x53c91253bc9682c04929ca02ed00b3e423f6710d2ee7e0d5ebb06f3ecf368a8,19027086382850129,47223928,19027086382850129,47223928,94.56,0x16a39c2f7ef6176c0ccc9fce199a6b47b0d45490cd074c04ef68576b2a6c952,2147516377973034,5691191,,,,
15,0x2d6bd7ea91dbdf3cfad82d5ec5020360885666af54a6d6d3411155a4ec009d3,0x4a56a2e38b5d525a6d441e8d40d8546f6599442f1f8b8e466e45063592872b1,True,100,0x53c91253bc9682c04929ca02ed00b3e423f6710d2ee7e0d5ebb06f3ecf368a8,0x68f5c6a61780768455de69077e07e89787839bf8166decfbf92b645209c0fb8,275537921,337393138,275537921,337393138,612.6,0x5570792abb7d53c9a0a710acc347babbf8766701eddaf53378ba1fe0cffd7d7,1175451,1331046,,,,
16,0x63da33f9b6cd0baf8358e711b75553159ed96e3b0927ccde039f0fbe0989c47,0x30ca57592ec02e083d3fefd0245b2c10ca15a3d7f1c88e6675db051f94c2e9f,False,4,0x49d36570d4e46f48e99674bd3fcc84644ddd6b96f7c741b1562b82f9e004dc7,0x68f5c6a61780768455de69077e07e89787839bf8166decfbf92b645209c0fb8,11668195994141045,28735421,11668195994141045,28735421,57.75,0x20e6849cf5de12b1cc2655337416083f66218977e7c93860311cb222c933470,441238338443526,1840476,,,,
17,0x3dfb1801cc3afb9a1ea8bbd52ea2a1d18b7ab724ed948f2f37f55b4e71631c6,0x4a56a2e38b5d525a6d441e8d40d8546f6599442f1f8b8e466e45063592872b1,False,30,0x53c91253bc9682c04929ca02ed00b3e423f6710d2ee7e0d5ebb06f3ecf368a8,0x68f5c6a61780768455de69077e07e89787839bf8166decfbf92b645209c0fb8,1812503536,1816579507,1812503536,1816579507,3627.22,0x4fd30c4836bb0643f18e66e14db3f8575412c072418374619fea19d944a3462,588898,591735,,,,
18,0x2017e177972adb0c903e051207a92b261bd1874e463f76ad526ad3c7718966e,0x30ca57592ec02e083d3fefd0245b2c10ca15a3d7f1c88e6675db051f94c2e9f,False,100,0x49d36570d4e46f48e99674bd3fcc84644ddd6b96f7c741b1562b82f9e004dc7,0x68f5c6a61780768455de69077e07e89787839bf8166decfbf92b645209c0fb8,7512132551525378,18983609,7512132551525378,18983609,37.66,0x3822bb64217228588c262cb3814e9aafc518c4a5bfc418d6cc60d7ec406bff,138881545668757,155756,,,,
19,0x3de90b2680edabf162ff3d4757bf91d4e85d249dd8aa03d57c12ba1afe7e6b3,0x30ca57592ec02e083d3fefd0245b2c10ca15a3d7f1c88e6675db051f94c2e9f,False,1,0x49d36570d4e46f48e99674bd3fcc84644ddd6b96f7c741b1562b82f9e004dc7,0x68f5c6a61780768455de69077e07e89787839bf8166decfbf92b645209c0fb8,18481198240985448,46479481,18481198240985448,46479481,92.43,0x99c4022aa47490edf73cad22a3dbf46ca6e93ff68bb392c33dbdda3314aff9,174853708296567,516008,,,,
20,0x2f7b89acbff65f3f3525d50bdb34b698b6af8fd5b4d30a84489fce2adecee97,0x4a56a2e38b5d525a6d441e8d40d8546f6599442f1f8b8e466e45063592872b1,False,100,0x49d36570d4e46f48e99674bd3fcc84644ddd6b96f7c741b1562b82f9e004dc7,0x53c91253bc9682c04929ca02ed00b3e423f6710d2ee7e0d5ebb06f3ecf368a8,87471909618208726,216443909,87471909618208726,216443909,434.05,0x49587a1e806fa5a845fa6ed29db7904458e69fe89bb7270aa807c780f1fce12,2427750503959754,7231833,,,,
21,0x313399aebf904a06fd1325018a49896aa1aec7e3e7f0b9ba020559fe34dc9ef,0x30ca57592ec02e083d3fefd0245b2c10ca15a3d7f1c88e6675db051f94c2e9f,True,30,0xda114221cb83fa859dbdb4c44beeaa0bb37c7537ad5ae66fe5e0efd20e6eb3,0x53c91253bc9682c04929ca02ed00b3e423f6710d2ee7e0d5ebb06f3ecf368a8,503787849,1,503787849,1,0.0,0x4f0ef5b8523197df33eab678b4f9fdf3016d203360bff692b3d62ad886f60ed,945557201479129115,1147426,,,,
22,0x2d949412289fdb7e508dc8a6263252e8c1818f9ae16e4a2a33843fc741fae82,0x4a56a2e38b5d525a6d441e8d40d8546f6599442f1f8b8e466e45063592872b1,False,4,0x49d36570d4e46f48e99674bd3fcc84644ddd6b96f7c741b1562b82f9e004dc7,0x53c91253bc9682c04929ca02ed00b3e423f6710d2ee7e0d5ebb06f3ecf368a8,106412355912960993,265109911,106412355912960993,265109911,529.83,0x3ea0f19969c26be984248b7c21334f2a2fae93d7f89541c87b601cc9b16087,3915878111423996,11478674,,,,
23,0x39e4f0384e423930d29c850e9dcb288387e517a9c74c345638dd81a9b4a6e8b,0x4a56a2e38b5d525a6d441e8d40d8546f6599442f1f8b8e466e45063592872b1,True,1,0x53c91253bc9682c04929ca02ed00b3e423f6710d2ee7e0d5ebb06f3ecf368a8,0x68f5c6a61780768455de69077e07e89787839bf8166decfbf92b645209c0fb8,951983009,1168302721,951983009,1168302721,2119.14,0x2c9d39bfa3523edde8b5603e284e8948f4a49c5abfdbf6f1022392a7ab9c4a8,178118731,176835779,,,,
24,0x376b888be7c97382203bcecaa4afc965a7e4274ece4838ce024f74a08c1ce23,0x30ca57592ec02e083d3fefd0245b2c10ca15a3d7f1c88e6675db051f94c2e9f,True,4,0xda114221cb83fa859dbdb4c44beeaa0bb37c7537ad5ae66fe5e0efd20e6eb3,0x49d36570d4e46f48e99674bd3fcc84644ddd6b96f7c741b1562b82f9e004dc7,1444,575,1444,575,0.0,0x7b3c2ad7e2c0734bb068d2002e21f19ede99df864c49720dde6a4a23d27eaae,6929901383706719,2830164207422,,,,
25,0xa03fc39bd98e9991f52e9173a0b56e27e5e5551eda3415ba6dfb93c537e410,0x30ca57592ec02e083d3fefd0245b2c10ca15a3d7f1c88e6675db051f94c2e9f,False,100,0x319111a5037cbec2b3e638cc34a3474e2d2608299f3e62866e9cc683208c610,0x49d36570d4e46f48e99674bd3fcc84644ddd6b96f7c741b1562b82f9e004dc7,982584765570908,1067125460901786,982584765570908,1067125460901786,5.52,0xf4f9d5bd384bde6c77b694b181982a5c6eb70eded7e61ec537c1c453f24548,97895824973,96081831528,,,,
26,0x1fa06b54cc055be1afcad4e3acc72f4f144da6e31f3b902d1bd2256372885d7,0x30ca57592ec02e083d3fefd0245b2c10ca15a3d7f1c88e6675db051f94c2e9f,False,100,0xda114221cb83fa859dbdb4c44beeaa0bb37c7537ad5ae66fe5e0efd20e6eb3,0x49d36570d4e46f48e99674bd3fcc84644ddd6b96f7c741b1562b82f9e004dc7,29311274438201630564,12535229589197082,29311274438201630564,12535229589197082,60.5,0x19823747b32e79c92a2f5e5ee18ff17eb113696bc54debd5fd4100a1ef8c5d5,109919868888154469,46961956624011,,,,
27,0x4d34a4e48cc925081ac5052ccd2817d5a537888aeaf66c4f99d03f2461b12f,0x30ca57592ec02e083d3fefd0245b2c10ca15a3d7f1c88e6675db051f94c2e9f,False,1,0xda114221cb83fa859dbdb4c44beeaa0bb37c7537ad5ae66fe5e0efd20e6eb3,0x49d36570d4e46f48e99674bd3fcc84644ddd6b96f7c741b1562b82f9e004dc7,51436838183986958194,22070975015192106,51436838183986958194,22070975015192106,106.36,0x67904aa29aea2e8a1d4d319444c190ac7983d445eac747cb9169d93affce203,261153482664900296,105847909553528,,,,
28,0x1d98b1dd7b200d0540a76fe94ff3ab1148b1935c6cbff894e77347777cceca7,0x4a56a2e38b5d525a6d441e8d40d8546f6599442f1f8b8e466e45063592872b1,False,100,0x3fe2b97c1fd336e750087d68b9b867997fd64a2661ff3ca5a7c771641e8e7ac,0x49d36570d4e46f48e99674bd3fcc84644ddd6b96f7c741b1562b82f9e004dc7,159157,52563867112198021,159157,52563867112198021,261.99,0x710b621fcf05eee52bdd4a7cfebc9cc56613262e2e02e612a2b988b123f9653,1401,591628277590516,,,,
29,0x7a138465d5e0f669d813cba90c1680abe56635d016bdb8be47330667f6dc9a5,0x30ca57592ec02e083d3fefd0245b2c10ca15a3d7f1c88e6675db051f94c2e9f,True,30,0x42b8f0484674ca266ac5d08e4ac6a3fe65bd3129795def2dca5c34ecc5f96d2,0x49d36570d4e46f48e99674bd3fcc84644ddd6b96f7c741b1562b82f9e004dc7,34351062928047740,97433769238224156,34351062928047740,97433769238224156,348.93,0x22922ce8d8a54beae7ff380d018143bd036edc3d20577b6cb743e6a2cb01119,34087443346025,61795037557397,,,,
30,0x4d40d37ebc80a65ba700773cf47d5b8cb86b906588a2185690c9b14a6664a3c,0x30ca57592ec02e083d3fefd0245b2c10ca15a3d7f1c88e6675db051f94c2e9f,False,1,0x53c91253bc9682c04929ca02ed00b3e423f6710d2ee7e0d5ebb06f3ecf368a8,0x68f5c6a61780768455de69077e07e89787839bf8166decfbf92b645209c0fb8,43286535,43281351,43286535,43281351,86.52,0x6c3d16578ffa1a8cd9ff28e0b52f96aae56ea206acc1d47c17e7d35edbc6bca,94169,110851,,,,
31,0x69a71d309454f70aedbdb508e47af6163c4370b26fd647fa8736731973980e9,0x30ca57592ec02e083d3fefd0245b2c10ca15a3d7f1c88e6675db051f94c2e9f,False,100,0x42b8f0484674ca266ac5d08e4ac6a3fe65bd3129795def2dca5c34ecc5f96d2,0x49d36570d4e46f48e99674bd3fcc84644ddd6b96f7c741b1562b82f9e004dc7,2588450575495971,3113797015213506,2588450575495971,3113797015213506,15.77,0x6d8d55df925ddb604077d1eb330fe7668f84047deefaafb66f5ae9a9a186bb7,1043106510655,92166580203,,,,
32,0x665c00d04fc719116d0add9d1d6bddf48633e61adbd8fcb5069ed519eef174b,0x30ca57592ec02e083d3fefd0245b2c10ca15a3d7f1c88e6675db051f94c2e9f,True,4,0x49d36570d4e46f48e99674bd3fcc84644ddd6b96f7c741b1562b82f9e004dc7,0x53c91253bc9682c04929ca02ed00b3e423f6710d2ee7e0d5ebb06f3ecf368a8,36234574367206726,281861858,36234574367206726,281861858,371.95,0x260ea18accd5d957c15704e41a4cd83af3c5be1b2c342878c3e1d2beabcfcfd,414212990641604,1088590,,,,
33,0x2503c0dde2488efa3f4fd0d4cbf16924e75c6c69365d73fb32968d25eb58233,0x4a56a2e38b5d525a6d441e8d40d8546f6599442f1f8b8e466e45063592872b1,False,4,0x53c91253bc9682c04929ca02ed00b3e423f6710d2ee7e0d5ebb06f3ecf368a8,0x68f5c6a61780768455de69077e07e89787839bf8166decfbf92b645209c0fb8,101897317,102089182,101897317,102089182,203.88,0x30c00c2be08f8e3442e87085c53c34c4330db03e94fcca4807fedb0729ca02b,169526,173495,,,,
34,0x1bccacffa1fa3117b9013154ce73568cb0911979e64f445b46c68e9d6308acc,0x4a56a2e38b5d525a6d441e8d40d8546f6599442f1f8b8e466e45063592872b1,False,4,0x42b8f0484674ca266ac5d08e4ac6a3fe65bd3129795def2dca5c34ecc5f96d2,0x49d36570d4e46f48e99674bd3fcc84644ddd6b96f7c741b1562b82f9e004dc7,60336885016575498,74319359154652783,60336885016575498,74319359154652783,371.96,0x332b999196ad3f67375cb6007d3ec5ebf8f39a8fc73d8e6dadd9ef6b379b225,115059037077553,144087053082973,,,,
35,0x51d507f0afa0fd5a111dff9b22151dd970e9755c42bc405a45a9f3b433771e7,0x30ca57592ec02e083d3fefd0245b2c10ca15a3d7f1c88e6675db051f94c2e9f,False,4,0xda114221cb83fa859dbdb4c44beeaa0bb37c7537ad5ae66fe5e0efd20e6eb3,0x49d36570d4e46f48e99674bd3fcc84644ddd6b96f7c741b1562b82f9e004dc7,2820364744762331369,1276430648442050,2820364744762331369,1276430648442050,6.0,0x7593bab15be0503e355369f9cb1836b6bd79ad439c6421791eaadacedf291d1,8306105482883778,3654842779325,,,,
36,0x280a0f530eee9ebe0432e2851ae617767e76c63362ae68baccb313bb21d0086,0x63c46ccdc3f160cc701e34179c6066949d6465693b7464ed4e643262513c05c,True,1,0xda114221cb83fa859dbdb4c44beeaa0bb37c7537ad5ae66fe5e0efd20e6eb3,0x68f5c6a61780768455de69077e07e89787839bf8166decfbf92b645209c0fb8,904393770689262211,2662518,904393770689262211,2662518,3.56,0x54fad27f973d68002ce9eb4bffbb3be9a7b1682f893c559bcbb10a384f4cad3,33014326905779939,35648,,,,
37,0x3054d0ca5c0ddd8c28c15f73f8a9efcea87794e94e71e908d11242a72ede4e9,0x30ca57592ec02e083d3fefd0245b2c10ca15a3d7f1c88e6675db051f94c2e9f,True,100,0x42b8f0484674ca266ac5d08e4ac6a3fe65bd3129795def2dca5c34ecc5f96d2,0x49d36570d4e46f48e99674bd3fcc84644ddd6b96f7c741b1562b82f9e004dc7,591,1427,591,1427,0.0,0x75336797025170758cc0e96d270fda4f289e035021736b11059abb481cb4cba,0,248834709503959,,,,
38,0x4711a018b130fbee2cf2a863d947db25cff3d259c9a357b186dd20c5eaaa39,0x30ca57592ec02e083d3fefd0245b2c10ca15a3d7f1c88e6675db051f94c2e9f,False,30,0x319111a5037cbec2b3e638cc34a3474e2d2608299f3e62866e9cc683208c610,0x49d36570d4e46f48e99674bd3fcc84644ddd6b96f7c741b1562b82f9e004dc7,5964722815861839,6945769577730695,5964722815861839,6945769577730695,34.65,0x453c251f3db3753efa44c661802f1ab064a5792ca277e917a490ce3976e0bf3,38057567413365,40303317148334,,,,
39,0x55e2b866b60e89b44251249ac8ccca44e84ad902f3362a5b6ed8d2da3761a8b,0x30ca57592ec02e083d3fefd0245b2c10ca15a3d7f1c88e6675db051f94c2e9f,True,30,0xda114221cb83fa859dbdb4c44beeaa0bb37c7537ad5ae66fe5e0efd20e6eb3,0x49d36570d4e46f48e99674bd3fcc84644ddd6b96f7c741b1562b82f9e004dc7,29390707003461362,2910723722397,29390707003461362,2910723722397,0.04,0x101f38c3eff790632c0069dba84de4270935db69c65aa913a35e3cb0954d75,242378822168262211,32643029957,,,,
40,0x237479f95a84308b546744bd56f5abf0b87645087681bc34d33948a2971a0a5,0x30ca57592ec02e083d3fefd0245b2c10ca15a3d7f1c88e6675db051f94c2e9f,False,30,0x42b8f0484674ca266ac5d08e4ac6a3fe65bd3129795def2dca5c34ecc5f96d2,0x53c91253bc9682c04929ca02ed00b3e423f6710d2ee7e0d5ebb06f3ecf368a8,18511766,1,18511766,1,0.0,0x6db6622d7dcbed346463044b0fcb73d9068948edfeb56cf7cd71c32124476ce,26098,4576,,,,
41,0x4b7a14b72cac72ad42cbd645e90432437ee9907bf9925bd683426f3cb8eaeab,0x30ca57592ec02e083d3fefd0245b2c10ca15a3d7f1c88e6675db051f94c2e9f,False,100,0x49d36570d4e46f48e99674bd3fcc84644ddd6b96f7c741b1562b82f9e004dc7,0x6c2fd1bcc03e54e4e23b3ffd5f6a4c65a9397996b718e633283d6d4e77a5257,124292147899839,47491461576185690042610122,124292147899839,47491461576185690042610122,0.31,0x16a03759be6e2fcf3b833ddc8781a30f346a8831c0c6d52aaa6760e8362fdc5,77574903712207204,8611766597364974087995331,,,,
42,0xda44c2d5c6b0aed395e8bc1aebf4a0ee42bf8fa579ce67642aeae6dbfd80aa,0x30ca57592ec02e083d3fefd0245b2c10ca15a3d7f1c88e6675db051f94c2e9f,False,30,0x3fe2b97c1fd336e750087d68b9b867997fd64a2661ff3ca5a7c771641e8e7ac,0x53c91253bc9682c04929ca02ed00b3e423f6710d2ee7e0d5ebb06f3ecf368a8,820,626042,820,626042,1.3,0x62b90b8ae86a011ddcc1b517b108dd299c332065e201ba29bc7a7a408dc34d1,31,55033,,,,
43,0x13f682e5536cc32205b66c3d5a5b17ff89e0b5f39c7ba14587b7ef0a565d10d,0x30ca57592ec02e083d3fefd0245b2c10ca15a3d7f1c88e6675db051f94c2e9f,False,100,0x30c42f4c0a094ea1eda7e3086056a225a464c43dd7da48bd2083fc3114a4db,0x49d36570d4e46f48e99674bd3fcc84644ddd6b96f7c741b1562b82f9e004dc7,600000,2,600000,2,0.0,0x6ccce22a9f6145bef38cdae358bca2676e1286a423201675924f94f77150e07,0,0,,,,
44,0x4ab4847da8125cdd552f954b2b5a3959bfabad67abdddbaed5d985e3fd3ab66,0x30ca57592ec02e083d3fefd0245b2c10ca15a3d7f1c88e6675db051f94c2e9f,False,30,0x30c42f4c0a094ea1eda7e3086056a225a464c43dd7da48bd2083fc3114a4db,0x75787c1adc46f3f6c7a30d6ff6b3aba82ae6eae824b7fe97ffcc90c37eba19,1269,789,1269,789,0,0x33b3f3531b6400b4f5ef3422a75401e18af536bbcc7771b2227e940ab183475,49560599854140693373,18362557919231951005,,,,
45,0xa8f1b8fb1c207d287a5f4501e71eb74e45f119ad97f4c36dc8e5962c944ab1,0x30ca57592ec02e083d3fefd0245b2c10ca15a3d7f1c88e6675db051f94c2e9f,False,30,0x42b8f0484674ca266ac5d08e4ac6a3fe65bd3129795def2dca5c34ecc5f96d2,0x68f5c6a61780768455de69077e07e89787839bf8166decfbf92b645209c0fb8,46345069865773,151189,46345069865773,151189,0.29,0x2e6aea61a1377130c029ccdf231aa1793e62d277750b1d7eb425ae340835918,385780433237,1163,,,,
46,0x57399c43cf3578f8d2601e3985ef49e6d469c047ac3c508165f500e2110cee7,0x30ca57592ec02e083d3fefd0245b2c10ca15a3d7f1c88e6675db051f94c2e9f,True,1,0xda114221cb83fa859dbdb4c44beeaa0bb37c7537ad5ae66fe5e0efd20e6eb3,0x53c91253bc9682c04929ca02ed00b3e423f6710d2ee7e0d5ebb06f3ecf368a8,16433395176788873288,32121098,16433395176788873288,32121098,48.55,0xb48b0ad2126d2f5882aeb0e9a558543fe5df53d222bec4ef7fd814aeaf6d4f,24078496103101753,19572,,,,
47,0x3679d499be9cf1569086dceef0b11d5c4f224185810e4608b7607e628581f16,0x30ca57592ec02e083d3fefd0245b2c10ca15a3d7f1c88e6675db051f94c2e9f,True,4,0x319111a5037cbec2b3e638cc34a3474e2d2608299f3e62866e9cc683208c610,0x42b8f0484674ca266ac5d08e4ac6a3fe65bd3129795def2dca5c34ecc5f96d2,1306,700,1306,700,0.0,0x1031596bc7b92fa441366c1dfa0b6271ffbf1a1e05992cb514e4f1df0885d59,71140844187310,69611992292059,,,,
48,0x2e4d4c75a6b01426de57b175aa5fee5d362a8073f3974046b4fd73dd3b1bf18,0x30ca57592ec02e083d3fefd0245b2c10ca15a3d7f1c88e6675db051f94c2e9f,False,100,0x42b8f0484674ca266ac5d08e4ac6a3fe65bd3129795def2dca5c34ecc5f96d2,0x49210ffc442172463f3177147c1aeaa36c51d152c1b0630f2364c300d4f48ee,45,22519,45,22519,0.0,0x40283453fcbfb4c66f8867d71e1acffa467abe266a66aac23fde484c3e8632c,386,70524,,,,
49,0x293ccb1955f8ff3517162edb10fd1d56c7b3813c26cbdcb9d6cbfd5522185ac,0x30ca57592ec02e083d3fefd0245b2c10ca15a3d7f1c88e6675db051f94c2e9f,False,30,0x49d36570d4e46f48e99674bd3fcc84644ddd6b96f7c741b1562b82f9e004dc7,0x6c2fd1bcc03e54e4e23b3ffd5f6a4c65a9397996b718e633283d6d4e77a5257,183713468536572,63446155647306820486234182,183713468536572,63446155647306820486234182,0.46,0x579115f3ef56ff47d217ef292a89b70188fe8c378252dd17593d20ab212e1a4,4444054170000,185922300549906530000700,,,,
50,0x407ab91ab371c1166c3752b08c40c6f735aa32962591a1687cf26463c8b724b,0x30ca57592ec02e083d3fefd0245b2c10ca15a3d7f1c88e6675db051f94c2e9f,False,4,0xda114221cb83fa859dbdb4c44beeaa0bb37c7537ad5ae66fe5e0efd20e6eb3,0x68f5c6a61780768455de69077e07e89787839bf8166decfbf92b645209c0fb8,999016624,1,999016624,1,0.0,0x37a186292e8e66714056c23d3c3973a3477a68492628d935e8bb934218d234f,0,0,,,,
51,0x165a68b05bb3724917bbc2c2dfe4f6b4836928e52b5e41276e1b3b204be93e4,0x30ca57592ec02e083d3fefd0245b2c10ca15a3d7f1c88e6675db051f94c2e9f,False,4,0xda114221cb83fa859dbdb4c44beeaa0bb37c7537ad5ae66fe5e0efd20e6eb3,0x53c91253bc9682c04929ca02ed00b3e423f6710d2ee7e0d5ebb06f3ecf368a8,999657048,1,999657048,1,0.0,0x4345cffaaf0dcbd0656bf0fd46166387d3049b6a3d9aa45f0376756f70e5ac1,0,0,,,,
52,0x3e87e1c846177892447e172ee4c2eb2c49ea28ad53c3bd19a4bc0aa19ecfe69,0x30ca57592ec02e083d3fefd0245b2c10ca15a3d7f1c88e6675db051f94c2e9f,False,30,0x124aeb495b947201f5fac96fd1138e326ad86195b98df6dec9009158a533b49,0x6c2fd1bcc03e54e4e23b3ffd5f6a4c65a9397996b718e633283d6d4e77a5257,5,224479,5,224479,0.0,0x3fefee0ff0de2c29e7db78103de0822cdb07bbe5935268bd797d078fa108f92,1167936029257156491,51760541090335912995919,,,,
53,0x7653c3ab5a5175e73fa576e59230db2f56ea4c9469f60100dbb6ce6707231e2,0x30ca57592ec02e083d3fefd0245b2c10ca15a3d7f1c88e6675db051f94c2e9f,False,30,0x30c42f4c0a094ea1eda7e3086056a225a464c43dd7da48bd2083fc3114a4db,0x6c2fd1bcc03e54e4e23b3ffd5f6a4c65a9397996b718e633283d6d4e77a5257,69,14617,69,14617,0,0x779d8888e561426f8d68e6e86d47fce653923ca235909517c867c73fefa7ab3,319756626473899552120,54105339106949083443461,,,,
54,0x1341dc26c532a93c653eb5d0408f8586d3fcd78c80aa3c5a50a55b87393496b,0x30ca57592ec02e083d3fefd0245b2c10ca15a3d7f1c88e6675db051f94c2e9f,False,30,0x137dfca7d96cdd526d13a63176454f35c691f55837497448fad352643cfe4d4,0x6c2fd1bcc03e54e4e23b3ffd5f6a4c65a9397996b718e633283d6d4e77a5257,7296,138,7296,138,0,0x170d773e879c240450b68e54b4d18cc44c3e40449706c664f0c1f8e8a60e9f0,3982206632427929348630732,40239391507791466671408,,,,
55,0xeae1608739c9ec8ca2fa363f1c53c46e94cf4ac87a54de268869e8859d880e,0x30ca57592ec02e083d3fefd0245b2c10ca15a3d7f1c88e6675db051f94c2e9f,False,30,0x1e0eee22c684fdf32babdd65e6bcca62a8ce2c23c8d5e68f3989595d26e1b4a,0x6c2fd1bcc03e54e4e23b3ffd5f6a4c65a9397996b718e633283d6d4e77a5257,371,2701,371,2701,0,0x2f9e17ffc3d04283e787f83d298e1be67d9118a22f0c02a48f851097fe90601,11555859535020061289834,83091001528332066474586,,,,
56,0x36da0c0cf272f3201fdfbd198c6a8be4612d4a796c546fbdfa01f652d1562bb,0x30ca57592ec02e083d3fefd0245b2c10ca15a3d7f1c88e6675db051f94c2e9f,False,30,0x53c91253bc9682c04929ca02ed00b3e423f6710d2ee7e0d5ebb06f3ecf368a8,0x6c2fd1bcc03e54e4e23b3ffd5f6a4c65a9397996b718e633283d6d4e77a5257,1,280030887594,1,280030887594,0.0,0x773a3040bbca278c778faafb1867049c73bf40eea7de791bbe1462f3d411f33,818703,61287266076080633191013,,,,
57,0x2b3599b8928c6838935ea5775a255f4566e40dd5531861f9cbac0b85fe0eac6,0x30ca57592ec02e083d3fefd0245b2c10ca15a3d7f1c88e6675db051f94c2e9f,False,30,0x6c2fd1bcc03e54e4e23b3ffd5f6a4c65a9397996b718e633283d6d4e77a5257,0x6cead2351c6fc93ccf3a43d4ddb645d0c851c1827b0332e3ac0c5c89d6560db,5279812302229423178793424,188186879374970802263554606,5279812302229423178793424,188186879374970802263554606,0,0x3c6b3d9bd06807f1dae7c53c2acc4f7bf8bd5b123a185f9609b9ba50254997a,119914215506475668698253,3046802099981519350275634,,,,
58,0x695c1a33ec0b0d8109c868153e0f995554a8ea1399099c1192067184808b1cf,0x30ca57592ec02e083d3fefd0245b2c10ca15a3d7f1c88e6675db051f94c2e9f,False,30,0x13db4966643bf4182d49475ec905f354e386e048b375d2cd6e3822bd228d8f1,0x6c2fd1bcc03e54e4e23b3ffd5f6a4c65a9397996b718e633283d6d4e77a5257,4488,223,4488,223,0,0x6f1f69b42097048528dbf5f7dc3567b8448eec4b81b63a25a13fe426dc8bed6,38825560319076998672292,29420770210098597830575,,,,
59,0x2cecc6071e936b8f6ab0c633339d75cccd2929dbb671443af43dcdd45d21871,0x30ca57592ec02e083d3fefd0245b2c10ca15a3d7f1c88e6675db051f94c2e9f,False,100,0x53c91253bc9682c04929ca02ed00b3e423f6710d2ee7e0d5ebb06f3ecf368a8,0x68f5c6a61780768455de69077e07e89787839bf8166decfbf92b645209c0fb8,21499303,21695151,21499303,21695151,43.17,0x74b0769dc4921933844c7816f84d64f59e8bae7f6c800e11a2e8aaf46b33be7,29437,35269,,,,
60,0x5f4ba0b703547f86d197836c67aceffb06d5becb184289268c8e95cf3cee765,0x30ca57592ec02e083d3fefd0245b2c10ca15a3d7f1c88e6675db051f94c2e9f,False,30,0x53c91253bc9682c04929ca02ed00b3e423f6710d2ee7e0d5ebb06f3ecf368a8,0x70a76fd48ca0ef910631754d77dd822147fe98a569b826ec85e3c33fde586ac,1,985920466,1,985920466,0.0,0x2f399eaa2fa6a6b09f0bcf72275f5f9b003b3a3a4200f9cb07af9ec865bd8f7,0,0,,,,
61,0x3088d87c5de68f1f1b91d4121f07df346bc04a9031743dcc9c0c5b87c005f08,0x30ca57592ec02e083d3fefd0245b2c10ca15a3d7f1c88e6675db051f94c2e9f,False,1,0x42b8f0484674ca266ac5d08e4ac6a3fe65bd3129795def2dca5c34ecc5f96d2,0x49d36570d4e46f48e99674bd3fcc84644ddd6b96f7c741b1562b82f9e004dc7,30932544792201563,37693074153809003,30932544792201563,37693074153809003,189.68,0x5ce4de7906da886c452dece98d07752c332e52d1d9e465692b4f4548df12bdd,1235628826287,2059603758040,,,,
62,0x3441f9cf6bd07bfb6d30037371ac94380677ce2a0650449310e6e2d97cadc2f,0x30ca57592ec02e083d3fefd0245b2c10ca15a3d7f1c88e6675db051f94c2e9f,False,1,0x15905d4ce047ed501b498964e74d82750c22826db5a38449080e9bf4e4796ca,0x6321571ce6f884a184e6c5872dfb2b833201c5a4707c1bce0bfb62f252192ee,3205510689750566289,1239851887418194170624452,3205510689750566289,1239851887418194170624452,0,0x45d41193757c212a280cf29ba5e250d35b70922ae6d3e5c5295c7a5563a9f43,0,1240099082555191509192432,,,,
63,0x593c61562354748e80be1d4429756c579f28389e16beddefea7589ba853f1e1,0x30ca57592ec02e083d3fefd0245b2c10ca15a3d7f1c88e6675db051f94c2e9f,False,1,0x3441f9cf6bd07bfb6d30037371ac94380677ce2a0650449310e6e2d97cadc2f,0x49d36570d4e46f48e99674bd3fcc84644ddd6b96f7c741b1562b82f9e004dc7,3760604,1,3760604,1,0.0,0x2ad331212165d2aad80e01c84508d2e90c3eccf6d3fa19d0235a975f8944155,0,0,,,,
64,0x3c4a5006819da9081e83a3e575dcae9da0159860e9c1e1e998cd85ac021b0ec,0x30ca57592ec02e083d3fefd0245b2c10ca15a3d7f1c88e6675db051f94c2e9f,False,4,0x4461e6fe97d7f7c25c9a98feb2f1ef7f506334958d6a92857034e768fe8dfb,0x62b5b2de4624a3633182ea9b9f1a3acf7116554316e9e671789db9e8280bf71,763861292112068466940937129,23107902926673410680987,763861292112068466940937129,23107902926673410680987,0,0x5832b4c55d01ccc712a6a75ec5a09d13008bb4716142bae145b32cc3f5a478f,38649738743558343921806288,255667748844902367145584,,,,
65,0x2727fd880062601b857bff29fd8c73b437bdde67ef2f64b0577a2b74f89cdc,0x30ca57592ec02e083d3fefd0245b2c10ca15a3d7f1c88e6675db051f94c2e9f,False,4,0x53c91253bc9682c04929ca02ed00b3e423f6710d2ee7e0d5ebb06f3ecf368a8,0x62b5b2de4624a3633182ea9b9f1a3acf7116554316e9e671789db9e8280bf71,1481,761829858457073606238,1481,761829858457073606238,0.0,0x1a8b4d256acaf68366f1daca5f4644d1ac101d50fbdf50f24d9ee05d0ba87e3,1776,63965759657183709595,,,,
66,0x20dd7f9de79975012acb86fdcdbf72ace525be539b56cecb021640d2f2721d9,0x30ca57592ec02e083d3fefd0245b2c10ca15a3d7f1c88e6675db051f94c2e9f,True,4,0x53c91253bc9682c04929ca02ed00b3e423f6710d2ee7e0d5ebb06f3ecf368a8,0x62b5b2de4624a3633182ea9b9f1a3acf7116554316e9e671789db9e8280bf71,2774944,15999935187685109780785879,2774944,15999935187685109780785879,2.77,0x178762dcda3b12a1bf308ce878c16b60dcaa67f72ae36d2e6b39982dc450aee,163793,107068109568354172546710,,,,
67,0x656ac538705b0ecee7fad9e5ea72c61ba1db1855964c5bbbbc6c653c3060e00,0x30ca57592ec02e083d3fefd0245b2c10ca15a3d7f1c88e6675db051f94c2e9f,True,1,0x4461e6fe97d7f7c25c9a98feb2f1ef7f506334958d6a92857034e768fe8dfb,0x53c91253bc9682c04929ca02ed00b3e423f6710d2ee7e0d5ebb06f3ecf368a8,2197039293923316508549514,2,2197039293923316508549514,2,0.0,0x3f7297740203ae8a8b8091b846361fd48c9363657f8d61659804dc43a95e9f0,519511457378286422319,382,,,,
68,0x4764751f04fe9c011de53b132501954e7d41df6d94a6abf6192c033aa3e768d,0x30ca57592ec02e083d3fefd0245b2c10ca15a3d7f1c88e6675db051f94c2e9f,False,4,0x4461e6fe97d7f7c25c9a98feb2f1ef7f506334958d6a92857034e768fe8dfb,0x53c91253bc9682c04929ca02ed00b3e423f6710d2ee7e0d5ebb06f3ecf368a8,1448723685374648202643202263,71,1448723685374648202643202263,71,0.0,0x6bcb2486b7eca677d38c665c65729ecea66700fbee1a0a22f32695f8a26a8f8,48729112398305064507830808,36881,,,,
69,0xe34750562975643abc58aac6a2e655af97ce858672f04910b3d705ad974cf0,0x30ca57592ec02e083d3fefd0245b2c10ca15a3d7f1c88e6675db051f94c2e9f,True,100,0x53c91253bc9682c04929ca02ed00b3e423f6710d2ee7e0d5ebb06f3ecf368a8,0x62b5b2de4624a3633182ea9b9f1a3acf7116554316e9e671789db9e8280bf71,433,4510406489391192259594,433,4510406489391192259594,0.0,0x19f7ec2955d31f453f6304e179a3df81ecaf8fbacd2346586ad267b25b73ddf,204,345320209878917226339,,,,
70,0x6582ac53aa3737abf2a7d4ca58d2a3f7d421d62928bd36f1a1e559c4669a476,0x30ca57592ec02e083d3fefd0245b2c10ca15a3d7f1c88e6675db051f94c2e9f,False,30,0x319111a5037cbec2b3e638cc34a3474e2d2608299f3e62866e9cc683208c610,0x42b8f0484674ca266ac5d08e4ac6a3fe65bd3129795def2dca5c34ecc5f96d2,6881522026890343,6518957527797217,6881522026890343,6518957527797217,40.25,0x5e30a49e3fc6b7b50fb88575ea0e8feb2667087f3816f4636bf36ae1f5a1037,12991999608458,12010245600634,,,,
71,0x78361ce0d20efc6a705aabc1c29fc0447f6b969f40fda203b77ae1bea6235fc,0x30ca57592ec02e083d3fefd0245b2c10ca15a3d7f1c88e6675db051f94c2e9f,False,30,0xda114221cb83fa859dbdb4c44beeaa0bb37c7537ad5ae66fe5e0efd20e6eb3,0x49210ffc442172463f3177147c1aeaa36c51d152c1b0630f2364c300d4f48ee,2908,344,2908,344,0.0,0x214f5cf607e428524d37422caa9a81968c5a83ffbc9a56c9d16543de731ee68,5873,466,,,,
72,0x2431bde4185e645df68c9371403b9a64aa5b3082a16dbab6256e6b77bb8ff3a,0x30ca57592ec02e083d3fefd0245b2c10ca15a3d7f1c88e6675db051f94c2e9f,False,100,0x124aeb495b947201f5fac96fd1138e326ad86195b98df6dec9009158a533b49,0x49d36570d4e46f48e99674bd3fcc84644ddd6b96f7c741b1562b82f9e004dc7,21733890388759100401,13737651405777,21733890388759100401,13737651405777,0.11,0x316b1a3ca9279c5d9d1948fb7a7dc3c92a8aeebf09f0019807d94fdc7a5f9fb,337414908077607389,2194801927996,,,,
73,0x20e1b01238e28a2411d246ba2744a649f261d863e28129e2c46a79f73c399e5,0x63c46ccdc3f160cc701e34179c6066949d6465693b7464ed4e643262513c05c,False,30,0x124aeb495b947201f5fac96fd1138e326ad86195b98df6dec9009158a533b49,0x49d36570d4e46f48e99674bd3fcc84644ddd6b96f7c741b1562b82f9e004dc7,9934244179202258121874,14480656382567594,9934244179202258121874,14480656382567594,71.19,0x1a9efdb0379aeb7e8325c5d240e855ad85419ee88d857d5d9c3a5b659167138,388857691331312479421,4809008531571376,,,,
74,0x3b84c6543f61f3ba8a19b34f003f5bab46d5d2d94c5f723f1fd04cde99d01f2,0x30ca57592ec02e083d3fefd0245b2c10ca15a3d7f1c88e6675db051f94c2e9f,False,30,0x49210ffc442172463f3177147c1aeaa36c51d152c1b0630f2364c300d4f48ee,0x53c91253bc9682c04929ca02ed00b3e423f6710d2ee7e0d5ebb06f3ecf368a8,2070917055464392518,15545209,2070917055464392518,15545209,30.75,0x1b593f4ac9462328f64f9dac4f71a253e0570093eef6e9e9ace4c123bd945f3,2041764956459517673,1910111,,,,
75,0x75e4f9ab7a6d0dcfccd38dfa536f22f30088a969a210505d1109d34abaf9c7c,0x30ca57592ec02e083d3fefd0245b2c10ca15a3d7f1c88e6675db051f94c2e9f,False,30,0x3fe2b97c1fd336e750087d68b9b867997fd64a2661ff3ca5a7c771641e8e7ac,0x42b8f0484674ca266ac5d08e4ac6a3fe65bd3129795def2dca5c34ecc5f96d2,1,388805340,1,388805340,0.0,0x2d02f1163bb7e7a224081819ee52f09274f1a80775dda627c26620d411779a0,99,32843828668774,,,,
76,0x1190f837cc6e738212155b73e7df90b5c21f3a7f4adda680672b20b48c8c80b,0x30ca57592ec02e083d3fefd0245b2c10ca15a3d7f1c88e6675db051f94c2e9f,False,30,0x124aeb495b947201f5fac96fd1138e326ad86195b98df6dec9009158a533b49,0x53c91253bc9682c04929ca02ed00b3e423f6710d2ee7e0d5ebb06f3ecf368a8,512579193977144301401,1196117,512579193977144301401,1196117,3.01,0x1c08717eca884a928ab6f6ee66d3687b76b9bb7f61b39689d6db1e2ddb1149d,6682719726765246200,174108,,,,
77,0x46ef021c3a066ef92335e301ebd23923dfc3f49b4a4a50f994fc58888be655,0x30ca57592ec02e083d3fefd0245b2c10ca15a3d7f1c88e6675db051f94c2e9f,False,30,0x49d36570d4e46f48e99674bd3fcc84644ddd6b96f7c741b1562b82f9e004dc7,0x70a76fd48ca0ef910631754d77dd822147fe98a569b826ec85e3c33fde586ac,536957295078620,1348784542878644548,536957295078620,1348784542878644548,2.69,0x17b7a5401afaadc5a510e0d15997e32da3d724fa9e873913286e9046867d102,10234996637166,42904931821754538,,,,
78,0x6cbc110394329a1beb059b1da3a36e3042280f4c8cab1a1d10618e4822649ce,0x4a56a2e38b5d525a6d441e8d40d8546f6599442f1f8b8e466e45063592872b1,False,30,0x4718f5a0fc34cc1af16a1cdee98ffb20c31f5cd61d6ab07201858f4287c938d,0x49d36570d4e46f48e99674bd3fcc84644ddd6b96f7c741b1562b82f9e004dc7,46350118969693922818565,1364110336794854013,46441179957411696016438,1361435615034156386,6794.09,0x6a37280403bcdf0d3390ec78ba05efeac09855f8ce7f18be9b585e612fe982,2151317669900611123015,295131114712516821,,,,
79,0x1c381df6357df3693eff7a541a676a100375859ee1cfaf23e12586ad09dbd04,0x4a56a2e38b5d525a6d441e8d40d8546f6599442f1f8b8e466e45063592872b1,False,30,0x4718f5a0fc34cc1af16a1cdee98ffb20c31f5cd61d6ab07201858f4287c938d,0x53c91253bc9682c04929ca02ed00b3e423f6710d2ee7e0d5ebb06f3ecf368a8,30420962401109298230740,2217979785,30432358552488435479442,2217149208,4448.78,0x25a04676377d3e3591d5de70ab52f446655f666687e9dad7515134d508cce85,1314256524871306363872,553056426,,,,
80,0x7896bb11e013e0ba9bbd91fdb1e2265215526eebb703294a619ceb5e27905f3,0x30ca57592ec02e083d3fefd0245b2c10ca15a3d7f1c88e6675db051f94c2e9f,False,30,0x49d36570d4e46f48e99674bd3fcc84644ddd6b96f7c741b1562b82f9e004dc7,0x5411eb1f1a076e0feca05738bcbe735f9cbf0461fe3e68e92a6b741f2b111c3,716434711377,6979003000000000000000000000000,716434711377,6979003000000000000000000000000,0.0,0x1a5dfb4734ac2820caed3b95b4efdd0ca9f4fc53e7dbca1141bafdafedf481,0,20997000000000000000000000000,,,,
81,0x435ba31aa45800c901f642c535ba2db33034168863c9722df46d33a10691dca,0x30ca57592ec02e083d3fefd0245b2c10ca15a3d7f1c88e6675db051f94c2e9f,False,100,0x137dfca7d96cdd526d13a63176454f35c691f55837497448fad352643cfe4d4,0x49d36570d4e46f48e99674bd3fcc84644ddd6b96f7c741b1562b82f9e004dc7,132258314,1,132258314,1,0.0,0x6b623190e26bace5cc6be5832eb370feeef25663f7b86720890196d4cb7c852,2551137452618283098661962,110683314431397,,,,
82,0x290f60fbfc1fce17ca00eaad2281cb00b238ed880282a2a84aaedd2921dbec9,0x30ca57592ec02e083d3fefd0245b2c10ca15a3d7f1c88e6675db051f94c2e9f,False,30,0x49210ffc442172463f3177147c1aeaa36c51d152c1b0630f2364c300d4f48ee,0x49d36570d4e46f48e99674bd3fcc84644ddd6b96f7c741b1562b82f9e004dc7,413818469628370,742750642418,413818469628370,742750642418,0.0,0x3c6da08c37192985cb177d143680c136aa4a26f2166d4c6d063d1b0c1156055,1582649272482,4266980484,,,,
83,0x462cdade6da7d945ced7b30c3ad23afcc74d6c184d982963c1e93ce0aa4424f,0x30ca57592ec02e083d3fefd0245b2c10ca15a3d7f1c88e6675db051f94c2e9f,False,30,0x49d36570d4e46f48e99674bd3fcc84644ddd6b96f7c741b1562b82f9e004dc7,0x6cead2351c6fc93ccf3a43d4ddb645d0c851c1827b0332e3ac0c5c89d6560db,18341761351666,28034657614869322397525151205,18341761351666,28034657614869322397525151205,0.05,0x43fc73f6c1f2278d25056c1a331e31e0b388b63b7f8787599fe26635562e7a2,2329544872351,84678361337451288136874108,,,,
84,0x75981cfb53fc0022b1cdf3394b8e61e0f39db699d38f7755b085ce7de87fb53,0x30ca57592ec02e083d3fefd0245b2c10ca15a3d7f1c88e6675db051f94c2e9f,False,4,0x1e0eee22c684fdf32babdd65e6bcca62a8ce2c23c8d5e68f3989595d26e1b4a,0x49d36570d4e46f48e99674bd3fcc84644ddd6b96f7c741b1562b82f9e004dc7,32157134780997212,3108517,32157134780997212,3108517,0.0,0x5ea527645dddd48b1212cd1911b8e2b26e23ad4bc47b5a9fdb8e515d8f3cc8e,40000412868000346979,20900004159,,,,
85,0x563861e54e22c25b1157bf9fbd86cffacdd1dd1fd0489c951de422a6f50eb96,0x30ca57592ec02e083d3fefd0245b2c10ca15a3d7f1c88e6675db051f94c2e9f,False,100,0x13db4966643bf4182d49475ec905f354e386e048b375d2cd6e3822bd228d8f1,0x53c91253bc9682c04929ca02ed00b3e423f6710d2ee7e0d5ebb06f3ecf368a8,587365834658,2,587365834658,2,0.0,0x10d29bc326a9413892b67711b5b82e226ba06d94a3724a48919912d2d08bb7,5932987979,243374,,,,
86,0x279838e564766890400d4d7e477cb178819485029aa42ef25f779c204863f63,0x30ca57592ec02e083d3fefd0245b2c10ca15a3d7f1c88e6675db051f94c2e9f,False,4,0x4718f5a0fc34cc1af16a1cdee98ffb20c31f5cd61d6ab07201858f4287c938d,0x49d36570d4e46f48e99674bd3fcc84644ddd6b96f7c741b1562b82f9e004dc7,1801928558889754641183,52930234368426718,1801928558889754641183,52930234368426718,263.88,0x2f91ed08ce98ca3e119585505779f4ec1473a88a9b188f09ebb5585f776e0a2,14332002123955689550,1645987956255708,,,,
87,0x5080df3ec5b1428164d31f27639082ba514102c6d9781080452e987ff8b2678,0x4a56a2e38b5d525a6d441e8d40d8546f6599442f1f8b8e466e45063592872b1,False,1,0x431f1babf7066216605b2bf559794abb8353f45d0bccbd7ff0fae4544c04539,0x49d36570d4e46f48e99674bd3fcc84644ddd6b96f7c741b1562b82f9e004dc7,24652329278721595297,44514807407407408,24652329278721595297,44514807407407408,110.77,0x2602ce081b105b30f7c33a6beb1d8f4e1bdfa4c8e8be952e2b51006531f0426,0,5010000000000,,,,
88,0xe03e781410d4560aca8ae21bfcc84b36581d7d7b20e75482602c280feb204b,0x30ca57592ec02e083d3fefd0245b2c10ca15a3d7f1c88e6675db051f94c2e9f,False,30,0xda114221cb83fa859dbdb4c44beeaa0bb37c7537ad5ae66fe5e0efd20e6eb3,0x4718f5a0fc34cc1af16a1cdee98ffb20c31f5cd61d6ab07201858f4287c938d,72642908666036229,1167557936500099275,72642908666036229,1167557936500099275,0.16,0x4674c0eab831528a4aad63707bca6d6bedd2ad0bee72ade37b32e0c78f5f1d9,769772410991105310,42598062347676148,,,,
89,0x3df887ee9fcdbde0d5cee8bd63fa66dee1662a1f44b075f744952cc99b6b13,0x30ca57592ec02e083d3fefd0245b2c10ca15a3d7f1c88e6675db051f94c2e9f,False,30,0x4718f5a0fc34cc1af16a1cdee98ffb20c31f5cd61d6ab07201858f4287c938d,0x68f5c6a61780768455de69077e07e89787839bf8166decfbf92b645209c0fb8,171732096359896292176,12171489,171732096359896292176,12171489,24.76,0x12f173ebf374db69c33c4176b4c2bd4cde1bca1ceb7ff88b52dc42e7c5f66f1,9659781520814231522,1640188,,,,
90,0x1a8a55e0154eef47daf7b7a1c63fecf099918f3d52473d88ac279c916cb1d4a,0x30ca57592ec02e083d3fefd0245b2c10ca15a3d7f1c88e6675db051f94c2e9f,False,100,0x4718f5a0fc34cc1af16a1cdee98ffb20c31f5cd61d6ab07201858f4287c938d,0x49d36570d4e46f48e99674bd3fcc84644ddd6b96f7c741b1562b82f9e004dc7,1359756260752695940892,39933399002066095,1359756260752695940892,39933399002066095,199.1,0x22e99fa1d209be220a39506c8c7aed0c6d853715a680da6fb906e0f767212f3,106278580924098850202,10097507346825163,,,,
91,0x3bc020149d39b10b19020c4f15275f1c24768b28c0102fb3f6c8e1c9dd68530,0x30ca57592ec02e083d3fefd0245b2c10ca15a3d7f1c88e6675db051f94c2e9f,False,1,0x4718f5a0fc34cc1af16a1cdee98ffb20c31f5cd61d6ab07201858f4287c938d,0x49d36570d4e46f48e99674bd3fcc84644ddd6b96f7c741b1562b82f9e004dc7,1280276351289515128127,37621420858234531,1280276351289515128127,37621420858234531,187.52,0x7ba7e6e8942ed040b9d4353395b8a3e45756a70f6ef58fa75908dcbf7e95afa,1917737235868574704,244285629215235,,,,
92,0x1c4ea92130db0efc7459e2d072f1ef42fc9a6e8b6098ef6bb8f01ed1a1176e4,0x30ca57592ec02e083d3fefd0245b2c10ca15a3d7f1c88e6675db051f94c2e9f,True,4,0x4718f5a0fc34cc1af16a1cdee98ffb20c31f5cd61d6ab07201858f4287c938d,0x68f5c6a61780768455de69077e07e89787839bf8166decfbf92b645209c0fb8,301455025,1,301455025,1,0.0,0x4bc6b0abb74c78442d25aca5bcca6d30b29e6576732019de9bca14f96b0e677,43580726400000,470,,,,
93,0x8676e28a2d6482334e3b6161b62dfbba176b2abf1af1b1cb12122205d2b865,0x30ca57592ec02e083d3fefd0245b2c10ca15a3d7f1c88e6675db051f94c2e9f,False,100,0x4718f5a0fc34cc1af16a1cdee98ffb20c31f5cd61d6ab07201858f4287c938d,0x53c91253bc9682c04929ca02ed00b3e423f6710d2ee7e0d5ebb06f3ecf368a8,1584103763625688824975,116374739,1584103763625688824975,116374739,232.54,0x4ff112beaa921e0e13521eff8b3a516f0f8609d01451481681cc31a37f60aae,213145921999794428013,120568183,,,,
94,0x5fad4fd4811855ede7017f3716fced989b620c58433bd9972042bf08028878c,0x30ca57592ec02e083d3fefd0245b2c10ca15a3d7f1c88e6675db051f94c2e9f,True,4,0x4718f5a0fc34cc1af16a1cdee98ffb20c31f5cd61d6ab07201858f4287c938d,0x49d36570d4e46f48e99674bd3fcc84644ddd6b96f7c741b1562b82f9e004dc7,277706109273742270567,2708128581645642,277706109273742270567,2708128581645642,27.11,0x7c1a987654921b4fc6b522ee2bfd51294d765f391ac0d38b07b9a0d19221dd1,265860187773553256,13522134251985,,,,
95,0x6a4c56db721dc6c7153a38ee4e2f11685a692d2a2ee7d59423fb4f43f0d6614,0x30ca57592ec02e083d3fefd0245b2c10ca15a3d7f1c88e6675db051f94c2e9f,False,4,0x4718f5a0fc34cc1af16a1cdee98ffb20c31f5cd61d6ab07201858f4287c938d,0x68f5c6a61780768455de69077e07e89787839bf8166decfbf92b645209c0fb8,25475704459009246,1279,25475704459009246,1279,0.0,0x713fec02dd712a2dc3b0e365cefe350292c1f8e37432b75b58d62ee1a44a482,14307453761717,0,,,,
96,0x328d63409f67549eb8c3f678f8ba3abd69dce3379d89889ee45c4bd97fd9c2a,0x30ca57592ec02e083d3fefd0245b2c10ca15a3d7f1c88e6675db051f94c2e9f,False,4,0x4718f5a0fc34cc1af16a1cdee98ffb20c31f5cd61d6ab07201858f4287c938d,0x53c91253bc9682c04929ca02ed00b3e423f6710d2ee7e0d5ebb06f3ecf368a8,658161943093906085801,47582218,658161943093906085801,47582218,95.85,0x3594d959ac581f9b3e1c2880a7d084fd4d85965d3193caca083be911b8a7371,4158988664588025110,838676,,,,
97,0x14cd828c5e6b3d8820a9e66d9d45239c89514fcaef06f699d15364f94704910,0x30ca57592ec02e083d3fefd0245b2c10ca15a3d7f1c88e6675db051f94c2e9f,False,1,0x4718f5a0fc34cc1af16a1cdee98ffb20c31f5cd61d6ab07201858f4287c938d,0x53c91253bc9682c04929ca02ed00b3e423f6710d2ee7e0d5ebb06f3ecf368a8,328713529508964811600,24472314,328713529508964811600,24472314,48.58,0x504d503086222f48aa446143e32d771a07f26f3afb1cd07e96c1332bcbc61e7,301723413149583609,46900,,,,
98,0x6a3b6aebe190fdf009127006df0965cddde32f50fc486815509405fff60c9b7,0x30ca57592ec02e083d3fefd0245b2c10ca15a3d7f1c88e6675db051f94c2e9f,True,4,0x4718f5a0fc34cc1af16a1cdee98ffb20c31f5cd61d6ab07201858f4287c938d,0x53c91253bc9682c04929ca02ed00b3e423f6710d2ee7e0d5ebb06f3ecf368a8,161670190462691846794,3922897,161670190462691846794,3922897,15.78,0x123274e929e606a9c29540fd52bed03cb72cdb59c5012e91b0f0d06442e555e,204139825351267140,48509,,,,
99,0xd7617e709780e524cf09f8c930b6521fbfc445896765543bbe60098027fce8,0x30ca57592ec02e083d3fefd0245b2c10ca15a3d7f1c88e6675db051f94c2e9f,True,30,0x4718f5a0fc34cc1af16a1cdee98ffb20c31f5cd61d6ab07201858f4287c938d,0x53c91253bc9682c04929ca02ed00b3e423f6710d2ee7e0d5ebb06f3ecf368a8,583052373,1,583052373,1,0.0,0x1edf457570216f4931ee63e96b3ec6b0a3913c60c776e4bb0c6df467152c49e,1261743,1,,,,
100,0x5d4cf494e3320d39d067f8aee7ca84d936aa9296c3730bbcaf508ec1bbf81d5,0x30ca57592ec02e083d3fefd0245b2c10ca15a3d7f1c88e6675db051f94c2e9f,False,30,0x124aeb495b947201f5fac96fd1138e326ad86195b98df6dec9009158a533b49,0x4718f5a0fc34cc1af16a1cdee98ffb20c31f5cd61d6ab07201858f4287c938d,48835013378573453015,2417412680017887604,48835013378573453015,2417412680017887604,0.35,0x6843313159b9f323139158c84e53e77be9b26ce157fd2c713d83f8324af2482,581412619089774549,77119570993618643,,,,
101,0x2c78c85b333228542953092005a6920cf542834d05fb6b1c597229fed50443f,0x30ca57592ec02e083d3fefd0245b2c10ca15a3d7f1c88e6675db051f94c2e9f,False,1,0x124aeb495b947201f5fac96fd1138e326ad86195b98df6dec9009158a533b49,0x3fe2b97c1fd336e750087d68b9b867997fd64a2661ff3ca5a7c771641e8e7ac,44257649206,1,44257649206,1,0.0,0x4acc3ba5c7e0bf87c4f4c56b87f57239a33d2571b177b8e86e9fdc3210bdf8e,50046871068466535,27,,,,
102,0x61985ea93dda7d6f5324b69e28596e52bd2f139b993b2dc156de4a3568c6d65,0x30ca57592ec02e083d3fefd0245b2c10ca15a3d7f1c88e6675db051f94c2e9f,False,4,0x124aeb495b947201f5fac96fd1138e326ad86195b98df6dec9009158a533b49,0x3fe2b97c1fd336e750087d68b9b867997fd64a2661ff3ca5a7c771641e8e7ac,45626945787,1,45626945787,1,0.0,0x4dd4c6e597d1b90917875d1103fbea7ea1f1d0022e763310118708d46f1cfa6,0,0,,,,
103,0xd93baaf74fc3299942b740972fae11c39a0d68ba7210b943c6926b53456c6c,0x30ca57592ec02e083d3fefd0245b2c10ca15a3d7f1c88e6675db051f94c2e9f,False,30,0x124aeb495b947201f5fac96fd1138e326ad86195b98df6dec9009158a533b49,0x3fe2b97c1fd336e750087d68b9b867997fd64a2661ff3ca5a7c771641e8e7ac,46709936650,1,46709936650,1,0.0,0x549ad9b4b5d93fd082a258f2867f49f44e53d77734ddaa89c295d4d74f39d5a,0,0,,,,
104,0x11ec9352cdc2d098325a8eb2d91b8a18a55836ec04147523c1169a94b29707f,0x30ca57592ec02e083d3fefd0245b2c10ca15a3d7f1c88e6675db051f94c2e9f,True,100,0x4718f5a0fc34cc1af16a1cdee98ffb20c31f5cd61d6ab07201858f4287c938d,0x53c91253bc9682c04929ca02ed00b3e423f6710d2ee7e0d5ebb06f3ecf368a8,1000000000,1,1000000000,1,0.0,0x7fe93e2a26c66602f36fb49caec6f58e734211b425b5063a5f932a3ec1ea152,0,0,,,,
105,0x160f8816ea1fd994e6fafa401749869afcce0ae492ec45af8f109fc0965e6c1,0x30ca57592ec02e083d3fefd0245b2c10ca15a3d7f1c88e6675db051f94c2e9f,True,1,0x4718f5a0fc34cc1af16a1cdee98ffb20c31f5cd61d6ab07201858f4287c938d,0x53c91253bc9682c04929ca02ed00b3e423f6710d2ee7e0d5ebb06f3ecf368a8,66498824766126341476,1594363,66498824766126341476,1594363,6.47,0x5a3d7eb9e8b36b4e1e18a2a7d6b1dc76adcdcaebd120eb5884476e8debcc5c7,14125548532736437,2239,,,,
106,0x1094f5f0b1218a9915ac55a5ce42e2a33033bd23a81141ddcf62b905acb39b9,0x30ca57592ec02e083d3fefd0245b2c10ca15a3d7f1c88e6675db051f94c2e9f,False,1,0x4718f5a0fc34cc1af16a1cdee98ffb20c31f5cd61d6ab07201858f4287c938d,0x68f5c6a61780768455de69077e07e89787839bf8166decfbf92b645209c0fb8,8183571957706291302,305603,8183571957706291302,305603,0.91,0x2a17d173508a221d5d9c70e32a2b6c276038a71185abf7abaed2bb61ae75a3f,4032559566013345,665,,,,
107,0x2a3d4f5e76a64abfc89e4dd455900ca24491d65b7147e4651d1c918ac62d876,0x30ca57592ec02e083d3fefd0245b2c10ca15a3d7f1c88e6675db051f94c2e9f,False,1,0x30c42f4c0a094ea1eda7e3086056a225a464c43dd7da48bd2083fc3114a4db,0x7aff71144cde9a9db0cf44e09f5c110fcd487a85c8a8d6824bf03527484e8cb,1464,684,1464,684,0,0x4661e52599b63373d000152f6729537bfb7acb81a8a3cacab3590fb0536e6c6,0,0,,,,
108,0x3948c28f0cad298dde951888a2aaefcdb053d7708284a1b0ebb299bbd6e15,0x30ca57592ec02e083d3fefd0245b2c10ca15a3d7f1c88e6675db051f94c2e9f,False,1,0xdc79abba2d94b879363539e830804a77c72e4ea9825174f2941e0e41e0d562,0x4718f5a0fc34cc1af16a1cdee98ffb20c31f5cd61d6ab07201858f4287c938d,1,6351162,1,6351162,0.0,0x3dddbcdaebfd5f8672813d29fe5b76a9b7654d01a9ab7053ca65f2865d5f636,0,445,,,,
109,0x7fe93fe74156bb2fa3aab370de92394608f8bd6fe6b406bab21ac5a6ef7345d,0x30ca57592ec02e083d3fefd0245b2c10ca15a3d7f1c88e6675db051f94c2e9f,False,30,0xdc79abba2d94b879363539e830804a77c72e4ea9825174f2941e0e41e0d562,0x4718f5a0fc34cc1af16a1cdee98ffb20c31f5cd61d6ab07201858f4287c938d,2,608658,2,608658,0.0,0x359ebf9ab60a8d3285722626a95c67ccafeb602fd3afb1146c78a04dc7bc65b,0,1277,,,,
110,0x13979d4f69d6f290aa44ca1c0436c9d0a44a95479aed88dc7af7a4488cce600,0x30ca57592ec02e083d3fefd0245b2c10ca15a3d7f1c88e6675db051f94c2e9f,False,1,0x11e68cbb0b5cd851ffee9ede96df36099093880e2fb7238f14337339b02a8ba,0x4718f5a0fc34cc1af16a1cdee98ffb20c31f5cd61d6ab07201858f4287c938d,6,673456,6,673456,0.0,0xa6e3a9f2651f509426a0599917ac0bd344cc537adc5d5edb4e8e89904a7e1b,2349,92692,,,,
111,0x26cb19fb2121eb975a0c69d74b697b0993b4f1d585826d5c41eec7249934993,0x30ca57592ec02e083d3fefd0245b2c10ca15a3d7f1c88e6675db051f94c2e9f,False,1,0x4718f5a0fc34cc1af16a1cdee98ffb20c31f5cd61d6ab07201858f4287c938d,0x73226116f089fdaf2481b99a794bc33c7556052dd1200071227f971355615aa,6,197540,6,197540,0.0,0x6f1c4118b6d8c1e9b750c67000adff785155f5d2521ef3a88195b0901597117,0,0,,,,
112,0xce44ca8a323634114d4b3a6d831ca38ae2e710e9f7c728854c74ec602a5dcb,0x30ca57592ec02e083d3fefd0245b2c10ca15a3d7f1c88e6675db051f94c2e9f,False,1,0x3dc69f421bbcd12492ea8dafa5289001c37a50a71792b5e934215c3527a0190,0x4718f5a0fc34cc1af16a1cdee98ffb20c31f5cd61d6ab07201858f4287c938d,1,1900799,1,1900799,0.0,0x4bf34644cbf3f8f288b2745234fbdb9f80ee0bfaadc029ea287ed34dfce152f,0,134,,,,
113,0x20cd67e7077b1570dbeb2f7bfb090ee3df0e597d06031ff1f067a0265c42a2a,0x30ca57592ec02e083d3fefd0245b2c10ca15a3d7f1c88e6675db051f94c2e9f,False,1,0x2509c45d273d89c0a9714a899943c63666b06a1fb77018bae46b35c5d7c09d2,0x4718f5a0fc34cc1af16a1cdee98ffb20c31f5cd61d6ab07201858f4287c938d,24,42729,24,42729,0.0,0x15dfadece8b1106d1b922e2abf114c4ca34abd5518f3cbc0ff1104cd08430f4,0,0,,,,
114,0x6fe7ae3b553960acf6e1b5884d9d8f794487fb460ffb71b5724ac89b491c031,0x30ca57592ec02e083d3fefd0245b2c10ca15a3d7f1c88e6675db051f94c2e9f,False,1,0x37f04b40aeae054edb41ce67d3e86f369f8b4fd40e6f7589ce56d98f4c9800d,0x4718f5a0fc34cc1af16a1cdee98ffb20c31f5cd61d6ab07201858f4287c938d,4,259423,4,259423,0.0,0x7c427b9af4cbc7848bc803c494abe5fece034146fa438536bddf0a67e340e76,0,19,,,,
115,0x65329542f25a7fe35893f0d99dbeecbd6774a7b839484ccd3ddd2872eabc6c1,0x30ca57592ec02e083d3fefd0245b2c10ca15a3d7f1c88e6675db051f94c2e9f,False,1,0x11c637565ef23d4d2ddc2adafbb9b3f542afef097cf8944ac1e2e122aed5d37,0x4718f5a0fc34cc1af16a1cdee98ffb20c31f5cd61d6ab07201858f4287c938d,4,253791,4,253791,0.0,0x643187fccd34fdde620661d670e32bc7adbe9620d3c90dbe35b1e4a3edb4160,0,23,,,,
116,0x3a064b06c21855033f7547c2c8c032cdaad873f6fa64ffc04bbf30083af6b3,0x30ca57592ec02e083d3fefd0245b2c10ca15a3d7f1c88e6675db051f94c2e9f,False,1,0x46fd56463d9bba6d8710f73f69b1bd331f7043e858e606aa88085a68e91a3ed,0x4718f5a0fc34cc1af16a1cdee98ffb20c31f5cd61d6ab07201858f4287c938d,1117051826990602835,35669284517698,1117051826990602835,35669284517698,0.0,0x4b1d0dc0117b354a127489bf2a982e32f8a68d39121b29f14bdf8b8f4a8fcbe,101715911574225,143,,,,
117,0x254084817a77706b8d820535e921807618d65fdde04c59f99e155a6e3131bfc,0x30ca57592ec02e083d3fefd0245b2c10ca15a3d7f1c88e6675db051f94c2e9f,False,1,0xbe3bf94d9f4f943d2d7045a475e21717d9771047d190c7ab04a26f0cdcae1a,0x4718f5a0fc34cc1af16a1cdee98ffb20c31f5cd61d6ab07201858f4287c938d,8,126079,8,126079,0.0,0x6dbea2795528a9cf3043ad1063e8ce742b3af1a3ca408acb93081757ddd0537,0,20,,,,
118,0x37b797fe4cc4bfb0435249d09351c07e7a965a4f88b6d4736e3354d46f7c5e1,0x30ca57592ec02e083d3fefd0245b2c10ca15a3d7f1c88e6675db051f94c2e9f,False,1,0x431db6fc97494f29d63638f87a69cae47321524bd493c6389a1c2a809c63eea,0x4718f5a0fc34cc1af16a1cdee98ffb20c31f5cd61d6ab07201858f4287c938d,5,223379,5,223379,0.0,0x6f784b99da3c78c088efab7344e149e63cdc1b5108ebeafbc5216eeded802c9,0,24,,,,
119,0x5d529c28307de516f93fd0549cfb8c2c1d396e1c8da7ff611fe636f62ff47ba,0x30ca57592ec02e083d3fefd0245b2c10ca15a3d7f1c88e6675db051f94c2e9f,False,1,0x4718f5a0fc34cc1af16a1cdee98ffb20c31f5cd61d6ab07201858f4287c938d,0x7de7d7f0fc3e3dd94a420ccce119bb63c6c42951f226bb66025189574101f72,831367,2,831367,2,0.0,0x35e8006eedb18775b0d9186afb42fb215e94770fead3622a648014e59cff0b4,62,0,,,,
120,0x2a9af83aa3c8414f8f8c9fea57a77ba536d04bd29c1fd6cec9dfce2a358797e,0x30ca57592ec02e083d3fefd0245b2c10ca15a3d7f1c88e6675db051f94c2e9f,False,1,0x83fa29bfe4fb3c2a5afc7c664a44df3066f70da918b12b59c6aab108acedd,0x4718f5a0fc34cc1af16a1cdee98ffb20c31f5cd61d6ab07201858f4287c938d,3,349668,3,349668,0.0,0x57ed42a81a9f7d4dc7d2290aa56a0ce0dcd772753f434960140cdd7cc79e0cb,0,30,,,,
121,0x285d60d6ea1a40085e6ce2649b9bd95ee8e5f5c9184a00d08f9444721006bf0,0x30ca57592ec02e083d3fefd0245b2c10ca15a3d7f1c88e6675db051f94c2e9f,False,1,0x13be894afad77188f46c0d8ba81a6d60a0dae7bc6033af954353d36e80bdc12,0x4718f5a0fc34cc1af16a1cdee98ffb20c31f5cd61d6ab07201858f4287c938d,2,675779,2,675779,0.0,0x1bf899e82f40f8e19f2c5dddff70ed12fa92187cbacd821644da329210d106d,0,51,,,,
122,0x151158c517ca0a016d907e528a93af3dd38736356870b79673a6201ec210625,0x30ca57592ec02e083d3fefd0245b2c10ca15a3d7f1c88e6675db051f94c2e9f,False,1,0x4718f5a0fc34cc1af16a1cdee98ffb20c31f5cd61d6ab07201858f4287c938d,0x67eb3dc2c3bc3acdf9c19d8bce1d668980a1787b71de7d4eaa581eb26a32df9,69843,15,69843,15,0.0,0x5d6ebf2fb9be6a375a761c229c4e5a510d8e36c6eb3c925bbf9801c36c0ed74,50,0,,,,
123,0x5cc001083bc111bd23edc8866336ee1cedf66ef08aa1399fad7ac1050bdc0d7,0x30ca57592ec02e083d3fefd0245b2c10ca15a3d7f1c88e6675db051f94c2e9f,False,1,0x4718f5a0fc34cc1af16a1cdee98ffb20c31f5cd61d6ab07201858f4287c938d,0x7ca1d96b12e6bb52076d2a520a9a19eda8d51577a9b581c6486009a1a1e561f,8944725,1,8944725,1,0.0,0x2394cd049e06ca0d9c61c49ef17599aec5b1c803745eefe4bc4fe4fa121ff06,626,0,,,,
124,0x133cb7f86d65a4a14aa6b221bd6182f722bcdd9ef029f5f65892c8a81c87817,0x30ca57592ec02e083d3fefd0245b2c10ca15a3d7f1c88e6675db051f94c2e9f,False,1,0x4718f5a0fc34cc1af16a1cdee98ffb20c31f5cd61d6ab07201858f4287c938d,0x7002429467f536de19f08292311f22cd3e44f0f0d7b0db088e9292d5a8fbd36,397226,3,397226,3,0.0,0x47e7f774fc83fed0baa22e2c79faf78ed4afab91dcdbe5950ffa72a371c87a4,34,0,,,,
125,0x5097404fb3b74fba836330bacbafdd621b17aa1f3c376148c1f5359ecb8a08,0x30ca57592ec02e083d3fefd0245b2c10ca15a3d7f1c88e6675db051f94c2e9f,False,1,0x230a1ee562d212c8cf27b841c7025e767c7e08d4ef625d5781f46441595934a,0x4718f5a0fc34cc1af16a1cdee98ffb20c31f5cd61d6ab07201858f4287c938d,11,94176,11,94176,0.0,0x45f8658a97f6290fa8c589334c5200ba2d895f607947bf42c6374fa9554ab07,0,19,,,,
126,0x4fabb5dc2747ad8348aef016224776f92b44303080b26b786be112f1677b802,0x30ca57592ec02e083d3fefd0245b2c10ca15a3d7f1c88e6675db051f94c2e9f,False,1,0x4718f5a0fc34cc1af16a1cdee98ffb20c31f5cd61d6ab07201858f4287c938d,0x547ddbe17283a5b99dcb3a8f3dc51458431abe2ff9bcfc75f7b7dfa35dd0121,1,39996000000000000009,1,39996000000000000009,0.0,0x337b1a861291fba0fbe36af80119bb83c8faff841b19539243759dd752f3b0e,18,4000000000000000,,,,
127,0x25260d231e3e44a13beb0c34900ae50aa6aa237091058ed0be145538150015d,0x30ca57592ec02e083d3fefd0245b2c10ca15a3d7f1c88e6675db051f94c2e9f,False,1,0x16b30687972ac4b5e902a9178ac526a0168683f01f1899099eb51db5532fc12,0x4718f5a0fc34cc1af16a1cdee98ffb20c31f5cd61d6ab07201858f4287c938d,4,322273,4,322273,0.0,0x372ff9e1f93788275ec2a1034fc5324aca97d463b11da89e4f56d4c9ee38900,0,30,,,,
128,0x316ce8516c333de584c3f989001804c2a6d1a2911f6743f3836d41562d4d6b6,0x30ca57592ec02e083d3fefd0245b2c10ca15a3d7f1c88e6675db051f94c2e9f,False,1,0x112d40e81e87565f08edf6d6a07f3b895084c1055267cc55bf3e5e35f4445d4,0x4718f5a0fc34cc1af16a1cdee98ffb20c31f5cd61d6ab07201858f4287c938d,1,2052760,1,2052760,0.0,0x15c42df9fa29fd7723c9e8494d5391d771819d23fb42cc5160c5e00398b0636,0,144,,,,
129,0xa4f8e373f8b3a3b6df8fbe24a065473d00de1fc58d0c5cd73c42fbb1c72f21,0x30ca57592ec02e083d3fefd0245b2c10ca15a3d7f1c88e6675db051f94c2e9f,False,1,0x333b9b047d081c843ce18862cee0f25ba76101ed7e3d1e3480b47439ce84371,0x4718f5a0fc34cc1af16a1cdee98ffb20c31f5cd61d6ab07201858f4287c938d,1,2858280,1,2858280,0.0,0x5060c7dd10aabdbc73a67a3b462aa4a08b30be29963697f19f029a7cc1d642,0,201,,,,
130,0x42266c079922f6f7e2eac5cf16dc4fbe29929e2847713a9b931f2a3ba54d12d,0x30ca57592ec02e083d3fefd0245b2c10ca15a3d7f1c88e6675db051f94c2e9f,False,1,0x4718f5a0fc34cc1af16a1cdee98ffb20c31f5cd61d6ab07201858f4287c938d,0x5116149257590169c937d133c4a8fe34e814496cd2aa2920f322ecce81bd37e,12864,78,12864,78,0.0,0x61f9774a380e54993f45498e0ced704394dce8803f8b55253ad2b6620f8211a,0,0,,,,
131,0xbf6bf7ab8d7c57699e6d78f76f00fb76a5e3de2f7368ddf9e403c847858ab9,0x30ca57592ec02e083d3fefd0245b2c10ca15a3d7f1c88e6675db051f94c2e9f,False,1,0x4718f5a0fc34cc1af16a1cdee98ffb20c31f5cd61d6ab07201858f4287c938d,0x7b028951190e64f36d86156c7a422b89e188473a41d1ed620e8dc709bc339d0,1914719,1,1914719,1,0.0,0x7d03766f89db4c0b8139397cb91775eb288816448a88b5e1dcc30740a8fb118,135,0,,,,
132,0x6b0b8893f27f4e210009c3ddbf2fdac0bde0e7653a8f78031a6f4f9dd30c09c,0x30ca57592ec02e083d3fefd0245b2c10ca15a3d7f1c88e6675db051f94c2e9f,False,1,0x32c07bbfe2f88d1e6e199fff4a135c5080eb6f04af9ddad82ca97d34d067d0,0x4718f5a0fc34cc1af16a1cdee98ffb20c31f5cd61d6ab07201858f4287c938d,5,217232,5,217232,0.0,0x1cb6331b2a1e250b426fc636fb05694c5b3de5e3e56ed57706e89f5204c9a5,0,18,,,,
133,0x4aab298bc54179537ef55be2c750a4a967fca16627a1111b851441acd1e9a08,0x30ca57592ec02e083d3fefd0245b2c10ca15a3d7f1c88e6675db051f94c2e9f,False,1,0x19aa0afbc768a51f11f17912a9234fc85e976ec02729c16f1d29b3eac7de082,0x4718f5a0fc34cc1af16a1cdee98ffb20c31f5cd61d6ab07201858f4287c938d,5,216529,5,216529,0.0,0x406a8dfdd82ac540bdfdc940e6a12e1b770ab3855f7acee08d139310f0ed97f,0,229000000000000000,,,,
134,0x33ee484f444aec93326b1d360b350d2b3077720924b6d11edb873867b0173f5,0x30ca57592ec02e083d3fefd0245b2c10ca15a3d7f1c88e6675db051f94c2e9f,False,1,0x4718f5a0fc34cc1af16a1cdee98ffb20c31f5cd61d6ab07201858f4287c938d,0x5f8fde6b4a0ee2c91dfd3619080bc7c81e8e1113aade483b92de87484727b82,107519,10,107519,10,0.0,0x6ecc6bde8a422860580dc2b40790b8aee6e381b5e7defbe06fba5bd113901dd,16,0,,,,
135,0x7d9f00f42e75d87d773fc4582ed5a6ca71b81dd0fc9bf28c29a0b65d1e8fab3,0x30ca57592ec02e083d3fefd0245b2c10ca15a3d7f1c88e6675db051f94c2e9f,False,1,0x4718f5a0fc34cc1af16a1cdee98ffb20c31f5cd61d6ab07201858f4287c938d,0x75bdf7f3a134d977eb3c37245832902b8f309a9285115a4faae44e01e0be9c8,56118,18,56118,18,0.0,0x63292faf3f7d826f55fa8c83072ae61138da981b48159a5755b6f93855123d3,41,0,,,,
136,0x7af4307a3e20c3543d04cefe15273c6e9c4c5ad589509efd8db5cc046ab4d6d,0x30ca57592ec02e083d3fefd0245b2c10ca15a3d7f1c88e6675db051f94c2e9f,False,1,0x31b761a60f591ee98a0ef8caf6538d682c883697717b8423df140010559ab1a,0x4718f5a0fc34cc1af16a1cdee98ffb20c31f5cd61d6ab07201858f4287c938d,11,97284,11,97284,0.0,0x38dd580e6b1709d3480be9a680e96b805c974185bfc7c288f4ef46512b3380c,0,11,,,,
137,0x4161bc5ba9dada295ae2fdefd68bf3cb68f3ded81e2c66a51ae20dd397d942b,0x30ca57592ec02e083d3fefd0245b2c10ca15a3d7f1c88e6675db051f94c2e9f,False,1,0x29530f88aa030da3d025acd532dca38e0c52d3f669aaf4a2de70756d6849f4c,0x4718f5a0fc34cc1af16a1cdee98ffb20c31f5cd61d6ab07201858f4287c938d,3,346691,3,346691,0.0,0x2a79b307f6eb55dcced37eeb813269ff65ede03d0e8ac4ff0e16083cdedf4b,0,29,,,,
138,0x59998dac113ce9175635179c765f05cf5c4ea8ab5bbc5c7b9012733b5be2042,0x30ca57592ec02e083d3fefd0245b2c10ca15a3d7f1c88e6675db051f94c2e9f,False,1,0x1a8010b8c90f3bd558b8c30ff780147023d7bff6a3783656d67874cef24d6a4,0x4718f5a0fc34cc1af16a1cdee98ffb20c31f5cd61d6ab07201858f4287c938d,34,30264,34,30264,0.0,0x74da73b902a23fa73d26901787dc7c08af3b4d5cee0db8fde15f610661395d8,0,42,,,,
139,0x6dc3d91e09d1f9843b98ab0393ef006b8bcf96a43e8011a38b42e15fd6823bb,0x30ca57592ec02e083d3fefd0245b2c10ca15a3d7f1c88e6675db051f94c2e9f,False,1,0x1c6752852706ee3720b54bec77f24c73164e5bab1cc66957e212028a79aa6dd,0x4718f5a0fc34cc1af16a1cdee98ffb20c31f5cd61d6ab07201858f4287c938d,1,1409950,1,1409950,0.0,0x34f4bca2d2c2f06d8e431d96249bb8715041bf7c0e84ba5f31db18391b1ef96,0,99,,,,
140,0x301cefdb7216226743019b11c9f92812064e84fa97cb0025ece7f5c587af7fd,0x30ca57592ec02e083d3fefd0245b2c10ca15a3d7f1c88e6675db051f94c2e9f,False,1,0x4718f5a0fc34cc1af16a1cdee98ffb20c31f5cd61d6ab07201858f4287c938d,0x5f126b6f757f1dabccd9a9aec70ef3144f8740c08feb2197490547ccbb6a735,467673,3,467673,3,0.0,0x3f8f9fb44b091c0eff6aaf5dec81689934ed06a055bf1a8d1c97d2f110dabaa,35,0,,,,
141,0x7d0d9fc8a40f8b349419f2a59ee554f992defd9b16aa4d4718a1eedf8b73f2f,0x30ca57592ec02e083d3fefd0245b2c10ca15a3d7f1c88e6675db051f94c2e9f,False,1,0x1b380f5db6a3eea13f12c5b93088ce33e6a331982ec6c99019c046fc3941e15,0x4718f5a0fc34cc1af16a1cdee98ffb20c31f5cd61d6ab07201858f4287c938d,8,139310,8,139310,0.0,0x5bae8d557b9cbfde4b006434cf9dbbdf16b0714b99547045289f26b390e43d7,0,26,,,,
142,0x7ce5ded311f0e9a41d4517de72ffade2cef341b8e85acda18fc3a62b81a4c28,0x30ca57592ec02e083d3fefd0245b2c10ca15a3d7f1c88e6675db051f94c2e9f,False,1,0x4718f5a0fc34cc1af16a1cdee98ffb20c31f5cd61d6ab07201858f4287c938d,0x525d172638571170b1f9b7679eece32a4741d8346094d84944c3e4c8340bf67,619836,2,619836,2,0.0,0x7603a23874fa92862824381b918287e400b2e7766e9ddbb6c791748c1be907d,44,0,,,,
143,0x5d5b142ab57ef559d541c9180936193364b7d473988948e0337507154e3f155,0x30ca57592ec02e083d3fefd0245b2c10ca15a3d7f1c88e6675db051f94c2e9f,False,1,0x4718f5a0fc34cc1af16a1cdee98ffb20c31f5cd61d6ab07201858f4287c938d,0x77c9974dedddef88d70d81de5fdcd6a866e79ea1a6a6690ff0dd4d2bbeab6b0,376463,3,376463,3,0.0,0x1de6f129c0132de4b02e74bec0ed694e4b44ddb562c401e4eb63a39446fa14c,31,0,,,,
144,0x5ef8e9e4820e97786c710a1acdcb4745029dc5ae03cac245074081bef2d97ec,0x30ca57592ec02e083d3fefd0245b2c10ca15a3d7f1c88e6675db051f94c2e9f,False,1,0x4718f5a0fc34cc1af16a1cdee98ffb20c31f5cd61d6ab07201858f4287c938d,0x51759ad9aff1563ce93867cd908bfe17fb94bf63e61fa3ccaa954f55fd11471,1207740,1,1207740,1,0.0,0x29672d8e7ec2f9e9ee99189f45bb09fe0d7a76661f1e4ac791ee7d68f920eb6,87,0,,,,
145,0x306ce06109bb1ce281045dd8c6d9fc17013afc37f73a4ae7cbd35839572fcbf,0x30ca57592ec02e083d3fefd0245b2c10ca15a3d7f1c88e6675db051f94c2e9f,False,1,0x33f214bc21e020c68c7d913f82a2e44d3ff9b01cf8920fa20eb84916ce45a4c,0x4718f5a0fc34cc1af16a1cdee98ffb20c31f5cd61d6ab07201858f4287c938d,5,239467,5,239467,0.0,0x77a7964c39cf517ef5b1f9dfeb19d88c20f6bae6e709f04314780f60d027cc3,0,17,,,,
146,0x7a4f8d54022c896219a8171aca13eadf4a75d9afc97bc60736bd6af3149020a,0x30ca57592ec02e083d3fefd0245b2c10ca15a3d7f1c88e6675db051f94c2e9f,False,1,0x4718f5a0fc34cc1af16a1cdee98ffb20c31f5cd61d6ab07201858f4287c938d,0x6206da4765fae408233bb3e293331d0b802a1491ea7d8df3f4ebb9eedc87ce0,213813,5,213813,5,0.0,0x625bd00a374c172fc70ccfd816cdafada81ec42cec5046fd880d0353e08f7a7,20,0,,,,
147,0x2d960426ed2aca28cbe7a488777e1bf264cfabaef109b799451a0de2567f848,0x30ca57592ec02e083d3fefd0245b2c10ca15a3d7f1c88e6675db051f94c2e9f,False,1,0x3087d2f287ba97a56c8dc412e805c167aec4bfd941eafa33848dd4e0589246a,0x4718f5a0fc34cc1af16a1cdee98ffb20c31f5cd61d6ab07201858f4287c938d,23,44325,23,44325,0.0,0x60cfa9041b50ed7b30ed0bdbabe4ab9700a3aae78f1cd31e7796ed71f1276d2,0,51,,,,
148,0x27f283db93278e129593ff125a6bcee2d76ba29e5a7c9005b263167840a6063,0x30ca57592ec02e083d3fefd0245b2c10ca15a3d7f1c88e6675db051f94c2e9f,False,1,0x2ebf923dc2c040c883c61f8923030d53e4c6b56b196a5310fe5688e032e7607,0x4718f5a0fc34cc1af16a1cdee98ffb20c31f5cd61d6ab07201858f4287c938d,2,825867,2,825867,0.0,0x52969c604d65e6c08a531ab6748c08ab8583199f476b9901d8a5a695294c01a,0,60,,,,
149,0x64420635d72d0ee3196b81ade1b5b7adc2f2af4f82f6c47d6d2afee10ee2b4d,0x30ca57592ec02e083d3fefd0245b2c10ca15a3d7f1c88e6675db051f94c2e9f,False,1,0x4718f5a0fc34cc1af16a1cdee98ffb20c31f5cd61d6ab07201858f4287c938d,0x4a1131f47c085814493b17360a38eadd8f1217bd9cb1773827b0d0bf9f1c116,1503383,1,1503383,1,0.0,0x2839997140cb27e0698920fabbf9c7b8e70cf051396a364532b9f5acee836d6,107,0,,,,
150,0x550aa2a198892cfca01dcb8242f9baa6120daaf880ecbbee14acaf8e9b9774d,0x30ca57592ec02e083d3fefd0245b2c10ca15a3d7f1c88e6675db051f94c2e9f,False,1,0x4718f5a0fc34cc1af16a1cdee98ffb20c31f5cd61d6ab07201858f4287c938d,0x6874cc24877750b433cc6ab7dd6ba6aa06962d09062a494487ca687fbd65cdd,66996,15,66996,15,0.0,0x7f059593a3c0a39f40de60f3ba6a3746e24ed6acb1c902cdc8060612cb5a958,16,0,,,,
151,0x1bf9a14522a259910f9bab7742c5e0e9a39fa4d01a27b3d9c020ae2bb7f85ac,0x30ca57592ec02e083d3fefd0245b2c10ca15a3d7f1c88e6675db051f94c2e9f,False,100,0xda114221cb83fa859dbdb4c44beeaa0bb37c7537ad5ae66fe5e0efd20e6eb3,0x124aeb495b947201f5fac96fd1138e326ad86195b98df6dec9009158a533b49,466365293943114,21442418914688364,466365293943114,21442418914688364,0.0,0x1e4a9a0d67d659f1e6ec7bd25883fead3d21856399fecc68b68e6d6229b8a72,926058527313,259485352542962,,,,
152,0x3c65176258b823156e90e8fc03036ab7d23110dd4bb9a26ddc2eeb897d7b0ea,0x30ca57592ec02e083d3fefd0245b2c10ca15a3d7f1c88e6675db051f94c2e9f,False,100,0x124aeb495b947201f5fac96fd1138e326ad86195b98df6dec9009158a533b49,0x4718f5a0fc34cc1af16a1cdee98ffb20c31f5cd61d6ab07201858f4287c938d,7464616843867972,1339653489142579,7464616843867972,1339653489142579,0.0,0x510fde3b877fee101622bab13f3358be5dfe44ca858babf48e2118cd73e9d78,2985328867617963,610980958328739,,,,
153,0x31ea7a1797a77e840ddacedb13efdd4ec227b53bead494bdc345aa13cb55012,0x30ca57592ec02e083d3fefd0245b2c10ca15a3d7f1c88e6675db051f94c2e9f,False,100,0x49210ffc442172463f3177147c1aeaa36c51d152c1b0630f2364c300d4f48ee,0x68f5c6a61780768455de69077e07e89787839bf8166decfbf92b645209c0fb8,503985377397278,1985,503985377397278,1985,0.01,0x37bf8fb4a49d244a50d3e443ff218566e71e9167522ac416d9f8fa8799fefa1,6695116048686,50,,,,
154,0x3b28e53ebe6540a645ab76220f9cfebbd5eef0d6c3569e6a2fefb230bb394dd,0x30ca57592ec02e083d3fefd0245b2c10ca15a3d7f1c88e6675db051f94c2e9f,False,1,0x4718f5a0fc34cc1af16a1cdee98ffb20c31f5cd61d6ab07201858f4287c938d,0x55e60f4194fe9e48194eec0c769683ecdf54dc05edd6dd8fc24c7b6a5f20e42,23346,43,23346,43,0.0,0x23fc039fd87e7430184631fe2cf63031eb5a28c03c723df0f6c996f0f97143,71,0,,,,
155,0x73bf919782a3539dc1f4c71662d32ee7fe51bb48c7305d3bd8067527658cd15,0x30ca57592ec02e083d3fefd0245b2c10ca15a3d7f1c88e6675db051f94c2e9f,False,1,0x3bb80b710025f8669e317113034befbec0d57699e6017eb58b32590c737129f,0x4718f5a0fc34cc1af16a1cdee98ffb20c31f5cd61d6ab07201858f4287c938d,11,99048,11,99048,0.0,0x6ac651cc72976b9a50387fb01131e92b960119e5b828d88182dcd5232096c4a,0,24,,,,
156,0x34f70c9e5bccbb367db747968a1487743d55260a2ac922889e18c8a00a222dc,0x30ca57592ec02e083d3fefd0245b2c10ca15a3d7f1c88e6675db051f94c2e9f,False,1,0x2529d3f28c8bae8550f736ecef493f8eb498cace9bf594b4e4873c9b6b470b7,0x4718f5a0fc34cc1af16a1cdee98ffb20c31f5cd61d6ab07201858f4287c938d,10,109830,10,109830,0.0,0x3fc26311dc3428a20136b95171174d1838d80ed10dbd3bc686a6612e60b56a4,0,8,,,,
157,0x16e9891e28da2f310d64e7acc4ce3a36dd95a22a2d04edfff1ac3e606bd29da,0x30ca57592ec02e083d3fefd0245b2c10ca15a3d7f1c88e6675db051f94c2e9f,False,1,0x15d9e73b7ab5164e85c3df431b35a43443bd40284bf28ad55db2a9450bf9074,0x4718f5a0fc34cc1af16a1cdee98ffb20c31f5cd61d6ab07201858f4287c938d,147,6808,147,6808,0.0,0x192fb5d50438af94abf546447bf310cd65711c1d9e17d6599868d0a6cce0c69,854,365,,,,
158,0x48c29cfaf9292c6f35224e2868cc677f28ba0089699f1be396107cf028a9506,0x30ca57592ec02e083d3fefd0245b2c10ca15a3d7f1c88e6675db051f94c2e9f,False,1,0x27b8d8a94ad6968eb1947b65180acabe8411ef5582a0e6483c2d8ff5c63d280,0x4718f5a0fc34cc1af16a1cdee98ffb20c31f5cd61d6ab07201858f4287c938d,8,131415,8,131415,0.0,0x53f62819ae9b563a821d410700bc4b2a6dd897a1fe37aa57974e480c47ab816,30,114,,,,
159,0x3360db1330bf2eb4977d80a2fdd32bdc2ca6a7bc2e62a523f2114024db38d6d,0x30ca57592ec02e083d3fefd0245b2c10ca15a3d7f1c88e6675db051f94c2e9f,False,1,0xbc82ef195d07974848986ca2db745bde298480d4c59db445e05ff1ccd7ade3,0x4718f5a0fc34cc1af16a1cdee98ffb20c31f5cd61d6ab07201858f4287c938d,13,78971,13,78971,0.0,0x132314276a8add95f43d127a60b38d03189e761269c7114db7f3feef7474516,28,42,,,,
160,0x13ccad23e72730d99ec53d5ae1817b10470da1928a9ac7efa5bcea06a1ab2b1,0x30ca57592ec02e083d3fefd0245b2c10ca15a3d7f1c88e6675db051f94c2e9f,False,1,0x2c2d8e5ae2a53a10acd696f61c3c44da7087f172e15c8971aa20801eba5aec1,0x4718f5a0fc34cc1af16a1cdee98ffb20c31f5cd61d6ab07201858f4287c938d,2,589952,2,589952,0.0,0x2c3393b1be9aa3ac8a32f5fdfc22b5b70a44bb28e12ae767b3389259baf099d,10,224,,,,
161,0x11de7d9cffba06ef1ed3cab295bf258a4805d6369a08ceb3281d08429b87af5,0x30ca57592ec02e083d3fefd0245b2c10ca15a3d7f1c88e6675db051f94c2e9f,False,1,0x2ee892dd8c43275fcb9f2ea9d90535aef80ca4097e166b6ffda2000196f0cc2,0x4718f5a0fc34cc1af16a1cdee98ffb20c31f5cd61d6ab07201858f4287c938d,6,171103,6,171103,0.0,0x47103d4e230f40802bb97b5634452a81593465e27f72f4f4e4db7255ebd9eb4,22,118,,,,
162,0x3a1f303561eff4adab85c71b21b16f477cc5dc98618d44994d1100833f43a9b,0x30ca57592ec02e083d3fefd0245b2c10ca15a3d7f1c88e6675db051f94c2e9f,False,1,0x25d6efff580d3bedc061ee44af82fc6cf5d2cc4696bfbfe4954e7a6b952bc35,0x4718f5a0fc34cc1af16a1cdee98ffb20c31f5cd61d6ab07201858f4287c938d,3,413209,3,413209,0.0,0x1852c04e7f4bc1bcaf0a914f0ffc3db266efac46babdd497d21914bd668375,12,221,,,,
163,0x23edc87b979c42a7544efe4f7feeb24518d3c8146bc59c39f510539507e48a9,0x30ca57592ec02e083d3fefd0245b2c10ca15a3d7f1c88e6675db051f94c2e9f,False,1,0x4718f5a0fc34cc1af16a1cdee98ffb20c31f5cd61d6ab07201858f4287c938d,0x73b6bd5cd7fab328c561be7069eebb2da07457bd318340f1d32df4e5d7dcab9,84350,12,84350,12,0.0,0xa06d6212dd30e72903239f4a9130ec6bb7b2e93184506c40bcfebad57fdee,155,85,,,,
164,0xfa8a43337b4da60248b542bbd439b39b4b5857a64bc0177c6c4b3f9060aa6d,0x30ca57592ec02e083d3fefd0245b2c10ca15a3d7f1c88e6675db051f94c2e9f,False,1,0x3428fa764e7923b4c0e1fb70729bba2a62919be56685ecc1d2062cd5c98d998,0x4718f5a0fc34cc1af16a1cdee98ffb20c31f5cd61d6ab07201858f4287c938d,8,135840,8,135840,0.0,0x51ed5c054e0076af6f460a0e74f52f8e7049544c91fd45262118298d7cd2c78,62,194,,,,
165,0x7cc3c78747c81d32023688c4960982f6d5233342911181f46c76a23965df514,0x30ca57592ec02e083d3fefd0245b2c10ca15a3d7f1c88e6675db051f94c2e9f,False,1,0x4718f5a0fc34cc1af16a1cdee98ffb20c31f5cd61d6ab07201858f4287c938d,0x5065bb1707db424c5c3dfb238efae6d0a33b57edbb4118e34c4b056dcc2a2f6,219587,5,219587,5,0.0,0x4d3dc7dfc96da0168aeb6b81833038ea50c3a9d12cc8ffa5d22ae93e270aabb,274,77,,,,
166,0x7092d5bb81ca700d2cba81fbe950cb070876de74a8f95e296da54b0cfeb3588,0x30ca57592ec02e083d3fefd0245b2c10ca15a3d7f1c88e6675db051f94c2e9f,False,1,0x34a3925b4fad1ffddf64b1b9f77a7cf5b0ae940136db9c1a31ee26e468f7d67,0x4718f5a0fc34cc1af16a1cdee98ffb20c31f5cd61d6ab07201858f4287c938d,4,279433,4,279433,0.0,0x4da428bf109323d3a3ef8b4fab8b6711155075d0677e27eaf5c0efd6388120e,40,236,,,,
167,0x3c6a611099c65a3746a53de597ca5c338e65f0fa51813940496b872a77506ab,0x30ca57592ec02e083d3fefd0245b2c10ca15a3d7f1c88e6675db051f94c2e9f,False,1,0x3f491e0019f0bb70bf22ae9e75ecc6d36d58b3ca70b14cbc4abbed624fa27e2,0x4718f5a0fc34cc1af16a1cdee98ffb20c31f5cd61d6ab07201858f4287c938d,6,171583,6,171583,0.0,0x761f0ebd7c23659d9992d2e4b9b63892f2ddcf3f20d8cc6f4187e484da092e7,84,165,,,,
168,0x1b9ae1df7c808681b1bb3ea9a393829f2d7cf1a9b2617209c964490aa81dfdb,0x30ca57592ec02e083d3fefd0245b2c10ca15a3d7f1c88e6675db051f94c2e9f,False,1,0x4718f5a0fc34cc1af16a1cdee98ffb20c31f5cd61d6ab07201858f4287c938d,0x60505e7169552af5d8f13374c98f35c07f65f443a2fb40954499421225011d2,154903,7,154903,7,0.0,0x454db9d15a7312fbd9d80ae807665f7d013261beea619cbbc9844c03b3d31db,149,46,,,,
169,0x3186b573d8eed3d3369686a1f94c79ddda5646aad4658ee624e3f675a7cc517,0x30ca57592ec02e083d3fefd0245b2c10ca15a3d7f1c88e6675db051f94c2e9f,False,1,0x2922df7cce7da62df92ed24d7492bf1c0df302b25ba002d1e77515f74c7b57b,0x4718f5a0fc34cc1af16a1cdee98ffb20c31f5cd61d6ab07201858f4287c938d,10,106932,10,106932,0.0,0x75fcff6004172db86a20ec64ce162a32cb60ac63331811e54c5423ae633df31,104,145,,,,
170,0x4dc36f8e05a5a8b0d2731ebba99292bc73db4ab33117223425f1399f9e4a9b2,0x30ca57592ec02e083d3fefd0245b2c10ca15a3d7f1c88e6675db051f94c2e9f,False,1,0x3686be1ff8822774961605e728848440a6957d51fdaa93b320a15b062fe6551,0x4718f5a0fc34cc1af16a1cdee98ffb20c31f5cd61d6ab07201858f4287c938d,382584521137780871495,25702202242555426,382584521137780871495,25702202242555426,0.0,0x4214c815f0d49eb0a923ff4ed8ceb3970cfb9d3135fe3d7a3186c97a803448a,42730066930606581,400000000000000000,,,,
171,0x3a6aea7a4cb497f8d4eba55e3614d080979bcb8752d277c8a60b5d71f196a5b,0x30ca57592ec02e083d3fefd0245b2c10ca15a3d7f1c88e6675db051f94c2e9f,False,1,0x3ebcfadb8a9ace9493d7ad18a62247099bc988a43c12b47ed4c1056ef80e5a9,0x4718f5a0fc34cc1af16a1cdee98ffb20c31f5cd61d6ab07201858f4287c938d,2366,423,2366,423,0.0,0x18e75130b36796458640c60765e97cdd275e7b3eae7698e00d44fa6a08fac5,8,51,,,,
172,0x24542fe60292d910e164923ffac1f344a542329270c3533b583fe56c5eeec6,0x30ca57592ec02e083d3fefd0245b2c10ca15a3d7f1c88e6675db051f94c2e9f,False,1,0x28345df2e6afaef1e728dde6925bd0c956911279c9b8fbb0eaa10a42aaaae33,0x4718f5a0fc34cc1af16a1cdee98ffb20c31f5cd61d6ab07201858f4287c938d,6596585135283701214,5744878405949273175,6596585135283701214,5744878405949273175,0.42,0x6b491a454f7e7eb5e51fe8c308ed298082f3553a21d2337063c448891fb6b4b,21,524910496127831,,,,
173,0x330e9f54a19bb9bd69a4b24ace686e816094463c4ed45f17dd70ba7860bacff,0x30ca57592ec02e083d3fefd0245b2c10ca15a3d7f1c88e6675db051f94c2e9f,False,1,0x4718f5a0fc34cc1af16a1cdee98ffb20c31f5cd61d6ab07201858f4287c938d,0x5c79b9e38f4488cefcc8804ed033b3e92e9c697d61c0c4754e6452bb67755ad,382569,3,382569,3,0.0,0x51f2cafb2fbe3a13d6d156a253861839e06a5f975b756cd73aff96610e91b7,87,2,,,,
174,0xca869d4e3a37cee7c4470aea96065f537e30382d639bbb677863a1a7889acc,0x30ca57592ec02e083d3fefd0245b2c10ca15a3d7f1c88e6675db051f94c2e9f,False,1,0x75787c1adc46f3f6c7a30d6ff6b3aba82ae6eae824b7fe97ffcc90c37eba19,0x4718f5a0fc34cc1af16a1cdee98ffb20c31f5cd61d6ab07201858f4287c938d,25721,39,25721,39,0.0,0x537dc0fb18a15dfd7716230bd010c6f1ae7de70b268b41d98f2d181131ca45a,21985864089647373,0,,,,
175,0x3566728660ec7b96b2602a953a6efbb41ab67a7fe42e42a402a00848754ea8b,0x30ca57592ec02e083d3fefd0245b2c10ca15a3d7f1c88e6675db051f94c2e9f,False,1,0x4718f5a0fc34cc1af16a1cdee98ffb20c31f5cd61d6ab07201858f4287c938d,0x4ca8de2f59d0ce78fe71623db1c086c4a78d8349984a55c0be0d0c6a3996505,253774,4,253774,4,0.0,0x7d5158267a3e5398cd28b6076697380f194968b5e00dfcea13b7568e882f5b6,25,0,,,,
176,0x7da23ad2cd12b43e3416f6235b8930e77934b37fe497b1ffe3b229597883901,0x30ca57592ec02e083d3fefd0245b2c10ca15a3d7f1c88e6675db051f94c2e9f,False,1,0x21c80f8b251e7d07b17f36537d195cfb8ca61e83ed7dfa5b98ef7d281f70463,0x4718f5a0fc34cc1af16a1cdee98ffb20c31f5cd61d6ab07201858f4287c938d,5,245831,5,245831,0.0,0xbccc5193913341b5eda6fa10631ed62a8c12e8dc4b0fb4cc4662aee9a2f153,3,49,,,,
177,0x15d1f2b4a1678935c0085be2e76ac2deec0b49982dfe9d243053f1dbb56c06,0x30ca57592ec02e083d3fefd0245b2c10ca15a3d7f1c88e6675db051f94c2e9f,False,1,0x4718f5a0fc34cc1af16a1cdee98ffb20c31f5cd61d6ab07201858f4287c938d,0x7f6087e538fd5c2d9a9c89d056e6ec76063665d7df0ff15097f241160419e08,157,6402,157,6402,0.0,0x6124b3d27b67bd033d391630221226f053491c5e9c003c770f1bafbc1754840,144,3,,,,
178,0x5feacb937c0fa336b7f8d552d05a6e13e92dbdfdd2a008202c3df2b7746e4ab,0x30ca57592ec02e083d3fefd0245b2c10ca15a3d7f1c88e6675db051f94c2e9f,False,1,0x4718f5a0fc34cc1af16a1cdee98ffb20c31f5cd61d6ab07201858f4287c938d,0x61d60b2ff2272a651b5d35247121dc74806456c2acf1386b8de306a5a3a5628,405266891326436821,15582900840331240905,405266891326436821,15582900840331240905,0.03,0x2d4ffc466f3f4e559669805ecb320f10439abc4c65521bb5655abb55a9d6dfe,579000000000000000,3361185797994128,,,,
179,0x2f89943169adf8945847dad73774e58cb1c46d50763dcfdf0423a2a1630ff3c,0x30ca57592ec02e083d3fefd0245b2c10ca15a3d7f1c88e6675db051f94c2e9f,True,4,0x53c91253bc9682c04929ca02ed00b3e423f6710d2ee7e0d5ebb06f3ecf368a8,0x5574eb6b8789a91466f902c380d978e472db68170ff82a5b650b95a58ddf4ad,11872,10755370885717406,11872,10755370885717406,0.02,0x324ddba88cca9d9468c4309e05d1e941e8ab79f44c3a907c7be6da66fcbd50b,451,126503735082242,,,,
180,0x4a9c627d953e21a554c1ad8ea6d4e64e65ecec737ee673b7e36c7af5adc71f9,0x30ca57592ec02e083d3fefd0245b2c10ca15a3d7f1c88e6675db051f94c2e9f,False,1,0x3ee82682fd3e17fc43a4a156ac34e2f080c880e9333c5e5f59dda1924e2e41b,0x4718f5a0fc34cc1af16a1cdee98ffb20c31f5cd61d6ab07201858f4287c938d,2,566233,2,566233,0.0,0x23c1c048e878d7535cfa5b101c779efe754d740bea97d41be4a01d3e633f99c,22,351,,,,
181,0x72fb8bbf1326f575392cfad61558b8a30ce7f4ea944f0aa7ccf5cb28134638b,0x30ca57592ec02e083d3fefd0245b2c10ca15a3d7f1c88e6675db051f94c2e9f,False,1,0xf32db7d073eb87a157405e9b072f54cd887afb0acecfb2b11109645ab45ef,0x4718f5a0fc34cc1af16a1cdee98ffb20c31f5cd61d6ab07201858f4287c938d,1,3141863,1,3141863,0.0,0x35becfcd3a496b36faf48408129a63bb823fb4a1e4a7e53e3b96dae1ef8b243,1,663,,,,
182,0x244450214a3b28f18d2853784e1011e4f1962bedf0a020bd402c5b2aeabce43,0x30ca57592ec02e083d3fefd0245b2c10ca15a3d7f1c88e6675db051f94c2e9f,False,1,0x244fb7a57c6f5d44916c8488afa9f0c645590f661b5e875480b03e3bbdb7b85,0x4718f5a0fc34cc1af16a1cdee98ffb20c31f5cd61d6ab07201858f4287c938d,2,942083,2,942083,0.0,0xecd3349f7e9cb6eae6b104fb8004ef9a759b6b6d2bd8e765c4a2fb8547eb15,3,135,,,,
183,0x6d85ac400895c9e312eb011bd648e5e1c69467c3fcebb846708e1208353f369,0x30ca57592ec02e083d3fefd0245b2c10ca15a3d7f1c88e6675db051f94c2e9f,False,1,0xd2e43220886df0a5c1cc4d66dc38d612d5f6812df89241fe637cec27c23b26,0x4718f5a0fc34cc1af16a1cdee98ffb20c31f5cd61d6ab07201858f4287c938d,8,131743,8,131743,0.0,0x9a9cd753eb34ccdf2e062788210246a14cc622b88a0e8fd7cd70cff02512e2,3,240,,,,
184,0x3741fbffe26553a8123cb31f09905a5ff55df17ea160017befae11ffe2041b6,0x30ca57592ec02e083d3fefd0245b2c10ca15a3d7f1c88e6675db051f94c2e9f,False,1,0x3e8c48ae42a829bdd643cfe58f8d01f2863727d2b8c11a5397d20d6dce66a7,0x4718f5a0fc34cc1af16a1cdee98ffb20c31f5cd61d6ab07201858f4287c938d,3,399053,3,399053,0.0,0x2a7430d98af59307338e92ea57ee443521a3855bbc303460455a6f43c581c20,9,91,,,,
185,0xbba4b6c9996b4058b021ee5ce4a334d888251162d187b965c0f1bb565e48c8,0x30ca57592ec02e083d3fefd0245b2c10ca15a3d7f1c88e6675db051f94c2e9f,False,1,0x10c1a7ff10feda7ed3b61e46cfb2587b976fdb2d44f210deeffb74eb5a390d,0x4718f5a0fc34cc1af16a1cdee98ffb20c31f5cd61d6ab07201858f4287c938d,4,318701,4,318701,0.0,0x5ea583d92efc9e8340582b95de0d0a7a176c064bbb757c1495782fedc083e2f,11,70,,,,
186,0x76f9f902e54c41e8916a5214ed9fcc4d67327d4dc170de29f34b104d94c87fa,0x30ca57592ec02e083d3fefd0245b2c10ca15a3d7f1c88e6675db051f94c2e9f,False,1,0xe6327e85ee1864f9723f42a50d3c7d1b474e8adb4bcfd16d4141ec318d274b,0x4718f5a0fc34cc1af16a1cdee98ffb20c31f5cd61d6ab07201858f4287c938d,2,628718,2,628718,0.0,0x27421beb1e91045c293f7c0426421725bdc5eef5141e5ab9712434437e1afb1,9,122,,,,
187,0x2610bc51f9234d4fd7c7af92079694a1c7ecee81e17a6c269e6b282d947c327,0x30ca57592ec02e083d3fefd0245b2c10ca15a3d7f1c88e6675db051f94c2e9f,False,1,0x4718f5a0fc34cc1af16a1cdee98ffb20c31f5cd61d6ab07201858f4287c938d,0x57b5e5e1d5eec1101e0a2007476d7a4797394fd3e3605142ce5ddc52ae61dd5,696724,2,696724,2,0.0,0x5ca8f2750ec3c898e00430dd8ab0c2bbf18bccb89c657af972642765a989582,143,2,,,,
188,0x7f41345bf33f23460d114c74e3b11935b7cb65a6f3ef92d5bd97096d75ef636,0x30ca57592ec02e083d3fefd0245b2c10ca15a3d7f1c88e6675db051f94c2e9f,False,1,0x1d732fe29fe22babf10b6db81fd680fafe98ad0914a503f73bf513fcd2d34fc,0x4718f5a0fc34cc1af16a1cdee98ffb20c31f5cd61d6ab07201858f4287c938d,3,344529,3,344529,0.0,0x1f09dcf1ab8d8836f4874dfa7a7eda2a7f924f3863a3e96258a915f1f1bd63d,5,156,,,,
189,0x6f2c1db17be773b719b1cd8e0fec4701938fa8a33980340be32acec00916ced,0x30ca57592ec02e083d3fefd0245b2c10ca15a3d7f1c88e6675db051f94c2e9f,False,1,0x329c47a45280d03ad08e0db0ade212d6d4a369669434a1ada3defd548d17d9b,0x4718f5a0fc34cc1af16a1cdee98ffb20c31f5cd61d6ab07201858f4287c938d,2,800902,2,800902,0.0,0x30e0f69c77c3a2cd89c4e28ee6e05f66a3c5846127d663a77fd7fc49e8114e0,5,166,,,,
190,0xda4361bc18e51609b917c9e68a08bfb493258f3604a17041124bdd90cb9969,0x30ca57592ec02e083d3fefd0245b2c10ca15a3d7f1c88e6675db051f94c2e9f,False,1,0x4718f5a0fc34cc1af16a1cdee98ffb20c31f5cd61d6ab07201858f4287c938d,0x711b65110e2558e1240c638b630ad20bac4d08bbc9db7b9282594f4ed5b3977,208259,5,208259,5,0.0,0x18a3dd54ac035968cc9152edae55bfda3062efe0033e01f9d3ed39b1c527721,60,13,,,,
191,0x466aac3783f5a628b2fb6e2cdb767eb03b3dd0bd42a289981f5b51ca9081206,0x30ca57592ec02e083d3fefd0245b2c10ca15a3d7f1c88e6675db051f94c2e9f,False,1,0x10318254b7c9fd407de685ae0808bee0676ad71d9c2bd256789276e05a255ae,0x4718f5a0fc34cc1af16a1cdee98ffb20c31f5cd61d6ab07201858f4287c938d,1,1224758,1,1224758,0.0,0x7ac8e476d668c8644e6cc01ec8afcb82207cef1b964922291e852ff314c3ce5,4,247,,,,
192,0x7d243c46731e3aabe8991e5afe8eb0a197d4e60f759b33f44c82b5e27aaded9,0x30ca57592ec02e083d3fefd0245b2c10ca15a3d7f1c88e6675db051f94c2e9f,False,1,0x4718f5a0fc34cc1af16a1cdee98ffb20c31f5cd61d6ab07201858f4287c938d,0x646c9602a5be90fc25701fcd5ba04425b098d5455296572ef276b150af7502b,23937,42,23937,42,0.0,0x1cb69d93d5d78f8e3e7bcdb15e85719c57a197c211127e2246a6096452282ab,4352,1,,,,
193,0x25ddeb4cc8a60b9f3554061d4f783583573bad964b1c2d3a2f17e041ab01de5,0x30ca57592ec02e083d3fefd0245b2c10ca15a3d7f1c88e6675db051f94c2e9f,False,1,0x4718f5a0fc34cc1af16a1cdee98ffb20c31f5cd61d6ab07201858f4287c938d,0x788cf15bf7c6dbb774cfc562e2e53ae2918ceb0ca50a485ca0302be81d2d403,272184,4,272184,4,0.0,0x28e9e9a2091a9fd8099b8aff94cee92fc92cfc7aec53e79ab897817847f8f79,78,8,,,,
194,0x20591e4774ff4986199fe69c3a1393de89989df04ac3b544fee319f47951596,0x30ca57592ec02e083d3fefd0245b2c10ca15a3d7f1c88e6675db051f94c2e9f,False,1,0x4718f5a0fc34cc1af16a1cdee98ffb20c31f5cd61d6ab07201858f4287c938d,0x6043619010ffe158316e7b29ed35dbc3202e716eab72cdf56775462ce12ddff,52847,19,52847,19,0.0,0x1df78f85903a29108cd7cc2c90710dcc848fd0b89b649df655ec9fdcc07955a,583,1,,,,
195,0x40313757d54c355066503b13375d41915825e48652c390188c9699d51d07b3e,0x30ca57592ec02e083d3fefd0245b2c10ca15a3d7f1c88e6675db051f94c2e9f,False,1,0x4718f5a0fc34cc1af16a1cdee98ffb20c31f5cd61d6ab07201858f4287c938d,0x687cb7666a14e6711110d20958fddc3fd34f4e2fd11e3c6fc5cad25a05fb659,1427,702,1427,702,0.0,0x6f49dcb884dd70dd0aae96b65ae16c174a5d355e59539138be6c2ba76264129,13,7,,,,
196,0x120478b74a1ddf6cb98778bd7d3a6dcee2627e4f42198ed931d2e179e6d708a,0x30ca57592ec02e083d3fefd0245b2c10ca15a3d7f1c88e6675db051f94c2e9f,False,1,0x1c81ce0709717b145f10e0e845c3ca9383bffc9556d3c02f619b00795ab69ce,0x4718f5a0fc34cc1af16a1cdee98ffb20c31f5cd61d6ab07201858f4287c938d,627,1596,627,1596,0.0,0x67661a651522ca0f438bef24f11f48fe2bfc73712c7c76c7dd2c05cabee0c48,11,10,,,,
197,0x56d28f35728d71e14005dc74e325a5a1898bf91b5c45f54dc04dc7f16964d34,0x30ca57592ec02e083d3fefd0245b2c10ca15a3d7f1c88e6675db051f94c2e9f,False,1,0x4718f5a0fc34cc1af16a1cdee98ffb20c31f5cd61d6ab07201858f4287c938d,0x62ca46e11e6402f605e8eb5732a439f00f648ec17e0f3352a383dba2339fd55,22740,44,22740,44,0.0,0x59c5f20c7b1d16873d7bbfd21362e61b61095c1477f4dd746b36d0484ad89e2,9,1,,,,
198,0x352e13e1682970062767ad60cbdb048c2ab621fb0f94fbeeb425c2eb167511b,0x30ca57592ec02e083d3fefd0245b2c10ca15a3d7f1c88e6675db051f94c2e9f,False,1,0x4178826bd19b263099b73e3b82e5665aa885b8ef79e38ef1e68cb8bcc311a48,0x4718f5a0fc34cc1af16a1cdee98ffb20c31f5cd61d6ab07201858f4287c938d,53076,19,53076,19,0.0,0x2d44c3549062650dcf54df3b9073597588317bd9f31210ec2e3878858cce693,129,41,,,,
199,0xccc8b407b80b01e0e91c9f8e7671542c439c91b0905929f9267c360e5f3d6,0x30ca57592ec02e083d3fefd0245b2c10ca15a3d7f1c88e6675db051f94c2e9f,False,1,0x4718f5a0fc34cc1af16a1cdee98ffb20c31f5cd61d6ab07201858f4287c938d,0x5a293ddaa32e2dfa2c476860618489c54754e040bc957bdbab0f58de0c6eb08,33322,31,33322,31,0.0,0x2c201c2e7d00d450e38e7f05648bb53112b7de729494644834b65ff20d9773d,68,100,,,,
200,0x40f3de8817cf58eeb3335361fc5ea3e1a9765dfa328b6b2ecb09c7526902d16,0x30ca57592ec02e083d3fefd0245b2c10ca15a3d7f1c88e6675db051f94c2e9f,False,1,0xd29d8031c552fa5511782b4b234d48f06126976ff3d18c7278e352a178fd9e,0x4718f5a0fc34cc1af16a1cdee98ffb20c31f5cd61d6ab07201858f4287c938d,3,337120,3,337120,0.0,0x58b5b04faaafced71097ea5ee16cf1332702ac8cd33d4a462d946d690bf0e72,9,76,,,,
201,0x11e2f064f77991a3184b52091a9284dc66c2ce095a9496dd9155690cad049ef,0x30ca57592ec02e083d3fefd0245b2c10ca15a3d7f1c88e6675db051f94c2e9f,False,1,0x4718f5a0fc34cc1af16a1cdee98ffb20c31f5cd61d6ab07201858f4287c938d,0x4b5ae7f13fb69e4f6c84831cd1aefca9c75d04d307490fb4534cf72f349dba5,73851,14,73851,14,0.0,0x16a9a4e72377071f60968a6143b0aadd7912f93c68d7121d258eed381060245,51,4,,,,
202,0x55af2ff3d711d63022c3d2eadf44d2de30afab1a590e8dd6f8f0796048e9672,0x30ca57592ec02e083d3fefd0245b2c10ca15a3d7f1c88e6675db051f94c2e9f,False,1,0x3e0b34a767e3c3f732ba2ece6c5d7467259fb5e8db787160a878d368b7775b6,0x4718f5a0fc34cc1af16a1cdee98ffb20c31f5cd61d6ab07201858f4287c938d,11,93312,11,93312,0.0,0x1cd57ebd646e8d735acaa397b35bcd01c57337ee87eb3acffea9f3c086d2f12,5,39,,,,
203,0x6ab450fd1ac8aa95fdd75a73adc28497e55cd469b9c927c03ad078606f43910,0x30ca57592ec02e083d3fefd0245b2c10ca15a3d7f1c88e6675db051f94c2e9f,False,1,0x4718f5a0fc34cc1af16a1cdee98ffb20c31f5cd61d6ab07201858f4287c938d,0x4c0d7107b9e57ed22818fb03b2d5a4625d6e773a5ac2100fa01393380c7a9c1,708,1415,708,1415,0.0,0xe91b172f71810f556926ae1fac8b4a8c1fff819385e2a7abb28036c6938b81,0,0,,,,
204,0x158b530b41c59c3bb0fcb71ab5e3650f18ca1a441076d30999177af665815e,0x30ca57592ec02e083d3fefd0245b2c10ca15a3d7f1c88e6675db051f94c2e9f,False,1,0x3b9a83d000e31a2eab2cd3e8269d531a7fc223f8e60e8aee77cf5edbdd299b5,0x4718f5a0fc34cc1af16a1cdee98ffb20c31f5cd61d6ab07201858f4287c938d,11,96841,11,96841,0.0,0x22301b9b765b04365f216267b4edcf55fc9282e7c123b9abb9e5016a937983,11,45,,,,
205,0x289e595f643374288a475bd70a05fde93c2810ac98a5aa9aab7cb30498409a5,0x30ca57592ec02e083d3fefd0245b2c10ca15a3d7f1c88e6675db051f94c2e9f,False,1,0x3a487d6ff7002b02ce51015864de133e8b243c085633a6ac5f8efe04052f040,0x4718f5a0fc34cc1af16a1cdee98ffb20c31f5cd61d6ab07201858f4287c938d,7,149670,7,149670,0.0,0x604f1075b81ccff327fa428d775e6484d3fb58173f7760d26e884f177081b46,15,53,,,,
206,0x5c9a3d851cb07651d312f708c947a970265e357d36909de6fefa7fc89988913,0x30ca57592ec02e083d3fefd0245b2c10ca15a3d7f1c88e6675db051f94c2e9f,False,1,0x4718f5a0fc34cc1af16a1cdee98ffb20c31f5cd61d6ab07201858f4287c938d,0x5b258647dcd15af55c0ddc2b314fd3cfedceefbea8e2dabbc8eb02c3fd5b1f1,32244,32,32244,32,0.0,0x36e6d23fd30bfbf4c03397a3c750f67ba9fd8fca2781ece8b6f26b6d1e33fe6,40,41,,,,
207,0x2df602ed899b4a0c9e5ad15d5b488e00bfa318559876b4fc3657bd6341150,0x30ca57592ec02e083d3fefd0245b2c10ca15a3d7f1c88e6675db051f94c2e9f,False,1,0x4718f5a0fc34cc1af16a1cdee98ffb20c31f5cd61d6ab07201858f4287c938d,0x5c6b39c421e5d5482eeedab03070b3e9482f3d4ea6fad1c4109e2579140f967,18,57925,18,57925,0.0,0xe1f972f27354bbcb5e9270e3f0f8ab94f08b0c45e9f67485ab47b29782fe0a,22,64,,,,
208,0x621d8330b347a6e893d68af4e8f569fbaff32d2bfdbdf30f41b8a5c6d08e2b2,0x30ca57592ec02e083d3fefd0245b2c10ca15a3d7f1c88e6675db051f94c2e9f,False,1,0x4718f5a0fc34cc1af16a1cdee98ffb20c31f5cd61d6ab07201858f4287c938d,0x6bb086eb71a8231bc4e8308c8008e88eafeee168eb91262f20841a4cca1d361,20980,48,20980,48,0.0,0x7f38fd1d91d2e2864616ff9beb0c559e089516f340c3f01fa36db442ff7de9a,9,0,,,,
209,0x2cadd34c9cb8c4449ca144beacf728ecf90964abd5f474e796edb91a56f99f6,0x30ca57592ec02e083d3fefd0245b2c10ca15a3d7f1c88e6675db051f94c2e9f,False,1,0x86c8196f464b990d7e2c16bd98960d4f7478e936cdc6793d73dbb5922ea0fd,0x4718f5a0fc34cc1af16a1cdee98ffb20c31f5cd61d6ab07201858f4287c938d,4,306668,4,306668,0.0,0x19127cb7a1a53118b79d0fb7ba9ea7bf20446c757728d011aeb04853a7662da,43,32,,,,
210,0x5a1921fc6ab7d6d2b2fa7ac61030369014e9df94342934a5ebf60441370ab95,0x30ca57592ec02e083d3fefd0245b2c10ca15a3d7f1c88e6675db051f94c2e9f,False,1,0x4718f5a0fc34cc1af16a1cdee98ffb20c31f5cd61d6ab07201858f4287c938d,0x70912468e287a963e9dd348b9de434b47b69f1bcb33abae6c593793e1bdc2de,60,16791,60,16791,0.0,0x201e64efb37e9aa4cf9feec515f57de2325f0caf27ab47847ce470104f3265a,3,2,,,,
211,0x5cc930657e9f3375ea910414e98645059a81413412c6e8f08726220aa7db5df,0x30ca57592ec02e083d3fefd0245b2c10ca15a3d7f1c88e6675db051f94c2e9f,False,1,0x4718f5a0fc34cc1af16a1cdee98ffb20c31f5cd61d6ab07201858f4287c938d,0x51a6ffa6594eec8cb3cdf981217b790b5b04f77f739a6ac5fc89be439927bb9,1269434448210,208372047751828,1269434448210,208372047751828,0.0,0x4e56f33cde481ad303bb67e0f4961607a4135404e4cd562800cebce75b5254d,0,1,,,,
212,0x8c1edf27430eef08f202db2d7a0300452d2164f2d3fbf79f2f6c6f282acc99,0x30ca57592ec02e083d3fefd0245b2c10ca15a3d7f1c88e6675db051f94c2e9f,False,30,0x4718f5a0fc34cc1af16a1cdee98ffb20c31f5cd61d6ab07201858f4287c938d,0x70a76fd48ca0ef910631754d77dd822147fe98a569b826ec85e3c33fde586ac,171010012273503779452,12409613872712391999,171010012273503779452,12409613872712391999,25.01,0x5d4f3146269d1c95333e3df2cca1437f865cecd189018b8b5078af1efdf55e4,2951405885983655302,260888000521985705,,,,
213,0x77383ab1d8106f80c139c33f2797e55499e059291f568a9b7de40552879a07c,0x30ca57592ec02e083d3fefd0245b2c10ca15a3d7f1c88e6675db051f94c2e9f,True,1,0x4718f5a0fc34cc1af16a1cdee98ffb20c31f5cd61d6ab07201858f4287c938d,0x49d36570d4e46f48e99674bd3fcc84644ddd6b96f7c741b1562b82f9e004dc7,5149122095544923576,28904956840003,5149122095544923576,28904956840003,0.45,0x20ad18715feabf6465b887866d71f64757f37de8a48a470fc964035d6b52331,634573852976347,12109526221,,,,
214,0x55acd507b2dd39314fc73434785dd9aef45fdb928dcf65382c45444d163c11c,0x30ca57592ec02e083d3fefd0245b2c10ca15a3d7f1c88e6675db051f94c2e9f,False,1,0x4718f5a0fc34cc1af16a1cdee98ffb20c31f5cd61d6ab07201858f4287c938d,0x70a76fd48ca0ef910631754d77dd822147fe98a569b826ec85e3c33fde586ac,2547394366650168233,149240165241202477,2547394366650168233,149240165241202477,0.34,0x15793d392561baa7a900c917b2d954565515c160fbb1e9f748ff4ee28559f1f,1087925906640505,203124863585403,,,,
215,0x3e2c138f18ca2df96a9ea2b38b7b83adf26dd48cfa2b2d02d84d47a92461f66,0x30ca57592ec02e083d3fefd0245b2c10ca15a3d7f1c88e6675db051f94c2e9f,False,100,0x4718f5a0fc34cc1af16a1cdee98ffb20c31f5cd61d6ab07201858f4287c938d,0x70a76fd48ca0ef910631754d77dd822147fe98a569b826ec85e3c33fde586ac,2561483325023366804,148372828016894203,2561483325023366804,148372828016894203,0.34,0x22abbc9218e7fb049dc2a2ae3545b789d88c1d1e3daa49d12bab37eec30816f,83705220695008736,17028409869103566,,,,
216,0x1053b297e8f5ece2d467f69c5f6bc7043f0092a89ca9b68cb038bf723f0c6d3,0xaef408ec73c83edbc42d00af164ae8073404aa665b9895041c705c871809f9,False,4,0x3fe2b97c1fd336e750087d68b9b867997fd64a2661ff3ca5a7c771641e8e7ac,0x49d36570d4e46f48e99674bd3fcc84644ddd6b96f7c741b1562b82f9e004dc7,1,469393216,1,469393216,0.0,0x407b6333dc3f5a8c0f2b109acb6d50a58d4b96049a8ecbb5c0b990f645514f8,4,2400000000000,0,469393216,938786431,1e-06
217,0x1a1eed7da7df8109f681919536720e313b2f749aaa1b1a2aa8ddd9a04d40a26,0xaef408ec73c83edbc42d00af164ae8073404aa665b9895041c705c871809f9,True,1,0x42b8f0484674ca266ac5d08e4ac6a3fe65bd3129795def2dca5c34ecc5f96d2,0x49d36570d4e46f48e99674bd3fcc84644ddd6b96f7c741b1562b82f9e004dc7,575,1444,575,1444,0.0,0x711b8ad272ed74d72119292d1faa7e1e5a5826dc354d36de3117f2097c4e1bd,0,2,0,1444,2313,0.0
218,0x23a092ce0ab943c9ce51097c8fb2e42ae7346e6db6806557b337b3b13f56f27,0xaef408ec73c83edbc42d00af164ae8073404aa665b9895041c705c871809f9,False,1,0x3ec6df9ba54e7aa6d4d0a902552c16cd413ddcde47aa460eea731f9b58d7db7,0x4718f5a0fc34cc1af16a1cdee98ffb20c31f5cd61d6ab07201858f4287c938d,451,2220,451,2220,0.0,0x79f0189a1d041aaa449dfc4ff0e29e07edcc00a4a990a0f618e35368a66b101,0,1,0,2220,3989,0.0
219,0x5076b9365fc6dc469643e84a0d5a805ee9b28d8f8944c70ea978d54cb1e37ec,0xaef408ec73c83edbc42d00af164ae8073404aa665b9895041c705c871809f9,False,1,0x278af0dead6ca92ae1f299c7a1ffa025e869ba1790f51412f82cfc08f6ab2b6,0x4718f5a0fc34cc1af16a1cdee98ffb20c31f5cd61d6ab07201858f4287c938d,1115,898,1115,681,0.0,0x2120bb7ddcf861ed11f61552ddeaac7a0377ba6d86518d2768555f68ad85d5f,0,119,217,681,464,0.0
220,0x62eee7d0402ceaa920e170139b96c5f16a7ca58c83915a66dea31037dd4d71b,0xaef408ec73c83edbc42d00af164ae8073404aa665b9895041c705c871809f9,False,1,0x4718f5a0fc34cc1af16a1cdee98ffb20c31f5cd61d6ab07201858f4287c938d,0x6a7b72dc88ba6528c0a9e9ca3ff76df4437563c13abbc03d023f365e648d41a,8823,114,8823,114,0.0,0x42b68d6c9eafed96143f31a1474e513faed5f944d58d4afd516f44cd8e7dd73,10,0,0,114,-8595,
221,0x46632b5586cf8e3af119060e0eb2bb70a2929819ce439492c15f6b4ddbdfe39,0xaef408ec73c83edbc42d00af164ae8073404aa665b9895041c705c871809f9,True,1,0x4718f5a0fc34cc1af16a1cdee98ffb20c31f5cd61d6ab07201858f4287c938d,0x7f6087e538fd5c2d9a9c89d056e6ec76063665d7df0ff15097f241160419e08,1343195706188458352,24577166919043731013,1343195706188458352,24577166919043731013,0.1,0x3e2d9acc365d55d3002a00e75547ca0f97988baebf3a32b2b336a4f5fb1b679,1,2456459298377880,0,24577166919043731013,47811138131899003674,
222,0x3d7e369fd28cd67ab87a8d3b86bbefc888a07757957ff534b3962927be911a4,0xaef408ec73c83edbc42d00af164ae8073404aa665b9895041c705c871809f9,False,4,0x244fb7a57c6f5d44916c8488afa9f0c645590f661b5e875480b03e3bbdb7b85,0x4718f5a0fc34cc1af16a1cdee98ffb20c31f5cd61d6ab07201858f4287c938d,48458882016880536952,660353657949700034,48458882016880536952,660353657949700034,0.05,0xfdfb6d486ed0031a1f74eb0a273efe0b57c3f5e9c86f69abf70c00441dd2b2,16190028818279522,0,0,660353657949700034,-47138174700981136884,0.048437
223,0x10716e6fe4f9ed9285aa70eba13b2ee72d150789e56cc751b69c134e427460d,0xaef408ec73c83edbc42d00af164ae8073404aa665b9895041c705c871809f9,False,30,0x3e0b34a767e3c3f732ba2ece6c5d7467259fb5e8db787160a878d368b7775b6,0x5a293ddaa32e2dfa2c476860618489c54754e040bc957bdbab0f58de0c6eb08,1000,1000,1000,1000,0,0x750640170a54e9bf209b810a63468c0b6eb89550e84a98f7d57b051f7bc5605,0,0,0,1000,1000,
224,0x7e9e84b98a3ae24d7e7d83a235562197ff6816d66fb50e51ed3a14d1f3e9213,0xaef408ec73c83edbc42d00af164ae8073404aa665b9895041c705c871809f9,False,1,0x1f91dbdc6d03c3a8a7f9444af2f77bab936600e251e4e0b1fb22c527c094c7,0x4718f5a0fc34cc1af16a1cdee98ffb20c31f5cd61d6ab07201858f4287c938d,17,61507,17,61507,0.0,0x30fdbcfbb25e143942186b2c35416cfcd66d3591b7ee613f45d1fda8a9b4ca4,0,6,0,61507,122997,0.0
225,0x1088b29ccd4a77936765dcdfdf9e6b953d7e8247c9b7eabf99551f64526b235,0xaef408ec73c83edbc42d00af164ae8073404aa665b9895041c705c871809f9,False,1,0x4718f5a0fc34cc1af16a1cdee98ffb20c31f5cd61d6ab07201858f4287c938d,0x7f3cfd88632c1ee76643c3fdc6babe591ea93e7c6aaede7289e0be92b1c533c,12850,78,12850,78,0.0,0x53f6dca6266cca6db56e8c9cfb4cd818db45bfeda1303614e718f10ec700d7b,8,0,0,78,-12694,
226,0x5e51d645cf64f009f18065f786421f769a50a5cbb10e94aec50a1c38746a184,0xaef408ec73c83edbc42d00af164ae8073404aa665b9895041c705c871809f9,False,1,0x4718f5a0fc34cc1af16a1cdee98ffb20c31f5cd61d6ab07201858f4287c938d,0x4ce3b33ce30af9755b90f6b84fad261dbc14218665faeeead311b392a8628cb,31936,32,31936,32,0.0,0x1d26ea34761166960b0d6fb43eb2500fe77cfbbbca8577cbcc00373fa2943e,5,0,0,32,-31872,
227,0x14973b60cd8ff27c5c9786e6179a98d7f46a0f834b54b1be90279591f6bf92a,0xaef408ec73c83edbc42d00af164ae8073404aa665b9895041c705c871809f9,False,1,0x4718f5a0fc34cc1af16a1cdee98ffb20c31f5cd61d6ab07201858f4287c938d,0x7c2dd9f4767d5d9caebd435a11bc2962bc7959a25b738abfcbe2c46f2f17780,38205,27,38205,27,0.0,0x6068ad883ba99ac2f698453458daa5f4b3c8d5f32e5f03ff85c8d1c2fcb258f,4,0,0,27,-38151,
228,0x571720cf66774676bef5fe8021a19df843b40f3fb8e5a8623df3b2a6124285f,0xaef408ec73c83edbc42d00af164ae8073404aa665b9895041c705c871809f9,False,1,0x4718f5a0fc34cc1af16a1cdee98ffb20c31f5cd61d6ab07201858f4287c938d,0x5cc930657e9f3375ea910414e98645059a81413412c6e8f08726220aa7db5df,2216536,1,2216536,1,0.0,0x52bb0d46a4372c254edaa27fe7665b5b24a8bccefc8eecd5ce6c08498620d65,155,0,0,1,-2216534,
229,0x7ba4f5994fb8baa1939ec87ecc1dd75870e7936a5a9f23bb26a98e9ef2a1ad0,0xaef408ec73c83edbc42d00af164ae8073404aa665b9895041c705c871809f9,False,1,0x4718f5a0fc34cc1af16a1cdee98ffb20c31f5cd61d6ab07201858f4287c938d,0x50b06046cfa3df2a65cd41ea8830ad6facc421723cd0b3cf9e28b05ab8080ef,10205,98,10205,98,0.0,0x7648e0631f83c86534b66d41fcd47a9dc4f73f891100edfbc60d5bd65d5694f,5,0,0,98,-10009,
230,0x1e80477e7f766c232c9b6d357f64ccfcc0109fc98b4aaff8608c717bec4120,0xaef408ec73c83edbc42d00af164ae8073404aa665b9895041c705c871809f9,False,1,0x3441f9cf6bd07bfb6d30037371ac94380677ce2a0650449310e6e2d97cadc2f,0x4718f5a0fc34cc1af16a1cdee98ffb20c31f5cd61d6ab07201858f4287c938d,1414122141016853978069,1767881237049525957,1414122141016853978069,1767881237049525957,0.13,0x19411cb6d89d9260161d8c3218761226ff8ba6d33c6bdcb5fb93338a9100247,91421356237309128,0,0,1767881237049525957,-1410586378542754926155,0.129673
231,0xbb8cb020918ff3cd734f7934e396a2094cca6b7bc522967915f9e2e56702f5,0xaef408ec73c83edbc42d00af164ae8073404aa665b9895041c705c871809f9,False,1,0x2449275a57db98009c136a95eae73dc1f2a0c3626b5d82f8ffa62d46ee33c81,0x4718f5a0fc34cc1af16a1cdee98ffb20c31f5cd61d6ab07201858f4287c938d,32,31691,32,31691,0.0,0x1bcbd27c0a75b17dcf272964c867e0dc2e9d9a30f2623382371d6e37cf5f26d,0,3,0,31691,63350,0.0
232,0xdfbc624a0a71dd96107e06c489a8d3901156cc053dd2dc63ad6e48a49651b2,0xaef408ec73c83edbc42d00af164ae8073404aa665b9895041c705c871809f9,False,1,0x2a7ee1cb1d232850db2f65c4d4ee48ad20ad51bd3dac4a3d2204806c6d6c4a8,0x4718f5a0fc34cc1af16a1cdee98ffb20c31f5cd61d6ab07201858f4287c938d,83,12180,83,12180,0.0,0x423e47a79679a8cc9c6404f14f0e5923f45a9bd405d8f6493cee27aa2036993,0,3,0,12180,24277,0.0
233,0x3fb30bc91cd5bdbd66dc27538a9e4c860ab3c19b4a15c670d9c6be54e35cf6,0xaef408ec73c83edbc42d00af164ae8073404aa665b9895041c705c871809f9,False,1,0xbe4b097b8ad7df6f68e7cf378d00a0986a0bd800cac8939b21b740ccb1de7c,0x4718f5a0fc34cc1af16a1cdee98ffb20c31f5cd61d6ab07201858f4287c938d,9,120552,9,120552,0.0,0x4f2a9ddcf944bd02881edfc35788c65ece21cf313d22e669acb2690e540015,0,12,0,120552,241095,0.0
234,0x2bea096b9bb02beab31993bc1e0bb01867c2371e29698899b05f5d432ed9f92,0xaef408ec73c83edbc42d00af164ae8073404aa665b9895041c705c871809f9,False,30,0xbe3bf94d9f4f943d2d7045a475e21717d9771047d190c7ab04a26f0cdcae1a,0x4718f5a0fc34cc1af16a1cdee98ffb20c31f5cd61d6ab07201858f4287c938d,1873012557197986887626,21355970010068,1873012557197986887626,21355970010068,0.0,0x6bd647a3d85d686d008313347636cc96ac7162a32ab1723a01363bfad69aa42,5635343702702066862,0,0,21355970010068,-1873012514486046867490,2e-06
235,0x169e3407be8319778bf304aef4d59c79e1e98bf482a1ff2e57e07779b022f24,0xaef408ec73c83edbc42d00af164ae8073404aa665b9895041c705c871809f9,False,1,0xb6fa9aaab7e652c9ffbf89cb8f84a0a4f59cff0d94c6f979612f84c076d48a,0x4718f5a0fc34cc1af16a1cdee98ffb20c31f5cd61d6ab07201858f4287c938d,23,43499,23,43499,0.0,0x33c26dbb309f6d0588acab1cbb939a754d40a14aca178678f0215aa9bf479ac,0,13,0,43499,86975,0.0
236,0x28e558b86ef5670d6d446058c7be69f04b910c06031f3219cfc1e418d29d43b,0xaef408ec73c83edbc42d00af164ae8073404aa665b9895041c705c871809f9,False,1,0x4718f5a0fc34cc1af16a1cdee98ffb20c31f5cd61d6ab07201858f4287c938d,0x7525774d33217268fe1ec4d8be5e80367ede77c700e02e81bc9b327c6849b05,18709,54,18709,54,0.0,0x1c3e531b4675f3c7f0e6eb6838b39f19f66d82735e79a567b4ececb8c80e5fd,18,0,0,54,-18601,
237,0x52055849e74bc9dbe8f2879241e0b807ce88608377d37e04161efea0e0172d3,0xaef408ec73c83edbc42d00af164ae8073404aa665b9895041c705c871809f9,False,1,0x1922e5537c1144b9e290c89baae9b42cbb9da75e5ba9e6f1ec2fcf1dfc83a1e,0x4718f5a0fc34cc1af16a1cdee98ffb20c31f5cd61d6ab07201858f4287c938d,29,34725,29,34725,0.0,0x66d3808f5435bb872ea016ba3a6cf320655da64fbd75c03141498743755b15e,0,8,0,34725,69421,0.0
238,0x7c45a133f2cd77e118b937aa57950b92d6ab6cdffa568737ced4ed0bcf8620a,0xaef408ec73c83edbc42d00af164ae8073404aa665b9895041c705c871809f9,False,1,0x2214afcae0ddf37da5d5cc22e286095b285ecfb9d87e877a3cdd8d74454359d,0x4718f5a0fc34cc1af16a1cdee98ffb20c31f5cd61d6ab07201858f4287c938d,34,29787,34,29787,0.0,0x7be4db45e6da5d1f111765f63069cb5eb773897b0423abaafc8d13359eb7292,0,13,0,29787,59540,0.0
239,0x47eaad1e7d0164cac2bf2ead037619f336f6b20d70082daefa502d58855453b,0xaef408ec73c83edbc42d00af164ae8073404aa665b9895041c705c871809f9,False,1,0x2c66bc5737c1003480238ff221f8a588c2d61d4dc28c4bc180fcf8ec5eef365,0x4718f5a0fc34cc1af16a1cdee98ffb20c31f5cd61d6ab07201858f4287c938d,58,17521,58,17521,0.0,0x59c7e02a3cfa27c2a3d385641b99d972ced38c2582308794865ee8567bbf9f1,0,9,0,17521,34984,0.0
240,0x58ccc4844e26d6bbd75d2600a93cb3657f495e10b12d410b849998328961846,0xaef408ec73c83edbc42d00af164ae8073404aa665b9895041c705c871809f9,False,1,0x4718f5a0fc34cc1af16a1cdee98ffb20c31f5cd61d6ab07201858f4287c938d,0x53d908309a13d5d219b0223e9dba1f486b270af17627482a4746ddcdf9caafb,15783,64,15783,64,0.0,0x29e8c33a81cf0e3529682845ab94fdc676c4001c78cbb4fde5dc20d856d7487,6,0,0,64,-15655,
241,0x432ec3f8194fea5e4f3f16d1203c1631ecb10f5a02ccd5b22e4152be3345a72,0xaef408ec73c83edbc42d00af164ae8073404aa665b9895041c705c871809f9,False,1,0x4718f5a0fc34cc1af16a1cdee98ffb20c31f5cd61d6ab07201858f4287c938d,0x6c9dee1b2da86ce77ebd8fa072d5f41d8ef4122b721004e0be38f083d67fb91,65419,16,65419,16,0.0,0x7968fd81d253cf2ce2e1626043a49fae2cd5fa010a94a923c17d5ba381f9617,7,0,0,16,-65387,
242,0x5ca45bda3adee55593a42bdd55e5f53e486bab262d320b9807261455805c5ef,0xaef408ec73c83edbc42d00af164ae8073404aa665b9895041c705c871809f9,False,1,0x4718f5a0fc34cc1af16a1cdee98ffb20c31f5cd61d6ab07201858f4287c938d,0x4a8639622afc3d83536bb55791714dfcb903f76e2262261363e3264f981187a,10786,93,10786,93,0.0,0x153c79549673b2a47957e610ef9201dab45f0b1fea3a3dc8a9723e4e87b0bc5,21,0,0,93,-10600,
243,0x790e557443e126186c480ac82b1b7c8d710ca8162434a7338e873569736dc9f,0xaef408ec73c83edbc42d00af164ae8073404aa665b9895041c705c871809f9,False,1,0x1e846b7a361af3628e4f84f0b6ed44c9e3f276901a0a874222f6476f8612605,0x4718f5a0fc34cc1af16a1cdee98ffb20c31f5cd61d6ab07201858f4287c938d,3999700000000000000,25001875140635548,3999700000000000000,25001875140635548,0.0,0x663a1b3b38e715ace5b38a9ee2377e28fd0ea529f6fee741fbaf47738b209d2,1,0,0,25001875140635548,-3949696249718728904,0.001834
244,0x755a230858d3854fed8bc943183d193678500485c7bdf567a234af09789acd1,0xaef408ec73c83edbc42d00af164ae8073404aa665b9895041c705c871809f9,False,1,0x1300f36cba65ca341d6ad73055f91b06c653b4ac3fe6f1ca601f6c000de1ca7,0x4718f5a0fc34cc1af16a1cdee98ffb20c31f5cd61d6ab07201858f4287c938d,7,150594,7,150594,0.0,0x15afa30a15cb967dfc835d4c841aec2f7d800a7b4adeaa514f80ff98e39e1de,0,12,0,150594,301181,0.0
245,0x2c060f12f09efdec8de25a4bc833263ab348d5a334dd9aa26ba161e7498db52,0xaef408ec73c83edbc42d00af164ae8073404aa665b9895041c705c871809f9,False,1,0x1261ae71a12cbb23df1c73ff062676f4211e0d6290a5b07213f9858e645813d,0x4718f5a0fc34cc1af16a1cdee98ffb20c31f5cd61d6ab07201858f4287c938d,19,54287,19,54287,0.0,0x7663d3210c09bf07f5a76dc7a05ca6eb573a705cf612dd3c9d31ff09e5f4ed9,0,5,0,54287,108555,0.0
246,0x2ebf3498718a121774854e2cf3e24ab6c5af808c356641e7c88bdaffd2b247a,0xaef408ec73c83edbc42d00af164ae8073404aa665b9895041c705c871809f9,False,1,0x4718f5a0fc34cc1af16a1cdee98ffb20c31f5cd61d6ab07201858f4287c938d,0x55c918dc1b58ba017fa7420579a188ef420a78b745d5c81f01aba2ed712b73d,23933,42,23933,42,0.0,0x2a91375198d6a0d7f0fb685225f27fad4ef5d2131706ca3fc1a42087b417b79,11,0,0,42,-23849,
247,0x27f32d11f6180be4df6797b7d0376d203071a0bbab55fb239e5f96510c3a7ae,0xaef408ec73c83edbc42d00af164ae8073404aa665b9895041c705c871809f9,False,4,0x23cd107fcd4d15b58f704e76632740d3923bc8b1305e4f364328ea9a0394088,0x4718f5a0fc34cc1af16a1cdee98ffb20c31f5cd61d6ab07201858f4287c938d,136,7387,136,7387,0.0,0x11802b3cc296f320d45e3f069fc765b51f5024aa074f3e4d15e637b1c4393d1,0,10,0,7387,14638,0.0
248,0x19e38dd037e2437ba966c599cc981171fdb1658b4284479b221fd537e7c5fed,0xaef408ec73c83edbc42d00af164ae8073404aa665b9895041c705c871809f9,False,1,0x32bd8fb4f347a47876887032919e1dcfbb51e6916eab4e17209fa7da7be1b34,0x4718f5a0fc34cc1af16a1cdee98ffb20c31f5cd61d6ab07201858f4287c938d,13,77624,13,77624,0.0,0x1a784bf3d553bfe9c48c7f8616cd9a3c7cd30d333039ccddefe38f97a08d8cb,0,7,0,77624,155235,0.0
249,0x568c0717e7ed7b6cd45e3026630245b1835c4873a6296c05d7c2e86f634d42a,0xaef408ec73c83edbc42d00af164ae8073404aa665b9895041c705c871809f9,False,4,0x34a3925b4fad1ffddf64b1b9f77a7cf5b0ae940136db9c1a31ee26e468f7d67,0x4718f5a0fc34cc1af16a1cdee98ffb20c31f5cd61d6ab07201858f4287c938d,120348780689564343979,8309182646224448,120348780689564343979,8309182646224448,0.0,0x583dca777cc16ca8715b0fd7cdfa3731e2b71311d45ac0ffde4a6e23d4b60b9,47758615722114583,0,0,8309182646224448,-120332162324271895083,0.000609
250,0x697e0766d19adc674267c78755d5823789b4991d8524205df8b9570f0cc54b0,0xaef408ec73c83edbc42d00af164ae8073404aa665b9895041c705c871809f9,False,4,0x4718f5a0fc34cc1af16a1cdee98ffb20c31f5cd61d6ab07201858f4287c938d,0x5065bb1707db424c5c3dfb238efae6d0a33b57edbb4118e34c4b056dcc2a2f6,9945411045582249,10054888585466762950,9945411045582249,10054888585466762950,0.0,0x61b8796402d292ed8c63c2a19dc14e4048402e7d015aad8aa56bc3341114ebb,4098002732000000,4019695180292071,0,10054888585466762950,20099831759887943651,
251,0x5e954e83aef1e752dc7f9b6cd364f4ee217c52686b31a7cb0bc0b01ab137c92,0xaef408ec73c83edbc42d00af164ae8073404aa665b9895041c705c871809f9,False,1,0x3bfa3995cde76dbdadf69edf49d883f811e303afc939d2d9c6e272f34e05b74,0x4718f5a0fc34cc1af16a1cdee98ffb20c31f5cd61d6ab07201858f4287c938d,49,20820,49,20820,0.0,0xa0a48d4917ce86b1c0e528614325bd4c45e0995134db21c23d1a43d1501cd8,0,8,0,20820,41591,0.0
252,0x7b346a14551043636ab3f2a1ee19dc6a0dae128334df1c8051e2f4e12b85a6b,0xaef408ec73c83edbc42d00af164ae8073404aa665b9895041c705c871809f9,False,1,0x1cfb19d9820663f9be20328ca1d3984df69f070081d086dadee26c65febd258,0x4718f5a0fc34cc1af16a1cdee98ffb20c31f5cd61d6ab07201858f4287c938d,31,32526,31,32526,0.0,0x21decde6ad569bd838ce0b0e9a2bc578974773bf710e8fa649b6c8bb5d53028,0,5,0,32526,65021,0.0
253,0x1b2561c34759d37aec86b642d38d1ed89b244a22803d7fc4600acaa91453389,0xaef408ec73c83edbc42d00af164ae8073404aa665b9895041c705c871809f9,False,1,0x4718f5a0fc34cc1af16a1cdee98ffb20c31f5cd61d6ab07201858f4287c938d,0x7fdcd8d1958e6add61ef316d42d139064c72137180bd522026c24d2bacdde12,31031,33,31031,33,0.0,0x75a348b94434db723b0bfa70fa229fb832c3ea4ed76b0b1dd7faeec1ec3d662,7,0,0,33,-30965,
254,0x1b893f028a94babbc68dbe46a99be234e7d11f2c87ce112a9e3f227d65a4825,0xaef408ec73c83edbc42d00af164ae8073404aa665b9895041c705c871809f9,False,4,0x4718f5a0fc34cc1af16a1cdee98ffb20c31f5cd61d6ab07201858f4287c938d,0x7122533c7ca306327690d2bf3b35f4a4485075fdbb36dda1c8bcd3c69b62cfe,78076,13,78076,13,0.0,0x4f15fa32ef5afb547986b5a268591d3a5db959f8cd788406f79f3042effb20,33,0,0,13,-78050,
255,0x4ed1970b2e61d9555b035afd5cb9b0cbc8085bc419bce7e171634f82e09fa1f,0xaef408ec73c83edbc42d00af164ae8073404aa665b9895041c705c871809f9,False,4,0x3f491e0019f0bb70bf22ae9e75ecc6d36d58b3ca70b14cbc4abbed624fa27e2,0x4718f5a0fc34cc1af16a1cdee98ffb20c31f5cd61d6ab07201858f4287c938d,52136917347935041902,21098293799366087,52136917347935041902,21098293799366087,0.0,0x2f20f8780d36b459d9b1a1999865eed55460ea29db87c1d09d939aeda609b7a,16461351479765923,0,0,21098293799366087,-52094720760336309728,0.001548
256,0x58c055962cccbfe0684f8ded963fd46ec510bab5e48d0eb359785901b360b6e,0xaef408ec73c83edbc42d00af164ae8073404aa665b9895041c705c871809f9,False,4,0x4718f5a0fc34cc1af16a1cdee98ffb20c31f5cd61d6ab07201858f4287c938d,0x767f45d6967dd177634b339984d1182d959598e9884a975c559325b1c1d5428,119110,9,119110,9,0.0,0x418d195aadcb13967b53fd1f516e15a1ad50a3db8e4d60ac32fdab3654c7db7,34,0,0,9,-119092,
257,0x5a2c114bbd92ab0e320428a12c708ab9465c65ec82218125e891ff6d188e5a1,0xaef408ec73c83edbc42d00af164ae8073404aa665b9895041c705c871809f9,False,1,0x23e000ebf9aa142c29be59cad02af900e744b315e9b88636f5c6a59320828fe,0x4718f5a0fc34cc1af16a1cdee98ffb20c31f5cd61d6ab07201858f4287c938d,3,372933,3,372933,0.0,0x296a3538ffc24155a538bad0127468a94a02295fe203312e7d11929c22d77f0,0,27,0,372933,745863,0.0
258,0x6e23ecf42219893d333ddbaf92d1882366ac7b74340d3e80971953f91aeecd0,0xaef408ec73c83edbc42d00af164ae8073404aa665b9895041c705c871809f9,False,1,0x2ae1bde05ecaabff5120968ef162ae726dd6a90918e7b47fae863ff8e62f3e0,0x4718f5a0fc34cc1af16a1cdee98ffb20c31f5cd61d6ab07201858f4287c938d,10,108093,10,108093,0.0,0x4e73f5b4802837539e09b1ec3d74000558a3e14737703d74b2ec65a088632c6,2,13,0,108093,216176,0.0
259,0x382625d210588b92822c0b688a4493aec9e12c8ef62906399ca8c0f94f9c57c,0xaef408ec73c83edbc42d00af164ae8073404aa665b9895041c705c871809f9,False,4,0x3bb80b710025f8669e317113034befbec0d57699e6017eb58b32590c737129f,0x4718f5a0fc34cc1af16a1cdee98ffb20c31f5cd61d6ab07201858f4287c938d,24760181429473936582,16154970477068049,24760181429473936582,16154970477068049,0.0,0x65538b9dde1042d25a2f84c12787ef6dcecd08c3f77c17a7bd02157508fb1a9,9107715658052795,0,0,16154970477068049,-24727871488519800484,0.001185
260,0x767f6915b8373daf8a2cc6f1b7921c0f780b087d9abe36ecf5c3c568499bc4a,0xaef408ec73c83edbc42d00af164ae8073404aa665b9895041c705c871809f9,False,1,0x4718f5a0fc34cc1af16a1cdee98ffb20c31f5cd61d6ab07201858f4287c938d,0x621d8c76570510908f37429c91f9abd5218ede6f6797253c9bfa3a74469baf3,199729,6,199729,6,0.0,0x63e34f39691fbb4d830728dae4a0ac8087d073f54a69b1bec466a6df7a16598,16,0,0,6,-199717,
261,0x5203223ce810422742311d7b62ef34d8485e442866e643502d7bb881fa22fb9,0xaef408ec73c83edbc42d00af164ae8073404aa665b9895041c705c871809f9,False,1,0x14db7c8f9fe63aa53160e0de3fcf7d2c11ab8b32751fcd8167c9ca61fd00310,0x4718f5a0fc34cc1af16a1cdee98ffb20c31f5cd61d6ab07201858f4287c938d,28,36117,28,36117,0.0,0x7504dc04ce8fca880297a21afa14ef43cfe8c26c5e6d4d94385b51a6afbd498,0,7,0,36117,72206,0.0
262,0x5e22039d24c09053948ad617fdf6adccd351307123c02f4efb9b29dc48666ac,0xaef408ec73c83edbc42d00af164ae8073404aa665b9895041c705c871809f9,False,4,0x4718f5a0fc34cc1af16a1cdee98ffb20c31f5cd61d6ab07201858f4287c938d,0x5f8fde6b4a0ee2c91dfd3619080bc7c81e8e1113aade483b92de87484727b82,883607814008960,45268952317791984557,883607814008960,45268952317791984557,0.0,0x73c0ec9e2260911106463c1bf12e228eace6c2f8d544558b32670e87d2f4361,0,18034794845054815,0,45268952317791984557,90537021027769960154,
263,0xd31aaee437ecc961a0ecd641bae3c10a1467543d49d00626d5d356976751be,0xaef408ec73c83edbc42d00af164ae8073404aa665b9895041c705c871809f9,False,1,0x4718f5a0fc34cc1af16a1cdee98ffb20c31f5cd61d6ab07201858f4287c938d,0x6288751e1e93a7f17735d70adcbd899390187eb5015f7ac80a2b95ebc05baf4,59103,17,59103,17,0.0,0x6bbf7956e1cd692a85045dfacbf73cd6cc2d00aeb39f657033cfce90d14896e,6,0,0,17,-59069,
264,0x7c49f2afb4f8d4d809b3bb60d8338d857c5f143c82d4bf8bf182a654a64f590,0xaef408ec73c83edbc42d00af164ae8073404aa665b9895041c705c871809f9,False,1,0x4718f5a0fc34cc1af16a1cdee98ffb20c31f5cd61d6ab07201858f4287c938d,0x5af8bd6719c054d915290c5160f61d5401d886346653737f847f02acf4bf8a2,54512,19,54512,19,0.0,0x68e93ef4a5167e7aaae34a2e1b5b0fe46828917dd95ea70efca7e9a6bd8ddea,23,0,0,19,-54474,
265,0x1cfe6f6e9d6e13b5837338b453e30868743abde44612d3407ea00102a8b7757,0xaef408ec73c83edbc42d00af164ae8073404aa665b9895041c705c871809f9,False,1,0x4718f5a0fc34cc1af16a1cdee98ffb20c31f5cd61d6ab07201858f4287c938d,0x7f8c01327fde30cfbfd922814d65a0d1725567d135b9cb823b8d42f7b87d1ee,240253,5,240253,5,0.0,0x2cda1a5c63042e61d8fd5cfba989617704e794e48456e8fbd65455c92e6e7aa,17,0,0,5,-240243,
266,0x6b67e70d1f536840ad0eb2ad928742f5756298c8ba90050598b28dc24d1513f,0xaef408ec73c83edbc42d00af164ae8073404aa665b9895041c705c871809f9,False,1,0x2634d1c4e65ef784e23655d437504a373bc989d2eabd8afae572e90802948ec,0x4718f5a0fc34cc1af16a1cdee98ffb20c31f5cd61d6ab07201858f4287c938d,10,102834,10,102834,0.0,0x3c5b6cdce10b9d924e678f2f81b09144bfb8dfc3b78642340f979f418f9a79a,0,10,0,102834,205658,0.0
267,0x768bf5e1e9b907de7cb6cec72639c2229dc77df65d74e5c474bbbc1c14d2b1d,0xaef408ec73c83edbc42d00af164ae8073404aa665b9895041c705c871809f9,False,4,0x29b29216683d8da2449aed4d5d98b89e36b96328033eac6260e757e8e5f4b7c,0x4718f5a0fc34cc1af16a1cdee98ffb20c31f5cd61d6ab07201858f4287c938d,28,35839,28,35839,0.0,0x78da816b289d11f93ef5689a303b739f0d9f38ea4b1eb3d7f569473d74670d8,0,21,0,35839,71650,0.0
268,0x958d3c0a2950843827d5c17457164da7f3ca9c29719fdcc0fbdf12e5d92cdc,0xaef408ec73c83edbc42d00af164ae8073404aa665b9895041c705c871809f9,False,1,0x4718f5a0fc34cc1af16a1cdee98ffb20c31f5cd61d6ab07201858f4287c938d,0x6849dffe808375dae38c051864544015b9d5b4b7a3d51be4c45e7b2c4748d65,131653,8,131653,8,0.0,0x5aebf3404ae78b698a7d454456edf0bb5764eec82c63003ec1d25e3ea5e7edd,12,0,0,8,-131637,
269,0x4446cd307dfeaceedbc9db2490a761c583dc5c907414ddf87e2345a4720f180,0xaef408ec73c83edbc42d00af164ae8073404aa665b9895041c705c871809f9,False,4,0x1f60a5cc27b42b7c0c136f25dd06f51bc79f3562f3588cc772b90f28ec95666,0x4718f5a0fc34cc1af16a1cdee98ffb20c31f5cd61d6ab07201858f4287c938d,3163,317,3163,317,0.0,0x7bddfe44362f52486c1962642a52b9c4cb462ad1fa965f1b7d64c142f2b4723,0,0,0,317,-2529,0.0
270,0x6589ff6333d4b119df177fc8ca0a73d1e67ddbd7bc5717f14a215d0abba93da,0xaef408ec73c83edbc42d00af164ae8073404aa665b9895041c705c871809f9,False,30,0x4718f5a0fc34cc1af16a1cdee98ffb20c31f5cd61d6ab07201858f4287c938d,0x7525774d33217268fe1ec4d8be5e80367ede77c700e02e81bc9b327c6849b05,26429,38,26429,38,0.0,0x2521ae2d783b30a40636c9340e36f5fa408b5d33edfa9ed2701cbb8aea6480b,69,0,0,38,-26353,
271,0x6e592449cf13394f9b812e679a9c9628f8be8ad7b703567770c4253acd33c88,0xaef408ec73c83edbc42d00af164ae8073404aa665b9895041c705c871809f9,False,4,0xe6327e85ee1864f9723f42a50d3c7d1b474e8adb4bcfd16d4141ec318d274b,0x4718f5a0fc34cc1af16a1cdee98ffb20c31f5cd61d6ab07201858f4287c938d,24907228980362582425,4014898649658792,24907228980362582425,4014898649658792,0.0,0xbd40866482040560e113d1a5db1f3916ad1cea6978fbef6528e37b4a13b896,9566718279456814,0,0,4014898649658792,-24899199183063264841,0.000294
272,0x6845a84e9af8941183d9c96041e4e69e3de9ea083d2cb3677c2e8e0592526b2,0xaef408ec73c83edbc42d00af164ae8073404aa665b9895041c705c871809f9,False,1,0x4718f5a0fc34cc1af16a1cdee98ffb20c31f5cd61d6ab07201858f4287c938d,0x755041ea3866788dfda80e33d18d91a3cb3552b8bc141f0dfd7c823289e0280,317,3163,317,3163,0.0,0x1c136a6bc429aa340d035595b90bd6ca004b96f91a9a798d28fcd16cb5ef8bb,0,0,0,3163,6009,
273,0x118177cc2fffc959549314249b3c8cb97d822c9d2214b8acd7b21fac3521633,0xaef408ec73c83edbc42d00af164ae8073404aa665b9895041c705c871809f9,False,30,0x4718f5a0fc34cc1af16a1cdee98ffb20c31f5cd61d6ab07201858f4287c938d,0x7f8c01327fde30cfbfd922814d65a0d1725567d135b9cb823b8d42f7b87d1ee,247057,5,247057,5,0.0,0x4dbb833289ed495d5b8e6fb3504a66a57bd2b79238b6d60b6cc2a84b8737257,521,0,0,5,-247047,
274,0x650f3a38c9929c83e2eae402a099c911a29665a3405a5a2e05d422e0e824153,0xaef408ec73c83edbc42d00af164ae8073404aa665b9895041c705c871809f9,False,30,0x10846049a11122f7045de51f19032239aea1ead6680b3bd5c25a483189caad,0x4718f5a0fc34cc1af16a1cdee98ffb20c31f5cd61d6ab07201858f4287c938d,23,44734,23,44734,0.0,0x6d666215cbfe0778d3af46acddd15aae1c5a6a4fb5970cbd17c04d32bb66884,0,96,0,44734,89445,0.0
275,0x2d9ced399ff00d2f50b3193d10097865be4b4df0cd2aa3ae61b364467cdf544,0xaef408ec73c83edbc42d00af164ae8073404aa665b9895041c705c871809f9,False,30,0x4718f5a0fc34cc1af16a1cdee98ffb20c31f5cd61d6ab07201858f4287c938d,0x5b20203fd3ea560e81b3b7ea7dcb915579b7d9e576bf83ea3ec69106d71408b,52759,19,52759,19,0.0,0x3e309a45fea6894f6f242d1f5497e48c4c94f3d0d7892b055d70374f960df57,111,0,0,19,-52721,
276,0x2628e9a1f626c31dbb863657d64e46fd1859eccad874470e33c8ddff30cc228,0xaef408ec73c83edbc42d00af164ae8073404aa665b9895041c705c871809f9,False,4,0x37e58f7b1ef42884051676810fd36f84053a8edb2abfebf5eec9848d2804302,0x4718f5a0fc34cc1af16a1cdee98ffb20c31f5cd61d6ab07201858f4287c938d,5,213401,5,213401,0.0,0x267918be9f3b991368b31211558f409fa5600b8f31ba5b2b8fc369001903b07,0,62,0,213401,426797,0.0
277,0x1e0882a6ca10eb73b03386832379f21219d485e24cfbd6918a54a128c6f2011,0xaef408ec73c83edbc42d00af164ae8073404aa665b9895041c705c871809f9,False,4,0x20a2dbf415d3cfec1a2f6c45f2b9fec519e1f62d9a72c3df2491698db03d2a3,0x4718f5a0fc34cc1af16a1cdee98ffb20c31f5cd61d6ab07201858f4287c938d,8,132997,8,132997,0.0,0x51e2ce5da942d3ee22e7730810dde6a2cc90a42e9feff37e67e4dc5736dbd13,0,45,0,132997,265986,0.0
278,0x316dca9c1583f98076e635188a30e1c2ae6bb3a3daeda6ba09e864558c5400c,0xaef408ec73c83edbc42d00af164ae8073404aa665b9895041c705c871809f9,False,1,0x4718f5a0fc34cc1af16a1cdee98ffb20c31f5cd61d6ab07201858f4287c938d,0x6aca5fc7abd746c36ad4343a9e544e4c228cf41478bc3793a677189ec6410b1,244045,5,244045,5,0.0,0x1fdf701d7619ab9bfdcad93d399af058d144325b7c73b621f10112e23d78eeb,19,0,0,5,-244035,
279,0x2e5063bd1fc4c6e56a32ece468a55f580a78b22775c6abe614afa8cb5f9be8c,0xaef408ec73c83edbc42d00af164ae8073404aa665b9895041c705c871809f9,False,1,0x1115f123499875145fd7304f42aedd88cea8c4b3c59665e21cbec70ad658f4d,0x4718f5a0fc34cc1af16a1cdee98ffb20c31f5cd61d6ab07201858f4287c938d,3,374485,3,374485,0.0,0x3e09a266b447696ca8bce57e7d277e9a90b0cdd53302eac199251c6bded29ef,0,29,0,374485,748967,0.0
280,0x29a8a8b065f8807cd40531e6abb078e6fe6ba2e5d4c2c2a9d692c7855ee79b6,0xaef408ec73c83edbc42d00af164ae8073404aa665b9895041c705c871809f9,False,1,0x10846049a11122f7045de51f19032239aea1ead6680b3bd5c25a483189caad,0x4718f5a0fc34cc1af16a1cdee98ffb20c31f5cd61d6ab07201858f4287c938d,2,720274,2,720274,0.0,0x33d1e09632d7699a03ac4c36bb1e181f41ce40b51de467aedcbe6c56be6e381,0,52,0,720274,1440546,0.0
281,0x375a6c5611f998f060f476271ff885045d5cced00f8f659c5291e4dd563c1f3,0xaef408ec73c83edbc42d00af164ae8073404aa665b9895041c705c871809f9,False,1,0x1e2fc9e327ebdfdcb8cf7f56c2758ebaf6a241d538c428413e2115a02169146,0x4718f5a0fc34cc1af16a1cdee98ffb20c31f5cd61d6ab07201858f4287c938d,7,146916,7,146916,0.0,0x8ec685e2fb2af6704ace1984db2f3a3ae7b44f6e0596492a89d136c1a1860f,0,12,0,146916,293825,0.0
282,0x482a9c24469eb3a374e957d1f676768b8e8f0813c3cc24d07869ff3751c3f76,0xaef408ec73c83edbc42d00af164ae8073404aa665b9895041c705c871809f9,False,1,0x4718f5a0fc34cc1af16a1cdee98ffb20c31f5cd61d6ab07201858f4287c938d,0x750d7b571528fabe1785c5f6b91abc9441326a6a064cd2453e539e6afc58730,317,3163,317,3163,0.0,0x697d8e30cefeb62de3c755b16f69b5cac4cc2a65fbaa9bf8cd649ca65e27def,0,0,0,3163,6009,
283,0x2c7147f1ff0716f8d07a75b4fe55f58335dba9ae33430e0ef38f73254b8e784,0xaef408ec73c83edbc42d00af164ae8073404aa665b9895041c705c871809f9,False,1,0x40a9831035b141d480d53a5af3c83ec31f2c2c89bd5ac8196ae6ca244a7bdc3,0x4718f5a0fc34cc1af16a1cdee98ffb20c31f5cd61d6ab07201858f4287c938d,4,291777,4,291777,0.0,0x4f40c7f7e70424cf06c586ba119da477eb70818897290d96b9bb101b21a5e7f,0,22,0,291777,583550,0.0
284,0x3f065576a2ed67733ef96cf19b869e9042bc02f40fa6592586f95108fc0adf8,0xaef408ec73c83edbc42d00af164ae8073404aa665b9895041c705c871809f9,False,1,0x4718f5a0fc34cc1af16a1cdee98ffb20c31f5cd61d6ab07201858f4287c938d,0x49dfc9c49dd7108db336abe733ecec86ab4a07e528e802836d769e71ab819a4,166252,7,166252,7,0.0,0x13cab29605b4cdde0fbf00142916b5b989a6ab8a166a25a62b4f2609726b983,15,0,0,7,-166238,
285,0x6ca0425cc55c714048df8220cc0f598b811f76f379e8d5ca391437da33a12dc,0xaef408ec73c83edbc42d00af164ae8073404aa665b9895041c705c871809f9,False,1,0x4718f5a0fc34cc1af16a1cdee98ffb20c31f5cd61d6ab07201858f4287c938d,0x59d655d74203c21a672aa0d31c82bb0ce38b99b6985254d942d0c01d97ead02,36650,28,36650,28,0.0,0x303db6456d0d89888ea4e77fe0b7b2ba046e0bd26ab423a7cff8c39a5a55af8,10,0,0,28,-36594,
286,0x4e8b1a2b054526d83154fe0db35c7b0699afdb88f95a896ab839a3dc604d39d,0xaef408ec73c83edbc42d00af164ae8073404aa665b9895041c705c871809f9,False,1,0x3c0fecb75cc6eacd0b0de2751bb81cc18ea37a87157148bf389437390dedef6,0x4718f5a0fc34cc1af16a1cdee98ffb20c31f5cd61d6ab07201858f4287c938d,77,13051,77,13051,0.0,0x6322803df83d98e60448537e78f54c2819bb4d347484531f3a02332b8ef2949,0,29,0,13051,26025,0.0
287,0x648e14b25b02cdda167a83c57a853ee5dc4c01ff740853377f3a644efe4500c,0xaef408ec73c83edbc42d00af164ae8073404aa665b9895041c705c871809f9,False,100,0x25d6efff580d3bedc061ee44af82fc6cf5d2cc4696bfbfe4954e7a6b952bc35,0x4718f5a0fc34cc1af16a1cdee98ffb20c31f5cd61d6ab07201858f4287c938d,1000000000000000000,100000000000000000,1000000000000000000,100000000000000000,0.01,0x6751342ea482a984bfbd8a614d345e251427d1875f2c8a07e7c6b045ba8752,0,0,0,100000000000000000,-800000000000000000,0.007335
288,0x264a101422536cc7fb2a8aeefacff5bf2c394b7e0caf095a1a842ba71464786,0xaef408ec73c83edbc42d00af164ae8073404aa665b9895041c705c871809f9,False,1,0x4718f5a0fc34cc1af16a1cdee98ffb20c31f5cd61d6ab07201858f4287c938d,0x48b7e66a49f971fc153342432a82cab4373d3667031c9b02818690b8ef77937,100000000000000000,1000000000000000000,100000000000000000,1000000000000000000,0.01,0x413ff8e3c6dfbe7e2455e3c54e09bb7e8dd0acdef6088c375753058e51ec543,0,0,0,1000000000000000000,1900000000000000000,
289,0x6946bc21945fa1b27c32afcf831a376572e5d03e97166bbe0d522a610887856,0xaef408ec73c83edbc42d00af164ae8073404aa665b9895041c705c871809f9,False,4,0x4718f5a0fc34cc1af16a1cdee98ffb20c31f5cd61d6ab07201858f4287c938d,0x60505e7169552af5d8f13374c98f35c07f65f443a2fb40954499421225011d2,100000000000000000,1000000000000000000,100000000000000000,1000000000000000000,0.01,0x6de2ca92b98636fbc0da218261d7191e35c03e30ab18551938b168eb4bd911c,0,0,0,1000000000000000000,1900000000000000000,
290,0x32b034b1366c22b000382c2d80fe456fef4658b92006d2400ca10a056b06134,0xaef408ec73c83edbc42d00af164ae8073404aa665b9895041c705c871809f9,False,1,0x32eea5bfb44fc274a58eddf4ba08973e1d328d796f99853f30d74ae66536972,0x4718f5a0fc34cc1af16a1cdee98ffb20c31f5cd61d6ab07201858f4287c938d,12,84657,12,84657,0.0,0x15ff7581a9c0023e947e3df40eef8762881be59a529fa6b3d8c959b0c6f7195,0,10,0,84657,169302,0.0
291,0x4babb5bd81e7cae516c6558b1c55a362240597e667557f7d9c9b2fb95b14977,0xaef408ec73c83edbc42d00af164ae8073404aa665b9895041c705c871809f9,False,4,0x4718f5a0fc34cc1af16a1cdee98ffb20c31f5cd61d6ab07201858f4287c938d,0x68563ae7ffa4a4cd1201f7d4b4085ef726522831c05b6942fb12a0155e1007b,14376,70,14376,70,0.0,0x30558939446c4cdece74be12b0e37f03523a0fad42d9b2b8c23f433b7bfb764,13,0,0,70,-14236,
292,0x3860e6b386b12560294b57fc2c30d254a16a38e4ac577b6a9723b1b2ed5b626,0xaef408ec73c83edbc42d00af164ae8073404aa665b9895041c705c871809f9,False,4,0x4718f5a0fc34cc1af16a1cdee98ffb20c31f5cd61d6ab07201858f4287c938d,0x5e64c5d9327614e75339947b0a2d9f5df0fb5a01bfafd6f04e79fd5ebb5ebc2,12222,82,12222,82,0.0,0x2a5ae06a7de6e8c1a56b7d740843b6c2d0181f2eb86e9e908453e053f1b7044,21,0,0,82,-12058,
293,0x537ad96979a3f2a6c5aea39d44299098ab8ef318bd0b4ebf01295afdd98d563,0xaef408ec73c83edbc42d00af164ae8073404aa665b9895041c705c871809f9,False,4,0x4718f5a0fc34cc1af16a1cdee98ffb20c31f5cd61d6ab07201858f4287c938d,0x547ddbe17283a5b99dcb3a8f3dc51458431abe2ff9bcfc75f7b7dfa35dd0121,6843439919359925,14612534219391985302,6843439919359925,14612534219391985302,0.0,0x3de7952b6e33e89dedb1233a1db8237d5348f58e0ff2652a7b689c9c4927603,0,5447192564782705,0,14612534219391985302,29218224998864610679,
294,0x3561b3813ae28e03e58d1970017255645ec8c3adda0b06a9d4ea489f4500aaf,0xaef408ec73c83edbc42d00af164ae8073404aa665b9895041c705c871809f9,False,1,0x4718f5a0fc34cc1af16a1cdee98ffb20c31f5cd61d6ab07201858f4287c938d,0x4db9d7358f86ccf125334c7b3ac27deb3d2ecd3b1e51bdb8c3c28c08d045336,19041,53,19041,53,0.0,0x55cadd7ef1b6dd21d4e2c4df91780c865d8a7d5e66d1b1d80e20ef37ab1c6f,6,0,0,53,-18935,
295,0x201d3ea08de7c68c571edf53f655e5d3ffa50f412a15a7fd6355c4fd0d40791,0xaef408ec73c83edbc42d00af164ae8073404aa665b9895041c705c871809f9,False,100,0x4718f5a0fc34cc1af16a1cdee98ffb20c31f5cd61d6ab07201858f4287c938d,0x6182278e63816ff4080ed07d668f991df6773fd13db0ea10971096033411b11,583599799535336297634,249397644055095605974139189,583599799535336297634,249397644055095605974139189,85.83,0x18656dbf85c38f767409b5657fda2165695b8eb9202023f97d3f90bc6d6abb8,14836173602058238774,4474916853649143031983456,0,249397644055095605974139189,498794704510391676611980744,43.021094
296,0x2d403244dfe8fc99081685087402eb11da9bbc8233022de5a62db9080cf2017,0xaef408ec73c83edbc42d00af164ae8073404aa665b9895041c705c871809f9,False,100,0x3b405a98c9e795d427fe82cdeeeed803f221b52471e3a757574a2b4180793ee,0x4718f5a0fc34cc1af16a1cdee98ffb20c31f5cd61d6ab07201858f4287c938d,80427361868490615440065307166,351453559323516447735,80427361868490615440065307166,351453559323516447735,50.64,0x59526b9b782719aebe47b77ed6a62ad94615c1210a1d0a8ace8145cf56dd2c5,1859226105316017436991845633,7146509951804044083,0,351453559323516447735,-80427361165583496793032411696,25.778995
297,0x704f456660a5f64e340ea338e720dd75aa9195b788b3cef4c8476aa8c140b21,0xaef408ec73c83edbc42d00af164ae8073404aa665b9895041c705c871809f9,False,30,0xd50af9cf1b33b8a0c5c9747b0fdf7a98450dc307ebadd43996ca80c3f90ebd,0x49d36570d4e46f48e99674bd3fcc84644ddd6b96f7c741b1562b82f9e004dc7,89909182643794147,400000000000000,89909182643794147,400000000000000,1.0,0x1b83d4a1819e0ed4fe539fe59d8790198521b9d345148b0e2ebfaa458d49e78,0,0,0,400000000000000,-89109182643794147,0.995321
298,0x7ab8b6ff48d5d96db2b076fbb846e7ae8e84d429371efef3dac494b64a72f72,0xaef408ec73c83edbc42d00af164ae8073404aa665b9895041c705c871809f9,False,100,0x3b405a98c9e795d427fe82cdeeeed803f221b52471e3a757574a2b4180793ee,0x6182278e63816ff4080ed07d668f991df6773fd13db0ea10971096033411b11,14624238947801978770420990415,22129566520578495838943442,14624238947801978770420990415,22129566520578495838943442,8.34,0x6a97fe664f41193513f40faef5c4f46620c67953a2a219ff5d08f57193c297a,1283632018376764143579426482,1197560507521815593601022,0,22129566520578495838943442,-14579979814760821778743103531,3.81735
299,0xe67d9549351b6a1d127509fc5bd65fd53fa21e86d622121ead4756955a2671,0xaef408ec73c83edbc42d00af164ae8073404aa665b9895041c705c871809f9,False,100,0x585c32b625999e6e5e78645ff8df7a9001cf5cf3eb6b80ccdd16cb64bd3a34,0x6182278e63816ff4080ed07d668f991df6773fd13db0ea10971096033411b11,9145827377076824451111,1940306105000157272625580,9145827377076824451111,1940306105000157272625580,0.33,0x2616b6c6781bb59e106311c1fc6ed153276f52c930e48114db6fa732dd5d2bc,1462706349987922752263,976879282693260239720356,0,1940306105000157272625580,3871466382623237720800049,0.334703
300,0x61b10b733829f70c17f15d6ba9fc1338fec6173050470d03269158b49966a3e,0xaef408ec73c83edbc42d00af164ae8073404aa665b9895041c705c871809f9,False,100,0x124aeb495b947201f5fac96fd1138e326ad86195b98df6dec9009158a533b49,0x6182278e63816ff4080ed07d668f991df6773fd13db0ea10971096033411b11,772032433076915826632,14570813833364854713053890,772032433076915826632,14570813833364854713053890,5.25,0x443798bebd23aaa2c92156802c52bc45184832324fe6b40b7679790dae5acd6,45235903847578551850,1178889338363266601632560,0,14570813833364854713053890,29140855634296632510281148,2.513465
301,0x1a831fe84f5d6c7cfcb0c1c1aee640bfe827d050dd2f979ada973c8e7ddd7f,0xaef408ec73c83edbc42d00af164ae8073404aa665b9895041c705c871809f9,False,100,0xc530f2c0aa4c16a0806365b0898499fba372e5df7a7172dc6fe9ba777e8007,0x6182278e63816ff4080ed07d668f991df6773fd13db0ea10971096033411b11,467726440316147845691,16047913724840094586925242,467726440316147845691,16047913724840094586925242,5.13,0x1f237e86c98daf59a8d2feb0594ebfcd7518f9397e56ca3463d016e3a9bf197,351679276377127165846,2076759278824744763866989,0,16047913724840094586925242,32095359723239873026004793,2.768265
302,0x338c3024df7e501c40dc507494cf37e572a9b674986d058ab1c911d79dd41d1,0xaef408ec73c83edbc42d00af164ae8073404aa665b9895041c705c871809f9,False,100,0x3fe2b97c1fd336e750087d68b9b867997fd64a2661ff3ca5a7c771641e8e7ac,0x6182278e63816ff4080ed07d668f991df6773fd13db0ea10971096033411b11,534,3661781420299002598722785,534,3661781420299002598722785,1.07,0x2045a464c0a108fed7000375b4d81ac95ce840e5406ed58e478a7f0e5533b0c,163,298129184634109641109002,0,3661781420299002598722785,7323562840598005197445036,0.631657
303,0x18c906357d5dae6cc08439afa04e06a890d3bccd7c849bb2b55c5ff384efc19,0xaef408ec73c83edbc42d00af164ae8073404aa665b9895041c705c871809f9,False,100,0x4878d1148318a31829523ee9c6a5ee563af6cd87f90a30809e5b0d27db8a9b,0x6182278e63816ff4080ed07d668f991df6773fd13db0ea10971096033411b11,945481641311,6650677096722292185804905,945481641311,6650677096722292185804905,1.15,0xb9f2b4376466a822cfccfaa5cf983de6c83a97c1d47f36957d768ba80d9770,85830101999,332831876316100629143662,0,6650677096722292185804905,13301354193443638889968499,1.147242
304,0x594787a10913e5c8b7cc02fbc221cb72bf7a1cac493c85f76be68944cfd64aa,0xaef408ec73c83edbc42d00af164ae8073404aa665b9895041c705c871809f9,False,100,0x479713d106894923ec7d57a81dadc4b6d43e4272dced78d961ebe209669847c,0x6182278e63816ff4080ed07d668f991df6773fd13db0ea10971096033411b11,38109513970141672211460,258275762958603373061910,38109513970141672211460,258275762958603373061910,0.04,0x2667fcdb74cd83e68770684f1b4ada83efb1708a6a9ca23f64e0fc4df33f084,349039521042612783406,2139259592916567899111,0,258275762958603373061910,478442011947065073912360,0.044553
305,0x224744b5cedcade25bf2f599d1c4b736a4cdbecd3748b95ec52f41ea3b38e02,0xaef408ec73c83edbc42d00af164ae8073404aa665b9895041c705c871809f9,False,30,0x40e81cfeb176bfdbc5047bbc55eb471cfab20a6b221f38d8fda134e1bfffca4,0x4718f5a0fc34cc1af16a1cdee98ffb20c31f5cd61d6ab07201858f4287c938d,1,565213262,1,565213262,0.0,0x7e0ee084d1873ee03075725c51d5fa9a50b1ae49a81cd45fedc793374698f3d,1,216740,0,565213262,1130426523,0.0
306,0x63759f94d849cbf06eebd758bfdba11564c1083a8c530478fd821a2fa435e6,0xaef408ec73c83edbc42d00af164ae8073404aa665b9895041c705c871809f9,False,100,0x4718f5a0fc34cc1af16a1cdee98ffb20c31f5cd61d6ab07201858f4287c938d,0x68f5c6a61780768455de69077e07e89787839bf8166decfbf92b645209c0fb8,362740388503728867502,25552062,362740388503728867502,25552062,52.14,0x4bf26d41966ac058790701a4ffd2b4b9a6be13498ca2de7bab6e7e8b25b7044,32115928518994351718,1813897,0,25552062,-362740388503677763378,25.532444
307,0x4762eea561bbb4081575de37818a2219fe37318e0dbdde876444eaf14022686,0xaef408ec73c83edbc42d00af164ae8073404aa665b9895041c705c871809f9,False,100,0x53c91253bc9682c04929ca02ed00b3e423f6710d2ee7e0d5ebb06f3ecf368a8,0x6182278e63816ff4080ed07d668f991df6773fd13db0ea10971096033411b11,4148389,28301211763115363837507308,4148389,28301211763115363837507308,9.03,0x15da79ae9b1103515b2016d059549306d4fecda36e62e2a2ecb7e5d1089fda7,85390,549697013317175261563657,0,28301211763115363837507308,56602423526230727670866227,4.881959
308,0x6802a7ea587e81772f972502bc4b0e8a1cacb537cd5b862a2a6e6bc1e5d7712,0xaef408ec73c83edbc42d00af164ae8073404aa665b9895041c705c871809f9,False,100,0x40e81cfeb176bfdbc5047bbc55eb471cfab20a6b221f38d8fda134e1bfffca4,0x6182278e63816ff4080ed07d668f991df6773fd13db0ea10971096033411b11,741437693,14514623054464705446700360,741437693,14514623054464705446700360,9.63,0x218a7b3e9be2f7030deb4b87cde24d3081d9e488d72e01457bd952934e52639,75488540,2598081738470434206845192,0,14514623054464705446700360,29029246108929410151963027,2.503772
309,0x3020ba22ce72179d9051e2a7975469208025cb6d3cd670e82d47cbb217af62c,0xaef408ec73c83edbc42d00af164ae8073404aa665b9895041c705c871809f9,False,30,0x4718f5a0fc34cc1af16a1cdee98ffb20c31f5cd61d6ab07201858f4287c938d,0x49210ffc442172463f3177147c1aeaa36c51d152c1b0630f2364c300d4f48ee,267699452096974,8661387267175,267699452096974,8661387267175,0.0,0x3612cdf7083bd2001b7b1cf689f669522b559b5ccd9a0508c91f01df54171d8,803164850843,0,0,8661387267175,-250376677562624,6.4e-05
310,0x3c1f33a39adc8d633a2d37a059967e6e2c832a953a751907d5d7272ff658987,0xaef408ec73c83edbc42d00af164ae8073404aa665b9895041c705c871809f9,False,100,0xc530f2c0aa4c16a0806365b0898499fba372e5df7a7172dc6fe9ba777e8007,0x4718f5a0fc34cc1af16a1cdee98ffb20c31f5cd61d6ab07201858f4287c938d,3113,322,3113,322,0.0,0x585f9a4fbddee0954c35d40779114b799c23d95f34ea3e97b7cdf4c66418e04,14343,672,0,322,-2469,0.0
311,0x106dd8dc69b7c30d50ed302fb2c6b2fac85bb59979e1f0c8b16b4c0e1a76cab,0xaef408ec73c83edbc42d00af164ae8073404aa665b9895041c705c871809f9,False,100,0x49210ffc442172463f3177147c1aeaa36c51d152c1b0630f2364c300d4f48ee,0x6182278e63816ff4080ed07d668f991df6773fd13db0ea10971096033411b11,45111925858441469,2457864505970699191516775,45111925858441469,2457864505970699191516775,0.76,0x4dace3895f95df4aa3e6b26cdc6af79dfa0c54b6c996c2823d9d08992ee858f,126298763415585659,233005612912643553477735,0,2457864505970699191516775,4915728966829472524592081,0.423982
