address,name,category,source,live_eth,mapped,coverage_pct,verified,seg,classification,claim_model,eu_candidate,confidence,notes
0x2a0c0DBEcC7E4D658f48E01e3fA353F44050c208,IDEX v1,dex,eth,15729.774326,15741.298911,100,True,C,H-O,Per-user ETH/token balances; withdraw() pays msg.sender only (Exchange contract).,,high,PRIOR. No new surface; largest single pot in segment but self-service only.
0x8d12A197cB00D4747a1fe03395095ce2A5CC6819,EtherDelta v2,dex,eth,15168.573793,15169.330071,100,True,C,H-O,Per-user balances; withdraw()/withdrawToken() pay msg.sender after subtracting balance; admin cannot move user funds.,,high,PRIOR.
0x0a14b696350546110a0d8acdb86226983af9d2a0,zkSync Lite,other,eth,10926.660783,0.000000,,True,E,H-O,"zkSync account owners exit via Merkle-proof claim (self-only, root immutable).",,high,Balance declined by ~151.6 ETH since index scan - consistent with users self-exiting; no unprivileged path. Cited prior.
0xb59a226a2b8a2f2b0512baa35cc348b6b213b671,Neufund EtherToken,ico,eth,3385.428923,2.070361,100.0,True,A,H-O,EtherToken.withdraw(amount) pays caller's own _balances[msg.sender]; reclaim(token) is ROLE_RECLAIMER-gated.,,high,"Index blind spot (3,385 live vs 2.07 mapped) = un-enumerated holders, not extractable."
0x4d55f76ce2dbbae7b48661bef9bd144ce0c9091b,Unknown DEX,dex,eth,2479.087515,2478.955395,99.99,,C,H-O,Per-user balances; self withdraw.,,high,PRIOR.
0xDd9fd6b6F8f7ea932997992bbE67EabB3e316f3C,,,eth,2425.427564,2424.763769,99.97,,E,S,"No working claim path. Prior zombie-deep verdict: only a probabilistic airdrop selector worth <=0.29 ETH total, negative EV.",,high,"47,685 addresses with recorded balances; no permissionless sweep; prior verdict not re-litigated. No new surface."
0xB3775fB83F7D12A36E0475aBdD1FCA35c091efBe,PoWH3D,gambling,eth,2041.018162,2452.804338,120.08,True,B,H-O,"ERC20+curve token: holder calls sell()/exit() (curve price minus 10% fee) and/or withdraw() (accumulated dividends, onlyStronghands). No eligibility beyond owning tokens/divs.",,high,"PRIOR verdict $0 (zombie-deep). Re-confirmed: live 2041.018 ETH at block 26111142, same selector set, no new surface. V1 exchange 0x4a8c8e62 is empty (0 ETH/0 P3D). buyPrice 0.003847 / sellPrice 0.003"
0xECF8F87f810EcF450940c9f60066b4a7a501d6A7,Old WETH,ico,eth,1511.346987,1512.058885,100,,A,H-O,Original 2016 WETH wrapper: withdraw() burns caller's own balance and sends ETH.,,high,"~144 ETH tail may be stuck for non-EOA/stale holders, but $0 to a non-holder attacker."
0xA62142888ABa8370742bE823c1782D17A0389Da1,Fomo3D Long,gambling,eth,1099.452526,1098.662686,99.85,True,B,H-O,F3D game: players buy keys; withdraw() pays caller's win/gen/aff vaults; round pot goes to last-buyer winner at endRound.,,high,"PRIOR verdict $0. Re-confirmed live 1099.453 ETH, rID=169 active, selector set unchanged. Winner vaults claimable only by their addresses. No new surface."
0xaA7427D8f17D87a28F5e1ba3aDBB270bAdbe1011,Ethfinex Trustless,dex,eth,929.509523,930.617323,100,True,C,H-O,WrapperLockEth: per-user WETH-style balances; withdrawToken() self-only.,,high,PRIOR.
0x9a2d163ab40f88c625fd475e807bbc3556566f80,SingularX,dex,eth,854.996081,854.963085,100,True,C,H-O,Per-user balances; self withdraw.,,high,PRIOR. Not to be confused with SingularX Fund (0x0286f9...).
0xd5524179cB7AE012f5B642C1D6D700Bbaa76B96b,Augur v1,prediction,token,762.064744,429.798474,56.02,True,C,H-O,Augur Delegator proxy (controllerLookupName='CashTarget' → impl 0x9B4Af4a3... Cash). Cash is a 1:1 ETH token: depositEther() mints; withdrawEther(amount) burns msg.sender's balance and pays msg.sender,,high,The +332 ETH over index-mapped 429.8 is simply holder balances the index did not enumerate — NOT a shortfall. Controller registerContract is onlyOwnerCaller (owner = Augur governance). No E-U.
0x02b15c47b4b516a22fd2d8b1fc662afb808a2169,0x0 Rewards,defi,eth,735.855721,735.509876,99.94,True,D,H-O,PRIOR: merkle reward claims keyed to claimants; prior review found no permissionless path.,,high,PRIOR-verified; one-line re-check (largest single balance in segment but already litigated).
0x9fa8fa61a10ff892e4ebceb7f4e0fc684c2ce0a9,HONG,ico,token,727.973843,727.973843,100.0,True,A,H-O,HONG.refundMyIcoInvestment(): refunds caller's tracked weiGiven (requires holding HONG); 100% covered.,,high,Historical overflow was worked around; every recorded entitlement is claimable by its own holder. $0 non-holder.
0x167cB3F2446F829eb327344b66E271D1a7eFeC9A,GandhiJi,gambling,eth,658.880567,761.146782,115.52,True,B,H-O,"ERC20+curve token: holder calls sell()/exit() (curve price minus 10% fee) and/or withdraw() (accumulated dividends, onlyStronghands). No eligibility beyond owning tokens/divs.",,high,Largest over-claim in segment: mapped 761.15 vs live 658.88 (115.5%). Source identical to PoWH3D (only name changed); no market/liquidity; buyPrice 0.002002 / sellPrice 0.001638 (1.22x) -> buy-and-exi
0x1ce7ae555139c5ef5a57cc8d814a867ee6ee33d8,Token.Store,dex,eth,632.619868,632.611727,100,True,C,H-O,Per-user balances; self withdraw only.,,high,PRIOR.
0x220a9f0dd581cbc58fcfb907de0454cbf3777f76,MCDEX ETH-PERP,defi,token,555.235419,453.688836,81.69,True,D,H-O,PRIOR: settled traders call settle() to withdraw their positive remaining margin.,,high,"PRIOR-verified; one-line re-check. 555 live vs 454 mapped gap is un-attributed margin, not unprivileged."
0xab83d96de35bad6f234178fbb6507203488e9626,FoMo3D Ultra,gambling,eth,466.116182,130.902790,28.06,,B,H-O,"Unverified modified F3D: withdraw() pays msg.sender's player vaults only (reverts for non-player); round 11 empty (pot 0, plyr 0); rID_=11.",,high,PRIOR verdict $0 (airdrop only). Re-confirmed live 466.116 ETH at block 26111142. Airdrop is dead (tracker=0; even with tracker>0 EV is negative: 25% of 0.208 ETH at 1/1000 for a >=0.1 ETH buy). The 4
0x7ee7ca6e75de79e618e88bdf80d0b1db136b22d0,Switcheo BrokerV2,dex,eth,406.894205,406.689514,99.93,True,C,H-O,Per-user deposits; self withdraw.,,high,PRIOR.
0xf786c34106762ab4eeb45a51b42a62470e9d5332,FEG Wrapped ETH,token,token,386.600600,34.481240,8.92,True,D,H-O,PRIOR: holders call withdraw(amt) for 99% of balance; 1% reflection fee. feesAccrued is permanently stranded by design.,,high,PRIOR-verified; one-line re-check. No function redeems feesAccrued.
0x0286f920F893513C7ec9FE35ba0A4760229a243e,SingularX Fund,dex,token,385.423648,385.605115,99.97,True,C,H-O,withdrawReward() pays calcReward(msg.sender)+owed[msg.sender] where calcReward = balanceOf(msg.sender)*(totalReward - rewardAtTimeOfWithdraw[msg.sender])/totalSupply; softWithdrawRewardFor(anyone) onl,,high,"Broken accumulator: entitlement follows CURRENT balance with no transfer settlement, so tokens that change hands after a claim can be claimed again against the same pool → first-mover race among exist"
0xa6cd930fc92f1634d8183af2fb86bd1766f2f82a,Celer Payment Channels,payment_channel,token,382.975336,150.773778,100.0,True,D,H-O,"PRIOR: CelerWallet channel balances; withdraw(walletId,token,receiver,amount) requires wallet operator/owner authorization.",,high,"PRIOR-verified; one-line re-check. 383 live vs 151 mapped gap = operator stakes/channel state, not an unprivileged path."
0x0b7dc5a43ce121b4eaaa41b0f4f43bba47bb8951,Neufund EtherToken v2,ico,token,375.679130,90.050450,18.93,True,A,H-O,EtherToken v2 withdraw/withdrawPrivate pays caller's own _balances[msg.sender].,,high,Prior deep-dive covered v1+v2 conflation; all claim flows self-only.
0x35fFd6E268610E764fF6944d07760D0EFe5E40E5,KeeperDAO / Rook,defi,token,359.124077,372.395084,100.0,True,D,H-O,PRIOR: Rook liquidity pool; withdraw pays caller's own kToken/underlying position; owner/operator admin functions.,,high,PRIOR-verified; one-line re-check. Selectors match LiquidityPoolV2 (deposit/withdraw/borrow).
0xd18475521245a127a933a4fcaf99e8c45a416f7e,Quantfury QDT,token,token,306.263026,296.977344,96.52,True,D,H-O,QDT holders call sellTokens(tokenAmount): burns msg.sender's QDT and transfers tokenAmount*_tokenPrice ETH (fixed global price set by owner createEpoch).,,high,"Pool==balance but nominal supply*price = 2,271 ETH -> only 13.48% covered: first-mover race among 965 holders; owner can withdraw() the pool (P). No market to acquire QDT cheaply. No E-U."
0xd48b633045af65ff636f3c6edd744748351e020d,Zethr,gambling,eth,276.744245,139.746801,50.48,True,B,H-O,Zethr dividend token: holder calls sell()/exit()/withdraw(address) - withdraw pays only caller's own dividends/referral bonus to a chosen recipient (dividendHolder-gated).,,high,"PRIOR verdict $0 (Zethr). Re-confirmed live 276.744 ETH at block 26111142, selector set unchanged. No new surface."
0x49128CF8ABE9071ee24540a296b5DED3F9D50443,Foundation FETH,nft,token,271.793541,271.843541,100,True,C,H-O,Bid escrow: withdrawAvailableBalance() frees expired lockups and pays msg.sender's freedBalance; withdrawFrom/transferFrom require allowance; market functions onlyFoundationMarket.,,high,No non-holder path; fully backed. Market 0xcDA72070... (AdminUpgradeabilityProxy) is a trusted dependency; EIP-1967 admin 0x72de36c8... can upgrade (P risk).
0x27321f84704a599ab740281e285cc4463d89a3d5,Keep Network Bonding,defi,eth,234.418696,234.418696,100.0,True,D,H-O,"PRIOR: operators withdraw(amount,operator); ETH is sent to the operator's pre-set beneficiary, not the caller.",,high,PRIOR-verified; one-line re-check.
0x60cd862c9c687a9de49aecdc3a99b74a4fc54ab6,MoonCatRescue,nft,token,233.288879,233.358979,100.0,True,C,H-O,Adoption escrow: transferCat credits pendingWithdrawals[seller] += price and refunds requester; withdraw() pays msg.sender's pendingWithdrawals; cancelAdoptionRequest self-only.,,high,233.29 ETH = offer proceeds + adoption-request deposits + overpayment refunds. No non-holder path.
0x4aea7cf559f67cedcad07e12ae6bc00f07e8cf65,EtherDelta v0,dex,eth,220.892236,220.892236,100.0,,C,H-O,"Original EtherDelta: per-user balances, self withdraw; no admin selector.",,high,PRIOR (brief listed v0 as prior-covered if selectors match; they do).
0x5eee354e36ac51e9d3f7283005cab0c55f423b23,ArbitrageETHStaking,powh,token,216.303660,216.302640,100,True,B,H-O,Staking pool: buy() credits balanceLedger_[caller]=msg.value-2% and snapshots personalFactor=c/globalFactor; withdraw(amount)/withdrawAll() pay only ethBalanceOf(msg.sender); no other payout path.,,high,Live 216.304 = mapped 216.303 (100%). Fee-driven globalFactor preserves backing (an attacker's own deposit cannot inflate their claim beyond their stake); large-deposit-into-small-balance scenario yie
0x899f9a0440face1397a1ee1e3f6bf3580a6633d1,Delphi RedemptionContract,ico,token,205.844624,195.209787,94.83,True,A,H-O,Delphi.redeemTokens(amount): transferFrom(msg.sender) burns caller's DEL for ETH at fixed exchangeRate.,,high,
0x575cb87ab3c2329a0248c7d70e0ead8e57f3e3f7,Ahoolee Token Sale,ico,token,191.109518,191.509518,100.0,True,A,H-O,"Ahoolee.refund(): saleBalances[msg.sender] only, refunded[msg.sender] guard; withdraw() is onlyOwner (softCapReached).",,high,
0x2956356cd2a2bf3202f771f50d3d14a367b48070,Maker W-ETH,ico,eth,169.057497,168.848562,99.88,True,A,H-O,Maker W-ETH: withdraw(amount) requires balances[msg.sender] >= amount; sends to caller.,,high,
0xc213f258f4142f53d086f9edb7a36e67eb347f63,Transit Finance Refund (admin unlock required),owner-action-required,eth,160.745800,0.112200,0.07,True,A,P,"Transit refund: owner must setClaim(false,0); claim() pays _refund[msg.sender] (recorded entitlement) after unpause; emergencyWithdraw onlyExecutor.",,high,Unlock is privileged; then holder-only.
0x24f0bb6c9b2c3db66603fa0ec07ab0cf55cdd387,Monolith TKN Holder,token,token,152.327864,152.376465,100.0,True,D,H-O,"TKN holders call TKN.burn(amount): burns caller's own TKN then Holder.burn(msg.sender,amount) pays amount/preSupply of every redeemable whitelist asset including address(0)=ETH.",,high,No burnFrom/allowance path; only own TKN can be burned. Market is efficiently priced; no arbitrage. Owner (0xcdF9...) can claimTokens on TKN and admin can claim non-redeemable tokens (P).
0xc7c9b856d33651cc2bcd9e0099efa85f59f78302,R1Exchange,dex,eth,149.036351,144.955025,97.26,True,C,H-O,"applyWithdraw(token,amount,channelId) records caller's application; after applyWait (1 day) or admin approveWithdraw, withdraw() pays msg.sender from tokenList[token][msg.sender][channelId]; withdrawN",,high,149.04 ETH user balances. Admin can enable no-limit withdraw or refund users but cannot redirect funds to itself. No E-U.
0x0ad3227eb47597b566ec138b3afd78cfea752de5,FoMo3Dshort v2,gambling,eth,136.635578,22.830065,16.71,True,B,H-O,F3D game: players buy keys; withdraw() pays caller's win/gen/aff vaults; round pot goes to last-buyer winner at endRound.,,high,"Mapped 22.83 vs live 136.64 (index UNDER-claims, 16.7%). Same F3D core; no market. Winner/pot H-O. No E-U."
0x373c55c277b866a69dc047cad488154ab9759466,EtherDelta v1,dex,eth,122.273415,123.008541,100.29,True,C,H-O,"Early EtherDelta (Dec 2016): per-user balances, self withdraw.",,high,PRIOR (brief listed v1 as prior-covered if selectors match; they do).
0x05aa2fdf9f58b426b49900834cce0565d88e52eb,Bingo4Beast Long Official,gambling,eth,120.196487,119.965437,99.81,,B,H-O,"Bingo4Beast (unverified F3D-like): withdraw() pays caller's player record; round 8 pot 0.003 ETH, plyr=0; rID_=8.",,high,"PRIOR verdict $0 (Bingo4Beast). Re-confirmed live 120.196 ETH. No market, no airdrop (tracker 0). H-O."
0xb9ab8eed48852de901c13543042204c6c569b811,Zethr Casino,gambling,eth,111.683913,73.531279,65.84,True,B,H-O,Zethr Casino: same Zethr dividend core + casino functions; withdraw(address) self-service only.,,high,"PRIOR verdict $0 (Zethr Casino). Re-confirmed live 111.684 ETH, selectors unchanged. No new surface."
0xd2bfceeab8ffa24cdf94faa2683df63df4bcbdc8,DailyDivs,gambling,eth,109.683913,102.559964,93.5,True,B,H-O,"ERC20+curve token: holder calls sell()/exit() (curve price minus 10% fee) and/or withdraw() (accumulated dividends, onlyStronghands). No eligibility beyond owning tokens/divs.",,high,"PRIOR verdict $0 (DailyDivs 0xd2bfcee..). Re-confirmed live 109.684 ETH, identical selectors. payFund() is permissionless but sends collected charity ETH to the constant giveEthFundAddress=0xd9092D94."
0x4d1886daf2617cbd9e27abfd0f18a54f04f33c41,SpankChain Auction,ico,eth,107.532796,107.532796,100,,A,H-O,SpankChain Auction (unverified): deposit()/withdraw() pool; withdraw(1e18) reverts for non-depositor; top depositor withdraw() sim OK.,,medium,"Source unverified; self-scoping inferred from live probes (depositor sims succeed, non-depositor withdraw reverts)."
0xe9778e69a961e64d3cdbb34cf6778281d34667c2,NuCypher WorkLock,ico,token,103.694879,103.694879,100.0,True,A,H-O,"NuCypher WorkLock: refund() pays msg.sender's own deposit; forceRefund(bidders) pays the listed bidders, never the caller.",,high,forceRefund is a permissionless accounting/refund trigger but sends only to recorded bidders.
0x1ecb59aecf1fc5da695242c6e78c2007e775d40f,Metadrop: Webaverse,nft,eth,103.350000,103.850000,100.0,True,C,H-O,"Sealed-bid auction refunds via merkle tree: claimRefund(amount, proof) requires leaf keccak(amount,msg.sender) in owner-set root, amount <= sum of msg.sender's own bids, and one claim per address; pay",,high,"103.35 ETH. Merkle leaf is address-bound and bid-capped; no non-bidder path. Owner can rug via withdrawContractBalance (P risk, no timelock)."
0xc3c12a9e63e466a3ba99e07f3ef1f38b8b81ae1b,SwitchDex,dex,eth,101.112963,101.122926,100,,C,H-O,"EtherDelta v2 fork + AccountLevels: per-user balances, self withdraw; extra admin functions (changeAccountLevels/changeFeeMake/changeFeeTake/changeAdmin) revert for random callers.",,medium,101.11 ETH user balances. No unguarded admin path found.
0x9AcA6aBFe63A5ae0Dc6258cefB65207eC990Aa4D,DigiPulse Token Sale (DGT),ico,eth,100.583469,97.083469,96.52,True,A,H-O,DigiPulse.refundEther(): ethBalanceOf[msg.sender] zeroed then paid; requires icoFailed.,,high,
0xaf5fc45258b5d0af72031ab154bf6dfcfec74b99,RemovePutinBounty (admin unlock required),owner-action-required,eth,100.120000,100.120000,100.0,True,A,P,RemovePutinBounty: state Initial; owner must cancel(); redeem() requires state cancelled and pays balanceOf[msg.sender]; cancelNoWinner requires executed.,,high,No permissionless transition from Initial.
0x48c128eafc3b937fb1f97889ad174ac02b4952cb,Presale Pool 0x48c128,ico,eth,98.478827,98.478827,100.0,,A,H-O,Presale Pool 0x48c128 (unverified pool family): withdrawAll()/withdraw(uint) self-scoped; fail()/transferFees()/deposit() revert for randoms.,,medium,7-pool family (284.9 ETH total) shares the same selector set; all probed members behave self-scoped.
0x25a06d4e1f804ce62cf11b091180a5c84980d93a,Treasure,token,token,94.982947,94.982947,100.0,True,D,H-O,PoWH fork: exit() sells own tokens; sellingWithdraw() pays own sellingWithdrawBalance_; withdraw() pays own dividends (80% caller / 20% fixed community+trading wallets).,,high,"Solvent (curve sell value ~56 ETH < 95 ETH balance). profitPerShareAsPerHoldings loops all holders -> unbounded-gas griefing vector as holder set grows, not value extraction."
0xD76b5c2A23ef78368d8E34288B5b65D616B746aE,Bancor Old ETH Token,ico,eth,94.424262,94.518307,100.1,True,A,H-O,Bancor Old ETH Token: withdraw(_amount) debits balanceOf[msg.sender]; withdrawTokens is ownerOnly.,,high,
0xe65f525ec48c7e95654b9824ecc358454ea9185e,AceDapp,gambling,eth,92.731414,27.166738,29.29,True,B,H-O,"P3D fork: sell()/exit()/withdraw(). Extra public DivsAddon() is payable and credits msg.value as dividends to ALL holders via profitPerShare_ (caller included) - net zero for caller, donation to other",,high,92.7 ETH live vs only 27.2 mapped (index under-counts). exitFee()=24%. sell() has dev.transfer before payoutsTo_ update but dev address is fixed/trusted; withdraw() is CEI-correct. No non-holder path.
0xf058ee35f381a12b3a0f504025419dcaf047ce7f,Presale Pool (LINO/HEALP/Bulleon),ico,eth,91.234433,91.234433,100.0,,A,H-O,Presale Pool LINO/HEALP/Bulleon (unverified): withdraw() from top depositor (14 ETH) -> OK; owner()/transferOwnership present.,,medium,
0x47663541167ece0b96d9e5c60f9e470b2a20f598,LD3D Official,gambling,eth,86.542917,86.486764,99.94,,B,H-O,"Unverified modified F3D (LD3D): withdraw() pays msg.sender's player vaults only; round 1 leader pID=1112 (0x13a33d36c8..), keys=124506e18, pot only 0.056 ETH; round end set to year 2118 (never ends).",,medium,Not in prior list. Live 86.543 ETH. ETH is key-holder gen vaults/accounting; round cannot end (timer 2118) so the 48% winner pot is bricked but it is only 0.056 ETH. No non-holder path found; recommen
0xd6c037be7fa60587e174db7a6710f7635d2971e7,CryptoPhunks Marketplace,nft,eth,86.214029,81.949601,95.04,True,C,H-O,CryptoPunks-style: buyPhunk pays seller via pendingWithdrawals; acceptBidForPhunk only phunk owner; withdrawBidForPhunk/withdraw self-only.,,high,86.21 ETH = active bids + pending withdrawals.
0x3b960e47784150f5a63777201ee2b15253d713e8,Opyn Crab Strategy V2,defi,token,86.089890,87.908512,99.98,True,D,H-O,PRIOR: shutdown state; each crab token redeemable for proportional ETH via withdrawShutdown(_crabAmount).,,high,PRIOR-verified; one-line re-check.
0xe14ab3ee81abe340b45bb26b1b166a7d2df22585,TweetMarket,other,eth,85.536037,86.068264,100,True,C,H-O,Bids per tweetID: offer() outbids previous (refund or credit balances); cancel(tweetID) requires bid.bidder==msg.sender and lockup passed; withdraw() pays msg.sender's balances.,,high,85.54 ETH = high bids + stored refunds. No non-holder path.
0x4fb7d68e0116f35ade131b6535b2db1027bf7650,Bingo4Beast Long Official (deploy 2),gambling,eth,84.483057,55.939631,66.21,,B,H-O,Bingo4Beast deploy2 (unverified custom game): withdraw() reverts 'withdraw fail' for non-player; buyStone(uint256) is payable; game_/team_/gID_ getters.,,medium,PRIOR verdict $0 (Bingo4Beast). Re-confirmed live 84.483 ETH. Custom stone/bingo game; no non-holder payout found. H-O.
0x4e8ecf79ade5e2c49b9e30d795517a81e0bf00b8,Fomo3D Quick,gambling,eth,84.140106,76.030103,90.36,True,B,H-O,F3D game: players buy keys; withdraw() pays caller's win/gen/aff vaults; round pot goes to last-buyer winner at endRound.,,high,PRIOR verdict $0 (Quick). Re-confirmed 84.140 ETH. Extra ICO-phase view functions only. No E-U.
0x04f062809b244e37e7fdc21d9409469c989c2342,Joyso,dex,eth,83.253497,83.150382,99.88,True,C,H-O,lockMe() → wait lockPeriod → withdraw() self-only; admin withdrawals require admin role + user signature; collectFee onlyOwner (fee balance).,,high,Owner 0x3a6386e7...; 83.25 ETH user balances; admin cannot unilaterally take user funds without user sig.
0x2af47a65da8cd66729b4209c22017d6a5c2d2400,Bounties Network,other,token,83.251304,84.752304,96.8,True,C,H-O,StandardBounties: issue/activate with escrow; fulfillBounty open to anyone; acceptFulfillment onlyIssuerOrArbiter (pays fulfiller); killBounty onlyIssuer; contribute open.,,high,83.25 ETH = active bounty escrow. Release gated by issuer/arbiter (P/H-O); no permissionless drain. Minor index gap: mapped 84.75 (−1.5 ETH); per-bounty balances are tracked in-contract and payouts ar
0xe01e2a3ceafa8233021fc759e5a69863558326b6,EKS,token,eth,82.971421,74.794451,90.14,True,D,H-O,PoWH fork: holders call exit() = sell(own tokens)+withdraw() or withdraw() for own dividends; sell credits caller's payoutsTo_.,,high,Solvent (supply 67.05 < 82.97 ETH). setAtomicSwapAddress is tx.origin-gated to the fee address only; no non-holder path.
0x12d5b7c26DD8dc6E2F71f5bF240d5e76452b2FE5,DirectCrypt Token Presale (DRCT),ico,eth,81.885918,81.885918,100.0,True,A,H-O,DirectCrypt.refund(): deposited[msg.sender] zeroed then paid; withdraw() onlyOwner.,,high,
0x0a97094c19295e320d5121d72139a150021a2702,CryptoMinerToken,gambling,eth,79.306195,45.601837,57.5,True,B,H-O,"ERC20+curve token: holder calls sell()/exit() (curve price minus 10% fee) and/or withdraw() (accumulated dividends, onlyStronghands). No eligibility beyond owning tokens/divs.",,high,PRIOR verdict $0 (CryptoMinerToken group). Re-confirmed live 79.306 ETH; P3D-code subset (no admin fns); no market. Holder-only.
0x9abb7bddc43fa67c76a62d8c016513827f59be1b,POW NFT,nft,token,77.301990,68.464755,87.94,True,C,H-O,"Proof-of-work NFT: mine() payable mints; withdraw(tokenId, until) requires ownerOf(tokenId)==msg.sender and pays BASE_COST*(until-withdrawFrom); WITHDRAWALS[tokenId] prevents re-claim.",,high,77.30 ETH = mining pool (future miners' payments redistributed to earlier token owners). No non-holder path.
0xcc89405e3cfd38412093840a3ac2f851dd395dfb,Status Buyer,ico,eth,76.599977,76.347371,99.67,True,A,H-O,Status Buyer.withdraw(): deposits[msg.sender] zeroed then paid (with bounty adjustment).,,high,
0x52083b1a21a5abc422b1b0bce5c43ca86ef74cd1,Fomo3D Short,gambling,eth,76.252743,38.296481,50.19,True,B,H-O,F3D game: players buy keys; withdraw() pays caller's win/gen/aff vaults; round pot goes to last-buyer winner at endRound.,,high,PRIOR verdict $0 (Short). Re-confirmed 76.253 ETH. Extra selector 0112a880 is not in 4byte/ABI; no public fund mover beyond withdraw/potSwap. No E-U.
0x5995ca61d845e045cd1327a32707a66f7daccf6d,Unknown DEX (0x5995),dex,eth,75.980323,75.985300,100.01,,C,H-O,Per-user balances; self withdraw.,,high,PRIOR.
0xcb47c89cb17c10b719fc5ed9665bae157cac2cb1,FoMoJP,gambling,eth,72.912490,72.783544,99.81,True,B,H-O,F3D game: players buy keys; withdraw() pays caller's win/gen/aff vaults; round pot goes to last-buyer winner at endRound.,,high,PRIOR verdict $0 (FoMoJP). Re-confirmed 72.912 ETH. Adds Ownable but no owner-only fund mover in ABI. No E-U.
0x50cb61afa3f023d17276dcfb35abf85c710d1cff,Ethfinex Trustless v2,dex,eth,71.896053,71.876654,99.78,True,C,H-O,WrapperLockEth v2; self-only withdraw.,,high,PRIOR.
0x44e081cac2406a4efe165178c2a4d77f7a7854d4,Celer EthPool,defi,eth,70.260511,70.260511,100.0,True,D,H-O,"ETH pool with ERC20-like balances: deposit(receiver) credits receiver; withdraw(value) = _transfer(msg.sender,msg.sender,value); transferFrom/transferToCelerWallet require allowance.",,high,No non-holder path (allowance required for transferFrom). 2300-gas transfer can strand contract recipients only.
0x5535a72556727c221c567e0fc4208c5a99dba1cc,PembiCoinICO (admin unlock required),owner-action-required,eth,69.239050,69.239050,100.0,True,A,P,PembiCoinICO: state Idle; owner must setFailed(); refund() inState(Failed) pays amounts[msg.sender].,,high,
0x229cc0a81a1d6b4a2fc1452b3bd166462216e3f3,PandaDAO Farewell,dao,token,67.991892,50.250567,73.91,True,D,H-O,PANDA holder calls redeem(amount): requires pandaToken.balanceOf(msg.sender)>=amount and tx.origin==msg.sender; pays amount*contractETH/pandaToken.totalSupply(); owner functions dead (owner=0xdEaD).,,high,"Owner renounced to 0xdEaD -> no P drain. Redeem requires Juicebox OperatorStore grant (store 0xab47304D987390E27Ce3BC0fA4Fe31E3A98B0db2 alive, 2768 bytes). Market ~fair, not a material E-U. redeem is "
0x878F15ffC8b894A1BA7647c7176E4C01f74e140b,Hegic V1 Pool,defi,eth,60.232524,59.193600,96.92,True,D,H-O,"PRIOR: writeETH holders call withdraw(amount,maxBurn) for their pro-rata ETH.",,high,PRIOR-verified; one-line re-check. All pool ETH currently available.
0xa383c8390adbcd387db93babdf3f30308391bd57,ETH Staking Rewards,defi,token,59.672293,54.839085,91.9,True,D,H-O,"Term-based staking: receiveReward(address(0)) pays caller's accrued ETH rewards; withdraw(token,amount) returns caller's stake; rewards credited per term pro-rata to staked balance.",,high,"MAX_TERM=1000 loop: if a user lags >1000 terms, mutative calls silently no-op until repeated (liveness, not theft). Only 10 holders."
0x3a56ab63c7ef4f07fe353beb132e0fd5ad270ca0,Collective Canvas,nft,token,57.766149,58.923290,100,True,C,H-O,"Per-NFT mint-fee escrow: withdraw(tokenId,amount) requires ownerOf(tokenId)==msg.sender and amount <= balanceOfToken(tokenId); balanceOfToken sums funded_i/(i+1) for i>=tokenId minus withdrawn.",,high,57.77 ETH. Exact solvency; self-only.
0x53b04999c1ff2d77fcdde98935bb936a67209e4c,Veil Ether,defi,eth,54.587591,55.598849,101.85,True,D,H-O,WETH-like: withdraw(amount) burns caller balance and sends ETH to caller; withdrawAndTransfer sends caller's own ETH to a chosen target.,,high,Index mapped 55.599 was a stale snapshot; on-chain supply == balance now. transferFrom's uint256(-1) allowance shortcut is the intended unlimited-allowance semantic. No non-holder path.
0xabefec93451a2cd5d864ff7b0b1604dfc60e9688,BlueChip,gambling,eth,52.057566,34.365711,66.01,True,B,H-O,"ERC20+curve token: holder calls sell()/exit() (curve price minus 10% fee) and/or withdraw() (accumulated dividends, onlyStronghands). No eligibility beyond owning tokens/divs.",,high,"PoWH3D bond-curve clone. buyPrice/sellPrice>1 (measured 1.15-2.33x) so contract buy->sell round-trip always loses; only acquisition path is buy() (or OTC transfer), under-claimed (mapped/live=66%). no"
0xd3d2b5643e506c6d9b7099e9116d7aaa941114fe,Kyber FeeHandler,dex,token,51.601162,24.942350,48.3,True,C,H-O,"Fees in via handleFees (onlyKyberNetwork); claimStakerReward(staker,epoch)/claimReserveRebate(wallet)/claimPlatformFee(wallet) are permissionless triggers but ALWAYS pay the recorded staker/rebate/pla",,high,"51.60 ETH. Claim amounts bounded by rewardsPerEpoch/rebate/fee mappings; no theft. If kyberDao is bricked, staker claims return 0 (S-risk for that slice)."
0xff2c689cb750f2a7d46e7471521189ced948f965,Presale Pool 0xff2c68,ico,eth,50.000000,50.000000,100.0,,A,H-O,Presale Pool 0xff2c68 (same family): withdrawAll() from sole 50 ETH depositor -> OK.,,medium,Family member.
0x1d90d50d5dd04fa7c8bef89aa5872f0701be7982,Meme Limited Collections,nft,token,48.813200,25.834200,52.92,True,C,H-O,Staking pools + card redemption fees: redeem() credits pendingWithdrawals[controller]/[artist]; withdrawFee() pays msg.sender.,,high,"48.81 ETH = artist/controller pending fees (self-service). Pool staking rewards are MEME tokens, not ETH."
0x22a97c80d7e0a9ae616737e3b8b531248f4ef91d,Confideal,dex,eth,45.718788,45.718788,100,True,C,H-O,Failed crowdfunding campaign (stage=Failure): withdrawRefund() pays msg.sender's contributions[msg.sender] (nonReentrant); withdrawPayout only beneficiary at Success.,,high,Self-service refunds only.
0x19c320b43744254ebdbcb1f1bd0e2a3dc08e01dc,CryptoCats Marketplace,nft,eth,45.489333,45.489333,100.0,True,C,H-O,Cats market: buyCat credits seller pendingWithdrawals; getCat credits contract owner pendingWithdrawals; withdraw() pays msg.sender.,,high,"45.49 ETH live; ~34.88 is the owner's claimable mint proceeds (P), ~10.6 is sellers'/bidders' self-service. No non-holder path."
0xcd806502ad2f9aeb32e23f8d647341d4b568201d,TruckHash Token Sale,ico,token,45.135189,45.135189,100,True,A,H-O,"TruckHash.refund(): weiBalances[msg.sender] zeroed then paid; refundAllowed=true, softCapReached=false live.",,high,
0x0c7060bf06a78aaaab3fac76941318a52a3f4613,Fractional DEAD Vault,nft,token,44.695889,40.099054,89.72,True,C,H-O,Tessera TokenVault (logic 0x7B0fCE54...): auctionState=ended → cash() burns caller's shares and pays pro-rata ETH; redeem() requires full supply; claimFees() mints to curator/gov only.,,high,"cash() is self-only; pro-rata exact (sum of claims == totalSupply share of balance). claimFees is permissionless but mints tokens to curator/governance, not caller."
0x9508008227b6b3391959334604677d60169ef540,CryptoCats v0/v1,nft,eth,43.685000,8.805000,20.16,,C,H-O,Legacy CryptoCats contracts; self withdraw.,,high,PRIOR.
0xf4c27b8b002389864ac214cb13bfeef4cc5c4e8d,ETHEN,dex,eth,43.522433,43.519433,99.99,True,C,H-O,withdrawEther() subtracts balances[msg.sender] and pays msg.sender; trading requires maker signature verified against signer.,,high,43.52 ETH user balances + feeCollector balance.
0xa6b658ce4b1cdb4e7d8f97dffb549b8688cafb84,Nsure Network,defi,token,41.182000,0.000000,,True,D,H-O,convert(amount) mints shares; exit(value) burns caller's shares and pays value*smartBalance/totalSupply; depositAt flash-loan guard.,,high,Unindexed in the index but fully backed and holder-scoped. Operator/owner EOA can pay out (P tail).
0x0b8d56c26d8cf16fe1bddf4967753503d974de06,GavCoin,token,eth,41.054461,18.583986,45.27,True,D,H-O,"Bonding-curve refund(price,units): requires active receipt[price].units>=units AND balanceOf>=units; pays units*price/base (historical buy price) to caller.",,high,Silent-return modifiers (no revert) can make calls no-op but cannot overpay. Remaining ~22 ETH is orphaned (receipts transferred away / balances without receipts) -> unredeemable by design. No non-hol
0xf8f6e626af09b0455acd9162beb5a484724f25b5,PresalePool 2018,ico,eth,39.200826,39.200826,100.0,,A,H-O,PresalePool 2018 (unverified): withdrawAll() from top depositor (10 ETH) -> OK; index note says participants call withdrawAll().,,medium,
0xd6770aac65a48f5715889a4cdbf30a4faf73a073,Presale Pool 0xd6770a,ico,eth,36.918818,36.918818,100.0,,A,H-O,Presale Pool 0xd6770a (same family).,,medium,Family member.
0x0f90ef4e2526e3d1791862574f9fb26a0f39ec86,F3DPLUS,gambling,eth,35.109469,35.017939,99.74,True,B,H-O,F3D game: players buy keys; withdraw() pays caller's win/gen/aff vaults; round pot goes to last-buyer winner at endRound.,,high,F3D clone; activated_=true; withdraw() non-player reverts. airDropPot 0.091/EV negative. No E-U.
0x796dbc51b37f2d92b0af1271fd9520c8efd1be61,Presale Pool 0x796dbc,ico,eth,34.995424,34.995424,100.0,,A,H-O,Presale Pool 0x796dbc (same family).,,medium,Family member.
0xda8d7ff0d043848a689125e2c7ab87b16a0cbe81,SnowStorm,gambling,eth,34.756658,33.345851,95.94,True,B,H-O,F3D game: players buy keys; withdraw() pays caller's win/gen/aff vaults; round pot goes to last-buyer winner at endRound.,,high,F3D clone; extra selector e37b346d not in ABI/4byte (likely renamed getter). withdraw() non-player reverts. No E-U.
0x50c19ffdbda85d1a07c09f01e113a94923801d32,Presale Pool 0x50c19f,ico,eth,34.307000,34.307000,100.0,,A,H-O,Presale Pool 0x50c19f (same family).,,medium,Family member.
0xbf29685856fae1e228878dfb35b280c0adcc3b05,Decentrex,dex,eth,33.085627,33.085743,100.0,True,C,H-O,EtherDelta-clone: deposit()/depositToken(); withdraw() pays msg.sender after subtracting tokens[0][msg.sender]; admin only changes fees.,,high,ED family. No admin fund path. 33.09 ETH user balances.
0x3A8A97123bcCd826228e5EB4144b48cce169517B,QCOToken ICO (QCO),ico,eth,31.447416,31.447416,100.0,True,A,H-O,QCO.requestRefund(): ethPossibleRefunds[msg.sender] zeroed then paid; state Aborted live.,,high,
0x05215fce25902366480696f38c3093e31dbce69a,REV1,gambling,eth,30.278880,26.560407,87.72,True,B,H-O,"ERC20+curve token: holder calls sell()/exit() (curve price minus 10% fee) and/or withdraw() (accumulated dividends, onlyStronghands). No eligibility beyond owning tokens/divs.",,high,"P3D clone with whitelist phase; disableWhitelist() only callable by a registered ambassador, and the phase self-disables once contract balance >=7 ETH (already). No fund mover. Holder-only."
0x3c020e014069df790d4f4e63fd297ba4e1c8e51f,Bitcratic,dex,eth,30.004217,30.004217,100,True,C,H-O,EtherDelta clone: self withdraw.,,high,30.00 ETH user balances.
0xe31763aad9294f073ddf18b36503ed037ae5e737,Avastars,nft,token,28.845190,28.854189,100.03,True,C,H-O,Franchise deposits: withdrawDepositorBalance() pays msg.sender's depositsByAddress[msg.sender] and decrements unspentDeposits; owner can only take balance - unspentDeposits.,,high,28.85 ETH = unspent depositor balances. Solvent by construction.
0x2fa0ac498d01632f959d3c18e38f4390b005e200,EthPyramid,gambling,eth,27.759090,20.033703,72.17,True,B,H-O,"Continuous-curve pyramid (EPY): fund()/fallback buy tokens, sellMyTokens()/getMeOutOfHere() sell caller's tokens at curve minus 10%, withdraw() pays caller's own dividends; withdrawOld(to) redirects c",,high,Non-holder dividends=0. No E-U. Round-trip loses ~20% in fees.
0x6f40d96713b60d5083bc2493251907ca673de1b8,Presale Pool 0x6f40d9,ico,eth,27.724551,25.911658,93.46,,A,H-O,Presale Pool 0x6f40d9 (same family).,,medium,Family member.
0xf7686cf0d88b3c1b474ec76735b4e94a0c3a28f3,PledgeDeposit ETH Pool,defi,eth,25.638841,25.638841,100.0,True,D,H-O,"Deposits are per (poolId,msg.sender,depositId); after expireBlock each user calls withdraw(poolId,depositId) and receives own deposit+pledge.",,high,burnDeposit burns caller's own ZILD to 0x400. No non-holder path.
0xe0b7927c4af23765cb51314a0e0521a9645f0e2a,DigixDAO,ico,token,25.381872,10908.623691,93.15,,A,H-O,"DigixDAO: ETH claimable by DGD holders via Acid.burn() (approve DGD + burn flow); Acid child holds 11,681.83 ETH.",,high,Child Acid 0x23ea10cc verified H-O; no E-U.
0xa146240bf2c04005a743032dc0d241ec0bb2ba2b,POWM,gambling,eth,25.338252,23.542594,92.86,True,B,H-O,"ERC20+curve token: holder calls sell()/exit() (curve price minus 10% fee) and/or withdraw() (accumulated dividends, onlyStronghands). No eligibility beyond owning tokens/divs.",,high,"PoWH3D bond-curve clone. buyPrice/sellPrice>1 (measured 1.15-2.33x) so contract buy->sell round-trip always loses; only acquisition path is buy() (or OTC transfer), under-claimed (mapped/live=93%). no"
0x19c10FFf96B80208f454034C046CCc4445Cd20ba,Age of Dinos,nft,eth,24.985242,25.092900,97.35,True,C,H-O,Sealed-bid auction: claimAndRefund() pays msg.sender's own refund/nftCount (hasClaimed guard); sendPayment() is permissionless but pays fixed paymentRecipient.,,high,24.99 ETH = bids/refunds. emergencyWithdraw onlyRole(DEFAULT_ADMIN_ROLE) = P risk.
0xb2b30d39074c52a60283a26f238abff31fcb4217,SnowStorm B,gambling,eth,24.668256,23.535118,95.41,True,B,H-O,F3D game: players buy keys; withdraw() pays caller's win/gen/aff vaults; round pot goes to last-buyer winner at endRound.,,high,Same bytecode as SnowStorm. No E-U.
0x6db943251e4126f913e9733821031791e75df713,ReadyPlayerONE,gambling,eth,24.539087,6.815738,27.78,True,B,H-O,F3D game: players buy keys; withdraw() pays caller's win/gen/aff vaults; round pot goes to last-buyer winner at endRound.,,high,PRIOR verdict $0 (ReadyPlayerONE). Re-confirmed 24.539 ETH. F3D core. No E-U.
0x93d812bf90a575d628e246b0966505a9e466f534,Circles RefundVault (admin unlock required),owner-action-required,eth,24.098950,24.098950,100.0,True,A,P,Circles RefundVault: state Active; owner must enableRefunds(); refund(buyer) pays recorded depositor.,,high,
0x0feccb11c5b61b3922c511d0f002c0b72d770dce,MarketingMining,defi,token,23.416899,0.000000,0.0,True,D,H-O,"Farming delegator: withdrawETH(pid,amount)/withdraw(pid,amount) return caller's own deposits; pending revenue (SHARD) paid to caller on withdrawal.",,high,"withdraw() transfers the pool token before updateAfterwithdraw's require, but the require reverts the whole tx; pool tokens are plain ERC20 (no callback) so no reentrancy. updateUserRevenue pays SHARD"
0x9EA80e204045329Ba752D03C395F82A12799f13d,Blocklancer Token Sale (LNC),ico,eth,21.661373,21.661373,100.0,True,A,H-O,Blocklancer.refund(): balances[msg.sender] / balancesEther[msg.sender] zeroed then paid.,,high,
0x37304b0ab297f13f5520c523102797121182fb5b,SportCrypt,gambling,eth,21.563626,15.763554,73.1,True,B,H-O,"Escrow sports betting exchange: deposit()/withdraw(amount) pay caller's own balances[msg.sender]; claim(matchId,...) pays caller's match position after admin-signed or timeout finalization; recoverFun",,high,"No non-holder path. If admin-signed prices were never submitted, users can still recoverFunds after timeout and claim their positions (H-O)."
0x1BB28e79f2482df6bf60efc7a33365703bCF1536,hodlEthereum,ico,eth,21.528081,21.528081,100.0,True,A,H-O,hodlEthereum.party(): hodlers[msg.sender] zeroed then paid.,,high,
0xaf7aeA249098F2c2f50cc11d4000cCf798194373,ZeroTraffic Crowdsale (ZTT),ico,eth,21.174670,21.174670,100.0,True,A,H-O,ZeroTraffic.refund(): balances[msg.sender] zeroed then sent; requires stage Ended. endCrowdsale() is permissionless after end but pays only depositors.,,high,Permissionless state transition exists but yields no value to the caller.
0xe336d0c8b24d8e20b6f714522f590abadb601493,FoMo3Dlong v2,gambling,eth,20.777144,32.363171,155.76,True,B,H-O,F3D game: players buy keys; withdraw() pays caller's win/gen/aff vaults; round pot goes to last-buyer winner at endRound.,,high,Index over-claim 156% (mapped 32.36 vs live 20.78) - index key-value estimate exceeds balance; holder race. Extras myFounder_/ourTEAM/setOtherFounder affect fee routing to founder only. No E-U.
0xbb7be7cc5abb65d3a29d7982236481ddf4f10b09,MicroETH,token,token,20.443830,5.534763,26.86,True,D,H-O,1:1e-6 wrapper: deposit() mints msg.value*1e6; withdraw(ueth) burns ueth and pays ueth/1e6 ETH to caller.,,high,"Fully backed; mapped 5.53 means ~73% of supply is unreachable (lost keys / contracts without payable receive, transfer uses 2300 gas). No non-holder path."
0x510f9a9642ac14ded91629a1aad552be4b24b5f0,ETHPlatinum,gambling,eth,20.217505,28.145702,139.21,True,B,H-O,"ERC20+curve token: holder calls sell()/exit() (curve price minus 10% fee) and/or withdraw() (accumulated dividends, onlyStronghands). No eligibility beyond owning tokens/divs.",,high,"Index over-claim 139.2% (mapped 28.15 vs live 20.22). Extras: launchtime()/updateLaunchtime(uint256) (owner-gated, affects early-buy cap only) and owner(). No fund-mover. Holder-only."
0xfe2a5b942083d92135c7fe364bb75218e547cc62,Fractional SWEEP Vault,nft,token,19.745988,19.745988,100.0,True,C,H-O,Same TokenVault logic; auctionState=ended; cash() self-only pro-rata.,,high,No non-holder path.
0xb3b33f59174f2ef62167770e4c9cabaa3879eb5d,Jincor Token ICO,ico,token,19.061645,19.061645,100.0,True,A,H-O,Jincor.refund(): deposited[msg.sender] zeroed then paid; withdraw() onlyOwner.,,high,
0x344285b2082d9c7981241dcc160beca6057637e6,JustHodlIt,ico,eth,18.169034,14.695299,80.88,True,A,H-O,JustHodlIt: withdrawAll()/withdrawDividends() use users[msg.sender].,,high,
0xe9426198aec621203ba1fe07cf292b3796ba6248,Ambassadors Fund,ico,eth,17.505600,17.505600,100,True,A,H-O,Ambassadors Fund is an OZ PaymentSplitter: release(account) pays the account per its shares; caller gets nothing.,,high,
0x2f23228b905ceb4734eb42d9b42805296667c93b,Coinchangex,dex,eth,17.350840,17.350840,100,True,C,H-O,EtherDelta clone with special fees; self withdraw; depositForUser credits the target user.,,high,17.35 ETH user balances.
0xc6b330df38d6ef288c953f1f2835723531073ce2,Etheropt Old,dex,eth,16.836617,16.827250,99.94,,C,H-O,Early EtherDelta (v0 family): deposit/withdraw self-only; no admin selector.,,medium,16.84 ETH user balances. Family-consistent; no admin surface.
0x3fD30f3E1fbF4F3Ea6BDf3E3bb11826266708869,AgroTechFarm Crowdsale,ico,eth,16.691711,16.691711,100.0,True,A,H-O,AgroTechFarm.refund(): balances[msg.sender] zeroed then paid; state Refunding live (state=1).,,high,
0x4c29d75cc423e8adaa3839892feb66977e295829,POOH,gambling,eth,15.766665,20.135627,127.71,True,B,H-O,"ERC20+curve token: holder calls sell()/exit() (curve price minus 10% fee) and/or withdraw() (accumulated dividends, onlyStronghands). No eligibility beyond owning tokens/divs.",,high,Index over-claim 127.7% (mapped 20.14 vs live 15.77). Identical P3D core; no market; buy/sell=1.22. Holder race only.
0xaff69c67f5dbbdd088ccbc6d47cb9e0ea547e132,Fomo,gambling,eth,15.292585,15.292268,100.0,True,B,H-O,F3D game: players buy keys; withdraw() pays caller's win/gen/aff vaults; round pot goes to last-buyer winner at endRound.,,high,F3D clone missing potSwap/setOtherFomo. airDropPot=0. No E-U.
0xDe5D4949F445650325c7C8739610c3A979C7a6db,PersonaBid,nft,eth,15.041900,15.565000,99.64,True,C,H-O,Raffle auction: placeBid requires gateway signature; claimAndRefund() self-only with hasClaimed guard.,,high,15.04 ETH = bids/refunds.
0xfcd3a0f5f416e407647a7518b90354946d316059,BitConnect Token,gambling,eth,14.636794,19.092105,130.44,True,B,H-O,"ERC20+curve token: holder calls sell()/exit() (curve price minus 10% fee) and/or withdraw() (accumulated dividends, onlyStronghands). No eligibility beyond owning tokens/divs.",,high,Index over-claim 130.4% (mapped 19.09 vs live 14.64). Identical P3D core. Holder-only.
0xc6e5e9c6f4f3d1667df6086e91637cc7c64a13eb,Eightherbank,gambling,eth,14.112818,12.994656,92.08,True,B,H-O,P3D fork with partner/promo/dev fee addresses: buy()/buyFor()/sell()/exit()/withdraw(); changeDev/changePromoter/changePartner/setAdministrator require owner==msg.sender.,,high,Live 14.113 ETH. No non-holder path. H-O.
0x86D179c28cCeb120Cd3f64930Cf1820a88B77D60,FoMoGame,gambling,eth,13.577453,13.488700,99.35,True,B,H-O,F3D game: players buy keys; withdraw() pays caller's win/gen/aff vaults; round pot goes to last-buyer winner at endRound.,,high,F3D clone (2 hardcoded team activate addrs); activated_=true. No E-U.
0x86ab844a067094ec2c5a4bade21fcf2aeee32122,GameFair,gambling,eth,13.125000,14.000000,106.67,True,B,H-O,"Ponzi game: investIn() payable (>=1 ETH) registers user; withdrawProfit()/redeem() pay only caller's own allStaticAmount+allDynamicAmount or unlockAmount, capped at contract balance.",,high,No non-holder path; a large investor whose accrued claim >= balance can drain it (first-mover H-O race). No E-U.
0xa46ed7080f0094306d354b9d22e084f1dfb1b074,Futurists Auction Splitter,nft,token,13.000000,13.000000,100.0,True,C,H-O,Combined NFT mint + OpenZeppelin PaymentSplitter: release(account) is permissionless and pays the registered payee; withdraw() onlyOwner loops release().,,high,13.00 ETH = splitter balance for 4 payees (97/1/1/1). No non-holder path.
0xc5aafe85775fe97bee49d16cc4f38aaf8dbf20c5,IBC Lottery,gambling,eth,12.712853,12.355712,97.19,True,B,H-O,"F3D-like lottery with IBC-token tickets: withdraw() pays caller's vaults; refundTicket(pID) permissionlessly refunds 25% of the player's paid-in IBC TOKENS to that player (not to caller, no ETH).",,high,"refundTicket is a permissionless transition but pays the player, not the caller - no E-U. ETH only to players/winner (H-O)."
0x943e99d9efd4b44d808f6c83373a9a2c1e15e0f8,ForegroundTokenSale (DEAL),ico,eth,12.145000,12.145000,100.0,True,A,H-O,Foreground.claimRefund(): purchases[msg.sender].weiBalance zeroed then paid; state Refunding live.,,high,
0xffd31e68bf7af89df862435a138615bd60abf574,Nexgen,gambling,eth,11.994997,25.602277,213.44,True,B,H-O,P3D-derived: buy() mints at 85% of msg.value; sell() credits sellingWithdrawBalance_ with 90% of curve value then pays it; withdraw() pays 80% of stored dividend balance (10% community/10% trading) an,,high,Index over-claim 213% (mapped 25.60 vs live 12.00): stored payoutsTo_/sellingWithdraw credits exceed balance; first-mover race among holders. Creator side is P. No E-U.
0xd216153c06e857cd7f72665e0af1d7d82172f494,OpenGSN RelayHub v1,defi,eth,11.891784,512.348786,100.0,True,D,H-O,"withdraw(amount,dest) requires balances[msg.sender]>=amount and pays dest (caller's own balance); relays unstake own stake; penalizeRepeatedNonce pays reporter only on proof of relay double-signing.",,high,"512 mapped vs 11.9 live is the index lagging withdrawals, not a claimable gap. No non-holder path."
0x77607588222e01bf892a29Abab45796A2047fc7b,Unagii ETH Vault,yield,eth,11.711569,11.711444,100.0,True,D,H-O,"uETH holders call withdraw(shares,min): withdrawAmount=shares*min(vault+strategy assets)/totalSupply; burns caller shares; pulls from strategy if needed; guard() allows only EOAs/whitelisted.",,high,Fully solvent (PPS 1.1155). Donation does not help an attacker (share price rises for all). sweep() onlyAdmin and ERC20-only (no ETH).
0x068696a3cf3c4676b65f1c9975dd094260109d02,DADA Collectible,nft,eth,11.214588,10.183588,90.81,True,C,H-O,CryptoPunks-style market: buyCollectible/alt_buyCollectible pay seller via pendingWithdrawals; withdrawBidForCollectible/withdraw self-only.,,high,11.21 ETH = active bids + pending seller withdrawals.
0xcd2de0bd5347f617f832442ebcc1c23a4d618847,RedChip,gambling,eth,10.897256,9.048881,83.04,True,B,H-O,"ERC20+curve token: holder calls sell()/exit() (curve price minus 10% fee) and/or withdraw() (accumulated dividends, onlyStronghands). No eligibility beyond owning tokens/divs.",,high,"PoWH3D bond-curve clone. buyPrice/sellPrice>1 (measured 1.15-2.33x) so contract buy->sell round-trip always loses; only acquisition path is buy() (or OTC transfer), under-claimed (mapped/live=83%). no"
0x18777Aec0B231D1a4A9C66B51253088a03affDFc,Luckchemy Crowdsale,ico,eth,10.767638,10.767638,100.0,True,A,H-O,Luckchemy.refund(): deposits[msg.sender] zeroed then paid.,,high,
0xa812137eff2b368d0b2880a39b609fb60c426850,Contribution Pool,ico,eth,10.609217,10.609217,100.0,True,A,P,Contribution Pool: withdraw() onlyBeneficiary sends full balance to beneficiary.,,high,
0xdb846f1cd31acc9a6db72a1c58dc1760485505f4,Fractional ZCAT Vault,nft,token,10.476457,10.540756,100.0,True,C,H-O,Same TokenVault logic; auctionState=ended; cash() self-only pro-rata.,,high,No non-holder path.
0xe4972421f88c1f47986f54cbfd2d1e2e671680ac,Abyss DAICO Fund (PollManagedFund),ico,eth,9.899951,9.899951,100.0,True,A,H-O,Abyss.refundCrowdsaleContributor(): contributions[msg.sender] zeroed then paid; state CrowdsaleRefund live.,,high,
0xc28e860c9132d55a184f9af53fc85e90aa3a0153,POTJ,gambling,eth,9.595743,10.563901,110.09,True,B,H-O,"ERC20+curve token: holder calls sell()/exit() (curve price minus 10% fee) and/or withdraw() (accumulated dividends, onlyStronghands). No eligibility beyond owning tokens/divs.",,high,Index over-claim 110.1% (mapped 10.56 vs live 9.60). P3D core minus admin fns. Holder-only.
0xa4dce3845cb88a6fca0291d4eca9e5a96e75e2b4,CxxMain,gambling,eth,9.564236,5.573926,58.11,True,B,H-O,P3D fork: buy()/sell()/exit()/withdraw() self-service; dailyCheckin() only increments checkinCount (no ETH); distributedRoi() is dev-only; helloCXX() is dev-only.,,high,No non-holder path. H-O.
0x629178c9a55cc30e3cccf21a94f77920aefce5ce,Confinale Token,token,token,8.843028,8.843028,100.0,True,D,H-O,"withdraw(amount): requires balanceOf(msg.sender)>=amount (and latency schedule for non-owner), pays amount*balance/totalSupply, then burns caller tokens.",,high,Rate is invariant under withdraw (burn + proportional payout). deposit() is donation-only. Owner bypasses latency but still burns own tokens.
0x17681500757628c7aa56d7e6546e119f94dd9479,Confideal Campaign,ico,eth,8.625000,8.200000,95.07,True,A,H-O,Confideal.withdrawRefund(): contributions[msg.sender] zeroed then paid; stage Failure live.,,high,
0x4363b5d64f228c819dc706889b09a0dc76e22fb0,Crowdsale (0x4363b5),ico,eth,8.476000,8.280000,97.69,True,A,H-O,Crowdsale 0x4363b5: releaseEthers() pays etherHoldings[msg.sender]; returnETher(address) is a view.,,high,
0xecfae6f958f7ab15bdf171eeefa568e41eabf641,LYNIA,gambling,eth,8.313499,8.591992,102.21,True,B,H-O,"ERC20+curve token: holder calls sell()/exit() (curve price minus 10% fee) and/or withdraw() (accumulated dividends, onlyStronghands). No eligibility beyond owning tokens/divs.",,high,"PoWH3D bond-curve clone. buyPrice/sellPrice>1 (measured 1.15-2.33x) so contract buy->sell round-trip always loses; only acquisition path is buy() (or OTC transfer), over-claimed by index (mapped/live="
0x84cc06eddb26575a7f0afd7ec2e3e98d31321397,DiamondDividend,gambling,eth,8.169831,9.141242,111.89,True,B,H-O,"ERC20+curve token: holder calls sell()/exit() (curve price minus 10% fee) and/or withdraw() (accumulated dividends, onlyStronghands). No eligibility beyond owning tokens/divs.",,high,Index over-claim 111.9% (mapped 9.14 vs live 8.17). Identical P3D core (constructor renamed). Holder-only.
0x59accd277add23ee736e70a456a3d2c89e9a62a3,EpikStaking,defi,token,8.167617,8.130556,100.0,True,D,H-O,Stake EPIK; withdrawRequest -> cooldown -> withdraw(amount) returns own stake; claimReward() sends caller's accrued ETH rewards.,,high,notifyRewardAmount onlyManager; no non-holder path.
0xbeeb655808e3bdb83b6998f09dfe1e0f2c66a9be,SwissCryptoExchange,dex,eth,7.830033,7.246495,92.55,True,C,H-O,EtherDelta clone with whitelists; self withdraw.,,high,7.83 ETH user balances.
0xbedde30d3532165843f07b1b0e3e90fddbb75918,FamilyOnlyToken,gambling,eth,7.553190,5.835953,77.26,True,B,H-O,"ERC20+curve token: holder calls sell()/exit() (curve price minus 10% fee) and/or withdraw() (accumulated dividends, onlyStronghands). No eligibility beyond owning tokens/divs.",,high,"PoWH3D bond-curve clone. buyPrice/sellPrice>1 (measured 1.15-2.33x) so contract buy->sell round-trip always loses; only acquisition path is buy() (or OTC transfer), under-claimed (mapped/live=77%). no"
0xbc5cef436eadacadfa8dafb63088f09f21dea7e9,WETH10,token,token,7.551154,7.487154,99.15,True,D,H-O,WETH wrapper: deposit()/receive mint 1:1; withdraw(value) burns caller balance then sends ETH; withdrawTo similar; flashLoan mints then requires repayment+burn before return.,,high,flashLoan cannot leave unbacked tokens: any failure reverts the whole tx (including a mid-callback withdraw). No non-holder path.
0x24da016c06941ec2c92be28e0a2b2e679f0d1dc7,FoMo3D Lightning,gambling,eth,7.351671,4.723368,64.25,True,B,H-O,F3D game: players buy keys; withdraw() pays caller's win/gen/aff vaults; round pot goes to last-buyer winner at endRound.,,high,"F3D clone; airDropPot 0.10, tracker 0. No E-U."
0x586f3d9e3524eb02448691b158fdcf5ffc2c57b0,SPW,gambling,eth,7.198146,5.690772,79.06,True,B,H-O,"ERC20+curve token: holder calls sell()/exit() (curve price minus 10% fee) and/or withdraw() (accumulated dividends, onlyStronghands). No eligibility beyond owning tokens/divs.",,high,"PoWH3D bond-curve clone. buyPrice/sellPrice>1 (measured 1.15-2.33x) so contract buy->sell round-trip always loses; only acquisition path is buy() (or OTC transfer), under-claimed (mapped/live=79%). no"
0xbf45f4280cfbe7c2d2515a7d984b8c71c15e82b7,EnclavesDex,dex,eth,7.096190,17.929613,252.67,True,C,H-O,Proxy → EnclavesDEX impl: withdraw() self-only; user balances. Admin can upgrade impl (2-week timelock).,,medium,INSOLVENT: live 7.096 ETH vs index-mapped 17.93 user balances (~10.8 ETH shortfall; rebalance pulls from dead EtherDelta). First-mover race among holders — flag for fork testing. Admin upgrade = P dra
0xc5138d4bd0ec5c51b6b6bdfcb8528ad9c333af97,ED Fork (0xc513),dex,eth,6.915473,6.916334,100,,C,H-O,EtherDelta v2 clone (identical selector set); self withdraw; admin()=0xdfD4b388...; withdraw(1) from random reverts.,,medium,6.92 ETH user balances.
0xc3ad35d351b33783f27777e2ee1a4b6f96e4ee34,E25 Booster,gambling,eth,6.907337,4.218583,61.07,True,B,H-O,"ERC20+curve token: holder calls sell()/exit() (curve price minus 10% fee) and/or withdraw() (accumulated dividends, onlyStronghands). No eligibility beyond owning tokens/divs.",,high,"PoWH3D bond-curve clone. buyPrice/sellPrice>1 (measured 1.15-2.33x) so contract buy->sell round-trip always loses; only acquisition path is buy() (or OTC transfer), under-claimed (mapped/live=61%). no"
0x1739e311ddbf1efdfbc39b74526fd8b600755ada,ProofOfCommunity,gambling,eth,6.597784,3.680234,55.78,True,B,H-O,"ERC20+curve token: holder calls sell()/exit() (curve price minus 10% fee) and/or withdraw() (accumulated dividends, onlyStronghands). No eligibility beyond owning tokens/divs.",,high,"PoWH3D bond-curve clone. buyPrice/sellPrice>1 (measured 1.15-2.33x) so contract buy->sell round-trip always loses; only acquisition path is buy() (or OTC transfer), under-claimed (mapped/live=56%). no"
0x3da70c70b9574ff185b31d70878a8e3094603c4c,LSCX,dex,eth,6.450809,6.450809,100.0,,C,H-O,EtherDelta-derived exchange with on-chain tiker order book; withdraw self-only (ED pattern); admin functions (changeStorageAddr/changeFeeMarket/deleteOrders/setOrders/tiker) revert for random callers.,,medium,6.45 ETH user balances. Admin gated; no unguarded setter found.
0xea61319f55b6543962fe1d7bd990ef74849fc54f,ProofOfCraigGrant,gambling,eth,6.175552,5.388131,87.25,True,B,H-O,"ERC20+curve token: holder calls sell()/exit() (curve price minus 10% fee) and/or withdraw() (accumulated dividends, onlyStronghands). No eligibility beyond owning tokens/divs.",,high,"PoWH3D bond-curve clone. buyPrice/sellPrice>1 (measured 1.15-2.33x) so contract buy->sell round-trip always loses; only acquisition path is buy() (or OTC transfer), under-claimed (mapped/live=87%). no"
0xca1cc76be1f5e5ee492859d8463653cb231991bc,ETHDIAMOND,gambling,eth,6.142491,3.632220,59.13,True,B,H-O,"ERC20+curve token: holder calls sell()/exit() (curve price minus 10% fee) and/or withdraw() (accumulated dividends, onlyStronghands). No eligibility beyond owning tokens/divs.",,high,"PoWH3D bond-curve clone. buyPrice/sellPrice>1 (measured 1.15-2.33x) so contract buy->sell round-trip always loses; only acquisition path is buy() (or OTC transfer), under-claimed (mapped/live=59%). no"
0xf72b0b36723f60402cccad7f4358acf2ad474c17,BlackGoldEthereum,gambling,eth,6.021465,8.239375,136.83,True,B,H-O,"ERC20+curve token: holder calls sell()/exit() (curve price minus 10% fee) and/or withdraw() (accumulated dividends, onlyStronghands). No eligibility beyond owning tokens/divs.",,high,"PoWH3D bond-curve clone. buyPrice/sellPrice>1 (measured 1.15-2.33x) so contract buy->sell round-trip always loses; only acquisition path is buy() (or OTC transfer), over-claimed by index (mapped/live="
0xe8da050c3140183d4f5f01e048ac136e2da5253f,Start Mining (STM) Token Sale,ico,eth,5.981138,5.981138,100.0,True,A,H-O,Start Mining.manualRefund(): ico_buyers_eth[msg.sender] zeroed then paid.,,high,
0xa8df33a40fe2e3278e4d94a974f70778043fbd20,I2 Presale,ico,eth,5.795000,5.795000,100.0,True,A,H-O,I2 Presale.safeWithdrawal(): balanceOf[msg.sender] zeroed then sent.,,high,
0x568a693e1094b1e51e8053b2fc642da7161603f5,BitConnect v2,gambling,eth,5.484252,3.755080,68.47,True,B,H-O,"ERC20+curve token: holder calls sell()/exit() (curve price minus 10% fee) and/or withdraw() (accumulated dividends, onlyStronghands). No eligibility beyond owning tokens/divs.",,high,"PoWH3D bond-curve clone. buyPrice/sellPrice>1 (measured 1.15-2.33x) so contract buy->sell round-trip always loses; only acquisition path is buy() (or OTC transfer), under-claimed (mapped/live=68%). no"
0xe8b1b40f2d307bce891833f46eef1f69560e6926,Bayesin (BYS) CrowSale,ico,eth,5.427900,5.427900,100.0,True,A,H-O,Bayesin.safeWithdrawal(): fundBalance[msg.sender] zeroed then paid.,,high,
0xd8d48e52f39ab2d169c8b562c53589e6c71ac4d3,EtherC,dex,eth,4.805631,4.807238,100,True,C,H-O,EtherDelta clone with tradeTracker; self withdraw; trade requires ecrecover == maker.,,high,4.81 ETH user balances; owner can only change fees/tracker.
0x2c984ec9bb20b33deb84fbeedf20effda481fdc4,Ethershares,gambling,eth,4.666589,3.073055,65.85,True,B,H-O,"ERC20+curve token: holder calls sell()/exit() (curve price minus 10% fee) and/or withdraw() (accumulated dividends, onlyStronghands). No eligibility beyond owning tokens/divs.",,high,"PoWH3D bond-curve clone. buyPrice/sellPrice>1 (measured 1.15-2.33x) so contract buy->sell round-trip always loses; only acquisition path is buy() (or OTC transfer), under-claimed (mapped/live=66%). no"
0x26e6c899b5a5dc1d4874d828fda515a7eb7baf00,DivsNetwork,gambling,eth,4.640549,4.685965,100.97,True,B,H-O,"ERC20+curve token: holder calls sell()/exit() (curve price minus 10% fee) and/or withdraw() (accumulated dividends, onlyStronghands). No eligibility beyond owning tokens/divs.",,high,Index over-claim 101.0% (mapped 4.69 vs live 4.64). Adds hardcoded charity address payFund() (permissionless but forwards to constant 0x523a... no redirect) + transferAndCall. Holder-only.
0x702392282255f8c0993dbbbb148d80d2ef6795b1,PoWTF,gambling,eth,4.612389,3.353337,72.7,True,B,H-O,"ERC20+curve token: holder calls sell()/exit() (curve price minus 10% fee) and/or withdraw() (accumulated dividends, onlyStronghands). No eligibility beyond owning tokens/divs.",,high,"PoWH3D bond-curve clone. buyPrice/sellPrice>1 (measured 1.15-2.33x) so contract buy->sell round-trip always loses; only acquisition path is buy() (or OTC transfer), under-claimed (mapped/live=73%). no"
0x058a144951e062fc14f310057d2fd9ef0cf5095b,HourglassX,gambling,eth,4.083573,4.708062,115.29,True,B,H-O,P3D-extended token (P3X): holder buy()/sell()/exit()/withdraw(); transfers call optional user-specified function on the recipient.,,high,Index over-claim 115.3% (mapped 4.71 vs live 4.08). No E-U found.
0xde2b11b71ad892ac3e47ce99d107788d65fe764e,FairExchange,gambling,eth,4.061526,1.480807,36.46,True,B,H-O,P3D-style exchange with user registration: buy()/buyXname()/sell()/exit()/withdraw() self-service; registered(string) is name registration; setTimestamp/setUser onlyAdministrator.,,high,No non-holder path. H-O.
0x897d6c6772b85bf25b46c6f6da454133478ea6ab,Neutrino81,gambling,eth,3.968764,1.341071,33.79,True,B,H-O,"P3D variant with repayment ledger: getRepay() pays caller's own repayBalance_; withdraw()/exit() self-service; passRepay/passInterest are admin/boss-gated PAYABLE (funds in, not out); fund() is a publ",,high,No non-holder payout. H-O.
0x0be5e8f107279cc2d9c3a537ed4ea669b45e443d,POMDA,gambling,eth,3.752176,2.886651,76.93,True,B,H-O,"ERC20+curve token: holder calls sell()/exit() (curve price minus 10% fee) and/or withdraw() (accumulated dividends, onlyStronghands). No eligibility beyond owning tokens/divs.",,high,"PoWH3D bond-curve clone. buyPrice/sellPrice>1 (measured 1.15-2.33x) so contract buy->sell round-trip always loses; only acquisition path is buy() (or OTC transfer), under-claimed (mapped/live=77%). no"
0x7d2d58d7add0b2d6e06fa85590b60da7741c18c9,DecentEther,gambling,eth,3.747353,2.539187,67.76,True,B,H-O,"ERC20+curve token: holder calls sell()/exit() (curve price minus 10% fee) and/or withdraw() (accumulated dividends, onlyStronghands). No eligibility beyond owning tokens/divs.",,high,"PoWH3D bond-curve clone. buyPrice/sellPrice>1 (measured 1.15-2.33x) so contract buy->sell round-trip always loses; only acquisition path is buy() (or OTC transfer), under-claimed (mapped/live=68%). no"
0x38e219ee67a5e1536c5a89fec2da0d69c254cac4,BitConnect v3,gambling,eth,3.538151,0.898274,25.39,True,B,H-O,"ERC20+curve token: holder calls sell()/exit() (curve price minus 10% fee) and/or withdraw() (accumulated dividends, onlyStronghands). No eligibility beyond owning tokens/divs.",,high,"PoWH3D bond-curve clone. buyPrice/sellPrice>1 (measured 1.15-2.33x) so contract buy->sell round-trip always loses; only acquisition path is buy() (or OTC transfer), under-claimed (mapped/live=25%). no"
0xe1c9a03cf690256ff7738cbd508c88cf5238a535,Hourglass Clone A,gambling,eth,3.148894,2.290436,72.72,True,B,H-O,"ERC20+curve token: holder calls sell()/exit() (curve price minus 10% fee) and/or withdraw() (accumulated dividends, onlyStronghands). No eligibility beyond owning tokens/divs.",,high,"PoWH3D bond-curve clone. buyPrice/sellPrice>1 (measured 1.15-2.33x) so contract buy->sell round-trip always loses; only acquisition path is buy() (or OTC transfer), under-claimed (mapped/live=73%). no"
0xb0c4382d4355cdfe94a132fadf92a509b1e25939,Furious,gambling,eth,3.115805,1.625668,52.17,True,B,H-O,"ERC20+curve token: holder calls sell()/exit() (curve price minus 10% fee) and/or withdraw() (accumulated dividends, onlyStronghands). No eligibility beyond owning tokens/divs.",,high,"PoWH3D bond-curve clone. buyPrice/sellPrice>1 (measured 1.15-2.33x) so contract buy->sell round-trip always loses; only acquisition path is buy() (or OTC transfer), under-claimed (mapped/live=52%). no"
0x8f6015289a64c48ccf258c21a999809fc553c3c4,TwelveHourToken,gambling,eth,3.109844,4.379060,140.81,True,B,H-O,"ERC20+curve token: holder calls sell()/exit() (curve price minus 10% fee) and/or withdraw() (accumulated dividends, onlyStronghands). No eligibility beyond owning tokens/divs.",,high,Index over-claim 140.8% (mapped 4.38 vs live 3.11). P3D core subset. Holder-only.
0x232ba9f3b3643ab28d28ed7ee18600708d60e5fe,Bitcratic v1,dex,eth,3.061600,3.073330,100.38,True,C,H-O,EtherDelta clone; self withdraw.,,high,3.06 ETH.
0x4af078e47490c0e761a3de260952d9eb4a6ad693,EtherDiamond,gambling,eth,2.998272,2.632308,87.79,True,B,H-O,"ERC20+curve token: holder calls sell()/exit() (curve price minus 10% fee) and/or withdraw() (accumulated dividends, onlyStronghands). No eligibility beyond owning tokens/divs.",,high,"PoWH3D bond-curve clone. buyPrice/sellPrice>1 (measured 1.15-2.33x) so contract buy->sell round-trip always loses; only acquisition path is buy() (or OTC transfer), under-claimed (mapped/live=88%). no"
0x11e165dd03c63771004f929d58b75e4aaf2d1a23,CryptoSurge,gambling,eth,2.961305,0.039768,1.34,True,B,H-O,"ERC20+curve token: holder calls sell()/exit() (curve price minus 10% fee) and/or withdraw() (accumulated dividends, onlyStronghands). No eligibility beyond owning tokens/divs.",,high,"PoWH3D bond-curve clone. buyPrice/sellPrice>1 (measured 1.15-2.33x) so contract buy->sell round-trip always loses; only acquisition path is buy() (or OTC transfer), under-claimed (mapped/live=1%). no "
0xe117bb9d1e0fc6e859d9bf174c53baa7c673547a,Mahala Coin (MHC) Crowdsale,ico,eth,2.948376,2.948376,100.0,True,A,H-O,Mahala.refund(): balances[msg.sender] zeroed then paid.,,high,
0x34ba9c7402e1df11709c7983008b5a49d59e963f,Hourglass Clone B,gambling,eth,2.834312,0.230762,8.14,True,B,H-O,"ERC20+curve token: holder calls sell()/exit() (curve price minus 10% fee) and/or withdraw() (accumulated dividends, onlyStronghands). No eligibility beyond owning tokens/divs.",,high,"PoWH3D bond-curve clone. buyPrice/sellPrice>1 (measured 1.15-2.33x) so contract buy->sell round-trip always loses; only acquisition path is buy() (or OTC transfer), under-claimed (mapped/live=8%). no "
0x77b541f90ecfa09f854209eefeca24c295050e2e,Hourglass Clone F,gambling,eth,2.808695,1.521820,54.18,True,B,H-O,"ERC20+curve token: holder calls sell()/exit() (curve price minus 10% fee) and/or withdraw() (accumulated dividends, onlyStronghands). No eligibility beyond owning tokens/divs.",,high,"PoWH3D bond-curve clone. buyPrice/sellPrice>1 (measured 1.15-2.33x) so contract buy->sell round-trip always loses; only acquisition path is buy() (or OTC transfer), under-claimed (mapped/live=54%). no"
0xdb4837c9d84315abcde80a865f15178f86db3966,LOCKEDiN,gambling,eth,2.691041,1.444403,53.65,True,B,H-O,"ERC20+curve token: holder calls sell()/exit() (curve price minus 10% fee) and/or withdraw() (accumulated dividends, onlyStronghands). No eligibility beyond owning tokens/divs.",,high,"P3D clone with developer-only early phase (onlyDevs modifier, self-disables when balance > devsQuota). No fund mover. Holder-only."
0xb9906cf500d5e61b9673115151104c990a804dcb,Presale Pool 0xb9906c,ico,eth,2.500000,2.500000,100.0,,A,H-O,Presale Pool 0xb9906c (same family).,,medium,Family member.
0x2f13fa06c0efd2a5c4cf2175a0467084672e648b,MarketPlace,dex,eth,2.457622,2.457622,100.0,True,C,H-O,ED/TokenStore-family escrow exchange; withdraw() subtracts tokens[0][msg.sender].,,high,2.46 ETH.
0xe8205644fef286a2af423b72669e662feec127cd,Crowdsale (0xe82056),ico,eth,2.410000,2.210000,91.7,True,A,H-O,Crowdsale 0xe82056.safeWithdrawal(): balanceOf[msg.sender] zeroed then sent.,,high,
0x5044ac8da9601edf970dcc91a10c5f41c5c548c0,UPower,gambling,eth,2.349894,2.251110,97.14,True,B,H-O,"ERC20+curve token: holder calls sell()/exit() (curve price minus 10% fee) and/or withdraw() (accumulated dividends, onlyStronghands). No eligibility beyond owning tokens/divs.",,high,"PoWH3D bond-curve clone. buyPrice/sellPrice>1 (measured 1.15-2.33x) so contract buy->sell round-trip always loses; only acquisition path is buy() (or OTC transfer), under-claimed (mapped/live=96%). no"
0x7e7e645e9121dddaf87d0434feb9f113d1dbbb41,StrongHold,gambling,eth,2.338620,1.101758,47.1,True,B,H-O,"ERC20+curve token: holder calls sell()/exit() (curve price minus 10% fee) and/or withdraw() (accumulated dividends, onlyStronghands). No eligibility beyond owning tokens/divs.",,high,"PoWH3D bond-curve clone. buyPrice/sellPrice>1 (measured 1.15-2.33x) so contract buy->sell round-trip always loses; only acquisition path is buy() (or OTC transfer), under-claimed (mapped/live=47%). no"
0xc699d90671cb8373f21060592d41a7c92280adc4,Crowdsale (0xc699d9),ico,eth,2.317596,2.317596,100.0,True,A,H-O,Crowdsale 0xc699d9.refund(): balances[msg.sender] zeroed then paid.,,high,
0xaa4ec8484e89bed69570825688789589d38eea5e,Hourglass Clone G,gambling,eth,2.282022,2.141468,93.84,True,B,H-O,"ERC20+curve token: holder calls sell()/exit() (curve price minus 10% fee) and/or withdraw() (accumulated dividends, onlyStronghands). No eligibility beyond owning tokens/divs.",,high,"PoWH3D bond-curve clone. buyPrice/sellPrice>1 (measured 1.15-2.33x) so contract buy->sell round-trip always loses; only acquisition path is buy() (or OTC transfer), under-claimed (mapped/live=94%). no"
0xb5adb233f28c86cef693451b67e1f2d41da97d21,Bitox,dex,eth,2.246903,2.248481,100.06,True,C,H-O,EtherDelta clone + feeAccount2; self withdraw.,,high,2.25 ETH.
0x433e631ac0c03e49ca034dbf5543964c80c6b391,OmniDex,gambling,eth,2.180360,1.769055,81.14,True,B,H-O,"ERC20+curve token: holder calls sell()/exit() (curve price minus 10% fee) and/or withdraw() (accumulated dividends, onlyStronghands). No eligibility beyond owning tokens/divs.",,high,"PoWH3D bond-curve clone. buyPrice/sellPrice>1 (measured 1.15-2.33x) so contract buy->sell round-trip always loses; only acquisition path is buy() (or OTC transfer), under-claimed (mapped/live=81%). no"
0xae384c6e68f5d697d65ed43fd53ef5ea3288f536,RedChip v2,gambling,eth,2.172326,2.293326,105.56,True,B,H-O,"ERC20+curve token: holder calls sell()/exit() (curve price minus 10% fee) and/or withdraw() (accumulated dividends, onlyStronghands). No eligibility beyond owning tokens/divs.",,high,"PoWH3D bond-curve clone. buyPrice/sellPrice>1 (measured 1.15-2.33x) so contract buy->sell round-trip always loses; only acquisition path is buy() (or OTC transfer), over-claimed by index (mapped/live="
0xd446a13f9b9f8bcbc3ded73764d08735561b1638,SPW v2,gambling,eth,2.079315,0.134204,6.45,True,B,H-O,"ERC20+curve token: holder calls sell()/exit() (curve price minus 10% fee) and/or withdraw() (accumulated dividends, onlyStronghands). No eligibility beyond owning tokens/divs.",,high,"PoWH3D bond-curve clone. buyPrice/sellPrice>1 (measured 1.15-2.33x) so contract buy->sell round-trip always loses; only acquisition path is buy() (or OTC transfer), under-claimed (mapped/live=6%). no "
0x7b6c511a94d35b9cf9979b727335c9798edb5c64,Hourglass Clone C,gambling,eth,2.071563,0.511251,24.68,True,B,H-O,"ERC20+curve token: holder calls sell()/exit() (curve price minus 10% fee) and/or withdraw() (accumulated dividends, onlyStronghands). No eligibility beyond owning tokens/divs.",,high,"PoWH3D bond-curve clone. buyPrice/sellPrice>1 (measured 1.15-2.33x) so contract buy->sell round-trip always loses; only acquisition path is buy() (or OTC transfer), under-claimed (mapped/live=25%). no"
0xf5aa54d121dfe0d5eeb37c83aed42238f4f2c5c6,Hourglass Clone D,gambling,eth,2.046730,0.638573,31.2,True,B,H-O,"ERC20+curve token: holder calls sell()/exit() (curve price minus 10% fee) and/or withdraw() (accumulated dividends, onlyStronghands). No eligibility beyond owning tokens/divs.",,high,"PoWH3D bond-curve clone. buyPrice/sellPrice>1 (measured 1.15-2.33x) so contract buy->sell round-trip always loses; only acquisition path is buy() (or OTC transfer), under-claimed (mapped/live=31%). no"
0x6f303642844f734ad4176d0dfe93ef7e0776ef46,CrowdsaleWatch,ico,eth,2.000000,2.000000,100.0,True,A,H-O,CrowdsaleWatch.safeWithdrawal(): balanceOf[msg.sender] zeroed then sent.,,high,
0x5bedf488d29407bc08e77cd9ee292c2041a61c8c,UnKoin,gambling,eth,1.923953,0.261992,13.62,True,B,H-O,"ERC20+curve token: holder calls sell()/exit() (curve price minus 10% fee) and/or withdraw() (accumulated dividends, onlyStronghands). No eligibility beyond owning tokens/divs.",,high,"PoWH3D bond-curve clone. buyPrice/sellPrice>1 (measured 1.15-2.33x) so contract buy->sell round-trip always loses; only acquisition path is buy() (or OTC transfer), under-claimed (mapped/live=14%). no"
0xde0b79f5e66fdc8a4ffb2c470756a1629e8ad569,Reservation2,ico,eth,1.900000,1.900000,100.0,True,A,H-O,Reservation2.withdraw(): balanceOf[msg.sender] zeroed then paid.,,high,
0x3091d37ef18cb33af72cf7ca63714733172ce724,Gateway ICO (0x3091d3),ico,eth,1.412578,1.400799,99.17,True,A,H-O,Gateway.refund(): balances[msg.sender] zeroed then paid.,,high,
0x499197314f9903a1ba9bed7ee54cd9eee5900e49,Ethernext,dex,eth,1.322543,1.323022,100.0,True,C,H-O,EtherDelta v2 clone; self withdraw.,,high,1.32 ETH.
0xd4cc0cda97ec567235b7019c655ec75cd361f712,SeedDex v2,dex,eth,1.267294,1.137612,89.77,True,C,H-O,Escrow exchange; withdraw() subtracts tokens[0][msg.sender]; migrateFunds() only moves caller's own balance.,,high,1.27 ETH. Migration functions self-only.
0xcba6f10d1147b2c5a3d8d8cbd93c373b31c6c2c8,VuePayTokenSale (VUP),ico,eth,1.208000,1.208000,100.0,True,A,H-O,VuePay.claimRefund(): ETHContributed[msg.sender] zeroed then paid; allowRefund=true live.,,high,
0x25066b77ae6174d372a9fe2b1d7886a2be150e9b,PolarisDEX,dex,eth,1.206604,1.156531,95.85,True,C,H-O,EtherDelta v2 clone; self withdraw.,,high,1.21 ETH.
0xcf25ebd54120cf2e4137fab0a91a7f7403a5debf,SeedDex v3,dex,eth,1.180489,1.148656,97.3,True,C,H-O,Escrow exchange; withdraw() self-only; migrateFunds() caller's own balance; setSuccessor onlyAdmin; changeManager isManager.,,high,1.18 ETH.
0x2b44d68555899dbc1ab0892e7330476183dbc932,Ethmall,dex,eth,1.035120,1.028551,99.37,True,C,H-O,EtherDelta v2 clone; self withdraw.,,high,1.04 ETH.
0x6feaf4e8f386c08b4518c175874b332329d0d6ba,SingularDTV Launch (ConsenSys),ico,eth,1.020600,1.020600,100.0,True,A,H-O,SingularDTV.withdrawContribution(): sentTokens[msg.sender]/contributions[msg.sender] only (needs token approval).,,high,
0x97c9e0eccc27efef7330e89a8c9414623ba2ee0f,ExToke,dex,eth,0.905326,0.904326,99.89,True,C,H-O,EtherDelta clone; withdraw() self-only; trade checks ecrecover==user.,,high,0.91 ETH.
0x4bc78f6619991b029b867b6d88d39c196332aba3,AlgoDEX,dex,eth,0.867356,0.844920,97.41,True,C,H-O,EtherDelta v2 clone; self withdraw.,,high,0.87 ETH.
0x51a2b1a38ec83b56009d5e28e6222dbb56c23c22,nDEx,dex,eth,0.639209,0.639867,100.1,True,C,H-O,EtherDelta v2 clone; self withdraw.,,high,0.64 ETH.
0x4fbcfa90ac5a1f7f70b7ecc6dc1589bbe6904b02,EDex,dex,eth,0.543551,0.543551,100.0,True,C,H-O,EtherDelta v2 clone; self withdraw.,,high,0.54 ETH.
0xf61a285edf078536a410a5fbc28013f9660e54a8,TradexOne,dex,eth,0.471226,0.471226,100.0,True,E,H-O,EtherDelta fork: depositors withdraw their own recorded balance via withdraw(amount)/withdrawToken().,,high,Fee account can only withdraw its own fee balance. No E-U.
0xe8fff15bb5e14095bfdfa8bb85d83cc900c23c56,Afrodex,dex,eth,0.451708,0.451708,100.0,True,E,H-O,EtherDelta fork: depositors withdraw their own recorded balance via withdraw(amount)/withdrawToken().,,high,No E-U.
0x9465A32618a9172b3c14d82cecdCa788dE1ef878,P4RTY DAO Vault,gambling,eth,0.430478,0.433423,100.61,True,E,H-O,Stakers self-withdraw accrued ETH dividends via withdraw() (requires myDividends()>0). No unstake exists; P4RTY is permanently locked once staked.,,high,H-O: existing stakers claim own dividends. Buying P4RTY and staking now yields zero past dividends (payoutsTo_ reset at stake). No E-U.
0xbb9bc244d798123fde783fcc1c72d3bb8c189413,The DAO,ico,token,0.000600,81479.791194,100.0,,A,H-O,"The DAO token (0 ETH); backing WithdrawDAO child holds 81,399.81 ETH. withdraw() pays caller's own DAO balance; trusteeWithdraw() underflows to a no-op.",,high,Largest pot in the index; holder-only.
0x96a4ed03206667017777f010dea4445823acb0fc,P4D,gambling,token,0.000000,7.636883,99.3,True,E,S,Mapped 7.64 ETH is PHANTOM: contract holds 1 wei. withdrawSubdivs()/withdrawSubdivsAmount() revert (INVALID) for real holders due to broken lastContractBalance_ accounting.,,high,"Index over-mapped by ~7.63 ETH. Only ~0.0133 ETH (P3D dividends) is physically present for a small holder first-mover race; mapped amount unbacked. Not E-U (holders only, tiny real value)."
0x6090A6e47849629b7245Dfa1Ca21D94cd15878Ef,ENS Old Registrar,dex,token,0.000000,8983.981467,100.0,True,C,S,0 ETH live. Historic bid ETH was held in per-bid Deed child contracts (newBid creates a Deed); unsealBid/releaseDeed/cancelBid operate on deeds.,,high,No funds at this address. Deeds are separate child contracts (not in this segment's address list; children_from_descriptions has none). cancelBid cannot be exploited for the registrar balance (zero).
0x347e3513ca6d5118cb2df3bc386eade1e8f25ceb,SAW Games Pass,nft,eth,0.000000,0.000000,0.0,True,E,S,NFT contract; mint ETH was withdrawn by owner (withdraw() onlyOwner). No claimable value.,,high,No ETH/token value. Dust.
0xb1E4675f0dBE360bA90447A7e58c62C762Ad62D4,Neufund,ico,token,0.000000,3713.192567,96.17,True,A,H-O,LockedAccount v1 withdraw pays caller's own balance; 0 ETH on contract (backing lives in paired EtherToken v1).,,high,No live ETH on this address.
0xc59b0e4de5f1248c1140964e0ff287b192407e0c,Omen / Conditional Tokens,other,token,0.000000,161.201706,100,True,C,H-O,Canonical Gnosis CTF: redeemPositions()/mergePositions() pay msg.sender based on their position-token balances; splitPosition deposits collateral; reportPayouts only oracle.,,high,0 ETH live; index mapped 161.2 (collateral). Self-only redemption; no non-holder path.
0x3a3A65aAb0dd2A17E3F1947bA16138cd37d08c04,Aave v1,defi,token,0.000000,925.999123,99.87,True,D,H-O,PRIOR: aETH.redeem(amount) unwraps holder shares into ETH from LendingPoolCore; holder-only tail of Aave v1.,,high,PRIOR-verified; only a one-line re-check per KIT. No selector deviation from AToken.
0xd7e011ad27b6128934e2afd1763120ede1274ae4,VLB Token,ico,vault,0.000000,81.144246,100.0,True,A,H-O,VLB RefundableCrowdsale: ETH sits in sibling RefundVault; depositors claimRefund() self-only (vault state).,,high,Listed contract holds 0 ETH; sibling vault value.
0xdea2bc436d38d4f8ee6f9e63b63b72a399c24e2c,VLB / Lino,ico,vault,0.000000,17.280000,100.0,True,E,H-O,OZ RefundableCrowdsale: ETH sits in sibling RefundVault (state=Refunding). Original depositors self-claim via crowdsale claimRefund() or vault refund(investor); payments go to the recorded depositor o,,high,Third party may trigger refund(investor) but ETH always goes to the depositor - no redirect. 27 vaults hold 115.954 ETH total in unclaimed ICO refunds. No E-U.
0x7c33f3d417ef65a5299998bf7bbd35921963336c,Friend Network Token,ico,vault,0.000000,16.450310,100.0,True,E,H-O,OZ RefundableCrowdsale: ETH sits in sibling RefundVault (state=Refunding). Original depositors self-claim via crowdsale claimRefund() or vault refund(investor); payments go to the recorded depositor o,,high,Third party may trigger refund(investor) but ETH always goes to the depositor - no redirect. 27 vaults hold 115.954 ETH total in unclaimed ICO refunds. No E-U.
0x5113309c84f7292b5f780748df5869cb9d0e3ad5,Trend (TND),ico,vault,0.000000,27.227072,100.0,,A,H-O,Trend (TND) OZ RefundableCrowdsale; ETH in sibling RefundVault; refund path depositor-only.,,medium,Listed contract holds 0 ETH; vault child not enumerated.
0xd005c3dccd6e7056883dc612770021bc09837098,Global ICO Token (GLIF),ico,vault,0.000000,16.126694,100.0,,E,H-O,OZ RefundableCrowdsale: ETH sits in sibling RefundVault (state=Refunding). Original depositors self-claim via crowdsale claimRefund() or vault refund(investor); payments go to the recorded depositor o,,high,Third party may trigger refund(investor) but ETH always goes to the depositor - no redirect. 27 vaults hold 115.954 ETH total in unclaimed ICO refunds. No E-U.
0xb8f1437c742dc042af73d5bd18c8fc985ec8e3b4,CryptoHunt (CH),ico,vault,0.000000,10.332650,100.0,True,E,H-O,OZ RefundableCrowdsale: ETH sits in sibling RefundVault (state=Refunding). Original depositors self-claim via crowdsale claimRefund() or vault refund(investor); payments go to the recorded depositor o,,high,Third party may trigger refund(investor) but ETH always goes to the depositor - no redirect. 27 vaults hold 115.954 ETH total in unclaimed ICO refunds. No E-U.
0x12c33d513d4534e6cb5dc06c56683be52a936d24,Alttradex (ATXT),ico,vault,0.000000,5.163657,100.0,,E,H-O,OZ RefundableCrowdsale: ETH sits in sibling RefundVault (state=Refunding). Original depositors self-claim via crowdsale claimRefund() or vault refund(investor); payments go to the recorded depositor o,,high,Third party may trigger refund(investor) but ETH always goes to the depositor - no redirect. 27 vaults hold 115.954 ETH total in unclaimed ICO refunds. No E-U.
0xc49e03bdd6809fd168565b26d27d5cf72f9e9525,Etcetera (ERA),ico,vault,0.000000,4.884109,100.0,True,E,H-O,OZ RefundableCrowdsale: ETH sits in sibling RefundVault (state=Refunding). Original depositors self-claim via crowdsale claimRefund() or vault refund(investor); payments go to the recorded depositor o,,high,Third party may trigger refund(investor) but ETH always goes to the depositor - no redirect. 27 vaults hold 115.954 ETH total in unclaimed ICO refunds. No E-U.
0xda3fa12b3d41cd9948db6437f27c0c9978c55cbb,Enkronos Token (ENK),ico,vault,0.000000,0.130000,100.0,True,E,H-O,OZ RefundableCrowdsale: ETH sits in sibling RefundVault (state=Refunding). Original depositors self-claim via crowdsale claimRefund() or vault refund(investor); payments go to the recorded depositor o,,high,Third party may trigger refund(investor) but ETH always goes to the depositor - no redirect. 27 vaults hold 115.954 ETH total in unclaimed ICO refunds. No E-U.
0x6e776e93291620dac8f3dde4a0b98c42a5359293,DeskBell (DBT),ico,vault,0.000000,3.820000,100.0,True,E,H-O,OZ RefundableCrowdsale: ETH sits in sibling RefundVault (state=Refunding). Original depositors self-claim via crowdsale claimRefund() or vault refund(investor); payments go to the recorded depositor o,,high,Third party may trigger refund(investor) but ETH always goes to the depositor - no redirect. 27 vaults hold 115.954 ETH total in unclaimed ICO refunds. No E-U.
0xc86554bee96fdb3c85f85b576ed52d5e1eacc3a6,Quintessence (QST),ico,vault,0.000000,1.529000,100.0,True,E,H-O,OZ RefundableCrowdsale: ETH sits in sibling RefundVault (state=Refunding). Original depositors self-claim via crowdsale claimRefund() or vault refund(investor); payments go to the recorded depositor o,,high,Third party may trigger refund(investor) but ETH always goes to the depositor - no redirect. 27 vaults hold 115.954 ETH total in unclaimed ICO refunds. No E-U.
0xcb7f070fda083e8e5f40559376c360f0709e985c,Deck Coin (DEK),ico,vault,0.000000,1.217728,100.0,True,E,H-O,OZ RefundableCrowdsale: ETH sits in sibling RefundVault (state=Refunding). Original depositors self-claim via crowdsale claimRefund() or vault refund(investor); payments go to the recorded depositor o,,high,Third party may trigger refund(investor) but ETH always goes to the depositor - no redirect. 27 vaults hold 115.954 ETH total in unclaimed ICO refunds. No E-U.
0x5e6a22ef928d09e9159737393ca155e9eb021d54,Tokpie (TKP),ico,vault,0.000000,1.154832,100.0,True,E,H-O,OZ RefundableCrowdsale: ETH sits in sibling RefundVault (state=Refunding). Original depositors self-claim via crowdsale claimRefund() or vault refund(investor); payments go to the recorded depositor o,,high,Third party may trigger refund(investor) but ETH always goes to the depositor - no redirect. 27 vaults hold 115.954 ETH total in unclaimed ICO refunds. No E-U.
0x05711090b4d375431e841ea79e52666f623d3353,GlobalSpy (SPY),ico,vault,0.000000,0.969807,100.0,True,E,H-O,OZ RefundableCrowdsale: ETH sits in sibling RefundVault (state=Refunding). Original depositors self-claim via crowdsale claimRefund() or vault refund(investor); payments go to the recorded depositor o,,high,Third party may trigger refund(investor) but ETH always goes to the depositor - no redirect. 27 vaults hold 115.954 ETH total in unclaimed ICO refunds. No E-U.
0x2f4330e833c76860ea54f15b0195ff80a2c519c4,BigToken (BTK),ico,vault,0.000000,4.406446,100.0,True,E,H-O,OZ RefundableCrowdsale: ETH sits in sibling RefundVault (state=Refunding). Original depositors self-claim via crowdsale claimRefund() or vault refund(investor); payments go to the recorded depositor o,,high,Third party may trigger refund(investor) but ETH always goes to the depositor - no redirect. 27 vaults hold 115.954 ETH total in unclaimed ICO refunds. No E-U.
0x3448295659daad4c834e5ce1c18c4e4ef73c7f06,WINiota (WIT),ico,vault,0.000000,4.991632,100.0,,E,H-O,OZ RefundableCrowdsale: ETH sits in sibling RefundVault (state=Refunding). Original depositors self-claim via crowdsale claimRefund() or vault refund(investor); payments go to the recorded depositor o,,high,Third party may trigger refund(investor) but ETH always goes to the depositor - no redirect. 27 vaults hold 115.954 ETH total in unclaimed ICO refunds. No E-U.
0xea864a114c648eff4f92e55b870fe1e71fd60083,Grapevine (GVINE),ico,vault,0.000000,0.976800,100.0,,E,H-O,OZ RefundableCrowdsale: ETH sits in sibling RefundVault (state=Refunding). Original depositors self-claim via crowdsale claimRefund() or vault refund(investor); payments go to the recorded depositor o,,high,Third party may trigger refund(investor) but ETH always goes to the depositor - no redirect. 27 vaults hold 115.954 ETH total in unclaimed ICO refunds. No E-U.
0x269b4c23ddab676e2869ae72cd6ae4f24bdfea45,IRB Tokens (IRB),ico,vault,0.000000,5.296100,100.0,,E,H-O,OZ RefundableCrowdsale: ETH sits in sibling RefundVault (state=Refunding). Original depositors self-claim via crowdsale claimRefund() or vault refund(investor); payments go to the recorded depositor o,,high,Third party may trigger refund(investor) but ETH always goes to the depositor - no redirect. 27 vaults hold 115.954 ETH total in unclaimed ICO refunds. No E-U.
0xa785ecdc8f166d0644b853f29732ae128c5d775b,CamToken (CAM),ico,vault,0.000000,3.453018,100.0,,E,H-O,OZ RefundableCrowdsale: ETH sits in sibling RefundVault (state=Refunding). Original depositors self-claim via crowdsale claimRefund() or vault refund(investor); payments go to the recorded depositor o,,high,Third party may trigger refund(investor) but ETH always goes to the depositor - no redirect. 27 vaults hold 115.954 ETH total in unclaimed ICO refunds. No E-U.
0x8519f68a987048b879bed6afab25a0414828c236,LINDA Token (Presale),ico,vault,0.000000,2.926923,100.0,,E,H-O,OZ RefundableCrowdsale: ETH sits in sibling RefundVault (state=Refunding). Original depositors self-claim via crowdsale claimRefund() or vault refund(investor); payments go to the recorded depositor o,,high,Third party may trigger refund(investor) but ETH always goes to the depositor - no redirect. 27 vaults hold 115.954 ETH total in unclaimed ICO refunds. No E-U.
0xfcbc3a54c5663295d075b086441ee51c32ad152c,LINDA Token (Main Sale),ico,vault,0.000000,2.748503,100.0,,E,H-O,OZ RefundableCrowdsale: ETH sits in sibling RefundVault (state=Refunding). Original depositors self-claim via crowdsale claimRefund() or vault refund(investor); payments go to the recorded depositor o,,high,Third party may trigger refund(investor) but ETH always goes to the depositor - no redirect. 27 vaults hold 115.954 ETH total in unclaimed ICO refunds. No E-U.
0x65320b9aeac77e45369e4892da896b7a987a97f3,Monoreto (MNR),ico,vault,0.000000,2.555338,100.0,,E,H-O,OZ RefundableCrowdsale: ETH sits in sibling RefundVault (state=Refunding). Original depositors self-claim via crowdsale claimRefund() or vault refund(investor); payments go to the recorded depositor o,,high,Third party may trigger refund(investor) but ETH always goes to the depositor - no redirect. 27 vaults hold 115.954 ETH total in unclaimed ICO refunds. No E-U.
0x79c59c24465fc3cc92e6419d4b59fdd285d874cf,Unverified ICO Refund (79c5),ico,vault,0.000000,1.541439,100.0,,E,H-O,OZ RefundableCrowdsale: ETH sits in sibling RefundVault (state=Refunding). Original depositors self-claim via crowdsale claimRefund() or vault refund(investor); payments go to the recorded depositor o,,high,Third party may trigger refund(investor) but ETH always goes to the depositor - no redirect. 27 vaults hold 115.954 ETH total in unclaimed ICO refunds. No E-U.
0xf36358e9c7f6bf26d9cff44f95bf9521fc3feed4,TREECHAIN NETWORK (TREECOIN),ico,vault,0.000000,1.000000,100.0,,E,H-O,OZ RefundableCrowdsale: ETH sits in sibling RefundVault (state=Refunding). Original depositors self-claim via crowdsale claimRefund() or vault refund(investor); payments go to the recorded depositor o,,high,Third party may trigger refund(investor) but ETH always goes to the depositor - no redirect. 27 vaults hold 115.954 ETH total in unclaimed ICO refunds. No E-U.
0x3adf5ee8777f471407e04a7453133477a2dc0c2c,Lendsbay Token (LBT),ico,vault,0.000000,0.845000,100.0,,E,H-O,OZ RefundableCrowdsale: ETH sits in sibling RefundVault (state=Refunding). Original depositors self-claim via crowdsale claimRefund() or vault refund(investor); payments go to the recorded depositor o,,high,Third party may trigger refund(investor) but ETH always goes to the depositor - no redirect. 27 vaults hold 115.954 ETH total in unclaimed ICO refunds. No E-U.
0xf563549daf64f684858e863e2731f19633d1acb1,FURT COIN (FRT),ico,vault,0.000000,0.694375,100.0,,E,H-O,OZ RefundableCrowdsale: ETH sits in sibling RefundVault (state=Refunding). Original depositors self-claim via crowdsale claimRefund() or vault refund(investor); payments go to the recorded depositor o,,high,Third party may trigger refund(investor) but ETH always goes to the depositor - no redirect. 27 vaults hold 115.954 ETH total in unclaimed ICO refunds. No E-U.
0x09b8aaa7a883e60c23c6a0635940000c6e2e7560,Kryptopy Token (KPY),ico,vault,0.000000,0.590000,100.0,,E,H-O,OZ RefundableCrowdsale: ETH sits in sibling RefundVault (state=Refunding). Original depositors self-claim via crowdsale claimRefund() or vault refund(investor); payments go to the recorded depositor o,,high,Third party may trigger refund(investor) but ETH always goes to the depositor - no redirect. 27 vaults hold 115.954 ETH total in unclaimed ICO refunds. No E-U.
0x9527551ca444f6e5d9a0b281116586427366862a,DigitizeCoin Presale (DTZ),ico,vault,0.000000,1.100000,100.0,True,E,H-O,OZ RefundableCrowdsale: ETH sits in sibling RefundVault (state=Refunding). Original depositors self-claim via crowdsale claimRefund() or vault refund(investor); payments go to the recorded depositor o,,high,Third party may trigger refund(investor) but ETH always goes to the depositor - no redirect. 27 vaults hold 115.954 ETH total in unclaimed ICO refunds. No E-U.
0xb4f10530e531c32490c68062662eb5684057afb4,PallyCoin (PAL),ico,vault,0.000000,43.262955,100.0,True,A,H-O,PallyCoin RefundableCrowdsale: vault.refund(msg.sender) via claimRefund(); refundTokens onlyCrowdsale.,,high,Listed contract holds 0 ETH.
0x77b275827eb3cf1792852b128a6dbc7a699bbd91,PallyCoin Fork (PAL2),ico,vault,0.000000,3.770000,100.0,True,E,H-O,OZ RefundableCrowdsale: ETH sits in sibling RefundVault (state=Refunding). Original depositors self-claim via crowdsale claimRefund() or vault refund(investor); payments go to the recorded depositor o,,high,Third party may trigger refund(investor) but ETH always goes to the depositor - no redirect. 27 vaults hold 115.954 ETH total in unclaimed ICO refunds. No E-U.
0x87ae4928f6582376a0489e9f70750334bbc2eb35,ChickenChef,masterchef,weth,0.000000,48.204819,100.0,True,E,H-O,"Stakers self-withdraw staked WETH via emergencyWithdraw(0) or withdraw(0,amount); no non-staker path.",,high,"Rewards are CHIFI mint (not WETH). Note: _chickenHalving() 2**parseHalving will wrap to 0 at parseHalving>=256 (approx block 32.0M, ~2 years), making getChickenBlockReward div-by-zero and bricking wit"
0x4dac3e07316d2a31baabb252d89663dee8f76f09,GovTreasurer,masterchef,weth,0.000000,18.997362,100.0,True,E,H-O,"Stakers self-withdraw via withdraw(2,amount) (works). emergencyWithdraw(2) is broken and destructive: it zeroes user.amount BEFORE transferring, so a mined call would pay 0 and destroy the claim.",,high,"DO NOT call emergencyWithdraw(2): a mined call permanently forfeits the position (funds stay in contract, claim wiped). Only withdraw(2,amount) is safe. No E-U (non-staker cannot call for another user"
0x07261a6e37adbfab11e6474bca54634c7782b195,MysteryMan,masterchef,weth,0.000000,4.000000,100.0,True,E,H-O,"Stakers self-withdraw staked WETH via emergencyWithdraw(0) or withdraw(0,amount).",,high,"Standard MasterChef; rewards are MYSTERY mint (5.38e24 held, no ETH relevance). No E-U."
0xb60c12d2a4069d339f49943fc45df6785b436096,MasterStar,masterchef,weth,0.000000,3.000000,96.77,True,E,H-O,"Single staker self-withdraws 3.0 WETH via emergencyWithdraw(0) or withdraw(0,amount). Extra 0.1 WETH in contract is an unaccounted donation, stuck.",,high,No E-U: migrate() cannot move pool-0 WETH (no cmoon addr); tokenConvert self-only. 0.1 WETH surplus unrecoverable (S for that dust).
0x0de845955e2bf089012f682fe9bc81dd5f11b372,BDPMaster,masterchef,weth,0.000000,1.743000,100.0,True,E,H-O,Stakers self-withdraw staked WETH ONLY via emergencyWithdraw(1). withdraw/deposit/claimReward are BROKEN (revert) but funds are not stranded.,,high,"Index note 'withdraw() BROKEN' confirmed: updatePool->BDP.mint reverts when seedPoolAmount==0, bricking withdraw/deposit/claimReward. emergencyWithdraw(1) still pays full stake. No E-U."
0x6b1803a257298292517668a5832bc5a27cb012fb,Pop Finance,defi,weth,0.000000,49.275724,476.49,True,D,H-O,Staked WETH withdrawable per-user: withdraw(amount) does _balances[msg.sender].sub(amount) and WETH transfer; getReward pays POP to caller.,,high,Classic CurveRewards fork; no non-holder path. 49.28 mapped > 10.34 WETH actual because index counts POP rewards too.
0xf1d29a124622c06f7026f35553543c833102183b,Gnosis DutchX,defi,weth,0.000000,158.828223,100.0,True,D,H-O,Users deposit WETH during Pooling; after state DepositWithdrawnFromDx/MgnUnlocked each address calls withdrawDeposit() and gets totalDeposit*poolShares/totalPoolShares for its own participations; with,,high,"Permissionless unlock functions are a public good (advance state), not theft. participateInAuction onlyOwner."
0xb9ed94c6d594b2517c4296e24a8c517ff133fb6d,Hegic V1 Call,defi,weth,0.000000,2.302797,100,True,E,H-O,LP tranche owners (ERC-721) withdraw principal via withdraw(trancheID)/withdrawWithoutHedge(trancheID). unlock(id) is permissionless but only releases expired-option accounting.,,high,No E-U. WETH == LP principal; only tranche owners can withdraw.
0x20dd9e22d22dd0a6ef74a520cb08303b5fad5de7,Hegic WBTC Pool,defi,token,0.000000,125.924078,100.0,True,D,H-O,"writeWBTC holders call withdraw(amount,maxBurn): requires lockup passed, amount<=availableBalance(), burn=ceil(amount*totalSupply/totalBalance) <= own balance.",,high,First-mover race: only 3.3465 of 9.5065 WBTC unlocked; providers exit FIFO while options lock the rest. No non-holder path.
0x7127ee43fafba873ce985683ab79df2ce2912198,Shrimp Finance,defi,weth,0.000000,41.807785,102.45,True,D,H-O,CurveRewards fork: stake WETH -> withdraw(amount) pays _balances[msg.sender]; getReward pays YAM rewards to caller; notifyRewardAmount onlyRewardDistribution.,,high,"Standard fork; no permissionless drain. Reward token is YAM, not the staked WETH."
0x3e63e6f0d6e90e120eb31e005aa149b476a89492,Bee2 Finance,defi,weth,0.000000,30.410000,100.0,True,D,H-O,"CurveRewards fork: withdraw pays own staked WETH; getReward pays BEE; getHoney pays HONEY to caller (staker-only, checkHoneyWait).",,high,Extra honey functions are caller-scoped. notifyRewardAmount onlyRewardDistribution.
0xb1236770ed9015e331c021347e005b00c8b8a01b,Kitten Finance,defi,weth,0.000000,19.626407,100.0,True,E,H-O,Stakers exit own WETH via withdraw(amount)/exit() (Synthetix StakingRewards); owner renounced.,,high,"No E-U. 19.6264 WETH is staker principal, fully backed by totalSupply."
0x587a07ce5c265a38dd6d42def1566ba73eeb06f5,Yam Finance v1,defi,weth,0.000000,136.241335,100.0,True,D,H-O,CurveRewards fork: exit()/withdraw() pay own staked WETH; getReward pays YAM.,,high,Standard fork; no new surface.
0x4547a86ca6a84b9d60dc57af908472074de7af5f,Spaghetti Money,defi,weth,0.000000,48.466875,100.0,True,D,H-O,CurveRewards fork: withdraw()/exit() pay own staked WETH.,,high,Standard fork.
0xde846827ce3022ecd5efd6ed316a2def9ab299b8,Doki Doki Finance,defi,weth,0.000000,57.115607,100.0,True,D,H-O,"stake WETH; withdraw(amount) requires amount<=_lpBalances[msg.sender], pays WETH to caller; claim pays own DOKI rewards.",,high,stake blocks contracts but withdraw does not; WETH balance covers _lpTotalSupply. devFund pays DOKI only.
0x0061c52768378b84306b2665f098c3e0b2c03308,CoFiX Staking,defi,weth,0.000000,48.683809,99.29,True,D,H-O,"Stake CoFi; withdraw(amount) returns own staking token; getReward pays own WETH dividends (accrued WETH increment, dividendShare=20%).",,high,H-O for users; governance can withdraw the pendingSavingAmount (privileged).
0xa17a8883da1abd57c690df9ebf58fc194edab66f,Pickle Finance v1 Staking,defi,weth,0.000000,53.057732,100,True,D,H-O,StakingRewards: stake/withdraw/getReward/exit all operate on msg.sender balances; rewards paid to caller.,,high,notifyRewardAmount onlyOwner; recoverERC20 onlyOwner.
0x4ccc2339f87f6c59c6893e1a678c2266ca58dc72,Opyn v2 Gamma,options,weth,0.000000,368.368586,100.0,True,D,H-O,"Expired ITM oToken holders call Controller.operate([Redeem]): _redeem burns oTokens from msg.sender and MarginPool.transferToUser(collateral,_args.receiver,payout); vault owners call operate([SettleVa",,high,Value lives in MarginPool (395.6 WETH) plus un-settled vaults. _redeem is caller-scoped; receiver arbitrary but burn is from caller. No non-holder path. Possible market-arb on expired ITM oTokens not 
0xb529964f86fbf99a6aa67f72a27e59fa3fa4feac,Opyn v1,options,eth,0.000000,21.632517,100.0,True,D,H-O,Per-oToken vault owners call redeemVaultBalance() after expiry; requires hasVault(msg.sender) and pays caller collateral+underlying.,,high,"Factory itself holds nothing; per-oToken claim is holder-only. Superseded protocol, contracts still callable."
0x6f400810b62df8e13fded51be75ff5393eaa841f,Mesa / Gnosis Protocol v1,dex,token,0.000000,138.878730,100.0,True,C,H-O,"BatchExchange: requestWithdraw(token,amount) by user; withdraw(user,token) is permissionless to trigger but always pays the recorded `user` and only their own requested amount.",,high,0 ETH live; index mapped 138.88 (WETH). No signature forgery path; no theft.
0xe1ee8d4c5dba1c221840c08f6cf42154435b9d52,UMA Yield Dollar,options,weth,0.000000,213.303774,99.55,True,D,H-O,After expiry anyone calls settleExpired(): caller gets tokenCurrency.balanceOf(msg.sender)*expiryPrice plus sponsor excess collateral; tokens are pulled and burned.,,high,"settleExpired is caller-scoped (reads caller's token balance) and min()-caps payout against remaining collateral -> first-mover race only if undercapitalized; token claims total ~2.5 ETH, sponsors tak"
0xf5644345a5a9dc14076b58802dc908b83e62b0e1,Vader Protocol,defi,weth,0.000000,225.378594,100.28,True,D,H-O,"claim(account,amount,proof): verifies leaf=keccak(account,amount,salt) against immutable root and sends WETH to `account`; anyone may trigger but funds always go to the leaf account.",,high,No msg.sender binding needed: no attacker profit (payment goes to leaf account). Owner sweep is P tail.
0xe1237aA7f535b0CC33Fd973D66cBf830354D16c7,Yearn v1 yWETH,defi,weth,0.000000,430.967010,100.0,True,D,H-O,"yWETH holders call withdraw(shares): r=balance()*shares/totalSupply, _burn(msg.sender,shares), pulls from Controller if needed, transfers WETH to caller; withdrawETH unwraps.",,high,"Vault solvent (assets>supply). Controller alive. No first-depositor inflation (supply is large). harvest onlyController, setController/setGovernance governance-only."
0xbc8021015db2ca0599e0692d63ae6b91564cf026,Euler Redemptions,lending,weth,0.000000,137.492035,99.94,True,D,H-O,"claimAndAgreeToTerms(acceptanceToken,index,tokenAmounts,proof): requires acceptanceToken==keccak(msg.sender,termsHash) and leaf==keccak(index,msg.sender,tokenAmounts); alreadyClaimed[index] nullifier;",,high,No cross-account claim (leaf includes msg.sender; index nullified). Owner recovery is privileged.
0xd3d13a578a53685b4ac36a1bab31912d2b2a2f36,Tokemak v1 tWETH,defi,weth,0.000000,274.136202,99.99,True,D,H-O,"tWETH holders call requestWithdrawal(amount) -> minCycle=currentCycle+1; after the cycle rolls, withdraw(requestedAmount,asEth) pays caller WETH/ETH.",,high,Fully backed and claim flow live (weekly cycle rollover observed via Blockscout tx history). Owner can pause/approveManager (P tail).
0xc8c3cc5be962b6d281e4a53dbcce1359f76a1b85,X2Y2 Fee Sharing,nft,token,0.000000,315.835791,100.0,True,C,H-O,"MasterChef-style: deposit()/withdraw()/withdrawAll()/harvest() operate on userInfo[msg.sender]; rewards = shares*(rewardPerTokenStored-paid)+rewards; updateRewards is REWARD_UPDATE_ROLE, depositFor is",,high,No non-holder path. WETH surplus over mapped is unallocated/uncounted rewards.
0x0b7ffc1f4ad541a4ed16b40d8c37f0929158d101,Gnosis Auction,defi,weth,0.000000,235.046521,99.2,True,D,H-O,"claimFromParticipantOrder(auctionId,orders) removes the caller-supplied orders and sends both legs to registeredUsers.getAddressAt(userId) (the order's user), not msg.sender; anyone may trigger.",,high,"Claim pays the order owner, so a third party triggering it cannot redirect funds. Owner (0x0da0...) only sets fee params."
0xa4B86BcbB18639D8e708d6163a0c734aFcDB770c,Nomad Bridge Recovery,hack_recovery,token,0.000000,44.926041,46.27,True,D,H-O,Allow-listed NFT holders call recover(id): requires allowList[msg.sender] and ownerOf(id)==msg.sender; pays pro-rata (totalCollected*amount/totalAffected - recovered).,,high,No non-holder path: allowList and NFT ownership both required. Owner can remove only the excess over outstanding claims.
0xc2f44bc508b6b50047a2f3afb1984ed105070be1,X2Y2 Presale,nft,token,0.000000,25.891121,100.0,True,C,H-O,Presale participants only: harvest()/withdraw()/emergencyWithdraw() require userInfo[msg.sender].hasShare (sale closed; 1000 shares). Rewards = (totalReward/totalShareSold - rewardDebt) * tokensLeft/T,,high,"Broken tokensLeft accounting: users who withdraw X2Y2 forfeit future rewards, but the pool (T=449.26 ETH theoretical) can exceed the 145.77 WETH balance if many participants have stale debt → first-mo"
0x4d9629e80118082b939e3d59e69c82a2ec08b4d5,Tribe Redeemer,defi,token,0.000000,0.000000,67.46,True,E,H-O,"TRIBE holders call redeem(to, amountIn): transfer TRIBE in, receive pro-rata basket [stETH, LQTY, FOX, DAI]. redeemBase decrements by amountIn.",,high,"Only TRIBE holders can redeem (H-O). No contract bug; any market arb is an off-contract price question (TRIBE price vs redemption value), not an E-U path in the contract."
0x02c133b9fbffb8d2e8cb7b7a94c7c880b331c720,Gro UST Compensation,defi,token,0.000000,0.000000,100.0,True,E,H-O,"Compensation beneficiaries claim via initialClaim(proof, amount) then claim() on a 2-year vesting schedule (ended 2024-05-31). Merkle proof required.",,high,H-O for beneficiaries (proof-gated); owner sweep exists (P). No E-U. Index mapped 0 (only tracked DAI).
0xA2F987A546D4CD1c607Ee8141276876C26b72Bdf,Lido AnchorVault,defi,eth,0.000000,232.826408,28.51,True,E,H-O,Vault backing contract for bETH; pays stETH only to bETH burners (pro-rata).,,high,Backing contract of bETH entry; same shortfall race. No E-U.
0xb9812e2fa995ec53b5b6df34d21f9304762c5497,DutchX dx_2,defi,token,0.000000,106.737902,94.5,True,D,H-O,"Auction positions keyed by user: claimBuyerFunds/claimSellerFunds(sellToken,buyToken,user,auctionIndex) credit balances[token][user]; user then withdraw(token,amount) pays msg.sender's own internal ba",,high,"Claim credits the `user` argument, so a third party cannot redirect funds. Unattributable gap ~6.3 ETH is likely rounding/stale positions."
0xaf1745c0f8117384dfa5fff40f824057c70f2ed3,DutchX dx_3,defi,token,0.000000,47.965695,67.6,True,D,H-O,Same DutchX claim model: positions keyed by user; claimBuyer/SellerFunds credits the user; withdraw pays caller's own balance.,,high,"Same as dx_2. Unattributable gap ~23 WETH / 2,439 SAI not reachable without position keys."
0x1E0447b19BB6EcFdAe1e4AE1694b0C3659614e4e,dYdX Solo Margin,lending,token,0.000000,1648.570541,97.39,True,E,S,No unprivileged extraction; only residual liquidation-spread value ($16-18 max per prior).,,high,Cited prior; live balance 0. No new surface.
0x090D4613473dEE047c3f2706764f49E0821D256e,Uniswap UNI Airdrop,defi,token,0.000000,0.000000,0,True,E,H-O,"UNI genesis MerkleDistributor: claim(index, account, amount, merkleProof) pays the leaf `account` (not msg.sender). Proof-gated.",,high,Notable H-O pool: ~12.5M UNI still unclaimed by airdrop recipients (proofs are public in the Uniswap merkle repo). No E-U: proof required and payment cannot be redirected.
0x5b67871c3a857de81a1ca0f9f7945e5670d986dc,Set Protocol (TokenSets),defi,token,0.000000,523.835083,98.74,True,D,H-O,"SetToken holders burn/redeem SetTokens; each SetToken module calls Vault.batchWithdrawTo / withdrawTo, which is onlyAuthorized (authorized SetToken contracts).",,high,Redemption is open but only via holder's own SetToken burn. Owner/authorized-address control is privileged.
0x0c48250eb1f29491f1efbeec0261eb556f0973c7,AimBot,token,token,0.000000,0.000000,,True,E,H-O,AIMBOT holders claim own dividends via AimBot.claim() -> AimBotDividends.claim(msg.sender) -> pays withdrawableDividendOf(msg.sender).,,high,Notable H-O: 67.46 ETH of unclaimed AIMBOT dividends claimable by holders (self-only). Non-holder cannot extract (correction math cancels past dividends on sync). Index missed the child entirely.
0x4d37ef04724fec8b80aab3f6b7e7f4ef4181d9a9,ProtoRAI (Reflexer),defi,token,0.000000,30.209637,100.0,True,D,H-O,"System was shut down in 2021 (shutdownTime=1611578601): RAI holders call prepareCoinsForRedeeming(amount) then redeemCollateral(type,coins) to receive pro-rata collateral; processSAFE/freeCollateral/s",,high,Contract holds no funds itself; value is in the SAFE engine. No non-holder path.
