index,pair,token0,sym0,dec0,reserve0,token1,sym1,dec1,reserve1,created_block
1,0x347f551eaba062167779c9c336aa681526857b81,0x381b31409e4d220919b2cff012ed94d70135a59e,USDT,6,4883128274,0xb1f66997a5760428d3a87d68b90bfe0ae64121cc,WTOMO,18,876709408977249166644,31047767
2,0x08975663ac228c6d208fa32c968569e5939fb634,0x381b31409e4d220919b2cff012ed94d70135a59e,USDT,6,8196127613,0x7262fa193e9590b2e075c3c16170f3f2f32f5c74,LUA,18,1741305681006050795951982,31048050
3,0x75f1b142eebc21d7e118eb67cac7f062ab1fc761,0x2eaa73bd0db20c64f53febea7b5f5e5bccc7fb8b,ETH,18,5450113018386026,0xb1f66997a5760428d3a87d68b90bfe0ae64121cc,WTOMO,18,2641688129487590697,31048484
4,0x810a21afe69fe356697a9824930904383930bd96,0x7262fa193e9590b2e075c3c16170f3f2f32f5c74,LUA,18,7093344950548851527629034,0xb1f66997a5760428d3a87d68b90bfe0ae64121cc,WTOMO,18,5986556089986405177067,31082317
5,0x80de489441284d4303ba34723eb345f2df6214c0,0x7262fa193e9590b2e075c3c16170f3f2f32f5c74,LUA,18,1932623217284641577651,0xf9787e76750c1e731054cf4cc97a2e3f490db360,LIT,18,1079401161505047859369,31133498
6,0x30ceef8bc7ff7af43a07cd0838d8ee5cbd052858,0x2eaa73bd0db20c64f53febea7b5f5e5bccc7fb8b,ETH,18,0,0xae44807d8a9ce4b30146437474ed6faaafa1b809,BTC,8,0,31133833
7,0x138031f43ad0f609d08144908d2aff370780cee2,0x381b31409e4d220919b2cff012ed94d70135a59e,USDT,6,0,0xae44807d8a9ce4b30146437474ed6faaafa1b809,BTC,8,0,31133874
8,0x8caf00e0e81b965492c0370aed33a65b523efd43,0xae44807d8a9ce4b30146437474ed6faaafa1b809,BTC,8,0,0xf9787e76750c1e731054cf4cc97a2e3f490db360,LIT,18,0,31134601
9,0xdc35036d7f67e65bf5b1081cb007cb32ed6172c1,0x7262fa193e9590b2e075c3c16170f3f2f32f5c74,LUA,18,1071694140314550832,0xae44807d8a9ce4b30146437474ed6faaafa1b809,BTC,8,127,31134649
10,0xaa5a1d4849113466dacaf35df26f9d20099c9c01,0x381b31409e4d220919b2cff012ed94d70135a59e,USDT,6,1,0xf9787e76750c1e731054cf4cc97a2e3f490db360,LIT,18,2788736251148,31134758
11,0x96a0b0e43664ca05376310368d98923ee1d66c1b,0x5a541f7963f17065677e767809e38984de0716b3,KHA,18,616008655929937588,0xb1f66997a5760428d3a87d68b90bfe0ae64121cc,WTOMO,18,205054179507319223,31136126
12,0x694142ea3b04274c1088c8d3af5c0be787f9f901,0x03c240eef697d0e1a346089345963fed8c4abc57,KHA,18,23936632392513,0xb1f66997a5760428d3a87d68b90bfe0ae64121cc,WTOMO,18,1100051291861942,31136401
13,0xa5b6a1dc4519e75a18a78599a4de83514b2ed4c0,0x22f5db89d9096a677f47ab6a38ff24135de76c77,LOVE,18,2269205240659875831947990,0xb1f66997a5760428d3a87d68b90bfe0ae64121cc,WTOMO,18,8093531188819218888,31143981
14,0x9f75f8f7002f8f5a481b90e4e1afd14a792ffe51,0x3c6475f8b4200e0a6acf5aeb2b44b769a3d37216,TIIM,18,38408486622338597157,0xb1f66997a5760428d3a87d68b90bfe0ae64121cc,WTOMO,18,370370321187006744,31147764
15,0xcf6037b91b2d1b229d811dd95e6029afd84108ae,0x22f5db89d9096a677f47ab6a38ff24135de76c77,LOVE,18,421418849258,0x7262fa193e9590b2e075c3c16170f3f2f32f5c74,LUA,18,31225659770,31148113
16,0x8df26a06961053fbc7d398e815b4c310ff9252e9,0xb1f66997a5760428d3a87d68b90bfe0ae64121cc,WTOMO,18,41382336101719713,0xf803fc434bad40dffe8ff86608adfbb17b25168b,SVA,10,389773299,31169815
17,0x91450a96f0af9729c02ddb550224b10a85a56f56,0xb1f66997a5760428d3a87d68b90bfe0ae64121cc,WTOMO,18,19362911357690676827,0xf9787e76750c1e731054cf4cc97a2e3f490db360,LIT,18,12632697983570384504064,31170270
18,0x54a12b95a207e7db77cac8b7cdfcd5e90168187d,0x2eaa73bd0db20c64f53febea7b5f5e5bccc7fb8b,ETH,18,4320448911779877277,0x7262fa193e9590b2e075c3c16170f3f2f32f5c74,LUA,18,2509327695441549800584714,31189926
19,0x4fbd8ba72262665dae92f69b48e939839654771e,0xae44807d8a9ce4b30146437474ed6faaafa1b809,BTC,8,786793,0xb1f66997a5760428d3a87d68b90bfe0ae64121cc,WTOMO,18,4833521512451399242,31216154
20,0x84ac38c0cb6a00af1723007a058d75b11decfd9f,0x5a541f7963f17065677e767809e38984de0716b3,KHA,18,0,0x7262fa193e9590b2e075c3c16170f3f2f32f5c74,LUA,18,0,31217469
21,0x142e19ed2223fcbf4211e5a43aa55408c4f357a5,0x661c18ff558f36aa94b9611eeb9af53424c400e4,FRONT,18,5546865763621396,0xb1f66997a5760428d3a87d68b90bfe0ae64121cc,WTOMO,18,8402971939794515,31325499
22,0x9376b2088c63715073ba89d9a179c102e506c04d,0x2eaa73bd0db20c64f53febea7b5f5e5bccc7fb8b,ETH,18,162635879978754,0x381b31409e4d220919b2cff012ed94d70135a59e,USDT,6,449555,31398301
23,0xbe397faebb08687a4ee389c78fd986e3c49d0ceb,0xb1f66997a5760428d3a87d68b90bfe0ae64121cc,WTOMO,18,871382823754157,0xb5b02a7e584ca9379ded9fec38a6a3b8098616fc,LAU,18,368140841600552140328,31464484
24,0x70c552c703ab8fa46f385c7f7ef98a6a985e17cc,0x7262fa193e9590b2e075c3c16170f3f2f32f5c74,LUA,18,51988722417242121,0xb5b02a7e584ca9379ded9fec38a6a3b8098616fc,LAU,18,52581217640177766,31465308
25,0x5eaae6c6bead78c2398a2b62907c6726809f0630,0x7262fa193e9590b2e075c3c16170f3f2f32f5c74,LUA,18,0,0xf803fc434bad40dffe8ff86608adfbb17b25168b,SVA,10,0,31466846
26,0x9578f4490be92809825c698c8ac7b65607681e7f,0xb5b02a7e584ca9379ded9fec38a6a3b8098616fc,LAU,18,1837400315976156768676,0xf9787e76750c1e731054cf4cc97a2e3f490db360,LIT,18,3660522453591638005,31467275
27,0xa936bbd2573baaba755da3cef24861aee1d0ebc6,0x2eaa73bd0db20c64f53febea7b5f5e5bccc7fb8b,ETH,18,0,0xb5b02a7e584ca9379ded9fec38a6a3b8098616fc,LAU,18,0,31504797
28,0xd197d19df7255c8e72a751b0ddcdb05e1d0bc5a0,0x5a541f7963f17065677e767809e38984de0716b3,KHA,18,0,0xb5b02a7e584ca9379ded9fec38a6a3b8098616fc,LAU,18,0,31505417
29,0x76b0d392c3b6c6dadfda6445586938b5a85f7bc4,0x381b31409e4d220919b2cff012ed94d70135a59e,USDT,6,1709886,0x833416c01362659d9f9c2402ad1c110b3a4ed267,DTE,18,16960804429585551027,31555199
30,0xd72ede2c861548224f1650f68d3783a0d6e0d506,0x512243ed55599001076261d4705eaa1e12f675c6,UNFLD,18,0,0xb1f66997a5760428d3a87d68b90bfe0ae64121cc,WTOMO,18,0,32324501
31,0xcc5a3c1c3773005b86031e378831049b854a8db1,0xb1f66997a5760428d3a87d68b90bfe0ae64121cc,WTOMO,18,21168113575340616,0xf95f20a95ed41262cb0d790948e0899c79ce8e89,EGW,18,54627393158989786,32324693
32,0x48f623f8d7db6bc05005b8d978c3fde1b396dea6,0xb1f66997a5760428d3a87d68b90bfe0ae64121cc,WTOMO,18,30056720286616618402,0xc01643ac912b6a8ffc50cf8c1390934a6142bc91,SRM,6,461763818,32390908
33,0x2777a7e98d237b9f553d11a665909e0383c0cb5d,0xb1f66997a5760428d3a87d68b90bfe0ae64121cc,WTOMO,18,166469879174112429535,0xe1a9a5fae06696d314994a9d6915c12a63ad055d,ZPAY,18,2573992614835714513793,32402178
34,0x9fde055be80c7fa950d8d7ef7ce6dd12699aa3d5,0x381b31409e4d220919b2cff012ed94d70135a59e,USDT,6,29796,0x3c6475f8b4200e0a6acf5aeb2b44b769a3d37216,TIIM,18,561949449944402262,32406483
35,0xaa5a62e3a1a33e95ec375efe31e98f5dc8bb9b34,0x7262fa193e9590b2e075c3c16170f3f2f32f5c74,LUA,18,99662896001061546938,0xe1a9a5fae06696d314994a9d6915c12a63ad055d,ZPAY,18,1316386283813566283,32411896
36,0xdde066e0413620428007fa45068e368b594a2ea8,0x381b31409e4d220919b2cff012ed94d70135a59e,USDT,6,10102,0xf95f20a95ed41262cb0d790948e0899c79ce8e89,EGW,18,4321237405221212,32425657
37,0x51eb382817521c79ea93de7e59701e08701599b2,0x381b31409e4d220919b2cff012ed94d70135a59e,USDT,6,277325,0xe1a9a5fae06696d314994a9d6915c12a63ad055d,ZPAY,18,731621728254957115,32438671
38,0xbc5993ac598179c051b142968aaa43c7eb87466e,0x4cfb3ca67ca1298b7a032b22152d3ed351c0e276,MASK,18,96873049,0xb1f66997a5760428d3a87d68b90bfe0ae64121cc,WTOMO,18,1000000031124374,32469315
39,0xe9d837e0290d9f3d004bd89a4601867c2caf7ebc,0x7cd82dca3a18b6784c44d28f7be0f74d1fc2048a,PIE,18,62525338603784718,0xb1f66997a5760428d3a87d68b90bfe0ae64121cc,WTOMO,18,228376758199029269,32471887
40,0x725643799b98c77b9663bc075f28f16da3b98100,0xe1a9a5fae06696d314994a9d6915c12a63ad055d,ZPAY,18,2026555325431336,0xf9787e76750c1e731054cf4cc97a2e3f490db360,LIT,18,26533637916788160,32491262
41,0x5f9a9b832d539a96357f173feed787bd0db2f072,0x6930a969a5f0ed54ee50bb128b2ede9aa1b2ff98,LEF,18,400000000000053358,0xb1f66997a5760428d3a87d68b90bfe0ae64121cc,WTOMO,18,221,32506159
42,0xaf9eb17c7441a7165470e09a6053798396b2b8de,0x559dacc62c55fb53ed52524474587b64d2b1d319,eRSDL,18,10000000000000907995,0x7262fa193e9590b2e075c3c16170f3f2f32f5c74,LUA,18,14030286669815873,32541482
43,0x75e6ea82359b2b0117a5c4d0d9c8de3345d96d6a,0x2777a7e98d237b9f553d11a665909e0383c0cb5d,LUA-V1,18,589413815077838293,0xb1f66997a5760428d3a87d68b90bfe0ae64121cc,WTOMO,18,7725663739669395420,32550359
44,0x4e8b5f60908a03637f443e39ff3d2422a9504afe,0x8103bb77ed2035b5da9a3a65d9c313cb6ee41dbd,TAB,18,6973837062574413538327,0xb1f66997a5760428d3a87d68b90bfe0ae64121cc,WTOMO,18,102026211994720499981,32551412
45,0xd30b596b5d2338945b60b5660622b288e3d3b85d,0x381b31409e4d220919b2cff012ed94d70135a59e,USDT,6,0,0xff0925745bb346295aa10b06f714d46282330b68,SWAP,6,0,32557387
46,0x3a22339ae8d5822042028f839b4f5f1d2978b492,0xb1f66997a5760428d3a87d68b90bfe0ae64121cc,WTOMO,18,4900780896045062,0xff0925745bb346295aa10b06f714d46282330b68,SWAP,6,50,32582661
47,0xbd3bcef6fe6ca8b5cae1a7089676c570ab6c3528,0x6cf97fe869beb5dbb2608a2c531b0db8aa899639,EGWA,18,1532,0xb1f66997a5760428d3a87d68b90bfe0ae64121cc,WTOMO,18,10000000000108,32648160
48,0x045116afc0ff222959f032c770ca7e6645cbd74d,0xb1f66997a5760428d3a87d68b90bfe0ae64121cc,WTOMO,18,1134654104655093,0xcd8e59a909d89cae25868daf100e66890bf7a0f9,BILA,18,116679628090288064,32680690
49,0xc125df241242721284d46483976970aa6f1d98ec,0xcd8e59a909d89cae25868daf100e66890bf7a0f9,BILA,18,1851665128579902,0xe1a9a5fae06696d314994a9d6915c12a63ad055d,ZPAY,18,278897596594571,32681678
50,0xa80e2f84b628d93d4086fb5c104fbf0bac614444,0x4fb39ce8a22a9e5c79a64360fd1461a17fa8250b,TIP,18,3100333529044017879,0xb1f66997a5760428d3a87d68b90bfe0ae64121cc,WTOMO,18,1644,32690922
51,0xc306826cc9aa3ee4bcdfaf6f32bff6954d3163b6,0x7262fa193e9590b2e075c3c16170f3f2f32f5c74,LUA,18,0,0xcd8e59a909d89cae25868daf100e66890bf7a0f9,BILA,18,0,32691097
52,0xdfa5f3b9dd9a9e22894cdab527554a01a97fa0ed,0x381b31409e4d220919b2cff012ed94d70135a59e,USDT,6,0,0x83c4dd0ad7809f6b36aa6ea0de192b6fc21ef16d,BEB,18,0,32728473
53,0x8e3a0f2f3e720a160e12edc3aaf89e10be366827,0x83c4dd0ad7809f6b36aa6ea0de192b6fc21ef16d,BEB,18,1451675197318518505,0xb1f66997a5760428d3a87d68b90bfe0ae64121cc,WTOMO,18,15705023118257012,32728501
54,0x66e1988d5258fadd3614bdcfa840c336b7cdd5b0,0x053bb94fb2b1bfc2a1a7f964068b22516cb6fe45,EVND,18,147367481603796320685390599,0x833416c01362659d9f9c2402ad1c110b3a4ed267,DTE,18,235233866052011523498658,32776366
55,0x8c68875db973faf153ff17020c58a251a23c9fbf,0xab46026c180a781d9b443a020076b5c8bfa6862a,TEST,18,100000000000000000000,0xb1f66997a5760428d3a87d68b90bfe0ae64121cc,WTOMO,18,1000000000000000000,32784645
56,0x65361eeab02e2ed27f89bb32a712deb7db1b9e5b,0xb1f66997a5760428d3a87d68b90bfe0ae64121cc,WTOMO,18,15466849967174787283,0xe612d33b7af9da2cf09458660f234c443c1c9c80,MAX,18,4948991522194543951559,32824194
57,0xf865f8754defcb87c6d071958f0a2d4a01f09493,0x381b31409e4d220919b2cff012ed94d70135a59e,USDT,6,0,0x4fb39ce8a22a9e5c79a64360fd1461a17fa8250b,TIP,18,0,32833891
58,0x3ee6a557f432b1a3d9b7d42e80e97a87d7f33f81,0x47f6f70253e799702a9055278dc6d7ba835f32f3,Bits,8,864713274184040,0xb1f66997a5760428d3a87d68b90bfe0ae64121cc,WTOMO,18,18524981718767768808,32855939
59,0xadd6848616f9c8949322f1e38482d889f2f9d789,0x54218d96b15797d5dd693999064212fa5d4dd6b3,UNXSW,16,2869189571725715212,0xb1f66997a5760428d3a87d68b90bfe0ae64121cc,WTOMO,18,4346960809544409,32857919
60,0x4217b2127bb6dc15b44597f876a71d0a6c953d7b,0xb1f66997a5760428d3a87d68b90bfe0ae64121cc,WTOMO,18,8339144453510695,0xc24c653e40eef59b44f6649dfa9841a091050269,USDTS,18,12000000000000000,32880209
61,0x138890eea959f48437439b0fd135980127ed7212,0x7d8821d47f56fa75d83ba45b909f62308282f115,TEST,18,1000000000000000000,0xb1f66997a5760428d3a87d68b90bfe0ae64121cc,WTOMO,18,100000000000000000,32919936
62,0x03b59cbcee5ddb000f10d423c5f35a6e8ee7276b,0xa45525af5d4034426b8f38e0e62695e350a880eb,Dvisa,18,1055858317596697181218,0xc7bf161608c5f203ad398fe37734d75af97c7aa0,Y0ct0,18,1039052491787455822406,33013597
63,0x6775e583056924fb214640b0124721f278c69bf7,0xa45525af5d4034426b8f38e0e62695e350a880eb,Dvisa,18,1225034410706499,0xb1f66997a5760428d3a87d68b90bfe0ae64121cc,WTOMO,18,1088253990001305,33013911
64,0x183b3b8c66f8ecced4afee2445649c7b1eb2985e,0xb1f66997a5760428d3a87d68b90bfe0ae64121cc,WTOMO,18,1000000000000000000,0xc7bf161608c5f203ad398fe37734d75af97c7aa0,Y0ct0,18,1000000000000000000,33013946
65,0x0326c676e3bbba9fa12e76ac266f7ce4997f85d9,0x381b31409e4d220919b2cff012ed94d70135a59e,USDT,6,1164,0xa45525af5d4034426b8f38e0e62695e350a880eb,Dvisa,18,911425702839606,33015987
66,0xaa3810c92a43cf04d409db1b890bdf9374788b69,0x381b31409e4d220919b2cff012ed94d70135a59e,USDT,6,1000000,0xc7bf161608c5f203ad398fe37734d75af97c7aa0,Y0ct0,18,1000000000000000000,33016046
67,0xbd30bf0e2a8eb37e9a4e7c0a56864dc0c1d8ed89,0x1b86fb5614f7e60f3b2f692af591d01a9e692dfd,GMP,18,0,0xb1f66997a5760428d3a87d68b90bfe0ae64121cc,WTOMO,18,0,33112312
68,0xad99c1ed01944a240610d4ec048234e47600df08,0x381b31409e4d220919b2cff012ed94d70135a59e,USDT,6,15429112,0xcca4e6302510d555b654b3eab9c0fcb223bcfdf0,USDC,6,2619006,33158020
69,0xb001577d059e78325ad9667d198ee6a70aff1194,0x7262fa193e9590b2e075c3c16170f3f2f32f5c74,LUA,18,459951502583655714243,0xcca4e6302510d555b654b3eab9c0fcb223bcfdf0,USDC,6,435893,33158909
70,0x9570e02304366189d5ea767bf25fb7934c8b844b,0xb1f66997a5760428d3a87d68b90bfe0ae64121cc,WTOMO,18,198338001973638747,0xec8a3dd63322c2c6543b36b383e5c4f6145b291d,KOI,18,6222442785370871189,33189920
71,0x62e93f047fa62655af0c8108626dcd8467623423,0x1b86fb5614f7e60f3b2f692af591d01a9e692dfd,GMP,18,2000000000000102,0xcd8e59a909d89cae25868daf100e66890bf7a0f9,BILA,18,193580145898881003,33288911
72,0x87edf4ded04cd2c9c1550803686a516d8e504da7,0x420e250b1de284ded71d163fe0c30f0bdbbbfca6,MND,3,4977,0xb1f66997a5760428d3a87d68b90bfe0ae64121cc,WTOMO,18,252805258945096991,33311337
73,0x7fd62633d485cc91123b6f556d521a1187958447,0x2eaa73bd0db20c64f53febea7b5f5e5bccc7fb8b,ETH,18,10237294483602216,0xcca4e6302510d555b654b3eab9c0fcb223bcfdf0,USDC,6,4707950,33348225
74,0xdeb502d7212cc39b0eaea53e2df07a8e36683f31,0x1ea2682b19c6045ca5e2deebaff059e67508805d,Toket,18,0,0xb1f66997a5760428d3a87d68b90bfe0ae64121cc,WTOMO,18,0,33360263
75,0xbbb345160f95ffe494efdf3a547ba8c387456489,0x1b86fb5614f7e60f3b2f692af591d01a9e692dfd,GMP,18,4022756691784118,0xe1a9a5fae06696d314994a9d6915c12a63ad055d,ZPAY,18,5116189805557988,33368533
76,0xc3e1d07b36829a7b530457244475b68caf3cfd50,0xb1f66997a5760428d3a87d68b90bfe0ae64121cc,WTOMO,18,2468999758483722824,0xcca4e6302510d555b654b3eab9c0fcb223bcfdf0,USDC,6,2559910,33369303
77,0xf18b5d37cc513147805fdb9e249bef653e26e6f5,0xae44807d8a9ce4b30146437474ed6faaafa1b809,BTC,8,0,0xcca4e6302510d555b654b3eab9c0fcb223bcfdf0,USDC,6,0,33369304
78,0xa80cc252471075b39ce829287da681e728a754d6,0xcca4e6302510d555b654b3eab9c0fcb223bcfdf0,USDC,6,0,0xf9787e76750c1e731054cf4cc97a2e3f490db360,LIT,18,0,33369307
79,0x419d217c09c121791d482091e22cc3574e7c4ec5,0x2eaa73bd0db20c64f53febea7b5f5e5bccc7fb8b,ETH,18,0,0xf9787e76750c1e731054cf4cc97a2e3f490db360,LIT,18,0,33369375
80,0x923d83d72a03cd5926f939dd53afff9fb0123fa7,0x771b1f2dd788accc76433db5787f9d3afece0103,DAI,18,19989999001000000,0xcca4e6302510d555b654b3eab9c0fcb223bcfdf0,USDC,6,19989,33369865
81,0x18a5c9d0437fb7d86c927929a10df777d6182d45,0x771b1f2dd788accc76433db5787f9d3afece0103,DAI,18,0,0xb1f66997a5760428d3a87d68b90bfe0ae64121cc,WTOMO,18,0,33369893
82,0x00b680739f83611a2ca4a56772b4d8c4f41c39ae,0x771b1f2dd788accc76433db5787f9d3afece0103,DAI,18,0,0xae44807d8a9ce4b30146437474ed6faaafa1b809,BTC,8,0,33369907
83,0xc6f54d993defa672d9fc9a06129ef21ede8fa7aa,0x2eaa73bd0db20c64f53febea7b5f5e5bccc7fb8b,ETH,18,0,0x771b1f2dd788accc76433db5787f9d3afece0103,DAI,18,0,33369924
84,0xd45c44071f51ff0de4b99737b6c6146e6a19cfa5,0x771b1f2dd788accc76433db5787f9d3afece0103,DAI,18,0,0xf9787e76750c1e731054cf4cc97a2e3f490db360,LIT,18,0,33369936
85,0x4b8326d69ea8d9e077d18ddc8a925382660e329f,0x7262fa193e9590b2e075c3c16170f3f2f32f5c74,LUA,18,0,0x771b1f2dd788accc76433db5787f9d3afece0103,DAI,18,0,33369950
86,0x3a67e0d71c66f5c1c15ad263948920993369b2e9,0x381b31409e4d220919b2cff012ed94d70135a59e,USDT,6,11,0x771b1f2dd788accc76433db5787f9d3afece0103,DAI,18,10000999000000,33369965
87,0xd649efc14b62ac15f52dd4f78694d12eb8cee4af,0x9befa435e06249d0f987dc546a43b7ad8d2ecbec,BUSD,18,0,0xb1f66997a5760428d3a87d68b90bfe0ae64121cc,WTOMO,18,0,33370139
88,0x17295474beab4fe9ad1745f045af97bf2ff8402b,0x9befa435e06249d0f987dc546a43b7ad8d2ecbec,BUSD,18,0,0xcca4e6302510d555b654b3eab9c0fcb223bcfdf0,USDC,6,0,33370164
89,0xcde7eaa6c8776a0cc08dbe913301172de18c15c1,0x9befa435e06249d0f987dc546a43b7ad8d2ecbec,BUSD,18,0,0xae44807d8a9ce4b30146437474ed6faaafa1b809,BTC,8,0,33370177
90,0x2098d51697a87ff8c2d58259eb57ff89373e9935,0x2eaa73bd0db20c64f53febea7b5f5e5bccc7fb8b,ETH,18,0,0x9befa435e06249d0f987dc546a43b7ad8d2ecbec,BUSD,18,0,33370190
91,0xcee4d221cb33614c85db3b6929b811976f401e50,0x9befa435e06249d0f987dc546a43b7ad8d2ecbec,BUSD,18,0,0xf9787e76750c1e731054cf4cc97a2e3f490db360,LIT,18,0,33370202
92,0x402fd083c737b18d5bededaacf83638d413c9335,0x7262fa193e9590b2e075c3c16170f3f2f32f5c74,LUA,18,0,0x9befa435e06249d0f987dc546a43b7ad8d2ecbec,BUSD,18,0,33370214
93,0x25108113d602ca1a127797d013553475aa1bb481,0x381b31409e4d220919b2cff012ed94d70135a59e,USDT,6,0,0x9befa435e06249d0f987dc546a43b7ad8d2ecbec,BUSD,18,0,33370223
94,0x98fea143a5e3f755deaf695c2e8d8a1b96b74d24,0x771b1f2dd788accc76433db5787f9d3afece0103,DAI,18,0,0x9befa435e06249d0f987dc546a43b7ad8d2ecbec,BUSD,18,0,33370262
95,0x30f6e6cf336944d842cf3a0973feb1c3bf2ad5a9,0x3903d7416c075379e767291863c180487f897114,PAX,18,0,0xb1f66997a5760428d3a87d68b90bfe0ae64121cc,WTOMO,18,0,33370420
96,0x5258985fbd640d5dd0f8478b600a45fba34df44a,0x3903d7416c075379e767291863c180487f897114,PAX,18,0,0xcca4e6302510d555b654b3eab9c0fcb223bcfdf0,USDC,6,0,33370433
97,0xb043ec9d5b29513b9519ac33375c30cf74194565,0x3903d7416c075379e767291863c180487f897114,PAX,18,0,0xae44807d8a9ce4b30146437474ed6faaafa1b809,BTC,8,0,33370447
98,0xe81481560611bfdda53d8653adb3e5a3cf47df93,0x3903d7416c075379e767291863c180487f897114,PAX,18,0,0x771b1f2dd788accc76433db5787f9d3afece0103,DAI,18,0,33370462
99,0x899b7622fb2e81c09c05f685997f3b4c21850f08,0x2eaa73bd0db20c64f53febea7b5f5e5bccc7fb8b,ETH,18,0,0x3903d7416c075379e767291863c180487f897114,PAX,18,0,33370477
100,0x1c26cc9a5d898319b06b24ccb7ab71b711ab584f,0x3903d7416c075379e767291863c180487f897114,PAX,18,0,0xf9787e76750c1e731054cf4cc97a2e3f490db360,LIT,18,0,33370491
101,0x7791538bcf3d94ceef10ca543b6c876a87e496d0,0x3903d7416c075379e767291863c180487f897114,PAX,18,0,0x7262fa193e9590b2e075c3c16170f3f2f32f5c74,LUA,18,0,33370507
102,0x1973ee7ec739ff73be57e9345863919c53a43f29,0x381b31409e4d220919b2cff012ed94d70135a59e,USDT,6,0,0x3903d7416c075379e767291863c180487f897114,PAX,18,0,33370522
103,0x2ac92d94a86b9112b6d0a2555b2a5d27994d1e99,0x3903d7416c075379e767291863c180487f897114,PAX,18,0,0x9befa435e06249d0f987dc546a43b7ad8d2ecbec,BUSD,18,0,33370564
104,0x5d63240ce076b295fe35be39eb8cbb3c2eb5667a,0x4ceed28f5cc2bd5a13e0a688eda209970da06f43,GUSD,2,0,0x771b1f2dd788accc76433db5787f9d3afece0103,DAI,18,0,33370760
105,0x33e573e7d36008296d4449de3a95cc380281c9ab,0x4ceed28f5cc2bd5a13e0a688eda209970da06f43,GUSD,2,0,0x9befa435e06249d0f987dc546a43b7ad8d2ecbec,BUSD,18,0,33370789
106,0x0cb4c856eaddddd6c19aea452ced4654d5293160,0x3903d7416c075379e767291863c180487f897114,PAX,18,0,0x4ceed28f5cc2bd5a13e0a688eda209970da06f43,GUSD,2,0,33370820
107,0xfa0e9c53e4f878862c2aae417cc7b3baea2d4c33,0x4ceed28f5cc2bd5a13e0a688eda209970da06f43,GUSD,2,0,0xb1f66997a5760428d3a87d68b90bfe0ae64121cc,WTOMO,18,0,33370833
108,0x66be006b2ec2e022b9dcafb7a087dfbe4cad6c03,0x4ceed28f5cc2bd5a13e0a688eda209970da06f43,GUSD,2,0,0xcca4e6302510d555b654b3eab9c0fcb223bcfdf0,USDC,6,0,33370855
109,0x7dee0b3186d11a4b415666e02b4f0a358879bda4,0x4ceed28f5cc2bd5a13e0a688eda209970da06f43,GUSD,2,0,0xae44807d8a9ce4b30146437474ed6faaafa1b809,BTC,8,0,33370871
110,0xa2f89a9c6b60c5d450619af0232ecbac253869c5,0x2eaa73bd0db20c64f53febea7b5f5e5bccc7fb8b,ETH,18,0,0x4ceed28f5cc2bd5a13e0a688eda209970da06f43,GUSD,2,0,33370889
111,0x1bac5f2de13d4c79769542a096d6f2d9c198c384,0x4ceed28f5cc2bd5a13e0a688eda209970da06f43,GUSD,2,0,0xf9787e76750c1e731054cf4cc97a2e3f490db360,LIT,18,0,33370902
112,0x21d8ebd3148cc4f7ab87852e2a30c59799883ae2,0x4ceed28f5cc2bd5a13e0a688eda209970da06f43,GUSD,2,0,0x7262fa193e9590b2e075c3c16170f3f2f32f5c74,LUA,18,0,33370919
113,0x3788c0032abeb137efac04710d70949734afe3bf,0x381b31409e4d220919b2cff012ed94d70135a59e,USDT,6,0,0x4ceed28f5cc2bd5a13e0a688eda209970da06f43,GUSD,2,0,33370932
114,0x47e6e7dc2913f4df9ac888210dd11103ab94bf60,0x936b1f7290c8cfc57e31d7e4a301d5f9fa5b0cd8,24x7,4,0,0xcca4e6302510d555b654b3eab9c0fcb223bcfdf0,USDC,6,0,33372419
115,0x5eb5d50d9f7fec0f2c43cc158bf3e722bf24f38d,0x043bd4b9c8f93d3c8c220d1fb7b3eb961d24cbf7,C98,18,0,0xcca4e6302510d555b654b3eab9c0fcb223bcfdf0,USDC,6,0,33372443
116,0xf48c34436d6ea784011a6d7de5c26ef07cf63bcd,0xcca4e6302510d555b654b3eab9c0fcb223bcfdf0,USDC,6,0,0xea8d13af16a33fc5de19c0b1edcf4cd053bd2fa9,CONST,2,0,33372461
117,0x4ab1f1ccfc5e1f18dcaee7927173f7307535a4e6,0xb3acef61c7926002b62f45f7c352ff561b19ad52,DXD,18,0,0xcca4e6302510d555b654b3eab9c0fcb223bcfdf0,USDC,6,0,33372493
118,0x7acad0365c77cc2c52fe9cc6e528c8ce24d3c342,0x33fa3c0c714638f12339f85dae89c42042a2d9af,FTT,18,25037757999932,0xcca4e6302510d555b654b3eab9c0fcb223bcfdf0,USDC,6,1451,33372506
119,0x21c6b85742275479f6efb243d75febc2a3e4737e,0xb1b4615508528de75012e38a0e1c07e0143c0c5d,LIKE,18,0,0xcca4e6302510d555b654b3eab9c0fcb223bcfdf0,USDC,6,0,33372522
120,0xeb98efe0e4c7ea3b98a00f27722d9a50e74e1715,0x4dd28c75b28f05df193b4e1bbb61cd186eb968c6,ORBYT,18,0,0xb1f66997a5760428d3a87d68b90bfe0ae64121cc,WTOMO,18,0,33372534
121,0x591ccb8d32177bc63b515fdfdc28ae3c4435409f,0x4dd28c75b28f05df193b4e1bbb61cd186eb968c6,ORBYT,18,0,0xcca4e6302510d555b654b3eab9c0fcb223bcfdf0,USDC,6,0,33372552
122,0x331dcc4f93ba671f9a925c1269b91a5b3ff745d0,0xc01643ac912b6a8ffc50cf8c1390934a6142bc91,SRM,6,52272,0xcca4e6302510d555b654b3eab9c0fcb223bcfdf0,USDC,6,3856,33372568
123,0xaee96597f778f609d36c84b1a554a78c64eeda87,0x6e27b25a6a85028e2fc00c3040b9fe3a952b5d5f,TPC,18,0,0xcca4e6302510d555b654b3eab9c0fcb223bcfdf0,USDC,6,0,33372588
124,0x99f238f04d31721a012747b59201a12656c5c39d,0xc43a2df23dafacb9106ab239896599b705e2e67e,VNDC,0,0,0xcca4e6302510d555b654b3eab9c0fcb223bcfdf0,USDC,6,0,33372604
125,0xdac10c86ef21b7eec8bf8481030d0f268468fb60,0xcca4e6302510d555b654b3eab9c0fcb223bcfdf0,USDC,6,0,0xe189a56891f6ca22797878e34992395a4afbde46,YFI,18,0,33372628
126,0x53edf055a485aa6f7d53cce7b75d2f48421d8647,0xb1f66997a5760428d3a87d68b90bfe0ae64121cc,WTOMO,18,0,0xe189a56891f6ca22797878e34992395a4afbde46,YFI,18,0,33372647
127,0x6e69b50fe2a2bfa7f067dcc45ff5b9b92fef0b5d,0xa48e7b76f9c0a6412f842253458af7d3b6caa70d,APM,18,0,0xcca4e6302510d555b654b3eab9c0fcb223bcfdf0,USDC,6,0,33372766
128,0x4537b71feca3ce22e6ec9a4ecdff6dce39915eba,0xcca4e6302510d555b654b3eab9c0fcb223bcfdf0,USDC,6,0,0xfeb9ae1ccec15cd8ccd37894ef3e24ec5414e781,DEC,18,0,33372782
129,0x29587fcb37253d18f08baca1e4436e0c1934ac77,0x661c18ff558f36aa94b9611eeb9af53424c400e4,FRONT,18,0,0xcca4e6302510d555b654b3eab9c0fcb223bcfdf0,USDC,6,0,33372797
130,0x81a1799117a45592e991780987b590de7ac73daa,0xa7551ba0d52c763fb6f8866de63827aa593f20bc,HY,18,1169800397488444,0xcca4e6302510d555b654b3eab9c0fcb223bcfdf0,USDC,6,7375,33372814
131,0x076e40c7b5bf1801a27b96e1b89227c8feb9da8b,0x6f1046758b3bcf667816deeac40e6bd1fbdcf830,LINA,18,0,0xcca4e6302510d555b654b3eab9c0fcb223bcfdf0,USDC,6,0,33372836
132,0x9f32be774967e25734f9179c0ef44cb5069ff64b,0x0716416755dee87498c607bf9008f8efc09ca07c,MTA,18,0,0xcca4e6302510d555b654b3eab9c0fcb223bcfdf0,USDC,6,0,33372854
133,0xac19a926dd05f2d06d68abe0531ec7ecb0bf0b03,0x4cd6cfb32a8699386e65b591f02819e34e4e4b4c,OM,18,0,0xcca4e6302510d555b654b3eab9c0fcb223bcfdf0,USDC,6,0,33372901
134,0x448c1a15c6c4ac960031e1dacdc9a2bea2b0419a,0x1bcc347956d04752fcb9b416392bf8666e2d6a8c,PAZZI,18,0,0xcca4e6302510d555b654b3eab9c0fcb223bcfdf0,USDC,6,0,33372907
135,0x4de29dcfc6a6f31904deec19d1e5344bbce10b2e,0x7cd82dca3a18b6784c44d28f7be0f74d1fc2048a,PIE,18,0,0xcca4e6302510d555b654b3eab9c0fcb223bcfdf0,USDC,6,0,33372912
136,0x86ce605b88b1c9cb9cb0c1b2d67985c20645926b,0x936b1f7290c8cfc57e31d7e4a301d5f9fa5b0cd8,24x7,4,0,0xb1f66997a5760428d3a87d68b90bfe0ae64121cc,WTOMO,18,0,33373203
137,0x1275dab1b74f82b3ca2463f619a55222e1ee61a0,0xa48e7b76f9c0a6412f842253458af7d3b6caa70d,APM,18,0,0xb1f66997a5760428d3a87d68b90bfe0ae64121cc,WTOMO,18,0,33373299
138,0x180cef65ffc93ac74ca6214196f56683038a9be2,0x043bd4b9c8f93d3c8c220d1fb7b3eb961d24cbf7,C98,18,0,0xb1f66997a5760428d3a87d68b90bfe0ae64121cc,WTOMO,18,0,33373311
139,0x6c751d55efac0eacd2243657c85b183ac66765f7,0xb1f66997a5760428d3a87d68b90bfe0ae64121cc,WTOMO,18,0,0xea8d13af16a33fc5de19c0b1edcf4cd053bd2fa9,CONST,2,0,33373326
140,0x5b492848175cc5d6f683f366344387b950862141,0xb1f66997a5760428d3a87d68b90bfe0ae64121cc,WTOMO,18,0,0xfeb9ae1ccec15cd8ccd37894ef3e24ec5414e781,DEC,18,0,33373344
141,0x6662333881d4c0e8a0ceef4c5a32a1e61dfe1c91,0xb1f66997a5760428d3a87d68b90bfe0ae64121cc,WTOMO,18,0,0xb3acef61c7926002b62f45f7c352ff561b19ad52,DXD,18,0,33373358
142,0x8791df121adf1ef4d4fd249da9dfb81711c3f297,0x33fa3c0c714638f12339f85dae89c42042a2d9af,FTT,18,22883350925255847266,0xb1f66997a5760428d3a87d68b90bfe0ae64121cc,WTOMO,18,48484437565932546656,33373386
143,0xd69651aa316a406c9fbbe1e7247e6fc70a723d86,0xa7551ba0d52c763fb6f8866de63827aa593f20bc,HY,18,113669355139018960776,0xb1f66997a5760428d3a87d68b90bfe0ae64121cc,WTOMO,18,23573982152500805304,33373405
144,0x1bb98d6a82b2fca919d38123d819981714ac3864,0xb1b4615508528de75012e38a0e1c07e0143c0c5d,LIKE,18,0,0xb1f66997a5760428d3a87d68b90bfe0ae64121cc,WTOMO,18,0,33373416
145,0xe6b196a239a6a0c0e27ae1a0ed19f670858b005c,0x6f1046758b3bcf667816deeac40e6bd1fbdcf830,LINA,18,0,0xb1f66997a5760428d3a87d68b90bfe0ae64121cc,WTOMO,18,0,33373431
146,0xd6dd2f0c15948b71866bf0454d98e79c06da1f32,0x0716416755dee87498c607bf9008f8efc09ca07c,MTA,18,0,0xb1f66997a5760428d3a87d68b90bfe0ae64121cc,WTOMO,18,0,33373452
147,0x4859da34bba3158eeea294f84c8e74ddc9f3eae0,0x4cd6cfb32a8699386e65b591f02819e34e4e4b4c,OM,18,0,0xb1f66997a5760428d3a87d68b90bfe0ae64121cc,WTOMO,18,0,33373466
148,0xfc7a5963e3a87db2f29cebc76b27cc1cd311d55a,0x1bcc347956d04752fcb9b416392bf8666e2d6a8c,PAZZI,18,0,0xb1f66997a5760428d3a87d68b90bfe0ae64121cc,WTOMO,18,0,33373481
149,0x85b4bb718e08a0910e695462dd466f7958aa9192,0x6e27b25a6a85028e2fc00c3040b9fe3a952b5d5f,TPC,18,0,0xb1f66997a5760428d3a87d68b90bfe0ae64121cc,WTOMO,18,0,33373498
150,0x1ac11023a83280031f521f5017bb497509d16989,0x7262fa193e9590b2e075c3c16170f3f2f32f5c74,LUA,18,0,0x936b1f7290c8cfc57e31d7e4a301d5f9fa5b0cd8,24x7,4,0,33373542
151,0x358be10a004c435e95a8e2365d038dd863f65911,0x7262fa193e9590b2e075c3c16170f3f2f32f5c74,LUA,18,0,0xa48e7b76f9c0a6412f842253458af7d3b6caa70d,APM,18,0,33373553
152,0xb27d1e3fe766f91958f83a1f4174c6b1926a3580,0x043bd4b9c8f93d3c8c220d1fb7b3eb961d24cbf7,C98,18,0,0x7262fa193e9590b2e075c3c16170f3f2f32f5c74,LUA,18,0,33373569
153,0x0356ee6b8ca3f39899aa3f5c6962a0c0304adf87,0x7262fa193e9590b2e075c3c16170f3f2f32f5c74,LUA,18,0,0xea8d13af16a33fc5de19c0b1edcf4cd053bd2fa9,CONST,2,0,33373583
154,0x6856726cbdb3bb9a2bb3403f82025edbefc8c10c,0x7262fa193e9590b2e075c3c16170f3f2f32f5c74,LUA,18,0,0xfeb9ae1ccec15cd8ccd37894ef3e24ec5414e781,DEC,18,0,33373600
155,0x93cdc2c20abc993d10df9f6ec2969a71ffef32a2,0x7262fa193e9590b2e075c3c16170f3f2f32f5c74,LUA,18,0,0xb3acef61c7926002b62f45f7c352ff561b19ad52,DXD,18,0,33373613
156,0xd34f84bf57a070d34b6cb4dafbe0e214e0b148f2,0x661c18ff558f36aa94b9611eeb9af53424c400e4,FRONT,18,0,0x7262fa193e9590b2e075c3c16170f3f2f32f5c74,LUA,18,0,33373631
157,0x5fdb65af757969e576e0b466feecefac3ece19b0,0x33fa3c0c714638f12339f85dae89c42042a2d9af,FTT,18,63845028091595,0x7262fa193e9590b2e075c3c16170f3f2f32f5c74,LUA,18,52253694597042031,33373651
158,0x24fac611ade0a84f92b21a8580c8e1a784178577,0x7262fa193e9590b2e075c3c16170f3f2f32f5c74,LUA,18,1191167695997332922,0xa7551ba0d52c763fb6f8866de63827aa593f20bc,HY,18,27731397321736873,33373677
159,0x3b77e540b057834e2a49975ce730ec55b15e8248,0x7262fa193e9590b2e075c3c16170f3f2f32f5c74,LUA,18,0,0xb1b4615508528de75012e38a0e1c07e0143c0c5d,LIKE,18,0,33373689
160,0x3d9c0c2cd209321e0f3fc27d3cf9eed84a1c6ee2,0x6f1046758b3bcf667816deeac40e6bd1fbdcf830,LINA,18,0,0x7262fa193e9590b2e075c3c16170f3f2f32f5c74,LUA,18,0,33373704
161,0x8c8bb5770feba818f1e7cd0bb4d0bf328a07cd2f,0x0716416755dee87498c607bf9008f8efc09ca07c,MTA,18,0,0x7262fa193e9590b2e075c3c16170f3f2f32f5c74,LUA,18,0,33373724
162,0xe8a803991691d0ab9dba51be00c65653a5d3254d,0x4cd6cfb32a8699386e65b591f02819e34e4e4b4c,OM,18,0,0x7262fa193e9590b2e075c3c16170f3f2f32f5c74,LUA,18,0,33373747
163,0xc2f183ef79c07b2d71588067831c5d43d3e15464,0x4dd28c75b28f05df193b4e1bbb61cd186eb968c6,ORBYT,18,0,0x7262fa193e9590b2e075c3c16170f3f2f32f5c74,LUA,18,0,33373765
164,0x6c2fa8d32db2557208542c941c44f119ff524d3c,0x1bcc347956d04752fcb9b416392bf8666e2d6a8c,PAZZI,18,0,0x7262fa193e9590b2e075c3c16170f3f2f32f5c74,LUA,18,0,33373789
165,0xc45e242e87a3baf4612d009bfdcfa987086c99c8,0x7262fa193e9590b2e075c3c16170f3f2f32f5c74,LUA,18,0,0x7cd82dca3a18b6784c44d28f7be0f74d1fc2048a,PIE,18,0,33373801
166,0x1a14e8d4c443269345430b1ed9da67f34f2602e4,0x7262fa193e9590b2e075c3c16170f3f2f32f5c74,LUA,18,62513265949463181622,0xc01643ac912b6a8ffc50cf8c1390934a6142bc91,SRM,6,822509,33373834
167,0x4609b218c9bcb3bfa4f0b89d4f68373cdb46e224,0x6e27b25a6a85028e2fc00c3040b9fe3a952b5d5f,TPC,18,0,0x7262fa193e9590b2e075c3c16170f3f2f32f5c74,LUA,18,0,33373849
168,0xec0109e48e8f7b3edc35a9ad3d0a240e6ad43892,0x7262fa193e9590b2e075c3c16170f3f2f32f5c74,LUA,18,0,0xc43a2df23dafacb9106ab239896599b705e2e67e,VNDC,0,0,33373867
169,0x402d01c1ac459d0228f5d6ce5b9f24bd700c0a7b,0x7262fa193e9590b2e075c3c16170f3f2f32f5c74,LUA,18,0,0xe189a56891f6ca22797878e34992395a4afbde46,YFI,18,0,33373889
170,0x495935069519d652c08a8e5ccbe124ddf83a8154,0x381b31409e4d220919b2cff012ed94d70135a59e,USDT,6,0,0x936b1f7290c8cfc57e31d7e4a301d5f9fa5b0cd8,24x7,4,0,33373918
171,0x4e9fb32bf54db2b9478db2bf907241193bdc8e43,0x381b31409e4d220919b2cff012ed94d70135a59e,USDT,6,0,0xa48e7b76f9c0a6412f842253458af7d3b6caa70d,APM,18,0,33373965
172,0xe1dace1a4903477c24b2308bf5fd3aeef91f0d59,0x043bd4b9c8f93d3c8c220d1fb7b3eb961d24cbf7,C98,18,0,0x381b31409e4d220919b2cff012ed94d70135a59e,USDT,6,0,33373980
173,0x1acae1e43f2f755f5d4f69170badb5e01ec11d6f,0x381b31409e4d220919b2cff012ed94d70135a59e,USDT,6,0,0xea8d13af16a33fc5de19c0b1edcf4cd053bd2fa9,CONST,2,0,33373994
174,0xaee44e70a3d824f1cd51492fd4b25016fe1094bd,0x381b31409e4d220919b2cff012ed94d70135a59e,USDT,6,0,0xfeb9ae1ccec15cd8ccd37894ef3e24ec5414e781,DEC,18,0,33374039
175,0xc1d52576e21486448ee6e8cab46e3a7e585d9344,0x381b31409e4d220919b2cff012ed94d70135a59e,USDT,6,0,0xb3acef61c7926002b62f45f7c352ff561b19ad52,DXD,18,0,33374186
176,0x380ab72b5e3e04069a522cd3b47f7f82bad2a084,0x381b31409e4d220919b2cff012ed94d70135a59e,USDT,6,0,0x661c18ff558f36aa94b9611eeb9af53424c400e4,FRONT,18,0,33374200
177,0x7d1958050b136669efb204ee21cca892b4b91da9,0x33fa3c0c714638f12339f85dae89c42042a2d9af,FTT,18,0,0x381b31409e4d220919b2cff012ed94d70135a59e,USDT,6,0,33374223
178,0x1d48fab0a4270ab330529c4c4dc6145aaae90f45,0x381b31409e4d220919b2cff012ed94d70135a59e,USDT,6,8290643,0xa7551ba0d52c763fb6f8866de63827aa593f20bc,HY,18,7061054514663970221,33374236
179,0xe647cb255f619d5d96925960e29a96447d2f15f0,0x381b31409e4d220919b2cff012ed94d70135a59e,USDT,6,0,0xb1b4615508528de75012e38a0e1c07e0143c0c5d,LIKE,18,0,33374544
180,0xc28f566e814b3558a0a549964f2eae34a433f694,0x381b31409e4d220919b2cff012ed94d70135a59e,USDT,6,0,0x6f1046758b3bcf667816deeac40e6bd1fbdcf830,LINA,18,0,33374560
181,0xcbe0ad39a69219571a91c5cc68ca32e127d432c4,0x0716416755dee87498c607bf9008f8efc09ca07c,MTA,18,0,0x381b31409e4d220919b2cff012ed94d70135a59e,USDT,6,0,33374585
182,0x76639dae9580cd5a3f0d7d219a45aa024469ec6a,0x381b31409e4d220919b2cff012ed94d70135a59e,USDT,6,0,0x4cd6cfb32a8699386e65b591f02819e34e4e4b4c,OM,18,0,33374614
183,0x24df9d8bc938bcd3b10410af34f4cef131091d07,0x381b31409e4d220919b2cff012ed94d70135a59e,USDT,6,0,0x4dd28c75b28f05df193b4e1bbb61cd186eb968c6,ORBYT,18,0,33374628
184,0x653d5b2c626dabce7abbeafe3ece013a2633bf2a,0x1bcc347956d04752fcb9b416392bf8666e2d6a8c,PAZZI,18,0,0x381b31409e4d220919b2cff012ed94d70135a59e,USDT,6,0,33374645
185,0xe3102988687d111c7f5a853c0387dacba484bd2a,0x381b31409e4d220919b2cff012ed94d70135a59e,USDT,6,0,0x7cd82dca3a18b6784c44d28f7be0f74d1fc2048a,PIE,18,0,33374668
186,0x221f185a6b36cb5bdea690a5126d32be77c0aaca,0x381b31409e4d220919b2cff012ed94d70135a59e,USDT,6,0,0xc01643ac912b6a8ffc50cf8c1390934a6142bc91,SRM,6,0,33374684
187,0x83882272d265f925442fccefa00d73560eaf3503,0x381b31409e4d220919b2cff012ed94d70135a59e,USDT,6,0,0x6e27b25a6a85028e2fc00c3040b9fe3a952b5d5f,TPC,18,0,33374695
188,0x84c50a206f27c4fe8653bdfff042d514a6fc543a,0x381b31409e4d220919b2cff012ed94d70135a59e,USDT,6,0,0xc43a2df23dafacb9106ab239896599b705e2e67e,VNDC,0,0,33374702
189,0x20a5a177ca5fabde4c0557441b8a50b3cbd783d0,0x381b31409e4d220919b2cff012ed94d70135a59e,USDT,6,0,0xe189a56891f6ca22797878e34992395a4afbde46,YFI,18,0,33374707
190,0x8fab2ea638e4b8199f296d46c394f31b3a97700a,0x936b1f7290c8cfc57e31d7e4a301d5f9fa5b0cd8,24x7,4,0,0xae44807d8a9ce4b30146437474ed6faaafa1b809,BTC,8,0,33375553
191,0x30424886c3c1327c7d02c9ebed53c0aba7ba67f4,0xa48e7b76f9c0a6412f842253458af7d3b6caa70d,APM,18,0,0xae44807d8a9ce4b30146437474ed6faaafa1b809,BTC,8,0,33375579
192,0xc9da618c6ff7e9f50468b8f1e8514c825550da9b,0x043bd4b9c8f93d3c8c220d1fb7b3eb961d24cbf7,C98,18,0,0xae44807d8a9ce4b30146437474ed6faaafa1b809,BTC,8,0,33375601
193,0xc8dd16b6679e9830590a2f47e1e198c6ea7ca6e4,0xae44807d8a9ce4b30146437474ed6faaafa1b809,BTC,8,0,0xea8d13af16a33fc5de19c0b1edcf4cd053bd2fa9,CONST,2,0,33375605
194,0x701cc959411c354727d5d1ebd9373151794e2f64,0xae44807d8a9ce4b30146437474ed6faaafa1b809,BTC,8,0,0xfeb9ae1ccec15cd8ccd37894ef3e24ec5414e781,DEC,18,0,33375613
195,0x6042df84783f25666147b5d6324f23438de1c14b,0xae44807d8a9ce4b30146437474ed6faaafa1b809,BTC,8,0,0xb3acef61c7926002b62f45f7c352ff561b19ad52,DXD,18,0,33375632
196,0xad8def18a98af60210ac8e924d0d1b5b8de5a7eb,0x661c18ff558f36aa94b9611eeb9af53424c400e4,FRONT,18,0,0xae44807d8a9ce4b30146437474ed6faaafa1b809,BTC,8,0,33375652
197,0x705b384becad8e0e8c403d4a20ad8f19deaaf524,0x33fa3c0c714638f12339f85dae89c42042a2d9af,FTT,18,0,0xae44807d8a9ce4b30146437474ed6faaafa1b809,BTC,8,0,33375668
198,0xc25541e03f077d2846ef9bbe2f7d4292f93803e0,0xa7551ba0d52c763fb6f8866de63827aa593f20bc,HY,18,0,0xae44807d8a9ce4b30146437474ed6faaafa1b809,BTC,8,0,33375695
199,0x8964188eb8493e5f8da115e564147108bacd32cf,0xae44807d8a9ce4b30146437474ed6faaafa1b809,BTC,8,0,0xb1b4615508528de75012e38a0e1c07e0143c0c5d,LIKE,18,0,33375711
200,0x4a5a8a4ec13060d087734a2f31208623d1b5f522,0x6f1046758b3bcf667816deeac40e6bd1fbdcf830,LINA,18,0,0xae44807d8a9ce4b30146437474ed6faaafa1b809,BTC,8,0,33375731
201,0x38f8dadf0c85241c505c1af6c0c14edef9fe47ff,0x0716416755dee87498c607bf9008f8efc09ca07c,MTA,18,0,0xae44807d8a9ce4b30146437474ed6faaafa1b809,BTC,8,0,33375750
202,0xbe26ed0de9b3ba909fef6604f1c072f8b70261af,0x4cd6cfb32a8699386e65b591f02819e34e4e4b4c,OM,18,0,0xae44807d8a9ce4b30146437474ed6faaafa1b809,BTC,8,0,33375771
203,0x53b8dcbd72345a65406859615e9cb19847362477,0x4dd28c75b28f05df193b4e1bbb61cd186eb968c6,ORBYT,18,0,0xae44807d8a9ce4b30146437474ed6faaafa1b809,BTC,8,0,33375786
204,0x6e7af8c549aa0a54c84294f334bf11def6ece570,0x1bcc347956d04752fcb9b416392bf8666e2d6a8c,PAZZI,18,0,0xae44807d8a9ce4b30146437474ed6faaafa1b809,BTC,8,0,33375800
205,0xa283a29a10e1ea9d781e378c1d1733a47b03494a,0x7cd82dca3a18b6784c44d28f7be0f74d1fc2048a,PIE,18,0,0xae44807d8a9ce4b30146437474ed6faaafa1b809,BTC,8,0,33375820
206,0x9b3e0592d48aa07f029f4cbb72d84868fc3c9801,0xae44807d8a9ce4b30146437474ed6faaafa1b809,BTC,8,0,0xc01643ac912b6a8ffc50cf8c1390934a6142bc91,SRM,6,0,33375840
207,0xbc794e3dc22e226bc4f3f1824eee9272c01efb33,0x6e27b25a6a85028e2fc00c3040b9fe3a952b5d5f,TPC,18,0,0xae44807d8a9ce4b30146437474ed6faaafa1b809,BTC,8,0,33375859
208,0x12a383ebaac250c84539f49f0a1996bc54636fc5,0xae44807d8a9ce4b30146437474ed6faaafa1b809,BTC,8,0,0xc43a2df23dafacb9106ab239896599b705e2e67e,VNDC,0,0,33375876
209,0x7bfd40c06a09cbf74fc04e5e68ecd8b1b68a3159,0xae44807d8a9ce4b30146437474ed6faaafa1b809,BTC,8,0,0xe189a56891f6ca22797878e34992395a4afbde46,YFI,18,0,33375893
210,0x7e4da88392c8294f0a1ca9d02e69ee5410c15ed6,0x2eaa73bd0db20c64f53febea7b5f5e5bccc7fb8b,ETH,18,0,0x936b1f7290c8cfc57e31d7e4a301d5f9fa5b0cd8,24x7,4,0,33375916
211,0x17759ab71430b672e47e9c2d80afd328150e2af0,0x2eaa73bd0db20c64f53febea7b5f5e5bccc7fb8b,ETH,18,0,0xa48e7b76f9c0a6412f842253458af7d3b6caa70d,APM,18,0,33375933
212,0x1cff66976069e8044b0c47bd1ecea2632d6c5e4c,0x043bd4b9c8f93d3c8c220d1fb7b3eb961d24cbf7,C98,18,0,0x2eaa73bd0db20c64f53febea7b5f5e5bccc7fb8b,ETH,18,0,33375950
213,0x905fa08959662dc758c0fdfbbeff12578c2e29ea,0x2eaa73bd0db20c64f53febea7b5f5e5bccc7fb8b,ETH,18,0,0xea8d13af16a33fc5de19c0b1edcf4cd053bd2fa9,CONST,2,0,33375970
214,0x53bd8bfc350794a1bded69dbd3de0281f5fd662d,0x2eaa73bd0db20c64f53febea7b5f5e5bccc7fb8b,ETH,18,0,0xfeb9ae1ccec15cd8ccd37894ef3e24ec5414e781,DEC,18,0,33375997
215,0xa375a5ea403bde49eccea0740c701364f8d57313,0x2eaa73bd0db20c64f53febea7b5f5e5bccc7fb8b,ETH,18,0,0xb3acef61c7926002b62f45f7c352ff561b19ad52,DXD,18,0,33376025
216,0xb59310806c85056a4e15b2907af8a1aecbeeec89,0x2eaa73bd0db20c64f53febea7b5f5e5bccc7fb8b,ETH,18,0,0x661c18ff558f36aa94b9611eeb9af53424c400e4,FRONT,18,0,33376043
217,0xaa8ef91386871fe288985b3f6ad289980a9a5dfb,0x2eaa73bd0db20c64f53febea7b5f5e5bccc7fb8b,ETH,18,4731513117917936,0x33fa3c0c714638f12339f85dae89c42042a2d9af,FTT,18,1145040939581172492,33376054
218,0xff745f80ff9bef27f0cd9c4fdbdf4e17a61fcf8e,0x2eaa73bd0db20c64f53febea7b5f5e5bccc7fb8b,ETH,18,661963359990309,0xa7551ba0d52c763fb6f8866de63827aa593f20bc,HY,18,1721667064631191103,33376081
219,0x4b16d5050a5797147790c213c3c0d605afd2ad06,0x2eaa73bd0db20c64f53febea7b5f5e5bccc7fb8b,ETH,18,0,0xb1b4615508528de75012e38a0e1c07e0143c0c5d,LIKE,18,0,33376096
220,0x5dfe8c319490058b5f06080663905947145d4920,0x2eaa73bd0db20c64f53febea7b5f5e5bccc7fb8b,ETH,18,0,0x6f1046758b3bcf667816deeac40e6bd1fbdcf830,LINA,18,0,33376113
221,0xc7a1bc1469e284dbd3e5abf848fc2ef63012bec6,0x0716416755dee87498c607bf9008f8efc09ca07c,MTA,18,0,0x2eaa73bd0db20c64f53febea7b5f5e5bccc7fb8b,ETH,18,0,33376129
222,0xd70f283b63f52bd16c3e25312ecf0791746c556a,0x2eaa73bd0db20c64f53febea7b5f5e5bccc7fb8b,ETH,18,0,0x4cd6cfb32a8699386e65b591f02819e34e4e4b4c,OM,18,0,33376155
223,0x5a83d9de8bfa4704449dc9dad349b88b263f5407,0x2eaa73bd0db20c64f53febea7b5f5e5bccc7fb8b,ETH,18,0,0x4dd28c75b28f05df193b4e1bbb61cd186eb968c6,ORBYT,18,0,33376168
224,0x9597894b5df7eeb07bd57a113ac5719efc1476aa,0x1bcc347956d04752fcb9b416392bf8666e2d6a8c,PAZZI,18,0,0x2eaa73bd0db20c64f53febea7b5f5e5bccc7fb8b,ETH,18,0,33376184
225,0x470ff798941c44af5dcfebe0afcde28186f47ece,0x2eaa73bd0db20c64f53febea7b5f5e5bccc7fb8b,ETH,18,0,0x7cd82dca3a18b6784c44d28f7be0f74d1fc2048a,PIE,18,0,33376199
226,0x58c879c09d67292d8358376ef0e552efcfade9e0,0x2eaa73bd0db20c64f53febea7b5f5e5bccc7fb8b,ETH,18,2331053629034987,0xc01643ac912b6a8ffc50cf8c1390934a6142bc91,SRM,6,17863826,33376216
227,0x9a05dfae47d186388cd876fe67f7d4e956478a44,0x2eaa73bd0db20c64f53febea7b5f5e5bccc7fb8b,ETH,18,0,0x6e27b25a6a85028e2fc00c3040b9fe3a952b5d5f,TPC,18,0,33376234
228,0xcc5fb826de74bf4faf4565f253da983759041b79,0x2eaa73bd0db20c64f53febea7b5f5e5bccc7fb8b,ETH,18,0,0xc43a2df23dafacb9106ab239896599b705e2e67e,VNDC,0,0,33376254
229,0x5276549ea9ebee0c4660af09917d6f7f6ecc727e,0x2eaa73bd0db20c64f53febea7b5f5e5bccc7fb8b,ETH,18,0,0xe189a56891f6ca22797878e34992395a4afbde46,YFI,18,0,33376271
230,0x2b8c017b6421e04d76f3097472aaf59ce04000d7,0x771b1f2dd788accc76433db5787f9d3afece0103,DAI,18,0,0x936b1f7290c8cfc57e31d7e4a301d5f9fa5b0cd8,24x7,4,0,33376299
231,0x4f29c8a12ee0da49597ea130e3f762b83284bec2,0x4ceed28f5cc2bd5a13e0a688eda209970da06f43,GUSD,2,0,0xe189a56891f6ca22797878e34992395a4afbde46,YFI,18,0,33376331
232,0x9eda1814ca95587a6c3ce870ab6916970cdc8371,0x9297a405f39e6c307c2268a0b7a5a181bdb96f82,BAT,18,0,0xcca4e6302510d555b654b3eab9c0fcb223bcfdf0,USDC,6,0,33376448
233,0x8121bba27f96135e2da4b28603fa2e0d46af7074,0x381b31409e4d220919b2cff012ed94d70135a59e,USDT,6,0,0x9297a405f39e6c307c2268a0b7a5a181bdb96f82,BAT,18,0,33376480
234,0x24a2b293e6bef583ab4358d004efbbf44559ee79,0x9297a405f39e6c307c2268a0b7a5a181bdb96f82,BAT,18,0,0xb1f66997a5760428d3a87d68b90bfe0ae64121cc,WTOMO,18,0,33376496
235,0xae4889aff6d792af349261905cccb89dd561a812,0x7262fa193e9590b2e075c3c16170f3f2f32f5c74,LUA,18,0,0x9297a405f39e6c307c2268a0b7a5a181bdb96f82,BAT,18,0,33376501
236,0xaa318c2cdb447fea3309fbdbd1c1ba71ef986315,0x9297a405f39e6c307c2268a0b7a5a181bdb96f82,BAT,18,0,0xae44807d8a9ce4b30146437474ed6faaafa1b809,BTC,8,0,33376505
237,0x00c6481f69afff6b1b6b7e4204803c82b8e5b222,0x771b1f2dd788accc76433db5787f9d3afece0103,DAI,18,0,0x9297a405f39e6c307c2268a0b7a5a181bdb96f82,BAT,18,0,33376512
238,0x17dee286b0d5d5b04d4d1991d6b920217a89b6fb,0x2eaa73bd0db20c64f53febea7b5f5e5bccc7fb8b,ETH,18,0,0x9297a405f39e6c307c2268a0b7a5a181bdb96f82,BAT,18,0,33376520
239,0x887c398a99aac2de4ee9869a2f0f95f5a75a8b42,0x126d931d123cb0276ee91f9be152aacfbbeb0689,WETH,18,0,0x9297a405f39e6c307c2268a0b7a5a181bdb96f82,BAT,18,0,33376530
240,0xb988fd2a99f2c47265cab0f24514b240664c4ed0,0x4ceed28f5cc2bd5a13e0a688eda209970da06f43,GUSD,2,0,0x9297a405f39e6c307c2268a0b7a5a181bdb96f82,BAT,18,0,33376537
241,0x9056d659096a524e7ea851137c8c1089910a99b4,0x9297a405f39e6c307c2268a0b7a5a181bdb96f82,BAT,18,0,0x9befa435e06249d0f987dc546a43b7ad8d2ecbec,BUSD,18,0,33376629
242,0x4f0d77957d121aa7cac4138120c85bca371c558e,0x9befa435e06249d0f987dc546a43b7ad8d2ecbec,BUSD,18,0,0xe189a56891f6ca22797878e34992395a4afbde46,YFI,18,0,33376657
243,0xfc43eaac7768f787da26a51f848d190c67be9627,0x126d931d123cb0276ee91f9be152aacfbbeb0689,WETH,18,0,0x9befa435e06249d0f987dc546a43b7ad8d2ecbec,BUSD,18,0,33376675
244,0x5bcb5920acab177c2b1186d3af680cc1164cb9e4,0x126d931d123cb0276ee91f9be152aacfbbeb0689,WETH,18,0,0xb1f66997a5760428d3a87d68b90bfe0ae64121cc,WTOMO,18,0,33376728
245,0x00055a6dbfb7bbbd02113bddeba5252666ea68ff,0x126d931d123cb0276ee91f9be152aacfbbeb0689,WETH,18,0,0x381b31409e4d220919b2cff012ed94d70135a59e,USDT,6,0,33376748
246,0xa387277b930f9103b79cba7ca65a7ae24f519fe8,0x126d931d123cb0276ee91f9be152aacfbbeb0689,WETH,18,0,0x7262fa193e9590b2e075c3c16170f3f2f32f5c74,LUA,18,0,33376761
247,0x5c700016c8628f67f17fffdb7a0a3b49759edc5c,0x126d931d123cb0276ee91f9be152aacfbbeb0689,WETH,18,0,0xae44807d8a9ce4b30146437474ed6faaafa1b809,BTC,8,0,33376780
248,0xaa89da6447823b767bc614c1ba522b779bbad7ee,0x126d931d123cb0276ee91f9be152aacfbbeb0689,WETH,18,0,0x2eaa73bd0db20c64f53febea7b5f5e5bccc7fb8b,ETH,18,0,33376802
249,0x071f91c23611d94c5e31da6b84612c3d0477b1e0,0x126d931d123cb0276ee91f9be152aacfbbeb0689,WETH,18,0,0x4ceed28f5cc2bd5a13e0a688eda209970da06f43,GUSD,2,0,33376814
250,0xdc908b47d3b84fe3f1176f31a35f04df24c94e42,0x126d931d123cb0276ee91f9be152aacfbbeb0689,WETH,18,0,0xcca4e6302510d555b654b3eab9c0fcb223bcfdf0,USDC,6,0,33376890
251,0x781f6c70c9af6ef57eaddb860696353e3c260ce2,0x126d931d123cb0276ee91f9be152aacfbbeb0689,WETH,18,0,0x771b1f2dd788accc76433db5787f9d3afece0103,DAI,18,0,33376920
252,0x4e72594e094587f34d2d2531e755173609c8c36e,0x126d931d123cb0276ee91f9be152aacfbbeb0689,WETH,18,0,0x3903d7416c075379e767291863c180487f897114,PAX,18,0,33377083
253,0xdeddf0dedf2b06ae14b9cee915bbf48f9ac1cfbd,0x3903d7416c075379e767291863c180487f897114,PAX,18,0,0xe189a56891f6ca22797878e34992395a4afbde46,YFI,18,0,33377094
254,0x74f75a3f331e6270ed299f41bfb37ece1d2c0e91,0x33fa3c0c714638f12339f85dae89c42042a2d9af,FTT,18,0,0x3903d7416c075379e767291863c180487f897114,PAX,18,0,33377123
255,0xc47474a0d0c27489553f1f6da3823de0d6787d72,0x6c87c816544fe3eb608a5dbd25f0bbbbabdd8cdf,REN,18,0,0xcca4e6302510d555b654b3eab9c0fcb223bcfdf0,USDC,6,0,33377156
256,0x480008a25524d954b98fccd3f70582963150941a,0x381b31409e4d220919b2cff012ed94d70135a59e,USDT,6,0,0x6c87c816544fe3eb608a5dbd25f0bbbbabdd8cdf,REN,18,0,33377175
257,0xe968ca135e7df1eaa605bf226a8ba1e33b529b72,0x6c87c816544fe3eb608a5dbd25f0bbbbabdd8cdf,REN,18,0,0x7262fa193e9590b2e075c3c16170f3f2f32f5c74,LUA,18,0,33377194
258,0x94c4dc2ce01044cac910c9e9197201429dc89ead,0x6c87c816544fe3eb608a5dbd25f0bbbbabdd8cdf,REN,18,0,0xb1f66997a5760428d3a87d68b90bfe0ae64121cc,WTOMO,18,0,33377225
259,0x6cc4506f47666fe498c613791334918d4cfb98ee,0xcca4e6302510d555b654b3eab9c0fcb223bcfdf0,USDC,6,0,0xf89e4f188069e492c6ee204384709eae9a1dcc56,SNX,18,0,33377256
260,0x40010ca679c14de20cb64338eb1e901c2d9f9994,0x943efd2571dc83e4eebb55a4b1e82352efe2ac51,BNB,18,0,0xcca4e6302510d555b654b3eab9c0fcb223bcfdf0,USDC,6,0,33377279
261,0x526a046d3220ee8363a4e64840de515cc4341d3c,0xcca4e6302510d555b654b3eab9c0fcb223bcfdf0,USDC,6,0,0xccdc431e7c13798177f2f8eb6b4136df894221d6,WBTC,8,0,33377327
262,0x9092c22a3bbe29b65bf4208a46b6ee6f8b67bd6f,0xcca4e6302510d555b654b3eab9c0fcb223bcfdf0,USDC,6,107263,0xea478716a70dc086707e23de17965acb5c7b7840,MASQ,18,713854254480512496,33377379
263,0xc12fb4176613cea61310a950e3f2e7daf4ba324d,0x8b17e443b136dd446e1f57c8a8a925d8a058eb85,THETA,18,0,0xcca4e6302510d555b654b3eab9c0fcb223bcfdf0,USDC,6,0,33377406
264,0xdb5cc34c6847176767640d6c935744501b7972c9,0x0055a5eae409ee4d10f29968c86df93ac51c21c6,CEL,4,0,0xcca4e6302510d555b654b3eab9c0fcb223bcfdf0,USDC,6,0,33377420
265,0xbfbaa6a31d1767c9329bcdde4fc37af3b9fd9c6f,0xcca4e6302510d555b654b3eab9c0fcb223bcfdf0,USDC,6,0,0xcd13d223e5257c04a1943dedae7fa1cecfd8de05,SUSHI,18,0,33377446
266,0x834d48cc5f6ade9b72be23dcdb34d6b338df93f5,0xcca4e6302510d555b654b3eab9c0fcb223bcfdf0,USDC,6,0,0xf42ffb2e444e3f4f02bc3395cb21a4a35137e196,UNI,18,0,33377474
267,0xfa3e06c2f721589fe66e347af8ea914777ce9992,0x58e72b1b6cd577b3f93111c65ea539774ae1b3c9,ENJ,18,0,0xcca4e6302510d555b654b3eab9c0fcb223bcfdf0,USDC,6,0,33377525
268,0x5da0d19764c9e13edf956d22571a92773359e957,0x72527bf784401db1a50ee4002c40e8d4a3165352,MKR,18,0,0xcca4e6302510d555b654b3eab9c0fcb223bcfdf0,USDC,6,0,33377590
269,0x0e28b127e02559d4ace614ad4ee14f8b828af541,0x72527bf784401db1a50ee4002c40e8d4a3165352,MKR,18,0,0x771b1f2dd788accc76433db5787f9d3afece0103,DAI,18,0,33377630
270,0xbaec92846cef48cbaf24ac6ef7a9ec5f3ca551fc,0x9de0fd932fed363bf8b6f52f9508034782014e22,COMP,18,0,0xcca4e6302510d555b654b3eab9c0fcb223bcfdf0,USDC,6,0,33377667
271,0x714433c35d8994ca5ccaa07a903cd2760e5b7d0a,0x126d931d123cb0276ee91f9be152aacfbbeb0689,WETH,18,0,0x9de0fd932fed363bf8b6f52f9508034782014e22,COMP,18,0,33377693
272,0xa0c89c1755973f008b3a7336b9514501e2ce6428,0x2eaa73bd0db20c64f53febea7b5f5e5bccc7fb8b,ETH,18,0,0x9de0fd932fed363bf8b6f52f9508034782014e22,COMP,18,0,33377717
273,0x002698919522619820a9c9cf0dece0822a2148e7,0x7262fa193e9590b2e075c3c16170f3f2f32f5c74,LUA,18,0,0x9de0fd932fed363bf8b6f52f9508034782014e22,COMP,18,0,33377746
274,0x2991445412c95400c8e707585f5abc22fd8bb0dd,0x943efd2571dc83e4eebb55a4b1e82352efe2ac51,BNB,18,0,0x9befa435e06249d0f987dc546a43b7ad8d2ecbec,BUSD,18,0,33377787
275,0xab77486d767df95ec7b618b3b498e6a9e95564fd,0x10d14db0825d1bfc3fe4984ee6d049691098d4cb,LINK,18,0,0xcca4e6302510d555b654b3eab9c0fcb223bcfdf0,USDC,6,0,33377937
276,0x03f98540cdbce02ec3be8f93f690893dc05f2e92,0xcca4e6302510d555b654b3eab9c0fcb223bcfdf0,USDC,6,0,0xf623065d1c8e28bf8cadfd60966278cc570efa0d,PAXG,18,0,33378239
277,0x8a3899fa21905d82f77cc664a4e3d02fc51281e7,0x3903d7416c075379e767291863c180487f897114,PAX,18,0,0xf623065d1c8e28bf8cadfd60966278cc570efa0d,PAXG,18,0,33378264
278,0x031c0c391ad7137a08c27eedf78d8ac18645f3f0,0x8905ba547c2772ef5a6d54044931dd921b87815c,UNXSW,18,3694171629073290438,0xb1f66997a5760428d3a87d68b90bfe0ae64121cc,WTOMO,18,6801082499875828,33379132
279,0xf1f2ce11993f609ebc8afd542a9353286e4d659c,0x1e2f51a48157fd0f2646eccc7cc9fbe5330369f7,MSP,18,26877211382041,0xb1f66997a5760428d3a87d68b90bfe0ae64121cc,WTOMO,18,11309853910685228,33382097
280,0xbce2a748cb4b613ed9058266febc221878a6e359,0xcca4e6302510d555b654b3eab9c0fcb223bcfdf0,USDC,6,0,0xec8a3dd63322c2c6543b36b383e5c4f6145b291d,KOI,18,0,33395122
281,0x7a1cae2eb5f21641e624e850f0aa75b946226df5,0x381b31409e4d220919b2cff012ed94d70135a59e,USDT,6,0,0xec8a3dd63322c2c6543b36b383e5c4f6145b291d,KOI,18,0,33395160
282,0xd513720f73afe9e559b2a3be008e0a2099e5f1ee,0xcca4e6302510d555b654b3eab9c0fcb223bcfdf0,USDC,6,0,0xd6393b5bdc65f94af3edcc653ab14120ff274199,xLUA,18,0,33398443
283,0xef76bacf069639edb895e333b69edd7faa6f2cae,0x381b31409e4d220919b2cff012ed94d70135a59e,USDT,6,0,0xd6393b5bdc65f94af3edcc653ab14120ff274199,xLUA,18,0,33398645
284,0xf8b1f2dc4583243d58031a8118aacbcbde0b7f0c,0xb1f66997a5760428d3a87d68b90bfe0ae64121cc,WTOMO,18,445647921131044,0xd6393b5bdc65f94af3edcc653ab14120ff274199,xLUA,18,46822538191688,33398668
285,0x504edbad98cbd18a92e0c44f183d2bfb9e43321e,0x7262fa193e9590b2e075c3c16170f3f2f32f5c74,LUA,18,9784622653439028221,0xd6393b5bdc65f94af3edcc653ab14120ff274199,xLUA,18,664835510197414,33445448
286,0x49ec2e3103d4aece04a15e9a3b0715bb0d594288,0x2eaa73bd0db20c64f53febea7b5f5e5bccc7fb8b,ETH,18,0,0xd6393b5bdc65f94af3edcc653ab14120ff274199,xLUA,18,0,33456885
287,0xcee62db8cc18c967b2f842bde41991de9d8e730a,0x2eaa73bd0db20c64f53febea7b5f5e5bccc7fb8b,ETH,18,0,0x943efd2571dc83e4eebb55a4b1e82352efe2ac51,BNB,18,0,33456908
288,0x9cb2bf3a21b3cc2ebaebc3eb5734546a01abe7c8,0x0055a5eae409ee4d10f29968c86df93ac51c21c6,CEL,4,0,0x2eaa73bd0db20c64f53febea7b5f5e5bccc7fb8b,ETH,18,0,33456931
289,0x4ccac7cfbc550439b7c4126730653153fbecd335,0x2eaa73bd0db20c64f53febea7b5f5e5bccc7fb8b,ETH,18,0,0x58e72b1b6cd577b3f93111c65ea539774ae1b3c9,ENJ,18,0,33459158
290,0xf767aea19f9bb529bac232af721ae69ace1063e6,0x2eaa73bd0db20c64f53febea7b5f5e5bccc7fb8b,ETH,18,0,0xec8a3dd63322c2c6543b36b383e5c4f6145b291d,KOI,18,0,33459190
291,0x5aed4a4cad194bac5ce70f648528b2474e0ddd83,0x10d14db0825d1bfc3fe4984ee6d049691098d4cb,LINK,18,0,0x2eaa73bd0db20c64f53febea7b5f5e5bccc7fb8b,ETH,18,0,33459212
292,0xcdc53cd5d193de0d2f75483bfd1c859ab562ebea,0x2eaa73bd0db20c64f53febea7b5f5e5bccc7fb8b,ETH,18,0,0xea478716a70dc086707e23de17965acb5c7b7840,MASQ,18,0,33459233
293,0xaf68c55555c1739a40a670dbff291e49b56b5e29,0x2eaa73bd0db20c64f53febea7b5f5e5bccc7fb8b,ETH,18,0,0x72527bf784401db1a50ee4002c40e8d4a3165352,MKR,18,0,33459257
294,0x00787d5d0450ddda21d10a03b9846cce84378f4e,0x2eaa73bd0db20c64f53febea7b5f5e5bccc7fb8b,ETH,18,0,0xf623065d1c8e28bf8cadfd60966278cc570efa0d,PAXG,18,0,33459290
295,0x5d53790e6814ed7f70da4908a17f1a061bcad840,0x2eaa73bd0db20c64f53febea7b5f5e5bccc7fb8b,ETH,18,0,0x6c87c816544fe3eb608a5dbd25f0bbbbabdd8cdf,REN,18,0,33459306
296,0x777c4adc27f5c2293e46adcb3950bce34d5e1b5e,0x2eaa73bd0db20c64f53febea7b5f5e5bccc7fb8b,ETH,18,0,0xf89e4f188069e492c6ee204384709eae9a1dcc56,SNX,18,0,33459318
297,0x1d3f941475ee6f41d1320a1e2fcc4695b4a44ceb,0x2eaa73bd0db20c64f53febea7b5f5e5bccc7fb8b,ETH,18,0,0xcd13d223e5257c04a1943dedae7fa1cecfd8de05,SUSHI,18,0,33459344
298,0x1556835457f1ce5cd124be33bf8bc04a768b04be,0x2eaa73bd0db20c64f53febea7b5f5e5bccc7fb8b,ETH,18,0,0x8b17e443b136dd446e1f57c8a8a925d8a058eb85,THETA,18,0,33459362
299,0xfd52cdb373a9ce0f5ffdd4c24e3304c0347dc777,0x2eaa73bd0db20c64f53febea7b5f5e5bccc7fb8b,ETH,18,0,0xf42ffb2e444e3f4f02bc3395cb21a4a35137e196,UNI,18,0,33459379
300,0x3b2b85817c587e367468003266cf9fedda42a8f5,0x2eaa73bd0db20c64f53febea7b5f5e5bccc7fb8b,ETH,18,0,0xccdc431e7c13798177f2f8eb6b4136df894221d6,WBTC,8,0,33459404
301,0x46a540257c6f09c19f13d78b726f44258a4dbc0e,0xae44807d8a9ce4b30146437474ed6faaafa1b809,BTC,8,0,0xccdc431e7c13798177f2f8eb6b4136df894221d6,WBTC,8,0,33459440
302,0x9daf0d0933292ed43e672ae560cfffe8d6197590,0xae44807d8a9ce4b30146437474ed6faaafa1b809,BTC,8,0,0xf42ffb2e444e3f4f02bc3395cb21a4a35137e196,UNI,18,0,33459466
303,0x5abb8c5e636919cb094eee1405a39c09721f2b3a,0x8b17e443b136dd446e1f57c8a8a925d8a058eb85,THETA,18,0,0xae44807d8a9ce4b30146437474ed6faaafa1b809,BTC,8,0,33459489
304,0x3e593c93acf94c876fc25b4888357a35d7f4e7d4,0xae44807d8a9ce4b30146437474ed6faaafa1b809,BTC,8,0,0xcd13d223e5257c04a1943dedae7fa1cecfd8de05,SUSHI,18,0,33459514
305,0x31524bcab3f164fc29451135a1a0107b97a583dd,0xae44807d8a9ce4b30146437474ed6faaafa1b809,BTC,8,0,0xd6393b5bdc65f94af3edcc653ab14120ff274199,xLUA,18,0,33459528
306,0x7c0bfd5bf75359eaebc66f5402d3f934087ce0fe,0x943efd2571dc83e4eebb55a4b1e82352efe2ac51,BNB,18,0,0xae44807d8a9ce4b30146437474ed6faaafa1b809,BTC,8,0,33459557
307,0x558d6f3c3f3e0e0b88a66549a7878c609518f07e,0x0055a5eae409ee4d10f29968c86df93ac51c21c6,CEL,4,0,0xae44807d8a9ce4b30146437474ed6faaafa1b809,BTC,8,0,33459577
308,0xcf10c9d2c2204a51612c1e4f01dfd71fcd124fc1,0x9de0fd932fed363bf8b6f52f9508034782014e22,COMP,18,0,0xae44807d8a9ce4b30146437474ed6faaafa1b809,BTC,8,0,33459586
309,0xd4857d68b6f3435341602187e72b5f0f24a83f90,0x58e72b1b6cd577b3f93111c65ea539774ae1b3c9,ENJ,18,0,0xae44807d8a9ce4b30146437474ed6faaafa1b809,BTC,8,0,33459607
310,0xf128867f64c46ed37785ced7b557f9ce4eab7e59,0xae44807d8a9ce4b30146437474ed6faaafa1b809,BTC,8,0,0xec8a3dd63322c2c6543b36b383e5c4f6145b291d,KOI,18,0,33459633
311,0xde6ccc806d24f57196366d9b74eb0f343d2a6262,0x10d14db0825d1bfc3fe4984ee6d049691098d4cb,LINK,18,0,0xae44807d8a9ce4b30146437474ed6faaafa1b809,BTC,8,0,33459662
312,0x2ec2d37a46a10b674a1153a2605e695a5bf941b3,0xae44807d8a9ce4b30146437474ed6faaafa1b809,BTC,8,0,0xea478716a70dc086707e23de17965acb5c7b7840,MASQ,18,0,33459681
313,0x339713bcc81c7c63d97149910e3759756b925211,0x72527bf784401db1a50ee4002c40e8d4a3165352,MKR,18,0,0xae44807d8a9ce4b30146437474ed6faaafa1b809,BTC,8,0,33459700
314,0xfce049680916c876c95fac221394b7aeff01e87e,0xae44807d8a9ce4b30146437474ed6faaafa1b809,BTC,8,0,0xf623065d1c8e28bf8cadfd60966278cc570efa0d,PAXG,18,0,33459724
315,0x2d4aa7c7f4bdebce3280966e19bb6a22f0289e53,0x6c87c816544fe3eb608a5dbd25f0bbbbabdd8cdf,REN,18,0,0xae44807d8a9ce4b30146437474ed6faaafa1b809,BTC,8,0,33459751
316,0x1cd60b690ff4f1d15acd5eaa5ca2d2ce9d62fdbb,0xae44807d8a9ce4b30146437474ed6faaafa1b809,BTC,8,0,0xf89e4f188069e492c6ee204384709eae9a1dcc56,SNX,18,0,33459764
317,0x8795160ad0da0a50fc12fe2f8e87cfffb1d4a265,0x7262fa193e9590b2e075c3c16170f3f2f32f5c74,LUA,18,0,0x943efd2571dc83e4eebb55a4b1e82352efe2ac51,BNB,18,0,33459881
318,0xc9faad5071429df5084ceda5b2fc9834742260bd,0x0055a5eae409ee4d10f29968c86df93ac51c21c6,CEL,4,0,0x7262fa193e9590b2e075c3c16170f3f2f32f5c74,LUA,18,0,33459901
319,0x36b2674607d515d7c467499c24f5a99c12e97385,0xcca4e6302510d555b654b3eab9c0fcb223bcfdf0,USDC,6,73852,0xe1a9a5fae06696d314994a9d6915c12a63ad055d,ZPAY,18,1190486156310530815,33460098
320,0xe3503257804b76a2de89d1a27388821e10713b79,0xae44807d8a9ce4b30146437474ed6faaafa1b809,BTC,8,0,0xe1a9a5fae06696d314994a9d6915c12a63ad055d,ZPAY,18,0,33460118
321,0xa0191dc1f4c324da15d154697cca12fab5a46f37,0x2eaa73bd0db20c64f53febea7b5f5e5bccc7fb8b,ETH,18,0,0xe1a9a5fae06696d314994a9d6915c12a63ad055d,ZPAY,18,0,33460130
322,0x0b9306b0a02ed3760a8531df41e86a8fd19d669f,0x126d931d123cb0276ee91f9be152aacfbbeb0689,WETH,18,0,0xe1a9a5fae06696d314994a9d6915c12a63ad055d,ZPAY,18,0,33460170
323,0x00e843172fa7d4b0b8534bc17f484af0b4ab42a6,0x9befa435e06249d0f987dc546a43b7ad8d2ecbec,BUSD,18,0,0xe1a9a5fae06696d314994a9d6915c12a63ad055d,ZPAY,18,0,33460196
324,0x1689ad210e32a9ebcd050efffca523cd94441132,0x420e250b1de284ded71d163fe0c30f0bdbbbfca6,MND,3,0,0xcca4e6302510d555b654b3eab9c0fcb223bcfdf0,USDC,6,0,33475522
325,0xbc6fd4c62c8f96a9304101837a0c1bf7b38a67c1,0x420e250b1de284ded71d163fe0c30f0bdbbbfca6,MND,3,0,0x7262fa193e9590b2e075c3c16170f3f2f32f5c74,LUA,18,0,33475531
326,0x7180b86dbf0b8e6eabf21bacab59eeb887d4b963,0x381b31409e4d220919b2cff012ed94d70135a59e,USDT,6,0,0x420e250b1de284ded71d163fe0c30f0bdbbbfca6,MND,3,0,33475542
327,0xeb48045871ef5ffefe81007560fc6f1d92c3ad88,0x420e250b1de284ded71d163fe0c30f0bdbbbfca6,MND,3,0,0xae44807d8a9ce4b30146437474ed6faaafa1b809,BTC,8,0,33475555
328,0xdda8a84a61d5fff25450478004c8f6c42eba6879,0x2eaa73bd0db20c64f53febea7b5f5e5bccc7fb8b,ETH,18,0,0x420e250b1de284ded71d163fe0c30f0bdbbbfca6,MND,3,0,33475570
329,0x2732742a59eb094a9b04e1bf4d7ce249f4b41053,0x126d931d123cb0276ee91f9be152aacfbbeb0689,WETH,18,0,0x420e250b1de284ded71d163fe0c30f0bdbbbfca6,MND,3,0,33475585
330,0x90a6c3f99d309dd74d05626895c0aad9412491b0,0x833416c01362659d9f9c2402ad1c110b3a4ed267,DTE,18,0,0xcca4e6302510d555b654b3eab9c0fcb223bcfdf0,USDC,6,0,33476100
331,0x52c637f90d85b8fe9b77824a86ffc99f164263ed,0x833416c01362659d9f9c2402ad1c110b3a4ed267,DTE,18,0,0xb1f66997a5760428d3a87d68b90bfe0ae64121cc,WTOMO,18,0,33476112
332,0xe27538c05269fbc0d0a392ca19924658ad3e012f,0x7262fa193e9590b2e075c3c16170f3f2f32f5c74,LUA,18,0,0x833416c01362659d9f9c2402ad1c110b3a4ed267,DTE,18,0,33476126
333,0xe7dc4f9979ee730cedec0fe2a39acb1ee238b6eb,0x833416c01362659d9f9c2402ad1c110b3a4ed267,DTE,18,0,0xae44807d8a9ce4b30146437474ed6faaafa1b809,BTC,8,0,33476144
334,0xd1dfacad0bd6aa993acc1fe71338bcfe2f352c7c,0x2eaa73bd0db20c64f53febea7b5f5e5bccc7fb8b,ETH,18,0,0x833416c01362659d9f9c2402ad1c110b3a4ed267,DTE,18,0,33476161
335,0x1a93bfe3c8486d34e64be5b16a16926952ece776,0x126d931d123cb0276ee91f9be152aacfbbeb0689,WETH,18,0,0x833416c01362659d9f9c2402ad1c110b3a4ed267,DTE,18,0,33476542
336,0xa6e0e4a4d5c2469be01f79ff6c6a67972f8500cc,0x833416c01362659d9f9c2402ad1c110b3a4ed267,DTE,18,0,0xccdc431e7c13798177f2f8eb6b4136df894221d6,WBTC,8,0,33476565
337,0x718eb8109d0cdb45fef153bee784f763bb2d5b98,0x053bb94fb2b1bfc2a1a7f964068b22516cb6fe45,EVND,18,0,0xcca4e6302510d555b654b3eab9c0fcb223bcfdf0,USDC,6,0,33476978
338,0xee03557cebaff604e29cd0d17fc7695ea300754c,0x053bb94fb2b1bfc2a1a7f964068b22516cb6fe45,EVND,18,0,0xb1f66997a5760428d3a87d68b90bfe0ae64121cc,WTOMO,18,0,33477050
339,0x3d54fe0d0e6a9b53b388a455d01fa592eac2a739,0x053bb94fb2b1bfc2a1a7f964068b22516cb6fe45,EVND,18,0,0x7262fa193e9590b2e075c3c16170f3f2f32f5c74,LUA,18,0,33477063
340,0xc6af39938d8ea5df976da84cc72e9abada41edad,0x053bb94fb2b1bfc2a1a7f964068b22516cb6fe45,EVND,18,0,0x381b31409e4d220919b2cff012ed94d70135a59e,USDT,6,0,33477084
341,0x04d9f7da469e2ca8c53379f46e56db2dfc58baf4,0x053bb94fb2b1bfc2a1a7f964068b22516cb6fe45,EVND,18,0,0xae44807d8a9ce4b30146437474ed6faaafa1b809,BTC,8,0,33477103
342,0x59da93e89b6e6307a7319c400ccb9a3b6a780d63,0x053bb94fb2b1bfc2a1a7f964068b22516cb6fe45,EVND,18,0,0x2eaa73bd0db20c64f53febea7b5f5e5bccc7fb8b,ETH,18,0,33477149
343,0x726a4dc8752b7462fb5a651aec68947269f58cdd,0x053bb94fb2b1bfc2a1a7f964068b22516cb6fe45,EVND,18,0,0x126d931d123cb0276ee91f9be152aacfbbeb0689,WETH,18,0,33477177
344,0x7492b9eda2c5e57e90fe0110b01151e8d9af9afc,0x053bb94fb2b1bfc2a1a7f964068b22516cb6fe45,EVND,18,0,0xccdc431e7c13798177f2f8eb6b4136df894221d6,WBTC,8,0,33477194
345,0x1d4cffe588140798bf2350ecef8594d71c522502,0xb1f66997a5760428d3a87d68b90bfe0ae64121cc,WTOMO,18,24696522060670722,0xea478716a70dc086707e23de17965acb5c7b7840,MASQ,18,39561447126002051,33522546
346,0x2d9c30c131135b156796ad3600e9c0a2f7e5037c,0x7262fa193e9590b2e075c3c16170f3f2f32f5c74,LUA,18,1917625812652255171,0xea478716a70dc086707e23de17965acb5c7b7840,MASQ,18,9937079221161564,33522563
347,0xdfd461168d8a041580301d4c0a2a9f333756f81a,0x381b31409e4d220919b2cff012ed94d70135a59e,USDT,6,30390,0xea478716a70dc086707e23de17965acb5c7b7840,MASQ,18,18589594362243394,33522575
348,0x883729dd920f96acbfb0121d4fac3360f02366b9,0xccdc431e7c13798177f2f8eb6b4136df894221d6,WBTC,8,0,0xea478716a70dc086707e23de17965acb5c7b7840,MASQ,18,0,33522629
349,0x512c37d74400095881b8e208425c96ade807ae64,0x126d931d123cb0276ee91f9be152aacfbbeb0689,WETH,18,0,0xea478716a70dc086707e23de17965acb5c7b7840,MASQ,18,0,33522642
350,0xd81fe59bdba931f01d83adc71a2b86f27071cf6b,0x936b1f7290c8cfc57e31d7e4a301d5f9fa5b0cd8,24x7,4,0,0xea478716a70dc086707e23de17965acb5c7b7840,MASQ,18,0,33525319
351,0x9995a797d5af59943d1058d4c1e868dd3ef53dc0,0x943efd2571dc83e4eebb55a4b1e82352efe2ac51,BNB,18,0,0xea478716a70dc086707e23de17965acb5c7b7840,MASQ,18,0,33525334
352,0x4e03a66bee522d47a97747f5fc7b74cd8a86066a,0xd6393b5bdc65f94af3edcc653ab14120ff274199,xLUA,18,0,0xea478716a70dc086707e23de17965acb5c7b7840,MASQ,18,0,33525344
353,0x4f26a56e28d39e15f524eaf170daa545a68fb185,0xa48e7b76f9c0a6412f842253458af7d3b6caa70d,APM,18,0,0xea478716a70dc086707e23de17965acb5c7b7840,MASQ,18,0,33525364
354,0x3cb9e08201477d098f32a54863f9c4d60b394442,0x9297a405f39e6c307c2268a0b7a5a181bdb96f82,BAT,18,0,0xea478716a70dc086707e23de17965acb5c7b7840,MASQ,18,0,33525377
355,0x80fd739211439d97886924222cfb0f7d3f21ae4d,0x9befa435e06249d0f987dc546a43b7ad8d2ecbec,BUSD,18,0,0xea478716a70dc086707e23de17965acb5c7b7840,MASQ,18,0,33525394
356,0xdefbbb7d79b84eabfff90fd9460cb763fd3590b0,0x043bd4b9c8f93d3c8c220d1fb7b3eb961d24cbf7,C98,18,0,0xea478716a70dc086707e23de17965acb5c7b7840,MASQ,18,0,33525416
357,0x89f2b2420c58aec04ff11623c914af0012d4a94c,0x0055a5eae409ee4d10f29968c86df93ac51c21c6,CEL,4,0,0xea478716a70dc086707e23de17965acb5c7b7840,MASQ,18,0,33525437
358,0x787a023db3f212b6e9c9983e5e19e52d32c3b1c1,0x9de0fd932fed363bf8b6f52f9508034782014e22,COMP,18,0,0xea478716a70dc086707e23de17965acb5c7b7840,MASQ,18,0,33525521
359,0xaa3dcd24277ec2c2a7870ec0affcb9b2b98725c9,0xea478716a70dc086707e23de17965acb5c7b7840,MASQ,18,0,0xea8d13af16a33fc5de19c0b1edcf4cd053bd2fa9,CONST,2,0,33525539
360,0x6b3c846254fb6e3b612640c1e0b315c744d78f5a,0x771b1f2dd788accc76433db5787f9d3afece0103,DAI,18,0,0xea478716a70dc086707e23de17965acb5c7b7840,MASQ,18,0,33525562
361,0xc78ca3388b82c5696a25c01fe93611a1cb3a8067,0xea478716a70dc086707e23de17965acb5c7b7840,MASQ,18,0,0xfeb9ae1ccec15cd8ccd37894ef3e24ec5414e781,DEC,18,0,33525586
362,0xf749bcd6e50b55c83e82cb43b8128ed48997c462,0x833416c01362659d9f9c2402ad1c110b3a4ed267,DTE,18,0,0xea478716a70dc086707e23de17965acb5c7b7840,MASQ,18,0,33525603
363,0x433fc5c138f1cf176e7d09c752760b654734b252,0xb3acef61c7926002b62f45f7c352ff561b19ad52,DXD,18,0,0xea478716a70dc086707e23de17965acb5c7b7840,MASQ,18,0,33525621
364,0x7a455c2b2fc6f2bfcb543543c5cefc63bf1c656c,0x58e72b1b6cd577b3f93111c65ea539774ae1b3c9,ENJ,18,0,0xea478716a70dc086707e23de17965acb5c7b7840,MASQ,18,0,33525646
365,0x3e4e331022240dadc598d786e188f838d17141b0,0x053bb94fb2b1bfc2a1a7f964068b22516cb6fe45,EVND,18,0,0xea478716a70dc086707e23de17965acb5c7b7840,MASQ,18,0,33525662
366,0xb2c671d243aac9166c6c3bff088fa0945c1c7960,0x661c18ff558f36aa94b9611eeb9af53424c400e4,FRONT,18,0,0xea478716a70dc086707e23de17965acb5c7b7840,MASQ,18,0,33525682
367,0x6151569e7c78353a29830b32bdff333bc0eaf0f9,0x33fa3c0c714638f12339f85dae89c42042a2d9af,FTT,18,0,0xea478716a70dc086707e23de17965acb5c7b7840,MASQ,18,0,33525703
368,0x612ba7f9fb8c47a85c417625f3fc4b4abeb160fa,0x4ceed28f5cc2bd5a13e0a688eda209970da06f43,GUSD,2,0,0xea478716a70dc086707e23de17965acb5c7b7840,MASQ,18,0,33525720
369,0xa12a994d386ed9eca4646f6d990a2be7d2f79a91,0xa7551ba0d52c763fb6f8866de63827aa593f20bc,HY,18,0,0xea478716a70dc086707e23de17965acb5c7b7840,MASQ,18,0,33525753
370,0xd1d4046fce96c5164886e8ca2a1a6511829a0c22,0xea478716a70dc086707e23de17965acb5c7b7840,MASQ,18,0,0xec8a3dd63322c2c6543b36b383e5c4f6145b291d,KOI,18,0,33525768
371,0xf2bdacef85a07c9f644566c7528d5f94d9801be3,0xb1b4615508528de75012e38a0e1c07e0143c0c5d,LIKE,18,0,0xea478716a70dc086707e23de17965acb5c7b7840,MASQ,18,0,33525782
372,0xc3bdaba320307bbc71a76e00e676fe4d8a1e4e9f,0x10d14db0825d1bfc3fe4984ee6d049691098d4cb,LINK,18,0,0xea478716a70dc086707e23de17965acb5c7b7840,MASQ,18,0,33525816
373,0x673149d46b9f865a503edfda63b6c8b726533737,0x72527bf784401db1a50ee4002c40e8d4a3165352,MKR,18,0,0xea478716a70dc086707e23de17965acb5c7b7840,MASQ,18,0,33525838
374,0x1c6e14a43f8c5db1897b6c05022f0eb8edc23961,0x420e250b1de284ded71d163fe0c30f0bdbbbfca6,MND,3,0,0xea478716a70dc086707e23de17965acb5c7b7840,MASQ,18,0,33525852
375,0xf43497f8ba0f12ecc9550236f63b66414fa4d31f,0x0716416755dee87498c607bf9008f8efc09ca07c,MTA,18,0,0xea478716a70dc086707e23de17965acb5c7b7840,MASQ,18,0,33525865
376,0x3d2f8c67b5b5a388b8dd1354d6f2c27e39a020f1,0x4cd6cfb32a8699386e65b591f02819e34e4e4b4c,OM,18,0,0xea478716a70dc086707e23de17965acb5c7b7840,MASQ,18,0,33525898
377,0xafb66174386580358289f729fbfeb5d5df48f498,0x4dd28c75b28f05df193b4e1bbb61cd186eb968c6,ORBYT,18,0,0xea478716a70dc086707e23de17965acb5c7b7840,MASQ,18,0,33525902
378,0xe7ba6e23cf0ec2d7d0f910dea693455ab077e8e5,0x3903d7416c075379e767291863c180487f897114,PAX,18,0,0xea478716a70dc086707e23de17965acb5c7b7840,MASQ,18,0,33525905
379,0xe50a960f0717882c6909dc86166e73dee6b1ccd9,0xea478716a70dc086707e23de17965acb5c7b7840,MASQ,18,0,0xf623065d1c8e28bf8cadfd60966278cc570efa0d,PAXG,18,0,33525912
380,0xb096cde43922fcf158accd992dba8eb078d9c225,0x1bcc347956d04752fcb9b416392bf8666e2d6a8c,PAZZI,18,0,0xea478716a70dc086707e23de17965acb5c7b7840,MASQ,18,0,33525933
381,0xbce1e8026277c6063731242ec69dc6016b0cf138,0x7cd82dca3a18b6784c44d28f7be0f74d1fc2048a,PIE,18,0,0xea478716a70dc086707e23de17965acb5c7b7840,MASQ,18,0,33525950
382,0x6779cda89c46a0310ad8b55ce4318de19d25c60b,0x6c87c816544fe3eb608a5dbd25f0bbbbabdd8cdf,REN,18,0,0xea478716a70dc086707e23de17965acb5c7b7840,MASQ,18,0,33525966
383,0xf51d9dd75d67f330007cfa245400cf49ff812774,0xc01643ac912b6a8ffc50cf8c1390934a6142bc91,SRM,6,0,0xea478716a70dc086707e23de17965acb5c7b7840,MASQ,18,0,33525984
384,0x0e9011bcf7843808bb8adcf7f52a92e1bf8d569d,0xcd13d223e5257c04a1943dedae7fa1cecfd8de05,SUSHI,18,0,0xea478716a70dc086707e23de17965acb5c7b7840,MASQ,18,0,33526005
385,0xd23fd94db68cc253630d37fc84624c9e5fad43cd,0x8b17e443b136dd446e1f57c8a8a925d8a058eb85,THETA,18,0,0xea478716a70dc086707e23de17965acb5c7b7840,MASQ,18,0,33526018
386,0xf84195cdad4020bb084dc32c68b2e93ca3634fed,0x6e27b25a6a85028e2fc00c3040b9fe3a952b5d5f,TPC,18,0,0xea478716a70dc086707e23de17965acb5c7b7840,MASQ,18,0,33526035
387,0xb1e182fa3d071dec16773d1ce01700aeeb0dee97,0xea478716a70dc086707e23de17965acb5c7b7840,MASQ,18,0,0xf42ffb2e444e3f4f02bc3395cb21a4a35137e196,UNI,18,0,33526053
388,0xde9484ec958c35442515ac915c54af4074cc21ec,0xc43a2df23dafacb9106ab239896599b705e2e67e,VNDC,0,0,0xea478716a70dc086707e23de17965acb5c7b7840,MASQ,18,0,33526075
389,0x14fa11ecea9184195be610db29cca169fa4af0b7,0xe189a56891f6ca22797878e34992395a4afbde46,YFI,18,0,0xea478716a70dc086707e23de17965acb5c7b7840,MASQ,18,0,33526100
390,0x97ddefd5a2d1268241cebf66bc8624c7a031a4c4,0xe1a9a5fae06696d314994a9d6915c12a63ad055d,ZPAY,18,0,0xea478716a70dc086707e23de17965acb5c7b7840,MASQ,18,0,33526128
391,0xd728419cc1151f68b86692b8b446323538c06084,0x936b1f7290c8cfc57e31d7e4a301d5f9fa5b0cd8,24x7,4,0,0xd6393b5bdc65f94af3edcc653ab14120ff274199,xLUA,18,0,33526152
392,0xaf9fe094da147b895aa46ba30d8962f89d36f49b,0x936b1f7290c8cfc57e31d7e4a301d5f9fa5b0cd8,24x7,4,0,0xa48e7b76f9c0a6412f842253458af7d3b6caa70d,APM,18,0,33526164
393,0x23cc537c90ccebdb88dd02786319687e8d85af29,0x9297a405f39e6c307c2268a0b7a5a181bdb96f82,BAT,18,0,0x936b1f7290c8cfc57e31d7e4a301d5f9fa5b0cd8,24x7,4,0,33526178
394,0x2cb3b087960bbd396bff499a27e5418cea434d34,0x936b1f7290c8cfc57e31d7e4a301d5f9fa5b0cd8,24x7,4,0,0x943efd2571dc83e4eebb55a4b1e82352efe2ac51,BNB,18,0,33526193
395,0x8bc250b0058589a041546d90a95afd16de12aab9,0x936b1f7290c8cfc57e31d7e4a301d5f9fa5b0cd8,24x7,4,0,0x9befa435e06249d0f987dc546a43b7ad8d2ecbec,BUSD,18,0,33526215
396,0x6ae128e5a476e132ba409c65b41f848962f5e0e2,0x043bd4b9c8f93d3c8c220d1fb7b3eb961d24cbf7,C98,18,0,0x936b1f7290c8cfc57e31d7e4a301d5f9fa5b0cd8,24x7,4,0,33526234
397,0x247fe5549b3f2fee5a01ea30710944c15e25e6e4,0x0055a5eae409ee4d10f29968c86df93ac51c21c6,CEL,4,0,0x936b1f7290c8cfc57e31d7e4a301d5f9fa5b0cd8,24x7,4,0,33526251
398,0x61ae94910ebb44e74d7f9db22e68b812a1c764c7,0x936b1f7290c8cfc57e31d7e4a301d5f9fa5b0cd8,24x7,4,0,0x9de0fd932fed363bf8b6f52f9508034782014e22,COMP,18,0,33526271
399,0xef30e1623cc71b5ea9b6d7e6d626246bd601ecbd,0x936b1f7290c8cfc57e31d7e4a301d5f9fa5b0cd8,24x7,4,0,0xea8d13af16a33fc5de19c0b1edcf4cd053bd2fa9,CONST,2,0,33526286
400,0x13bf922101f59b3469cfdf5dd69e079567d81c4e,0x771b1f2dd788accc76433db5787f9d3afece0103,DAI,18,0,0xa48e7b76f9c0a6412f842253458af7d3b6caa70d,APM,18,0,33526299
401,0x30e7c453a84aadcb2091239a7159083a93a19bc2,0x936b1f7290c8cfc57e31d7e4a301d5f9fa5b0cd8,24x7,4,0,0xfeb9ae1ccec15cd8ccd37894ef3e24ec5414e781,DEC,18,0,33526318
402,0x73767d144f0072165976d3328ea6d79bbe4ec36b,0x833416c01362659d9f9c2402ad1c110b3a4ed267,DTE,18,0,0x936b1f7290c8cfc57e31d7e4a301d5f9fa5b0cd8,24x7,4,0,33526336
403,0xc9a56ab658510a4ca5cee66c84bb78b8820e3757,0x936b1f7290c8cfc57e31d7e4a301d5f9fa5b0cd8,24x7,4,0,0xb3acef61c7926002b62f45f7c352ff561b19ad52,DXD,18,0,33526353
404,0x2cb72dc58e53b1241b1a069e4eb095aacd37bc35,0x58e72b1b6cd577b3f93111c65ea539774ae1b3c9,ENJ,18,0,0x936b1f7290c8cfc57e31d7e4a301d5f9fa5b0cd8,24x7,4,0,33526391
405,0x0eb37594fff868ff74b2174a4afac991bd8eeffa,0x053bb94fb2b1bfc2a1a7f964068b22516cb6fe45,EVND,18,0,0x936b1f7290c8cfc57e31d7e4a301d5f9fa5b0cd8,24x7,4,0,33526410
406,0x771b0f5bf80ce71763c3d3010a79c97121ad80da,0x661c18ff558f36aa94b9611eeb9af53424c400e4,FRONT,18,0,0x936b1f7290c8cfc57e31d7e4a301d5f9fa5b0cd8,24x7,4,0,33526427
407,0x4035b555eecdc9e39278adb0849e64ea22d763db,0x33fa3c0c714638f12339f85dae89c42042a2d9af,FTT,18,0,0x936b1f7290c8cfc57e31d7e4a301d5f9fa5b0cd8,24x7,4,0,33526438
408,0xaa75bf32a66113e8dc335e82efbc498cb530f81f,0x4ceed28f5cc2bd5a13e0a688eda209970da06f43,GUSD,2,0,0x936b1f7290c8cfc57e31d7e4a301d5f9fa5b0cd8,24x7,4,0,33526458
409,0x82a34a364a1512d6c7fbfeb90d7bbc9bb5f810ba,0x936b1f7290c8cfc57e31d7e4a301d5f9fa5b0cd8,24x7,4,0,0xa7551ba0d52c763fb6f8866de63827aa593f20bc,HY,18,0,33526480
410,0xc93d68ff323d567ce1594cb6765637b64ce55f95,0x936b1f7290c8cfc57e31d7e4a301d5f9fa5b0cd8,24x7,4,0,0xec8a3dd63322c2c6543b36b383e5c4f6145b291d,KOI,18,0,33526498
411,0x15694eca9145dd9b2d3a0370983cff20b920a048,0x936b1f7290c8cfc57e31d7e4a301d5f9fa5b0cd8,24x7,4,0,0xb1b4615508528de75012e38a0e1c07e0143c0c5d,LIKE,18,0,33526516
412,0xa86eea4365f3f255032474a8632327929589dde2,0x6f1046758b3bcf667816deeac40e6bd1fbdcf830,LINA,18,0,0x936b1f7290c8cfc57e31d7e4a301d5f9fa5b0cd8,24x7,4,0,33526536
413,0x8307bfe3b4e6370d7fd8522edbcd202cfaa96590,0x10d14db0825d1bfc3fe4984ee6d049691098d4cb,LINK,18,0,0x936b1f7290c8cfc57e31d7e4a301d5f9fa5b0cd8,24x7,4,0,33526556
414,0x04a2743d220296708c5ca0d523ea4606c12648d8,0x72527bf784401db1a50ee4002c40e8d4a3165352,MKR,18,0,0x936b1f7290c8cfc57e31d7e4a301d5f9fa5b0cd8,24x7,4,0,33526575
415,0xe0cd61c29e8315f384e479bd608241a0cb94fd79,0x420e250b1de284ded71d163fe0c30f0bdbbbfca6,MND,3,0,0x936b1f7290c8cfc57e31d7e4a301d5f9fa5b0cd8,24x7,4,0,33526597
416,0x2acbf55de7af6d0876a26d53a0a9bd857367e321,0x0716416755dee87498c607bf9008f8efc09ca07c,MTA,18,0,0x936b1f7290c8cfc57e31d7e4a301d5f9fa5b0cd8,24x7,4,0,33526614
417,0xdb1e679d47e1ca242436988f8bfb76c3c18a957b,0x4cd6cfb32a8699386e65b591f02819e34e4e4b4c,OM,18,0,0x936b1f7290c8cfc57e31d7e4a301d5f9fa5b0cd8,24x7,4,0,33526632
418,0xf791f501c8d15b19b02713dd446c05c9c7ab7dd4,0x4dd28c75b28f05df193b4e1bbb61cd186eb968c6,ORBYT,18,0,0x936b1f7290c8cfc57e31d7e4a301d5f9fa5b0cd8,24x7,4,0,33526650
419,0x83f6b6d0d21f64e199977cd4b7a0d331e67edb04,0x3903d7416c075379e767291863c180487f897114,PAX,18,0,0x936b1f7290c8cfc57e31d7e4a301d5f9fa5b0cd8,24x7,4,0,33526662
420,0x822953db8f6587197bfe4d5755f0bcab45cb8aad,0x936b1f7290c8cfc57e31d7e4a301d5f9fa5b0cd8,24x7,4,0,0xf623065d1c8e28bf8cadfd60966278cc570efa0d,PAXG,18,0,33526678
421,0x6eeeba7cd5e6ff5659ba062bf9f912e79fc6171b,0x1bcc347956d04752fcb9b416392bf8666e2d6a8c,PAZZI,18,0,0x936b1f7290c8cfc57e31d7e4a301d5f9fa5b0cd8,24x7,4,0,33526695
422,0xa3e861461bf04d0caa53515cb253914cc8778d53,0x7cd82dca3a18b6784c44d28f7be0f74d1fc2048a,PIE,18,0,0x936b1f7290c8cfc57e31d7e4a301d5f9fa5b0cd8,24x7,4,0,33526713
423,0x56d044bd24b1ced8adbe01cfd69e60e6dfc31fe2,0x6c87c816544fe3eb608a5dbd25f0bbbbabdd8cdf,REN,18,0,0x936b1f7290c8cfc57e31d7e4a301d5f9fa5b0cd8,24x7,4,0,33526736
424,0xd6c768965809ebdce500abb02762d67d5e90cfb3,0x936b1f7290c8cfc57e31d7e4a301d5f9fa5b0cd8,24x7,4,0,0xf89e4f188069e492c6ee204384709eae9a1dcc56,SNX,18,0,33526779
425,0x2ed4da981127f40733a474b70e49282b05cb078b,0x936b1f7290c8cfc57e31d7e4a301d5f9fa5b0cd8,24x7,4,0,0xc01643ac912b6a8ffc50cf8c1390934a6142bc91,SRM,6,0,33526798
426,0x9aef217e6eeee019602bfd65f548a530746e7380,0x936b1f7290c8cfc57e31d7e4a301d5f9fa5b0cd8,24x7,4,0,0xcd13d223e5257c04a1943dedae7fa1cecfd8de05,SUSHI,18,0,33526802
427,0xdf4e09dc0e2a56d61c4f6465030b36a8350fa9fe,0x8b17e443b136dd446e1f57c8a8a925d8a058eb85,THETA,18,0,0x936b1f7290c8cfc57e31d7e4a301d5f9fa5b0cd8,24x7,4,0,33526807
428,0x3cad5cb443aee9fd2fb372d127770b3da08fe7c0,0x6e27b25a6a85028e2fc00c3040b9fe3a952b5d5f,TPC,18,0,0x936b1f7290c8cfc57e31d7e4a301d5f9fa5b0cd8,24x7,4,0,33526810
429,0xacb0b89479d1f07e804649d6bd2a7ccfb631101f,0x936b1f7290c8cfc57e31d7e4a301d5f9fa5b0cd8,24x7,4,0,0xf42ffb2e444e3f4f02bc3395cb21a4a35137e196,UNI,18,0,33526827
430,0x756579ae22686ecea94d7777881e82cf75f72f75,0x936b1f7290c8cfc57e31d7e4a301d5f9fa5b0cd8,24x7,4,0,0xc43a2df23dafacb9106ab239896599b705e2e67e,VNDC,0,0,33526853
431,0x81716b42b636773017c5f63389ecc8ed5034d75f,0x936b1f7290c8cfc57e31d7e4a301d5f9fa5b0cd8,24x7,4,0,0xccdc431e7c13798177f2f8eb6b4136df894221d6,WBTC,8,0,33526865
432,0x6d476f87689d9b12ab0a5cf8e39f82fc0cf21c80,0x126d931d123cb0276ee91f9be152aacfbbeb0689,WETH,18,0,0x936b1f7290c8cfc57e31d7e4a301d5f9fa5b0cd8,24x7,4,0,33526886
433,0xda27590d3407f1db866994c2e4221ea0fdea8183,0x936b1f7290c8cfc57e31d7e4a301d5f9fa5b0cd8,24x7,4,0,0xe189a56891f6ca22797878e34992395a4afbde46,YFI,18,0,33526906
434,0x45845daefe1f5287fce0a06b1df16bf839f8fcd1,0x936b1f7290c8cfc57e31d7e4a301d5f9fa5b0cd8,24x7,4,0,0xe1a9a5fae06696d314994a9d6915c12a63ad055d,ZPAY,18,0,33526929
435,0xfa13473f5e7b75ec7c6c988dc877033ac2e56b2b,0x31e58cca9ecaa057edabaccff5abfbbc3443480c,POMO,18,32516658758473908,0xb1f66997a5760428d3a87d68b90bfe0ae64121cc,WTOMO,18,986158833217509,33580970
436,0x5b3f6f20fbfa0097b41e1d1ed2a1eb8bafb9e309,0x795ca4515e90db651e100df2e1d8dd305eef15e6,16,18,0,0xb1f66997a5760428d3a87d68b90bfe0ae64121cc,WTOMO,18,0,33602748
437,0x0746a24aa279b336845b98ca14a5c74365299719,0xa48e7b76f9c0a6412f842253458af7d3b6caa70d,APM,18,0,0xc01643ac912b6a8ffc50cf8c1390934a6142bc91,SRM,6,0,33758401
438,0x7bc5e0af3cbfb3a099cfe18b8aea3c9fd97540bc,0x9297a405f39e6c307c2268a0b7a5a181bdb96f82,BAT,18,0,0xc01643ac912b6a8ffc50cf8c1390934a6142bc91,SRM,6,0,33758414
439,0x1137abc733eeea7b40073238abdac9c8919ed910,0x943efd2571dc83e4eebb55a4b1e82352efe2ac51,BNB,18,0,0xc01643ac912b6a8ffc50cf8c1390934a6142bc91,SRM,6,0,33758430
440,0x175913087e9c7fd804e6ae2375a3f261d63eb147,0x9befa435e06249d0f987dc546a43b7ad8d2ecbec,BUSD,18,0,0xc01643ac912b6a8ffc50cf8c1390934a6142bc91,SRM,6,0,33758446
441,0xa3e411eaf8c7b5bc868780a46c2066b5973408bf,0x043bd4b9c8f93d3c8c220d1fb7b3eb961d24cbf7,C98,18,0,0xc01643ac912b6a8ffc50cf8c1390934a6142bc91,SRM,6,0,33758486
442,0x9b788b50a8c0257a7a1fb9cbfbb9a1d8a4f50751,0x0055a5eae409ee4d10f29968c86df93ac51c21c6,CEL,4,0,0xc01643ac912b6a8ffc50cf8c1390934a6142bc91,SRM,6,0,33758505
443,0x81be826e0e645a0d969d1bb4129903c50a0ed36b,0x9de0fd932fed363bf8b6f52f9508034782014e22,COMP,18,0,0xc01643ac912b6a8ffc50cf8c1390934a6142bc91,SRM,6,0,33758521
444,0x02f59c6570a29259ee7d54d911ab36f8b574550d,0xc01643ac912b6a8ffc50cf8c1390934a6142bc91,SRM,6,0,0xea8d13af16a33fc5de19c0b1edcf4cd053bd2fa9,CONST,2,0,33758540
445,0x9cc12045086b26dde02d3ebd70e1d2106f9466b4,0x771b1f2dd788accc76433db5787f9d3afece0103,DAI,18,0,0xc01643ac912b6a8ffc50cf8c1390934a6142bc91,SRM,6,0,33758564
446,0xce2518e9831e84ea9149c2c37242e4e0af50f9b3,0xc01643ac912b6a8ffc50cf8c1390934a6142bc91,SRM,6,0,0xfeb9ae1ccec15cd8ccd37894ef3e24ec5414e781,DEC,18,0,33758588
447,0x2141893998c90472c0cd86f247a91b0bb40e0e56,0x833416c01362659d9f9c2402ad1c110b3a4ed267,DTE,18,0,0xc01643ac912b6a8ffc50cf8c1390934a6142bc91,SRM,6,0,33758605
448,0x4e3153395268047013d04e9efa0fbadbd9072a85,0xb3acef61c7926002b62f45f7c352ff561b19ad52,DXD,18,0,0xc01643ac912b6a8ffc50cf8c1390934a6142bc91,SRM,6,0,33758618
449,0x965abdcb15a4cc1905085c6923b255ff715d072d,0x58e72b1b6cd577b3f93111c65ea539774ae1b3c9,ENJ,18,0,0xc01643ac912b6a8ffc50cf8c1390934a6142bc91,SRM,6,0,33758634
450,0x690b772464ee9f08623d0fb3ff15c8e9d8aa3b35,0x053bb94fb2b1bfc2a1a7f964068b22516cb6fe45,EVND,18,0,0xc01643ac912b6a8ffc50cf8c1390934a6142bc91,SRM,6,0,33758650
451,0x3f8541d9a78ad8fe0cd129dd19eca0236e0fc8e4,0x661c18ff558f36aa94b9611eeb9af53424c400e4,FRONT,18,0,0xc01643ac912b6a8ffc50cf8c1390934a6142bc91,SRM,6,0,33758666
452,0xeebb8a0fe04dab72e61f7b8b914a360c4868dbff,0x33fa3c0c714638f12339f85dae89c42042a2d9af,FTT,18,0,0xc01643ac912b6a8ffc50cf8c1390934a6142bc91,SRM,6,0,33758684
453,0x0c540cdf4e3b5e22fa7e2c198c444031b8b4836a,0x4ceed28f5cc2bd5a13e0a688eda209970da06f43,GUSD,2,0,0xc01643ac912b6a8ffc50cf8c1390934a6142bc91,SRM,6,0,33758711
454,0xfe13e063dbe03e37189d48ab7088590a35a7c933,0xa7551ba0d52c763fb6f8866de63827aa593f20bc,HY,18,0,0xc01643ac912b6a8ffc50cf8c1390934a6142bc91,SRM,6,0,33758731
455,0x60bd1104074f1305385cc16c47492e4d4ea9ecfe,0xc01643ac912b6a8ffc50cf8c1390934a6142bc91,SRM,6,0,0xec8a3dd63322c2c6543b36b383e5c4f6145b291d,KOI,18,0,33758744
456,0x9cf4ed539ea1c46ce5949f3d5b18f035ff6edf33,0xb1b4615508528de75012e38a0e1c07e0143c0c5d,LIKE,18,0,0xc01643ac912b6a8ffc50cf8c1390934a6142bc91,SRM,6,0,33758765
457,0x027e0410e39d18907de420ff3ee717b3fa0bac68,0x6f1046758b3bcf667816deeac40e6bd1fbdcf830,LINA,18,0,0xc01643ac912b6a8ffc50cf8c1390934a6142bc91,SRM,6,0,33758785
458,0xde9ee1e83c8a57234137a632085143f3a02d08a1,0x10d14db0825d1bfc3fe4984ee6d049691098d4cb,LINK,18,0,0xc01643ac912b6a8ffc50cf8c1390934a6142bc91,SRM,6,0,33758800
459,0x12550ef8313d0688c8661572dc9a00660f516e93,0xc01643ac912b6a8ffc50cf8c1390934a6142bc91,SRM,6,0,0xf9787e76750c1e731054cf4cc97a2e3f490db360,LIT,18,0,33758822
460,0x79bb2bedaa8c57a77110d57e39b29c6756f548f9,0x72527bf784401db1a50ee4002c40e8d4a3165352,MKR,18,0,0xc01643ac912b6a8ffc50cf8c1390934a6142bc91,SRM,6,0,33758845
461,0xc14b707bf79bcf779ef54715415ab37e59821640,0x420e250b1de284ded71d163fe0c30f0bdbbbfca6,MND,3,0,0xc01643ac912b6a8ffc50cf8c1390934a6142bc91,SRM,6,0,33758898
462,0x7c34e3c22b7aae4fb77a948e2a84b25e33411a68,0x0716416755dee87498c607bf9008f8efc09ca07c,MTA,18,0,0xc01643ac912b6a8ffc50cf8c1390934a6142bc91,SRM,6,0,33758932
463,0x33c581e0ded25aa13b54ca41c7e0f53e10ef1849,0x4cd6cfb32a8699386e65b591f02819e34e4e4b4c,OM,18,0,0xc01643ac912b6a8ffc50cf8c1390934a6142bc91,SRM,6,0,33758950
464,0xde306972680a4fec91c7305bfec21b18c9e607e3,0x4dd28c75b28f05df193b4e1bbb61cd186eb968c6,ORBYT,18,0,0xc01643ac912b6a8ffc50cf8c1390934a6142bc91,SRM,6,0,33758963
465,0x25de4561139a36c33e74f1997083f37a41706dad,0x3903d7416c075379e767291863c180487f897114,PAX,18,0,0xc01643ac912b6a8ffc50cf8c1390934a6142bc91,SRM,6,0,33758981
466,0x37c14b17edb9b7fe334db79d2f08c0110d0d2441,0xc01643ac912b6a8ffc50cf8c1390934a6142bc91,SRM,6,0,0xf623065d1c8e28bf8cadfd60966278cc570efa0d,PAXG,18,0,33758998
467,0x5845fb843daf73246e6fdb594f0e15e1c3bd464d,0x1bcc347956d04752fcb9b416392bf8666e2d6a8c,PAZZI,18,0,0xc01643ac912b6a8ffc50cf8c1390934a6142bc91,SRM,6,0,33759004
468,0x2429465824b6fdd1b552faed44cd00d1cbefc5b3,0x7cd82dca3a18b6784c44d28f7be0f74d1fc2048a,PIE,18,0,0xc01643ac912b6a8ffc50cf8c1390934a6142bc91,SRM,6,0,33759011
469,0x923a60dbf600af375730c857005a2f85ca6d7ddc,0x6c87c816544fe3eb608a5dbd25f0bbbbabdd8cdf,REN,18,0,0xc01643ac912b6a8ffc50cf8c1390934a6142bc91,SRM,6,0,33759014
470,0xb7741f3882221b4db6c0aba99fa58246677e5bdd,0xc01643ac912b6a8ffc50cf8c1390934a6142bc91,SRM,6,0,0xf89e4f188069e492c6ee204384709eae9a1dcc56,SNX,18,0,33759035
471,0x83591f158203de4b62fde202e64cb16683c79be7,0xc01643ac912b6a8ffc50cf8c1390934a6142bc91,SRM,6,0,0xcd13d223e5257c04a1943dedae7fa1cecfd8de05,SUSHI,18,0,33759054
472,0xf546d236b412392461b7fe9bad2300f1cbd8f659,0x8b17e443b136dd446e1f57c8a8a925d8a058eb85,THETA,18,0,0xc01643ac912b6a8ffc50cf8c1390934a6142bc91,SRM,6,0,33759070
473,0xd87483ba8336db54d3fd36cc93f2188ad491e4b1,0x6e27b25a6a85028e2fc00c3040b9fe3a952b5d5f,TPC,18,0,0xc01643ac912b6a8ffc50cf8c1390934a6142bc91,SRM,6,0,33759087
474,0x50e7b64fde14501edda5ce1e6a7b87155ef55958,0xc01643ac912b6a8ffc50cf8c1390934a6142bc91,SRM,6,0,0xf42ffb2e444e3f4f02bc3395cb21a4a35137e196,UNI,18,0,33759097
475,0x6396ae083e50be6301ce924586bea6f53942dcd8,0xc01643ac912b6a8ffc50cf8c1390934a6142bc91,SRM,6,0,0xc43a2df23dafacb9106ab239896599b705e2e67e,VNDC,0,0,33759120
476,0xf2c0e3b4cfac08930b52ee89f351be41537020fa,0xc01643ac912b6a8ffc50cf8c1390934a6142bc91,SRM,6,0,0xccdc431e7c13798177f2f8eb6b4136df894221d6,WBTC,8,0,33759142
477,0xd825a940df4d7bfd70a97b41adc126dc2ad4e123,0x126d931d123cb0276ee91f9be152aacfbbeb0689,WETH,18,0,0xc01643ac912b6a8ffc50cf8c1390934a6142bc91,SRM,6,0,33759159
478,0xb7aa4c5f63ea7c4b2e8235ebdc05bec2bc5d96e3,0xc01643ac912b6a8ffc50cf8c1390934a6142bc91,SRM,6,0,0xe189a56891f6ca22797878e34992395a4afbde46,YFI,18,0,33759175
479,0xa89ea32926f21aad945d3fd1d83115b069b82291,0xc01643ac912b6a8ffc50cf8c1390934a6142bc91,SRM,6,0,0xe1a9a5fae06696d314994a9d6915c12a63ad055d,ZPAY,18,0,33759188
480,0x092f055e283dd359175a87db5934fd1443b2acb5,0x33fa3c0c714638f12339f85dae89c42042a2d9af,FTT,18,0,0xa48e7b76f9c0a6412f842253458af7d3b6caa70d,APM,18,0,33766144
481,0x835893eac44e324d8ea1e6c4bebd79183e529cc7,0x33fa3c0c714638f12339f85dae89c42042a2d9af,FTT,18,0,0x9297a405f39e6c307c2268a0b7a5a181bdb96f82,BAT,18,0,33766155
482,0xea8b7385e299e44d63aa27517f43965c0d39e0c1,0x33fa3c0c714638f12339f85dae89c42042a2d9af,FTT,18,0,0x943efd2571dc83e4eebb55a4b1e82352efe2ac51,BNB,18,0,33766179
483,0x131be71ce91d38cb702ef811fd87f4bf0d68889c,0x33fa3c0c714638f12339f85dae89c42042a2d9af,FTT,18,0,0x9befa435e06249d0f987dc546a43b7ad8d2ecbec,BUSD,18,0,33766196
484,0x6142c13b16d71db28b2ed41c2dcd543aec242a0f,0x043bd4b9c8f93d3c8c220d1fb7b3eb961d24cbf7,C98,18,0,0x33fa3c0c714638f12339f85dae89c42042a2d9af,FTT,18,0,33766201
485,0xdc76516c19513f07a6513dd3eea800482849d137,0x0055a5eae409ee4d10f29968c86df93ac51c21c6,CEL,4,0,0x33fa3c0c714638f12339f85dae89c42042a2d9af,FTT,18,0,33766211
486,0x5125b985e7a78672fc24ffa9871cda132dc92e4b,0xa10622c7f7847c5e9f592f068b068d52e334bf2e,OPA,18,80990166683732019112,0xb1f66997a5760428d3a87d68b90bfe0ae64121cc,WTOMO,18,187600000000000000679,33778454
487,0x180ec9a7b22e17b6ca38c0622bdc3d5ef0d7d9f6,0x59d0b701009e6109a880b772866e9650b7e0ebdc,GBS,3,0,0xb1f66997a5760428d3a87d68b90bfe0ae64121cc,WTOMO,18,0,33828173
488,0x0f19b34f9729b2682ac18bb64df236d1bbc62407,0x33fa3c0c714638f12339f85dae89c42042a2d9af,FTT,18,0,0x9de0fd932fed363bf8b6f52f9508034782014e22,COMP,18,0,33835570
489,0x7204b8950e2eec137c637b9785e8436883cdab2b,0x33fa3c0c714638f12339f85dae89c42042a2d9af,FTT,18,0,0xea8d13af16a33fc5de19c0b1edcf4cd053bd2fa9,CONST,2,0,33835581
490,0x0ea543c1b4b3c0d9dca1953cc3f34c3092105dc5,0x33fa3c0c714638f12339f85dae89c42042a2d9af,FTT,18,0,0x771b1f2dd788accc76433db5787f9d3afece0103,DAI,18,0,33835595
491,0x82234eaba3457003c035ee54c17a73fa8e55c18d,0x33fa3c0c714638f12339f85dae89c42042a2d9af,FTT,18,0,0xfeb9ae1ccec15cd8ccd37894ef3e24ec5414e781,DEC,18,0,33835604
492,0xdddf639a4f7866190905aabc96f04463720c26d2,0x33fa3c0c714638f12339f85dae89c42042a2d9af,FTT,18,0,0x833416c01362659d9f9c2402ad1c110b3a4ed267,DTE,18,0,33835784
493,0x82e22212ca64d7a07930443b8a261c3cdcbb7188,0x33fa3c0c714638f12339f85dae89c42042a2d9af,FTT,18,0,0xb3acef61c7926002b62f45f7c352ff561b19ad52,DXD,18,0,33835799
494,0x79856ae4e10beeb16e63d3a7dace986beb8d0dd5,0x33fa3c0c714638f12339f85dae89c42042a2d9af,FTT,18,0,0x58e72b1b6cd577b3f93111c65ea539774ae1b3c9,ENJ,18,0,33835825
495,0x698a716744a5b1ae9cdb22fc5efe0de824b358fb,0x053bb94fb2b1bfc2a1a7f964068b22516cb6fe45,EVND,18,0,0x33fa3c0c714638f12339f85dae89c42042a2d9af,FTT,18,0,33835849
496,0xb00de32a089fd67a6e85d388d2ce60493683fc51,0x33fa3c0c714638f12339f85dae89c42042a2d9af,FTT,18,0,0x661c18ff558f36aa94b9611eeb9af53424c400e4,FRONT,18,0,33835869
497,0x82c8ab8215dcf1853a87f43eff0681b5a2d14cb8,0x33fa3c0c714638f12339f85dae89c42042a2d9af,FTT,18,0,0x4ceed28f5cc2bd5a13e0a688eda209970da06f43,GUSD,2,0,33835912
498,0xc50797ed632d1bf4da325aab93655e95e02f7abd,0x33fa3c0c714638f12339f85dae89c42042a2d9af,FTT,18,0,0xa7551ba0d52c763fb6f8866de63827aa593f20bc,HY,18,0,33835927
499,0x293b77e6abd058c94007b11dcb9e954dfd6cef85,0x33fa3c0c714638f12339f85dae89c42042a2d9af,FTT,18,0,0xec8a3dd63322c2c6543b36b383e5c4f6145b291d,KOI,18,0,33835940
500,0x96e83d49172e7747595f9b45b7e94953008dbf85,0x33fa3c0c714638f12339f85dae89c42042a2d9af,FTT,18,0,0xb1b4615508528de75012e38a0e1c07e0143c0c5d,LIKE,18,0,33835966
501,0x57620eef6a9e74cffa0bc80f5f5dc77d949cead9,0x33fa3c0c714638f12339f85dae89c42042a2d9af,FTT,18,0,0xccdc431e7c13798177f2f8eb6b4136df894221d6,WBTC,8,0,33835990
502,0x83ec833ccd1efbd70853fa7f7ff84421cfa18ef6,0x126d931d123cb0276ee91f9be152aacfbbeb0689,WETH,18,0,0x33fa3c0c714638f12339f85dae89c42042a2d9af,FTT,18,0,33836009
503,0x07271ed242b16cb9f3e44e636655a51fb014d4fb,0x33fa3c0c714638f12339f85dae89c42042a2d9af,FTT,18,14607785094489344,0xe1a9a5fae06696d314994a9d6915c12a63ad055d,ZPAY,18,634648510822075016,33836024
504,0x8b007a70c22ef17e341688d40a107b94129e5e8e,0x33fa3c0c714638f12339f85dae89c42042a2d9af,FTT,18,0,0xe189a56891f6ca22797878e34992395a4afbde46,YFI,18,0,33836040
505,0xadc53693678c97759ec74bb38e31286294ec698c,0x33fa3c0c714638f12339f85dae89c42042a2d9af,FTT,18,0,0xc43a2df23dafacb9106ab239896599b705e2e67e,VNDC,0,0,33836062
506,0x777e9a9ee7f9f20e3b17e8448bf559b3b5f4c125,0x33fa3c0c714638f12339f85dae89c42042a2d9af,FTT,18,0,0xf42ffb2e444e3f4f02bc3395cb21a4a35137e196,UNI,18,0,33836089
507,0x81753f2a546987eaed96099d3d178a9b4922b910,0x33fa3c0c714638f12339f85dae89c42042a2d9af,FTT,18,0,0x6e27b25a6a85028e2fc00c3040b9fe3a952b5d5f,TPC,18,0,33836105
508,0x4e9b9a3c77830ee5ad519249421c0066677702b3,0x33fa3c0c714638f12339f85dae89c42042a2d9af,FTT,18,0,0x8b17e443b136dd446e1f57c8a8a925d8a058eb85,THETA,18,0,33836125
509,0x6090cc39ac187ffc09c586bfcc4010cfcb187d54,0x33fa3c0c714638f12339f85dae89c42042a2d9af,FTT,18,0,0xcd13d223e5257c04a1943dedae7fa1cecfd8de05,SUSHI,18,0,33836150
510,0x604e6d7b6f6cf16e981022c5542a714e1c91830b,0x33fa3c0c714638f12339f85dae89c42042a2d9af,FTT,18,0,0xf89e4f188069e492c6ee204384709eae9a1dcc56,SNX,18,0,33836174
511,0x9e9a947013a09e410b8979645ea0ba2605c325f5,0x33fa3c0c714638f12339f85dae89c42042a2d9af,FTT,18,0,0x6c87c816544fe3eb608a5dbd25f0bbbbabdd8cdf,REN,18,0,33836197
512,0x76e1e18cee227089e0b5d7ae46c853b39cb42349,0x33fa3c0c714638f12339f85dae89c42042a2d9af,FTT,18,0,0x7cd82dca3a18b6784c44d28f7be0f74d1fc2048a,PIE,18,0,33836221
513,0x91da169de98effdb63a25e2dd25d2e4c726cf244,0x1bcc347956d04752fcb9b416392bf8666e2d6a8c,PAZZI,18,0,0x33fa3c0c714638f12339f85dae89c42042a2d9af,FTT,18,0,33836240
514,0x4caf1ddbb5dfac04b91159e592fb27c874398888,0x33fa3c0c714638f12339f85dae89c42042a2d9af,FTT,18,0,0xf623065d1c8e28bf8cadfd60966278cc570efa0d,PAXG,18,0,33836272
515,0x556ecccb5c20b9757a6960d744874b77ba09f492,0x33fa3c0c714638f12339f85dae89c42042a2d9af,FTT,18,0,0x4dd28c75b28f05df193b4e1bbb61cd186eb968c6,ORBYT,18,0,33836317
516,0x12a3d3b2b5785e8a9af45dd2d18473772b6a46f4,0x33fa3c0c714638f12339f85dae89c42042a2d9af,FTT,18,0,0x4cd6cfb32a8699386e65b591f02819e34e4e4b4c,OM,18,0,33836332
517,0x107f1dbb08c5281ea0cc4c39628f89267af732d2,0x0716416755dee87498c607bf9008f8efc09ca07c,MTA,18,0,0x33fa3c0c714638f12339f85dae89c42042a2d9af,FTT,18,0,33836350
518,0x5b9f0d78a6760d7a20d52a9832bab84822b6fbc7,0x33fa3c0c714638f12339f85dae89c42042a2d9af,FTT,18,0,0x420e250b1de284ded71d163fe0c30f0bdbbbfca6,MND,3,0,33836396
519,0xc5ba74b6150705d255ed3549e317e8af1d37fd5f,0x33fa3c0c714638f12339f85dae89c42042a2d9af,FTT,18,0,0x72527bf784401db1a50ee4002c40e8d4a3165352,MKR,18,0,33836405
520,0xdf4ab994b88250504e881f37388daf52e01671e1,0x10d14db0825d1bfc3fe4984ee6d049691098d4cb,LINK,18,0,0x33fa3c0c714638f12339f85dae89c42042a2d9af,FTT,18,0,33836417
521,0xd16ba179da07b9259136209fe6063f405299d69e,0x33fa3c0c714638f12339f85dae89c42042a2d9af,FTT,18,0,0x6f1046758b3bcf667816deeac40e6bd1fbdcf830,LINA,18,0,33836431
522,0xefefa912aa39a2dc6b31df90039e121a98f8a69c,0xb1f66997a5760428d3a87d68b90bfe0ae64121cc,WTOMO,18,0,0xd1516176188543637cb80df7a2cd070d3ee32a5f,Zoid,18,0,33949864
523,0x60c5b0520b7fe8b06cb4877125ffb470f99fd855,0x1dadf37ecdca3c0f01eb845780080ee07c4fe758,WFROG,8,57628,0xb1f66997a5760428d3a87d68b90bfe0ae64121cc,WTOMO,18,14937142114690434,34042521
524,0x6d1f64c5c54d08b5fd5473ee3dd3e629f9d40dc4,0x9a55427cdf0b2c93ce70287fb7b63dab16c2450b,rnic,18,998137457244734,0xb1f66997a5760428d3a87d68b90bfe0ae64121cc,WTOMO,18,40124975062483,34044211
525,0xbe16d2b28275dff19eb2a5c0608cf32c7e0814ba,0x5cb6c0d547ce95b9588c262ff1ca1173e47d70ff,SAV,10,10000001,0xb1f66997a5760428d3a87d68b90bfe0ae64121cc,WTOMO,18,20000001411767,34046083
526,0x0e25ff3df1355949885aad4396d1f3df2aa033dd,0xb1f66997a5760428d3a87d68b90bfe0ae64121cc,WTOMO,18,191084812877516355,0xf35f3d0823363c343d8e46bd6cc5f78da014c929,GLAD,18,96664185196843014,34064658
527,0xa41f1dc339d016a35f87d1ffbe9bf9d1b31e167f,0x7e7d8bc14326e6c352a067ac76f3e23655e0afbf,GLAD,18,54331905180541960811474,0xb1f66997a5760428d3a87d68b90bfe0ae64121cc,WTOMO,18,1176797828552907,34066093
528,0x13db4084a49c4033b7d54442a37bd000b1c7b972,0x990e3ec3012db925d626dbf3621a749a0498608a,Ama,18,7396402394440323,0xb1f66997a5760428d3a87d68b90bfe0ae64121cc,WTOMO,18,186524965702835640,34087798
529,0x4c24742610f1c2ba8066f6a87c40e2cc6574549b,0xb1f66997a5760428d3a87d68b90bfe0ae64121cc,WTOMO,18,10634749511023136,0xc7ea18936b85a68917d36a2a891b5b357ca75e30,BTC,18,68780186447934750371,34136147
530,0xb75b220043d1a704615416138c1d103e5dc2dce1,0xb1f66997a5760428d3a87d68b90bfe0ae64121cc,WTOMO,18,1489929045320416360,0xc46a724b276ff4c18c8b4a225ada665e82b07057,MIST,18,1604137228879343652,34137901
531,0xa24e7f9aec0009d6b3a11f0908d74e61f6e2f7cc,0x4cd22923a07d582efb21e7e6fabc277868f6d765,TPC,18,1000000000000000000,0xb1f66997a5760428d3a87d68b90bfe0ae64121cc,WTOMO,18,10000000000000000,34140954
532,0x26c8ed356ab20bff9ec0d6d93f51bcf5bfc1283b,0x5b87c7eb62fc9f64043989ea295cd08fdd061365,CRDV,18,10000000000031562,0xb1f66997a5760428d3a87d68b90bfe0ae64121cc,WTOMO,18,10000000000032,34148740
533,0x0f8406059819390ebfd9244aa699f7c524703623,0x523f37bea37ec4247db64350806490274ec07168,BNB,10,0,0xb1f66997a5760428d3a87d68b90bfe0ae64121cc,WTOMO,18,0,34188992
534,0x74bc84bfeac16e4c7ff808487f574fdaf533185d,0x381b31409e4d220919b2cff012ed94d70135a59e,USDT,6,0,0xec8a84b59a7ca1fbafa51c3beb8fb6752b5ed58a,SRN,18,0,34190120
535,0xdc99c2b1e237dc902f27e44408e720ff3dacb734,0xb1f66997a5760428d3a87d68b90bfe0ae64121cc,WTOMO,18,0,0xec8a84b59a7ca1fbafa51c3beb8fb6752b5ed58a,SRN,18,0,34190173
536,0x3e690b9cc76d473b7a24d5955f5c686d84d804f3,0x33fa3c0c714638f12339f85dae89c42042a2d9af,FTT,18,1474004616206339,0xc7ea18936b85a68917d36a2a891b5b357ca75e30,BTC,18,83740126200773823,34223920
537,0xe83b7d742efc07047c0d11e1edca81b100d9fb3b,0x4a7fe703a9e28e6260169cb776b88d49096f6641,APT,18,30269372707292186808,0xb1f66997a5760428d3a87d68b90bfe0ae64121cc,WTOMO,18,16556259564393810576,34226565
538,0x04a699dfa3de50819366db894dab7198dd160b3e,0x2eaa73bd0db20c64f53febea7b5f5e5bccc7fb8b,ETH,18,4363541112243,0xc7ea18936b85a68917d36a2a891b5b357ca75e30,BTC,18,410613946855759430,34248443
539,0xced7c285b57d48a0ccf3a8b1d1bcd0ab556ec5bf,0x7262fa193e9590b2e075c3c16170f3f2f32f5c74,LUA,18,218252264486871,0xc7ea18936b85a68917d36a2a891b5b357ca75e30,BTC,18,13835341288099095,34248938
540,0x3ac5e16f72ace7f84cee621f61a6e54e24dffd20,0xb12895ddcaf8df0470ae10448b8373c652fc1bfb,TPL,18,1406774507758981215,0xb1f66997a5760428d3a87d68b90bfe0ae64121cc,WTOMO,18,28991623358037872,34264187
541,0xff7848a144f64c0badcdcb02557356922d3539ba,0x381b31409e4d220919b2cff012ed94d70135a59e,USDT,6,109490,0xd93cd827c71e9626f0f4ffe98d6538b520062e98,TKVOX,0,110,34306886
542,0xffa0af3b65831c84927ff0f8c2e649a5295dc6f2,0x0e7816a23454bd6c6cc4630998241d06f242918e,EURX,2,1000002,0xd93cd827c71e9626f0f4ffe98d6538b520062e98,TKVOX,0,100000,34308295
543,0xca28222ac07f18d5849f99aa36c8989753a13058,0x2f7660cdc0a0585d781c6160d9200864e6c5dcb0,PDX,18,0,0xb1f66997a5760428d3a87d68b90bfe0ae64121cc,WTOMO,18,0,34308626
544,0x455bcaf58685db2d5fd39904359285160d237ea0,0x2f7660cdc0a0585d781c6160d9200864e6c5dcb0,PDX,18,0,0x7262fa193e9590b2e075c3c16170f3f2f32f5c74,LUA,18,0,34308659
545,0x5c575e999eee9ce83b0e3b2c18dc7c2a3ce034aa,0x2f7660cdc0a0585d781c6160d9200864e6c5dcb0,PDX,18,0,0x381b31409e4d220919b2cff012ed94d70135a59e,USDT,6,0,34308673
546,0x3b336b984b54312dcfb8734c0cc7fa8e276cdbbe,0x2f7660cdc0a0585d781c6160d9200864e6c5dcb0,PDX,18,0,0xae44807d8a9ce4b30146437474ed6faaafa1b809,BTC,8,0,34308687
547,0x18fef20019fcaed3f1914afbd9b7e72f020af7fe,0x2f7660cdc0a0585d781c6160d9200864e6c5dcb0,PDX,18,0,0xcca4e6302510d555b654b3eab9c0fcb223bcfdf0,USDC,6,0,34308703
548,0xf2b8f744c3475467c0b1241afac176abf3b51c83,0x2eaa73bd0db20c64f53febea7b5f5e5bccc7fb8b,ETH,18,0,0x2f7660cdc0a0585d781c6160d9200864e6c5dcb0,PDX,18,0,34308722
549,0x3d084f8c39f76575de5e3b8c2bacebcc1b5e10bf,0x126d931d123cb0276ee91f9be152aacfbbeb0689,WETH,18,0,0x2f7660cdc0a0585d781c6160d9200864e6c5dcb0,PDX,18,0,34308742
550,0x57e1cadc086b326626385896e6bb3c052a0547d8,0x2f7660cdc0a0585d781c6160d9200864e6c5dcb0,PDX,18,0,0xccdc431e7c13798177f2f8eb6b4136df894221d6,WBTC,8,0,34308757
551,0x436059d061b84e372481d07133af26365928b073,0x2f7660cdc0a0585d781c6160d9200864e6c5dcb0,PDX,18,0,0x33fa3c0c714638f12339f85dae89c42042a2d9af,FTT,18,0,34308775
552,0xb9a29a8b385c1bb6b679776ba46374f7536ec290,0x2f7660cdc0a0585d781c6160d9200864e6c5dcb0,PDX,18,0,0xc01643ac912b6a8ffc50cf8c1390934a6142bc91,SRM,6,0,34308794
553,0x55863a249b22e28b6e1e9fa64509e7d5038f05a7,0xa48e7b76f9c0a6412f842253458af7d3b6caa70d,APM,18,0,0xe1a9a5fae06696d314994a9d6915c12a63ad055d,ZPAY,18,0,34315295
554,0x574a4263c9c879501e68895a1f25fe8dc74faa87,0xe189a56891f6ca22797878e34992395a4afbde46,YFI,18,0,0xe1a9a5fae06696d314994a9d6915c12a63ad055d,ZPAY,18,0,34315312
555,0x0e13f9f384b3c76db3aa047cf8954c65ef670211,0x9297a405f39e6c307c2268a0b7a5a181bdb96f82,BAT,18,0,0xe1a9a5fae06696d314994a9d6915c12a63ad055d,ZPAY,18,0,34315333
556,0xef616f3e2deb02c15f4da7b96093db50f63ba359,0xb1f66997a5760428d3a87d68b90bfe0ae64121cc,WTOMO,18,4409958395359092774,0xe6de1dab4e97dee030968c8cceeb60af3c53e3b1,HHH,4,9881438062,34330449
557,0x51667d0f3ac7d31ccb5213ba84a34cda55e9fcd4,0xcca4e6302510d555b654b3eab9c0fcb223bcfdf0,USDC,6,0,0xe6de1dab4e97dee030968c8cceeb60af3c53e3b1,HHH,4,0,34332681
558,0x3b59dc8bf14c7fc80a4c246c0080bd862c9bac2d,0x7262fa193e9590b2e075c3c16170f3f2f32f5c74,LUA,18,0,0xe6de1dab4e97dee030968c8cceeb60af3c53e3b1,HHH,4,0,34333395
559,0xfffc1019fb985607248ca563df76a531d8555721,0x0e7816a23454bd6c6cc4630998241d06f242918e,EURX,2,1093,0x381b31409e4d220919b2cff012ed94d70135a59e,USDT,6,95306,34358155
560,0xd35b966c0b7568ade4389b7223fdf2eedabafdf5,0xb1f66997a5760428d3a87d68b90bfe0ae64121cc,WTOMO,18,520000005,0xdffd7ff64e712266d58cf0a4178ab22300456c4d,Mooz,18,13000000000009991830951,34388518
561,0x8b0e64d15bcc1ff4b6de8af1c444ce3e1154fe63,0x10b055daeb0892f3b23d5298128f9c3793573c87,CPT,18,61168741892745194563,0xb1f66997a5760428d3a87d68b90bfe0ae64121cc,WTOMO,18,111141654075938537,34399615
562,0x8e6d9e39718f4be2429629b551369fbcd5c668ca,0x7e7d8bc14326e6c352a067ac76f3e23655e0afbf,GLAD,18,132252492551956038301536,0xc7ea18936b85a68917d36a2a891b5b357ca75e30,BTC,18,15990394326940005824,34411448
563,0xd34db8d6a1e46c1173433f7251ac790b0edb87f7,0x381b31409e4d220919b2cff012ed94d70135a59e,USDT,6,956,0x57feaf956da144c3a46366b4b0e0572264bee6c3,WBTC,8,806355,34415046
564,0x292df8e3587fde30ad109fe134a5232f4ca19e4d,0xae44807d8a9ce4b30146437474ed6faaafa1b809,BTC,8,0,0xc7ea18936b85a68917d36a2a891b5b357ca75e30,BTC,18,0,34415269
565,0x5522cd6a56c5f5e02e9b27f0989cca8b56d781b5,0x57feaf956da144c3a46366b4b0e0572264bee6c3,WBTC,8,100000000,0xc7ea18936b85a68917d36a2a891b5b357ca75e30,BTC,18,2500000000000,34415345
566,0x24ed670b8ef3f7199952caf2484396d8a79c73a9,0x10b055daeb0892f3b23d5298128f9c3793573c87,CPT,18,10382192705137604701,0x381b31409e4d220919b2cff012ed94d70135a59e,USDT,6,26032,34419126
567,0xb18b6329be221dd58b1f37ceb34b95a59f723095,0x3ef586090d50c1b13338d1ef8b9bec2381566999,UWE,18,4221554837506364899,0xb1f66997a5760428d3a87d68b90bfe0ae64121cc,WTOMO,18,7215538699615364253,34462544
568,0x36802af499480e16588a122238fa4e721f3e98b8,0x2eaa73bd0db20c64f53febea7b5f5e5bccc7fb8b,ETH,18,0,0x3ef586090d50c1b13338d1ef8b9bec2381566999,UWE,18,0,34472294
569,0x91318455465b45eace686b0d442f2d7a99538c92,0x5080781e91237b6d7f026d5306b7233e26cd6c16,MLR,18,57716265640137438083031509,0xb1f66997a5760428d3a87d68b90bfe0ae64121cc,WTOMO,18,6588657222015378723,34490491
570,0x1c96d64875762622a0a404d4de7f4699d090792e,0x1dadf37ecdca3c0f01eb845780080ee07c4fe758,WFROG,8,217506,0x381b31409e4d220919b2cff012ed94d70135a59e,USDT,6,202698,34503287
571,0x393712145c919b40fe5fa6c0709aae78c3b1e709,0x381b31409e4d220919b2cff012ed94d70135a59e,USDT,6,10000,0x9c9f1471e8c442af2f209f22dc70c0a970c76747,USDX,18,10000000000000000,34517025
572,0xeb11bf08bbc6de84385e9b4d057d8a68984db5fb,0x0e7816a23454bd6c6cc4630998241d06f242918e,EURX,2,0,0x9c9f1471e8c442af2f209f22dc70c0a970c76747,USDX,18,0,34517223
573,0x8490c76486cb987b4c300578912fb90dc3190e1b,0x370b08edc3cb0b361f4506d374aeac77a479de97,FCC,18,0,0xb1f66997a5760428d3a87d68b90bfe0ae64121cc,WTOMO,18,0,34550123
574,0x49253559315c49a35d970a6a4ed4de5a67642b2b,0x33fa3c0c714638f12339f85dae89c42042a2d9af,FTT,18,0,0x7e7d8bc14326e6c352a067ac76f3e23655e0afbf,GLAD,18,0,34582544
575,0xe44bfe44e6591d5ef1bdc18e81be91a31780193f,0x381b31409e4d220919b2cff012ed94d70135a59e,USDT,6,35954,0xc7ea18936b85a68917d36a2a891b5b357ca75e30,BTC,18,89413326584089247236,34583644
576,0x68c5136b97d1649f6c3759fe3bee9466d0b205bb,0x381b31409e4d220919b2cff012ed94d70135a59e,USDT,6,12,0x7e7d8bc14326e6c352a067ac76f3e23655e0afbf,GLAD,18,25656131089837211476,34583740
577,0x2f952aa9692918a5371ab8d73bb796f3c4301de1,0x771b1f2dd788accc76433db5787f9d3afece0103,DAI,18,0,0x943efd2571dc83e4eebb55a4b1e82352efe2ac51,BNB,18,0,34592683
578,0x7b9d7dd75a9be08fa461025e1c9c61bb093db579,0x043bd4b9c8f93d3c8c220d1fb7b3eb961d24cbf7,C98,18,0,0x771b1f2dd788accc76433db5787f9d3afece0103,DAI,18,0,34592709
579,0x954e5bd29e1277b1acce82396336b532b4c98bd6,0x0055a5eae409ee4d10f29968c86df93ac51c21c6,CEL,4,0,0x771b1f2dd788accc76433db5787f9d3afece0103,DAI,18,0,34592722
580,0xff2a66305db8b88ae7467a288ae7c9461065613f,0x771b1f2dd788accc76433db5787f9d3afece0103,DAI,18,0,0x9de0fd932fed363bf8b6f52f9508034782014e22,COMP,18,0,34592737
581,0xc43196fa9a044c1375e65cf5f5439529087a9759,0x771b1f2dd788accc76433db5787f9d3afece0103,DAI,18,0,0xea8d13af16a33fc5de19c0b1edcf4cd053bd2fa9,CONST,2,0,34592752
582,0xe6e47c50cec6f924634b7f77df804c8da9378a7d,0x771b1f2dd788accc76433db5787f9d3afece0103,DAI,18,0,0xfeb9ae1ccec15cd8ccd37894ef3e24ec5414e781,DEC,18,0,34592768
583,0x01eb195c06b94aefc9132137e0839ebbc43e412b,0x771b1f2dd788accc76433db5787f9d3afece0103,DAI,18,0,0x833416c01362659d9f9c2402ad1c110b3a4ed267,DTE,18,0,34592783
584,0xa319c7e4bf5ea586bdf05b407f614281aaa0c03b,0x771b1f2dd788accc76433db5787f9d3afece0103,DAI,18,0,0xb3acef61c7926002b62f45f7c352ff561b19ad52,DXD,18,0,34592797
585,0x61bd7883c5f88e26cacd7577f831d72db7e7e294,0x58e72b1b6cd577b3f93111c65ea539774ae1b3c9,ENJ,18,0,0x771b1f2dd788accc76433db5787f9d3afece0103,DAI,18,0,34592821
586,0x5fe03e4b64911fdcb6334a44bedfd7bd5c0ff932,0x053bb94fb2b1bfc2a1a7f964068b22516cb6fe45,EVND,18,0,0x771b1f2dd788accc76433db5787f9d3afece0103,DAI,18,0,34592840
587,0x86c0931bf9c3ab1c6d6057766cbde2b121f8aa6a,0x661c18ff558f36aa94b9611eeb9af53424c400e4,FRONT,18,0,0x771b1f2dd788accc76433db5787f9d3afece0103,DAI,18,0,34592860
588,0x3ce3ad1fad0608d71ef23052b852409a0a9e323e,0x771b1f2dd788accc76433db5787f9d3afece0103,DAI,18,0,0xa7551ba0d52c763fb6f8866de63827aa593f20bc,HY,18,0,34592880
589,0x0b4d854f837a7802ad514a39383f779b0c86b087,0x771b1f2dd788accc76433db5787f9d3afece0103,DAI,18,0,0xec8a3dd63322c2c6543b36b383e5c4f6145b291d,KOI,18,0,34592895
590,0x49c1d7ed59c35dab349ef0b55486e72448cf3a6f,0x771b1f2dd788accc76433db5787f9d3afece0103,DAI,18,0,0xb1b4615508528de75012e38a0e1c07e0143c0c5d,LIKE,18,0,34592914
591,0x044ce7a2c77f663d617c793579f10c99a850e3b5,0x6f1046758b3bcf667816deeac40e6bd1fbdcf830,LINA,18,0,0x771b1f2dd788accc76433db5787f9d3afece0103,DAI,18,0,34592935
592,0x698394853da6f35d7ff96723d7bbf43ca268c182,0x10d14db0825d1bfc3fe4984ee6d049691098d4cb,LINK,18,0,0x771b1f2dd788accc76433db5787f9d3afece0103,DAI,18,0,34592955
593,0xc1956c55b8d6526fb1ab56f2ec2c549869c9ca26,0x420e250b1de284ded71d163fe0c30f0bdbbbfca6,MND,3,0,0x771b1f2dd788accc76433db5787f9d3afece0103,DAI,18,0,34592975
594,0x62282bf594ef3d558f9570bba72c95ad5d16340c,0x771b1f2dd788accc76433db5787f9d3afece0103,DAI,18,0,0xe1a9a5fae06696d314994a9d6915c12a63ad055d,ZPAY,18,0,34592999
595,0xd254b9001d7524be0c5822aa4808b2268324564e,0x771b1f2dd788accc76433db5787f9d3afece0103,DAI,18,0,0xe189a56891f6ca22797878e34992395a4afbde46,YFI,18,0,34593015
596,0x21f65da21f5460778e1db1e6c825b7bdfc6b1800,0x771b1f2dd788accc76433db5787f9d3afece0103,DAI,18,0,0xccdc431e7c13798177f2f8eb6b4136df894221d6,WBTC,8,0,34593037
597,0xf5f8b7d8868ed2f3dd620ec4a6f65f1db2d4be06,0x771b1f2dd788accc76433db5787f9d3afece0103,DAI,18,0,0xc43a2df23dafacb9106ab239896599b705e2e67e,VNDC,0,0,34593057
598,0xad25664c4beeb46c35c8fc58bd47b4ed8f12fdc1,0x771b1f2dd788accc76433db5787f9d3afece0103,DAI,18,0,0xf42ffb2e444e3f4f02bc3395cb21a4a35137e196,UNI,18,0,34593078
599,0x6db2e07a9e08e2df4467d67cdd3aa3b8cfc31390,0x6e27b25a6a85028e2fc00c3040b9fe3a952b5d5f,TPC,18,0,0x771b1f2dd788accc76433db5787f9d3afece0103,DAI,18,0,34593098
600,0xdde1ec8f1176ea0797010c1340f5430daa4edca3,0x771b1f2dd788accc76433db5787f9d3afece0103,DAI,18,0,0x8b17e443b136dd446e1f57c8a8a925d8a058eb85,THETA,18,0,34593119
601,0x55a0baa71711858f3185a9aec7e8a58a50cdea99,0x771b1f2dd788accc76433db5787f9d3afece0103,DAI,18,0,0xcd13d223e5257c04a1943dedae7fa1cecfd8de05,SUSHI,18,0,34593135
602,0x5a075e42f1b80f39a2e328f05e6c410ffa5dbd25,0x0716416755dee87498c607bf9008f8efc09ca07c,MTA,18,0,0x771b1f2dd788accc76433db5787f9d3afece0103,DAI,18,0,34594804
603,0xd302f7f01500ea5a6bdccf170dda71bef769518a,0x4cd6cfb32a8699386e65b591f02819e34e4e4b4c,OM,18,0,0x771b1f2dd788accc76433db5787f9d3afece0103,DAI,18,0,34594823
604,0x40c1c1db48f118c9dc9eef399186619e3a130363,0x4dd28c75b28f05df193b4e1bbb61cd186eb968c6,ORBYT,18,0,0x771b1f2dd788accc76433db5787f9d3afece0103,DAI,18,0,34594837
605,0x800b45592488f5a0b4e488a3f4427a05dffc8497,0x771b1f2dd788accc76433db5787f9d3afece0103,DAI,18,0,0xf623065d1c8e28bf8cadfd60966278cc570efa0d,PAXG,18,0,34594857
606,0x3e502f820cabbab57692332788491b9aed6ab956,0x1bcc347956d04752fcb9b416392bf8666e2d6a8c,PAZZI,18,0,0x771b1f2dd788accc76433db5787f9d3afece0103,DAI,18,0,34594876
607,0xb0fd439bb207818cfe33fb1c620da52248cc2559,0x2f7660cdc0a0585d781c6160d9200864e6c5dcb0,PDX,18,0,0x771b1f2dd788accc76433db5787f9d3afece0103,DAI,18,0,34594892
608,0x3002173da7bf100a819d51aa3a40b6cd4152d9e9,0x771b1f2dd788accc76433db5787f9d3afece0103,DAI,18,0,0x7cd82dca3a18b6784c44d28f7be0f74d1fc2048a,PIE,18,0,34594910
609,0x042e9b1d9f485817e4500047048916224345d193,0x6c87c816544fe3eb608a5dbd25f0bbbbabdd8cdf,REN,18,0,0x771b1f2dd788accc76433db5787f9d3afece0103,DAI,18,0,34594928
610,0xa9a0c80a74244bc4dc5913c78e58524e2ddd975e,0x771b1f2dd788accc76433db5787f9d3afece0103,DAI,18,0,0xf89e4f188069e492c6ee204384709eae9a1dcc56,SNX,18,0,34594959
611,0x11ca38479a08eba4271417f93d1e6b71033d3dcf,0x126d931d123cb0276ee91f9be152aacfbbeb0689,WETH,18,0,0xa7551ba0d52c763fb6f8866de63827aa593f20bc,HY,18,0,34595101
612,0xb758a878abc7c6d7d17795bc1f31ca72dbf34f4b,0xa7551ba0d52c763fb6f8866de63827aa593f20bc,HY,18,0,0xccdc431e7c13798177f2f8eb6b4136df894221d6,WBTC,8,0,34595127
613,0x28ef11a4cef45d3889bf5c4931fd4149d9b865b8,0x33fa3c0c714638f12339f85dae89c42042a2d9af,FTT,18,3662325963966729,0xc46a724b276ff4c18c8b4a225ada665e82b07057,MIST,18,5567998355187678,34638197
614,0x7418f6536982787025391fb2181e2750aa800249,0x381b31409e4d220919b2cff012ed94d70135a59e,USDT,6,0,0xc46a724b276ff4c18c8b4a225ada665e82b07057,MIST,18,0,34638410
615,0x0cedace31b47138869f49ff7a29edad7c465e26e,0xb1f66997a5760428d3a87d68b90bfe0ae64121cc,WTOMO,18,778244007565191425,0xcf0ab22a8b8dca3abce83a860ffb4953ad62de87,ULG,8,1396215983516801,34645011
616,0x2a3e05ed48bf5276572424d7b4e7df96da381d16,0x381b31409e4d220919b2cff012ed94d70135a59e,USDT,6,182058,0xe6a7bf45333a7018f709760263b7a5200d245ed3,APT,18,113059759117154225,34672406
617,0xe4cffd6c5bb165e747c8c5191dac69f71166afdb,0xb1f66997a5760428d3a87d68b90bfe0ae64121cc,WTOMO,18,100000000000000000,0xfd35d30f94baedd14afd760378ec89a0abc5212e,GVT,18,1000000000000000000,34683406
618,0x32d83f98e5574606c645d64223991c06e4e98957,0x190a31608b1ddbc115300344f897beeb5ef22856,BTCOL,8,11062313,0x381b31409e4d220919b2cff012ed94d70135a59e,USDT,6,43210,34697703
619,0x594cd690e6c22e63c690c73b90c51c1f6dc7c407,0x381b31409e4d220919b2cff012ed94d70135a59e,USDT,6,345431731,0xb2444519f4653831b097b388d985ab3fdd5d600e,TAI,18,515797116412782541619,34700613
620,0xd6a3c6e0a3e875ec0a38ac6a5d38d9a8ffae8fe8,0xb1f66997a5760428d3a87d68b90bfe0ae64121cc,WTOMO,18,39627699718135476433,0xb2444519f4653831b097b388d985ab3fdd5d600e,TAI,18,326573622531692598734,34704182
621,0xc5aea481872af379857034fc818d4670602f1a71,0x7262fa193e9590b2e075c3c16170f3f2f32f5c74,LUA,18,1443390078669312938143,0xb2444519f4653831b097b388d985ab3fdd5d600e,TAI,18,10009739611709257149,34708333
622,0xabfc0b8f73caf2ab876d0c236963b158db2597a4,0xae44807d8a9ce4b30146437474ed6faaafa1b809,BTC,8,0,0xb2444519f4653831b097b388d985ab3fdd5d600e,TAI,18,0,34736838
623,0x2f8dd30a18b3f7f60d8b4d7089f7f9357e23987f,0xb2444519f4653831b097b388d985ab3fdd5d600e,TAI,18,0,0xea478716a70dc086707e23de17965acb5c7b7840,MASQ,18,0,34736862
624,0xa1d1555fedef3d7503f828c9bb0aebc1d9490bd6,0xb2444519f4653831b097b388d985ab3fdd5d600e,TAI,18,101917590177749953,0xcca4e6302510d555b654b3eab9c0fcb223bcfdf0,USDC,6,10432,34736878
625,0xba1f5bc00048db370b34fbb0814fe74c34345593,0x936b1f7290c8cfc57e31d7e4a301d5f9fa5b0cd8,24x7,4,0,0xb2444519f4653831b097b388d985ab3fdd5d600e,TAI,18,0,34736894
626,0x6c84a281fcb0b973303985bd2f2be8e4278193f0,0xa48e7b76f9c0a6412f842253458af7d3b6caa70d,APM,18,0,0xb2444519f4653831b097b388d985ab3fdd5d600e,TAI,18,0,34736909
627,0xf3ab60b036b6844ba5b514a43cde815187a65bf9,0x9297a405f39e6c307c2268a0b7a5a181bdb96f82,BAT,18,0,0xb2444519f4653831b097b388d985ab3fdd5d600e,TAI,18,0,34736926
628,0x6fb0320fa7931171af3c47ed6db6da6cd2c51b61,0x943efd2571dc83e4eebb55a4b1e82352efe2ac51,BNB,18,0,0xb2444519f4653831b097b388d985ab3fdd5d600e,TAI,18,0,34736939
629,0xe08dde4d3926162d0f915493553114207e33da8f,0x9befa435e06249d0f987dc546a43b7ad8d2ecbec,BUSD,18,0,0xb2444519f4653831b097b388d985ab3fdd5d600e,TAI,18,0,34736955
630,0x407000c66fe4b3439589840d96e4fa70fae31970,0x043bd4b9c8f93d3c8c220d1fb7b3eb961d24cbf7,C98,18,0,0xb2444519f4653831b097b388d985ab3fdd5d600e,TAI,18,0,34736969
631,0x97438ca48b4f9bdf9e383a8d4363c6c9a8033006,0x0055a5eae409ee4d10f29968c86df93ac51c21c6,CEL,4,0,0xb2444519f4653831b097b388d985ab3fdd5d600e,TAI,18,0,34736989
632,0x149c29851f507b625ba409411e27a34a81fdde7d,0x9de0fd932fed363bf8b6f52f9508034782014e22,COMP,18,0,0xb2444519f4653831b097b388d985ab3fdd5d600e,TAI,18,0,34737007
633,0x4e5df9254cb60ff686285eecb44c53b0d9b0302f,0xb2444519f4653831b097b388d985ab3fdd5d600e,TAI,18,0,0xea8d13af16a33fc5de19c0b1edcf4cd053bd2fa9,CONST,2,0,34737025
634,0x3cc3070c258fb7d82957ae5aed2dc3845d127143,0x771b1f2dd788accc76433db5787f9d3afece0103,DAI,18,0,0xb2444519f4653831b097b388d985ab3fdd5d600e,TAI,18,0,34737044
635,0x01a10211a851f72ed4fbed593280db9c286cc99f,0xb2444519f4653831b097b388d985ab3fdd5d600e,TAI,18,0,0xfeb9ae1ccec15cd8ccd37894ef3e24ec5414e781,DEC,18,0,34737062
636,0x3e0b4b0707ea3aee8b4f6a763098a727058da0ac,0x833416c01362659d9f9c2402ad1c110b3a4ed267,DTE,18,0,0xb2444519f4653831b097b388d985ab3fdd5d600e,TAI,18,0,34737081
637,0xcf0a5b42c7b1cab62fb668f9875bb5a6fe64e8c8,0xb2444519f4653831b097b388d985ab3fdd5d600e,TAI,18,0,0xb3acef61c7926002b62f45f7c352ff561b19ad52,DXD,18,0,34737104
638,0xaf7f5a26b378b1004e4c549ff6202c516bc27e93,0x58e72b1b6cd577b3f93111c65ea539774ae1b3c9,ENJ,18,0,0xb2444519f4653831b097b388d985ab3fdd5d600e,TAI,18,0,34737170
639,0xb28a25137000fb6fd8c9756abf4aeae26f6b6221,0x2eaa73bd0db20c64f53febea7b5f5e5bccc7fb8b,ETH,18,257500125046807,0xb2444519f4653831b097b388d985ab3fdd5d600e,TAI,18,1055111870327626592,34737186
640,0xd5e0dd3affd9deb3af3634a898bfe12c933b2741,0x053bb94fb2b1bfc2a1a7f964068b22516cb6fe45,EVND,18,0,0xb2444519f4653831b097b388d985ab3fdd5d600e,TAI,18,0,34737202
641,0xc4fbeb896a6b2126e62ef344a07472ef966dd23a,0x661c18ff558f36aa94b9611eeb9af53424c400e4,FRONT,18,0,0xb2444519f4653831b097b388d985ab3fdd5d600e,TAI,18,0,34737218
642,0xc3befeb72f013e91230e4aa82b67b2cda95ba50d,0x33fa3c0c714638f12339f85dae89c42042a2d9af,FTT,18,0,0xb2444519f4653831b097b388d985ab3fdd5d600e,TAI,18,0,34737233
643,0x96b2aa3c029e8b63c3b114652a3efd3ef6d974a8,0x4ceed28f5cc2bd5a13e0a688eda209970da06f43,GUSD,2,0,0xb2444519f4653831b097b388d985ab3fdd5d600e,TAI,18,0,34737255
644,0xb1cdf3f873772776918e34b3d4a59dec5855e78b,0xa7551ba0d52c763fb6f8866de63827aa593f20bc,HY,18,0,0xb2444519f4653831b097b388d985ab3fdd5d600e,TAI,18,0,34737271
645,0x830a2e62070b340833d36f3902b6a2623244320b,0xb2444519f4653831b097b388d985ab3fdd5d600e,TAI,18,0,0xec8a3dd63322c2c6543b36b383e5c4f6145b291d,KOI,18,0,34737293
646,0xb07702f6245a2d89692520f2373a64d8b79bd00f,0xb1b4615508528de75012e38a0e1c07e0143c0c5d,LIKE,18,0,0xb2444519f4653831b097b388d985ab3fdd5d600e,TAI,18,0,34737312
647,0x546184c4409a9ac7584e0a47ebe7d4f174f8da30,0x6f1046758b3bcf667816deeac40e6bd1fbdcf830,LINA,18,0,0xb2444519f4653831b097b388d985ab3fdd5d600e,TAI,18,0,34737327
648,0xa86920bdc98f2347d31fe62085da08edfd125bcc,0x10d14db0825d1bfc3fe4984ee6d049691098d4cb,LINK,18,0,0xb2444519f4653831b097b388d985ab3fdd5d600e,TAI,18,0,34737336
649,0xf77ebf9d2735d323fcd09176939c29bad3733950,0x72527bf784401db1a50ee4002c40e8d4a3165352,MKR,18,0,0xb2444519f4653831b097b388d985ab3fdd5d600e,TAI,18,0,34737361
650,0xfc754755743bd73691d80b598dc78467d6184c9d,0x420e250b1de284ded71d163fe0c30f0bdbbbfca6,MND,3,0,0xb2444519f4653831b097b388d985ab3fdd5d600e,TAI,18,0,34737398
651,0x97ba0a5e5a0fc86596e3a6966772ef6722368c23,0x0716416755dee87498c607bf9008f8efc09ca07c,MTA,18,0,0xb2444519f4653831b097b388d985ab3fdd5d600e,TAI,18,0,34737418
652,0x576b431db24da64b83d41e03e2a1b7df7729342e,0x4cd6cfb32a8699386e65b591f02819e34e4e4b4c,OM,18,0,0xb2444519f4653831b097b388d985ab3fdd5d600e,TAI,18,0,34737438
653,0xc1e6abfaa195335dd91834a9d06735f9e289abce,0x4dd28c75b28f05df193b4e1bbb61cd186eb968c6,ORBYT,18,0,0xb2444519f4653831b097b388d985ab3fdd5d600e,TAI,18,0,34737465
654,0x74fb6cab02985132a07602e539b352771b87d640,0x3903d7416c075379e767291863c180487f897114,PAX,18,0,0xb2444519f4653831b097b388d985ab3fdd5d600e,TAI,18,0,34737492
655,0x8d22ba6ada959dee6aa6f2ee4cb6039366abe065,0xb2444519f4653831b097b388d985ab3fdd5d600e,TAI,18,0,0xf623065d1c8e28bf8cadfd60966278cc570efa0d,PAXG,18,0,34737514
656,0x40102077e519269d7b35c0234f5974ae05874892,0x1bcc347956d04752fcb9b416392bf8666e2d6a8c,PAZZI,18,0,0xb2444519f4653831b097b388d985ab3fdd5d600e,TAI,18,0,34737540
657,0x28f2b2a518374aefef1010b38ba1b818d3c93747,0x2f7660cdc0a0585d781c6160d9200864e6c5dcb0,PDX,18,0,0xb2444519f4653831b097b388d985ab3fdd5d600e,TAI,18,0,34737561
658,0x98b58ad063627145c0c0ed059da18d0da32c4852,0x7cd82dca3a18b6784c44d28f7be0f74d1fc2048a,PIE,18,0,0xb2444519f4653831b097b388d985ab3fdd5d600e,TAI,18,0,34737578
659,0x838e64099337a0eb0806c9e500bcb54e3553e357,0x6c87c816544fe3eb608a5dbd25f0bbbbabdd8cdf,REN,18,0,0xb2444519f4653831b097b388d985ab3fdd5d600e,TAI,18,0,34737595
660,0xa4b3f9d913ca2d34883baa8fbd838a75e8cd95b8,0xb2444519f4653831b097b388d985ab3fdd5d600e,TAI,18,0,0xf89e4f188069e492c6ee204384709eae9a1dcc56,SNX,18,0,34737620
661,0x778cb2225b1cbc87d0e9a34b4d9fb460590ca95c,0xb2444519f4653831b097b388d985ab3fdd5d600e,TAI,18,0,0xc01643ac912b6a8ffc50cf8c1390934a6142bc91,SRM,6,0,34737633
662,0x0746464a1b4749a0b022e35b532883f841faffcd,0xb2444519f4653831b097b388d985ab3fdd5d600e,TAI,18,0,0xcd13d223e5257c04a1943dedae7fa1cecfd8de05,SUSHI,18,0,34737655
663,0x06c6674ab1ddc45cf6fc6500d4701608baf4dd0d,0x8b17e443b136dd446e1f57c8a8a925d8a058eb85,THETA,18,0,0xb2444519f4653831b097b388d985ab3fdd5d600e,TAI,18,0,34737683
664,0xdffe53c1cadde274fc904b18baed87448d4af2fc,0x6e27b25a6a85028e2fc00c3040b9fe3a952b5d5f,TPC,18,0,0xb2444519f4653831b097b388d985ab3fdd5d600e,TAI,18,0,34737702
665,0xd5acf4cd9abeb74ee69933c2db92d405bf49fd66,0xb2444519f4653831b097b388d985ab3fdd5d600e,TAI,18,0,0xf42ffb2e444e3f4f02bc3395cb21a4a35137e196,UNI,18,0,34737723
666,0x5303d052d469eb05f634fd46399a68be8d335c84,0xb2444519f4653831b097b388d985ab3fdd5d600e,TAI,18,0,0xe1a9a5fae06696d314994a9d6915c12a63ad055d,ZPAY,18,0,34737737
667,0x2e9f0ade3fe584230dde3344a16deff5711b4e8d,0xb2444519f4653831b097b388d985ab3fdd5d600e,TAI,18,0,0xe189a56891f6ca22797878e34992395a4afbde46,YFI,18,0,34737756
668,0x693653d1b09241b803b6bf338712055fb0ee6f26,0x126d931d123cb0276ee91f9be152aacfbbeb0689,WETH,18,0,0xb2444519f4653831b097b388d985ab3fdd5d600e,TAI,18,0,34737789
669,0xcf66418a8bce897beecb38e8813cfae4791666ae,0xb2444519f4653831b097b388d985ab3fdd5d600e,TAI,18,0,0xccdc431e7c13798177f2f8eb6b4136df894221d6,WBTC,8,0,34737807
670,0x7052d36320dd83768a93bccafc9ae5a9c6bb9037,0xb2444519f4653831b097b388d985ab3fdd5d600e,TAI,18,0,0xc43a2df23dafacb9106ab239896599b705e2e67e,VNDC,0,0,34737825
671,0x3cfce4cf92799a672dc409bfd00af365aed228d3,0xa48e7b76f9c0a6412f842253458af7d3b6caa70d,APM,18,0,0xa7551ba0d52c763fb6f8866de63827aa593f20bc,HY,18,0,34737857
672,0x12caddd0bdce8893e59d100a2f2ecea63a5bcfda,0x9297a405f39e6c307c2268a0b7a5a181bdb96f82,BAT,18,0,0xa7551ba0d52c763fb6f8866de63827aa593f20bc,HY,18,0,34737881
673,0xfc6a8db4f82bee80828f9c296fc9bdc75bd33e00,0x943efd2571dc83e4eebb55a4b1e82352efe2ac51,BNB,18,0,0xa7551ba0d52c763fb6f8866de63827aa593f20bc,HY,18,0,34737910
674,0x9a228c3cdafbf79d39cbb6fef7726c629c7bd706,0x9befa435e06249d0f987dc546a43b7ad8d2ecbec,BUSD,18,0,0xa7551ba0d52c763fb6f8866de63827aa593f20bc,HY,18,0,34737926
675,0x6f97002cfe1ac0188c3d83b7e7e31231bf2a3807,0x043bd4b9c8f93d3c8c220d1fb7b3eb961d24cbf7,C98,18,0,0xa7551ba0d52c763fb6f8866de63827aa593f20bc,HY,18,0,34737940
676,0x938b322672ecb5c0dee55a7927593dbc289cfa26,0x0055a5eae409ee4d10f29968c86df93ac51c21c6,CEL,4,0,0xa7551ba0d52c763fb6f8866de63827aa593f20bc,HY,18,0,34737958
677,0x89a968730f2c1e1c0c005a976f0d22188e8baf35,0x9de0fd932fed363bf8b6f52f9508034782014e22,COMP,18,0,0xa7551ba0d52c763fb6f8866de63827aa593f20bc,HY,18,0,34737977
678,0x56f8d5be286c043c33997a04ed304b7a99e5256a,0xa7551ba0d52c763fb6f8866de63827aa593f20bc,HY,18,0,0xea8d13af16a33fc5de19c0b1edcf4cd053bd2fa9,CONST,2,0,34737995
679,0xc77e64b5d1399af148786c06a7d817ff1fbeb9c8,0xa7551ba0d52c763fb6f8866de63827aa593f20bc,HY,18,0,0xfeb9ae1ccec15cd8ccd37894ef3e24ec5414e781,DEC,18,0,34738015
680,0x747a9716acda62c59278715dfc546f6c163f6993,0x833416c01362659d9f9c2402ad1c110b3a4ed267,DTE,18,0,0xa7551ba0d52c763fb6f8866de63827aa593f20bc,HY,18,0,34738031
681,0x6f62c8a4dd5f48954b1866a89310d022263d00c0,0x4ceed28f5cc2bd5a13e0a688eda209970da06f43,GUSD,2,0,0xa7551ba0d52c763fb6f8866de63827aa593f20bc,HY,18,0,34738078
682,0x2770332919a97026d4d72ddcb116d297c1dae98d,0x58e72b1b6cd577b3f93111c65ea539774ae1b3c9,ENJ,18,0,0xa7551ba0d52c763fb6f8866de63827aa593f20bc,HY,18,0,34738100
683,0xf8534e5975eb5b77a9b391d73d3446faa51c4f4c,0xa7551ba0d52c763fb6f8866de63827aa593f20bc,HY,18,0,0xb3acef61c7926002b62f45f7c352ff561b19ad52,DXD,18,0,34738117
684,0xb78ec44a9f1ba933210a03c4ca95668239538327,0x053bb94fb2b1bfc2a1a7f964068b22516cb6fe45,EVND,18,0,0xa7551ba0d52c763fb6f8866de63827aa593f20bc,HY,18,0,34738150
685,0x9eab7d39b3c847a1fb872d01cceaf791c00c842c,0x661c18ff558f36aa94b9611eeb9af53424c400e4,FRONT,18,0,0xa7551ba0d52c763fb6f8866de63827aa593f20bc,HY,18,0,34738165
686,0xcfbaac45f5d8cf943a44d99ce0e1b41577516672,0xa7551ba0d52c763fb6f8866de63827aa593f20bc,HY,18,0,0xec8a3dd63322c2c6543b36b383e5c4f6145b291d,KOI,18,0,34738189
687,0x59a3a6adc2dbeb0cdfb33f08013ee0edd898e827,0xa7551ba0d52c763fb6f8866de63827aa593f20bc,HY,18,0,0xb1b4615508528de75012e38a0e1c07e0143c0c5d,LIKE,18,0,34738201
688,0x58d76b353e8694cd2dd9b4196409245b7d15ebb8,0x6f1046758b3bcf667816deeac40e6bd1fbdcf830,LINA,18,0,0xa7551ba0d52c763fb6f8866de63827aa593f20bc,HY,18,0,34738205
689,0xa2a5bbbc2d84a4b33be1bf8a8f7988bbb71a7e4c,0xa7551ba0d52c763fb6f8866de63827aa593f20bc,HY,18,0,0xe189a56891f6ca22797878e34992395a4afbde46,YFI,18,0,34738296
690,0x01068c7aae5e8fb3b0e0d48b976f21c8a55ae7f0,0xa7551ba0d52c763fb6f8866de63827aa593f20bc,HY,18,0,0xe1a9a5fae06696d314994a9d6915c12a63ad055d,ZPAY,18,0,34738317
691,0xaa836857344d6aefb23f71a63865476fe376561f,0xa7551ba0d52c763fb6f8866de63827aa593f20bc,HY,18,0,0xc43a2df23dafacb9106ab239896599b705e2e67e,VNDC,0,0,34738334
692,0x29687e84afa908ad9ba7e35e235541dd29281afd,0xa7551ba0d52c763fb6f8866de63827aa593f20bc,HY,18,0,0xf42ffb2e444e3f4f02bc3395cb21a4a35137e196,UNI,18,0,34738361
693,0x3352f5112177b44fc692b5bc1efe26d1fffa07a0,0x6e27b25a6a85028e2fc00c3040b9fe3a952b5d5f,TPC,18,0,0xa7551ba0d52c763fb6f8866de63827aa593f20bc,HY,18,0,34738387
694,0x5a7912d5e19fe99ff8b012e5dfde8f0ac3f1acde,0x8b17e443b136dd446e1f57c8a8a925d8a058eb85,THETA,18,0,0xa7551ba0d52c763fb6f8866de63827aa593f20bc,HY,18,0,34738413
695,0x9ae64ece60a42419afc977d90220837aec791fb5,0xa7551ba0d52c763fb6f8866de63827aa593f20bc,HY,18,0,0xcd13d223e5257c04a1943dedae7fa1cecfd8de05,SUSHI,18,0,34738450
696,0xbfd5d5f9626cadcdc80aede65d0d51d74d17ef29,0x10d14db0825d1bfc3fe4984ee6d049691098d4cb,LINK,18,0,0xa7551ba0d52c763fb6f8866de63827aa593f20bc,HY,18,0,34738471
697,0xa998344d166c246107c35cae2ba8dc6754cb8fa2,0x72527bf784401db1a50ee4002c40e8d4a3165352,MKR,18,0,0xa7551ba0d52c763fb6f8866de63827aa593f20bc,HY,18,0,34738495
698,0x2c92918535bd2b36bf2857eb29040766de531427,0x420e250b1de284ded71d163fe0c30f0bdbbbfca6,MND,3,0,0xa7551ba0d52c763fb6f8866de63827aa593f20bc,HY,18,0,34738510
699,0xb25c660fc49f5a9df66c2e50b42d6e351e4d3f68,0x0716416755dee87498c607bf9008f8efc09ca07c,MTA,18,0,0xa7551ba0d52c763fb6f8866de63827aa593f20bc,HY,18,0,34738526
700,0x29e410bc08058736c9425fb4a3753c0141d70a74,0x4cd6cfb32a8699386e65b591f02819e34e4e4b4c,OM,18,0,0xa7551ba0d52c763fb6f8866de63827aa593f20bc,HY,18,0,34738539
701,0xb02a5fc9b23471ddd191e1a3fa4586a964ce272c,0x4dd28c75b28f05df193b4e1bbb61cd186eb968c6,ORBYT,18,0,0xa7551ba0d52c763fb6f8866de63827aa593f20bc,HY,18,0,34738555
702,0x3d46c882c81b57e82760ee93f96003df30e516dc,0x3903d7416c075379e767291863c180487f897114,PAX,18,0,0xa7551ba0d52c763fb6f8866de63827aa593f20bc,HY,18,0,34738570
703,0xda507e297a92dd33fafc14282fdc1303a2f4755b,0xa7551ba0d52c763fb6f8866de63827aa593f20bc,HY,18,0,0xf623065d1c8e28bf8cadfd60966278cc570efa0d,PAXG,18,0,34738586
704,0xf8730cdb0257cca4bfe5254e3a36c69522ec850e,0x1bcc347956d04752fcb9b416392bf8666e2d6a8c,PAZZI,18,0,0xa7551ba0d52c763fb6f8866de63827aa593f20bc,HY,18,0,34738607
705,0x52a357a5751f3ee4f4a718da7bbdcc070d79c729,0x2f7660cdc0a0585d781c6160d9200864e6c5dcb0,PDX,18,0,0xa7551ba0d52c763fb6f8866de63827aa593f20bc,HY,18,0,34738623
706,0xa3aceca2859d74d57367dcc95c84d7ac9ba611a9,0x7cd82dca3a18b6784c44d28f7be0f74d1fc2048a,PIE,18,0,0xa7551ba0d52c763fb6f8866de63827aa593f20bc,HY,18,0,34738642
707,0x730b9b1f7cac200014478534631706e050533b99,0xa7551ba0d52c763fb6f8866de63827aa593f20bc,HY,18,0,0xf89e4f188069e492c6ee204384709eae9a1dcc56,SNX,18,0,34738668
708,0x3a55f4cd50061a7e43185ec567dfd73ba08e475a,0xb0fb671d49bf5ad3c254f3f8c73c4d57a65ba6e2,CRT,18,221237281662678511814,0xb1f66997a5760428d3a87d68b90bfe0ae64121cc,WTOMO,18,45736250609053153,34758958
709,0xd7a0b62c5a63242f442c7c425974a8bded0c2aec,0x190a31608b1ddbc115300344f897beeb5ef22856,BTCOL,8,6297199,0x33fa3c0c714638f12339f85dae89c42042a2d9af,FTT,18,952988170674583,34781325
710,0x55c5a25fe252453bc6a06d4b5d1664ba9019b3df,0x7262fa193e9590b2e075c3c16170f3f2f32f5c74,LUA,18,0,0x8acfe4dc7fde4cf3c2cdfac25cb20a6ab980eacf,MERON,18,0,34826984
711,0xbc1db5828dedcaba039314de4bd736b72071ded3,0x084fd42178f3c64a74b6281f32e4d8a70e1e1a50,TTS,18,0,0x381b31409e4d220919b2cff012ed94d70135a59e,USDT,6,0,34834641
712,0xa9634f992d0c16ac4503e37adbeae439243f2a04,0x7262fa193e9590b2e075c3c16170f3f2f32f5c74,LUA,18,0,0x7e7d8bc14326e6c352a067ac76f3e23655e0afbf,GLAD,18,0,34838867
713,0xb59cc9947ac153630cc6a027e994a3d5fa7bdf6f,0x7262fa193e9590b2e075c3c16170f3f2f32f5c74,LUA,18,0,0xf35f3d0823363c343d8e46bd6cc5f78da014c929,GLAD,18,0,34839004
714,0x9a71a7603fef5ccee16422f1dee64e841f48bd3f,0x7262fa193e9590b2e075c3c16170f3f2f32f5c74,LUA,18,242899673429340596726,0xe6df5ad4a66014f8c5fd791d7c432abae6c90f6f,0xBTC,8,40851546404,34859824
715,0x02a284cc53cc17b5cd5f5db70797e58507c226d7,0x5c904f7c501eaf38ef3b8cd96bac430d2d381ed9,UTA,18,9901382232959721177077,0xb1f66997a5760428d3a87d68b90bfe0ae64121cc,WTOMO,18,10100000000000000,34871359
716,0x93156b0cebef9ff4e66cc7e8fbfc03245b54704f,0x1c0dfdd906e896959f16c4b2ed90e2403277b89d,PANTY,18,9901382232959721177077,0xb1f66997a5760428d3a87d68b90bfe0ae64121cc,WTOMO,18,10100000000000000,34871444
717,0x41f9a3e02736a2eb43638974ea0a71508c2ea27c,0x2b38c7201fdc95edacb09504523655a24db50be7,doge,18,12016114980685052256089,0xb1f66997a5760428d3a87d68b90bfe0ae64121cc,WTOMO,18,2647279059189395587,34897145
718,0xca54d6eb2e8c96c3806abe7fbdb705c60de85334,0x22f5db89d9096a677f47ab6a38ff24135de76c77,LOVE,18,0,0x31e58cca9ecaa057edabaccff5abfbbc3443480c,POMO,18,0,34917149
719,0xa2ee74bcad689dad553cbfca9773c4f793b50963,0x49428d51c7c0bf2e38acaa1b67c898553d413957,NCP,18,1000000000000326,0x7262fa193e9590b2e075c3c16170f3f2f32f5c74,LUA,18,9387320187009679,34917232
720,0x7af1d0dfcbab9696aa68214f526504b1e00a6de0,0xc7ea18936b85a68917d36a2a891b5b357ca75e30,BTC,18,3001000000937940245702,0xe6df5ad4a66014f8c5fd791d7c432abae6c90f6f,0xBTC,8,15997820834999999,34929165
721,0x6ed519e2b2a9b91e8b586a26bd1e16d0b6a537d7,0x22f5db89d9096a677f47ab6a38ff24135de76c77,LOVE,18,0,0x8acfe4dc7fde4cf3c2cdfac25cb20a6ab980eacf,MERON,18,0,34953428
722,0x4fe693c01b0b38661033753e951bd576df66c1fe,0xb1f66997a5760428d3a87d68b90bfe0ae64121cc,WTOMO,18,242795204462248980,0xc16eeada7494cf0be037daa7a824756c2b03edb1,CFT,18,561299833517005640,35033476
723,0x47a0408eb293aa293a82a40535403e2f56314a1b,0xae44807d8a9ce4b30146437474ed6faaafa1b809,BTC,8,0,0xc16eeada7494cf0be037daa7a824756c2b03edb1,CFT,18,0,35034490
724,0xea32ca341367fa035fa5f57c21473b55ac13fd71,0xaf95193df0e67b3f49c2820d0d86f5e6b8e1770f,TFI,18,2016604392278159680,0xb1f66997a5760428d3a87d68b90bfe0ae64121cc,WTOMO,18,597522253977317031,35064030
725,0x1e0418b191254fdeff6448cf32cea34b94394429,0xb1f66997a5760428d3a87d68b90bfe0ae64121cc,WTOMO,18,867426565019374747,0xc02558a05fdccfe672034ca887535a2ddfd246c7,WICK,3,199,35110336
726,0xe09ef99ba0207770fa656d421e7fc8b477b1c1ba,0xa7551ba0d52c763fb6f8866de63827aa593f20bc,HY,18,20472642690358774,0xe6df5ad4a66014f8c5fd791d7c432abae6c90f6f,0xBTC,8,55537178,35158545
727,0xc0828df65c4e6983cca8ba803a1b92e8bb354940,0x8d7e00daf0d702cb4b5bee06d1a2e335a49756fb,SFN,18,90774360874397925157466,0xb1f66997a5760428d3a87d68b90bfe0ae64121cc,WTOMO,18,54000000000000000,35164643
728,0xd02e1987ea0af9e869996765f3fb92bd2e48875c,0x242374fef707c4f7327fbaf1eb7e4444446b50fb,AMN,18,53862661694259039502,0xb1f66997a5760428d3a87d68b90bfe0ae64121cc,WTOMO,18,173669405081476989,35279160
729,0x0112a0f1b18bb8d1b078d88432d3aa1f239dbc95,0xb1f66997a5760428d3a87d68b90bfe0ae64121cc,WTOMO,18,10751375559197155,0xeac12c125e28b99736173f4f96a69687ea65918f,Fi,2,931100,35312044
730,0xc17515d3a9f1783e6eded5051ddf6024466b7ba1,0x2072c403e237cd2f0431ab85476617898939e249,Meme,4,0,0xb1f66997a5760428d3a87d68b90bfe0ae64121cc,WTOMO,18,0,35316062
731,0x86cc5066445ee23491862642f986829b2341eb26,0x2eaa73bd0db20c64f53febea7b5f5e5bccc7fb8b,ETH,18,921509143298,0x5080781e91237b6d7f026d5306b7233e26cd6c16,MLR,18,7529504218290185038,35320390
732,0xbc0f06574978221acc74fa0acaef700cb135a341,0x0e3a1a9b7c2fc90b10d5dad1f840d691b1f15f9b,SGF,18,1000000000009990,0xb1f66997a5760428d3a87d68b90bfe0ae64121cc,WTOMO,18,10000000000100,35329862
733,0x17e8070797cae66ccf7e5c256136bef065086a48,0xb1f66997a5760428d3a87d68b90bfe0ae64121cc,WTOMO,18,0,0xffecc71e4a2b3591478dd3634d0364cfd178c86f,RFG,18,0,35352636
734,0x50bb2ce99a1864e7d9b101657c3d150037312bc5,0x7262fa193e9590b2e075c3c16170f3f2f32f5c74,LUA,18,0,0xffecc71e4a2b3591478dd3634d0364cfd178c86f,RFG,18,0,35352752
735,0x159b6cc9f35d9aacd6083f03ecacd8b43272d2a6,0x381b31409e4d220919b2cff012ed94d70135a59e,USDT,6,4592738,0xde32bb1d04a4d607680625c19ca100470866b0de,AYS,18,44851005334233773243969227,35374652
736,0x901f081b0c64610af27f410801bfec08c7fa3607,0xa5d0fe312f1e0bc0a57710809e84e610e9c86ee4,SFL,18,40000000000000053665206,0xb1f66997a5760428d3a87d68b90bfe0ae64121cc,WTOMO,18,13860124113962,35386904
737,0x48ebcade975f62005a60972cd45cc20d96b30785,0x0b366c541c5ff46f2900dd4f7dc231171a255127,nATAn,3,1000,0xb1f66997a5760428d3a87d68b90bfe0ae64121cc,WTOMO,18,10006960529000204016,35415105
738,0xf823e7100e88aa4feec0242064be143d2c36bd00,0xb1f66997a5760428d3a87d68b90bfe0ae64121cc,WTOMO,18,117020386884759240,0xd78d113d66c8c59cf60bb610063f846372a6f050,LDX,18,7991730351021081,35491476
739,0xdf678fa4ce39ce02589bab93da0a0bf4d6045a25,0x2eaa73bd0db20c64f53febea7b5f5e5bccc7fb8b,ETH,18,0,0xd78d113d66c8c59cf60bb610063f846372a6f050,LDX,18,0,35492681
740,0x1f245da6d82b1c4851a491180805836cb90650c0,0x381b31409e4d220919b2cff012ed94d70135a59e,USDT,6,32370488,0x62983d882bb391b06d03c45d09dd438f996c21b9,Shit,18,134791836600592668758607,35499851
741,0xcd431df5bc9ef1188a6fba78e03ab507c9b36980,0x62983d882bb391b06d03c45d09dd438f996c21b9,Shit,18,222763840812417575285395,0xb1f66997a5760428d3a87d68b90bfe0ae64121cc,WTOMO,18,9732816527685995628,35499938
742,0x4ae03c56830e8552d5aa4b362f530e80cada6d84,0x62983d882bb391b06d03c45d09dd438f996c21b9,Shit,18,30030177323000903736495,0xde32bb1d04a4d607680625c19ca100470866b0de,AYS,18,68346823031609252554570923,35500202
743,0x5c4dc7654d8487d864fe98dd8069fbc9a22486c5,0xa184120ec47e6d5ee0270eed0f9ec2e783f677be,KGV,18,465809869747915397,0xb1f66997a5760428d3a87d68b90bfe0ae64121cc,WTOMO,18,62811699083607598,35691590
744,0x817fac0dba096100d30a1eaf75ab347a91a527de,0x07402f589baa05b09ce43a9d492025f51fa0e6fb,MAFIA,18,850634243322201868142,0xb1f66997a5760428d3a87d68b90bfe0ae64121cc,WTOMO,18,1772171266547545340,35701086
745,0x05b4ee5a8a57e30c2c25441b4ff3ea7e0ad36c32,0x0e0cde00cc64c76c6af75f264b979246afa3dcf3,STT,8,112497728,0xb1f66997a5760428d3a87d68b90bfe0ae64121cc,WTOMO,18,930071492392410,35781914
746,0xe79c603da128fa8a4f82902791a4966962182c86,0x372a4c0b3746267330591a1027bed28be61e1969,AID,18,1000000000000000000,0xb1f66997a5760428d3a87d68b90bfe0ae64121cc,WTOMO,18,100000000000000000,35819993
747,0x8a05d9ec8389b7157429f1a756561f267aea3027,0xb1f66997a5760428d3a87d68b90bfe0ae64121cc,WTOMO,18,31492415220439078,0xe111f0b644371acdf105e7d2edbc0e20d987bba4,BEIT,7,264068,36018184
748,0x459ef4bd32c67bf5ef7469eb4dbab9eaef5e6f4c,0x7c653a080fe46043a1c52818d7d7fc7f2901616a,USDT,18,4995059781134844545121,0xa9ccf0539fc007ae647ba50313fe1b90e90e402c,AGN,18,1003000000000000000000,36055749
749,0x19e79b267d47754051c4bc23c82228d858f4cd0a,0x52c9a8b36a37c18ed3b2f4e8001964a817333790,TEST,18,1000000000003157,0xb1f66997a5760428d3a87d68b90bfe0ae64121cc,WTOMO,18,100000000000316,36059812
750,0xfca078a3253b9e4535df03f2970b9cc7383400d7,0x19395ff1e1310863e3f273e907b88e4de7bcd3e7,PGT,18,99067603689009559676674,0xb1f66997a5760428d3a87d68b90bfe0ae64121cc,WTOMO,18,2728050438210559120,36084374
751,0x457403ac1d10d241ad2c6cd598b2584c7990f610,0xa91895630f2dafdc4fc5c3e32846108068c67004,WBTC,8,573829,0xb1f66997a5760428d3a87d68b90bfe0ae64121cc,WTOMO,18,131202056308035446466,36168814
752,0x49da081a03ae0f32fee0fc33794635b09dfd322e,0xa91895630f2dafdc4fc5c3e32846108068c67004,WBTC,8,63,0xcca4e6302510d555b654b3eab9c0fcb223bcfdf0,USDC,6,24696,36192118
753,0xf1029a24b3b524688f7b636079fa392950a18c9b,0x381b31409e4d220919b2cff012ed94d70135a59e,USDT,6,0,0xa91895630f2dafdc4fc5c3e32846108068c67004,WBTC,8,0,36204966
754,0x28af18605554c3aab0ce6b16b187a7569767d770,0xa91895630f2dafdc4fc5c3e32846108068c67004,WBTC,8,0,0xea478716a70dc086707e23de17965acb5c7b7840,MASQ,18,0,36204977
755,0x9f452c036621c8f99239f518888be0a22960080e,0xa7551ba0d52c763fb6f8866de63827aa593f20bc,HY,18,0,0xa91895630f2dafdc4fc5c3e32846108068c67004,WBTC,8,0,36204996
756,0xaa05560872c798278b106b66872952d496e5bff7,0x2eaa73bd0db20c64f53febea7b5f5e5bccc7fb8b,ETH,18,0,0xa91895630f2dafdc4fc5c3e32846108068c67004,WBTC,8,0,36205009
757,0x41a2558a850fe544d624f74824636d69b1b7aa34,0xa91895630f2dafdc4fc5c3e32846108068c67004,WBTC,8,0,0xe1a9a5fae06696d314994a9d6915c12a63ad055d,ZPAY,18,0,36205089
758,0x75e1a2af08e2abd3ea1445cf234f088b70c48569,0xa91895630f2dafdc4fc5c3e32846108068c67004,WBTC,8,0,0xb2444519f4653831b097b388d985ab3fdd5d600e,TAI,18,0,36205113
759,0x2a85ce2f2252168f8b0f53aa6b7739a98b47ec1a,0x33fa3c0c714638f12339f85dae89c42042a2d9af,FTT,18,0,0xa91895630f2dafdc4fc5c3e32846108068c67004,WBTC,8,0,36205135
760,0x05ba24f008066dea6e41bf07b8c2ee68fb7d85aa,0x833416c01362659d9f9c2402ad1c110b3a4ed267,DTE,18,0,0xa91895630f2dafdc4fc5c3e32846108068c67004,WBTC,8,0,36205151
761,0xe54bdf992e60b7398396c491de417e422a1641c3,0x053bb94fb2b1bfc2a1a7f964068b22516cb6fe45,EVND,18,0,0xa91895630f2dafdc4fc5c3e32846108068c67004,WBTC,8,0,36205165
762,0xdcab8d4eae83f76d8b3dee0f499eef3b885c7d7f,0x7262fa193e9590b2e075c3c16170f3f2f32f5c74,LUA,18,0,0xa91895630f2dafdc4fc5c3e32846108068c67004,WBTC,8,0,36205179
763,0x54b870ef2e1d54237c0603a75490e4efab6e1ae4,0xa91895630f2dafdc4fc5c3e32846108068c67004,WBTC,8,0,0xc01643ac912b6a8ffc50cf8c1390934a6142bc91,SRM,6,0,36205201
764,0xc4cadc1ee99e3cfe7d615227cbb8b53c4d5e167a,0xb1f66997a5760428d3a87d68b90bfe0ae64121cc,WTOMO,18,2100000000000999,0xc95d8ad46df369c0c391c7a8261267270483b005,Shark,8,2100000000000999,36244555
765,0xa298a5e0044d3d2cdf5b08c670d423467adf7627,0x6c55fedac65955a4677d05ebe7836f3c2e13366c,BRK,18,0,0xb1f66997a5760428d3a87d68b90bfe0ae64121cc,WTOMO,18,0,36274458
766,0xac0f1afbfdcd075d951b3ad0bf4a4ae67a3a2628,0x42956617e9686136685b8cd49e33ac14d22db83c,MCF,1,0,0xa7551ba0d52c763fb6f8866de63827aa593f20bc,HY,18,0,36396015
767,0x65877cdda46e05c8dea8600d57697abdd8daafff,0x8865280c31b8cbc7b96ce48ad52c122e6d82806a,SHARK,8,76702515632202172,0xb1f66997a5760428d3a87d68b90bfe0ae64121cc,WTOMO,18,42173681220976506353,36397803
768,0x69d6c6b84e6e3f87fac2ad951dda1317373b7331,0x0ee7a6a795418410bd0b406fa4fc6bb51e789c86,sps,6,13,0xb1f66997a5760428d3a87d68b90bfe0ae64121cc,WTOMO,18,124127930274940218,36509876
769,0xeb11de3ae30db0152ba317a420256b9bb26449e7,0x0ee7a6a795418410bd0b406fa4fc6bb51e789c86,sps,6,0,0x381b31409e4d220919b2cff012ed94d70135a59e,USDT,6,0,36547243
770,0xaa37e5692b4e417cf03558ae7e0d611d85500e42,0x381b31409e4d220919b2cff012ed94d70135a59e,USDT,6,0,0x45c6db9ed344ac911508c6caf463b3715f830be4,IRT,18,0,36555798
771,0xb52f8ab39ba16ea57055653ac915e9ff5010cdb8,0x381b31409e4d220919b2cff012ed94d70135a59e,USDT,6,12204,0x99306bcf230dafa64e9ae4c502fcd88507880b9d,WUSD,4,589,36566003
772,0xecd4770f2591b62b8b732374c147a130b5ae01ed,0x46e67bf6f5bcd98022a199a4b6a823a243d8ffb7,SWS,18,3129999999933513013834,0x99306bcf230dafa64e9ae4c502fcd88507880b9d,WUSD,4,1269671271617,36566758
773,0xa027043a8bc96b940a88e1a943303faa8bf64b76,0x46e67bf6f5bcd98022a199a4b6a823a243d8ffb7,SWS,18,320647605300,0xb1f66997a5760428d3a87d68b90bfe0ae64121cc,WTOMO,18,7675504579701211,36605841
774,0x61adc706d2de13f026e9a32ddcdc4dcac68a6e2b,0x381b31409e4d220919b2cff012ed94d70135a59e,USDT,6,19729,0xcc86768d487393173c4298989644538463cf0eca,JSS,12,4811774649737808426,36742040
775,0xcb5df211808c1b6ffd8ba0447812ce7720d808c1,0x4290bbbd0f6aa39e761d567984eab556799b9188,BTC,18,7001000000000000000,0xb1f66997a5760428d3a87d68b90bfe0ae64121cc,WTOMO,18,14326491373433214,36801001
776,0xfa6ffe12e7ff4f60d04d7cf9b6262999ca44d8e1,0x503b2ddc059b81788fd1239561596614b27faade,WBTC,8,0,0x7262fa193e9590b2e075c3c16170f3f2f32f5c74,LUA,18,0,36930902
777,0xd9879f6c894f4099068f69a90fc113769979b9c2,0x381b31409e4d220919b2cff012ed94d70135a59e,USDT,6,65208,0x503b2ddc059b81788fd1239561596614b27faade,WBTC,8,34,36930922
778,0x09a910198323a3d0053e2b699625a2257366dab9,0x503b2ddc059b81788fd1239561596614b27faade,WBTC,8,43,0xcca4e6302510d555b654b3eab9c0fcb223bcfdf0,USDC,6,27473,36930939
779,0xba2b12a5ee0239b776a4430b8031cb9261bc00ef,0x503b2ddc059b81788fd1239561596614b27faade,WBTC,8,0,0xea478716a70dc086707e23de17965acb5c7b7840,MASQ,18,0,36930952
780,0x8502e57bf58f45d0e6103a3f48a78a0ff06a8fca,0x503b2ddc059b81788fd1239561596614b27faade,WBTC,8,463346,0xb1f66997a5760428d3a87d68b90bfe0ae64121cc,WTOMO,18,235190722485098418218,36930965
781,0x988b3d88ecc7254759360a2e8cb79abd645cb307,0x503b2ddc059b81788fd1239561596614b27faade,WBTC,8,0,0xe1a9a5fae06696d314994a9d6915c12a63ad055d,ZPAY,18,0,36930984
782,0x5cbbec373705472b306d4237408fe3186a8c82e7,0x5f56fe09acbe25cbf9b61836e409ff1ab9a0c120,Soot,18,500000000000000000000000,0xb1f66997a5760428d3a87d68b90bfe0ae64121cc,WTOMO,18,387927908942500000,36960305
783,0x4f33e25d38f388b44457d8f65a5674c10295572b,0x381b31409e4d220919b2cff012ed94d70135a59e,USDT,6,19707,0x7a007f640103dcbb753d3d884f316f0e601278ff,MLG88,18,21787094698393391,37183014
784,0x416a9be895d2980536962b1dbe4caafc5a9c0eb6,0x381b31409e4d220919b2cff012ed94d70135a59e,USDT,6,903081,0x6ca97401da035e42f4803709e94118260415b6ad,CBC,18,4446652552088186123839,37250441
785,0x19047226a99152bd46ead19b02ac475c6102cfb2,0x6ca97401da035e42f4803709e94118260415b6ad,CBC,18,4893285606905618860096,0xb1f66997a5760428d3a87d68b90bfe0ae64121cc,WTOMO,18,232059250034525726,37303697
786,0x153090bc4f368d4a6adafae2dfdc48a8fbca3b26,0x381b31409e4d220919b2cff012ed94d70135a59e,USDT,6,201242,0x8865280c31b8cbc7b96ce48ad52c122e6d82806a,SHARK,8,72502029834329,37378544
787,0x04016ed5f283a9854f48bd619ff4760c5852bb1b,0x7262fa193e9590b2e075c3c16170f3f2f32f5c74,LUA,18,56296759689888601673,0x8865280c31b8cbc7b96ce48ad52c122e6d82806a,SHARK,8,86523271268846,37378568
788,0x59f3a7aa8b6968c21a3cf1ef96dfb4a51d18894f,0x2eaa73bd0db20c64f53febea7b5f5e5bccc7fb8b,ETH,18,4552955641436,0x8865280c31b8cbc7b96ce48ad52c122e6d82806a,SHARK,8,11132824560898,37378589
789,0x567c5c55bf4795b33bb84aa5d5b0a56fcab6cab2,0x8865280c31b8cbc7b96ce48ad52c122e6d82806a,SHARK,8,2041596514275692,0xe1a9a5fae06696d314994a9d6915c12a63ad055d,ZPAY,18,17702997092071698916,37378610
790,0x78d7dd0ed957d01876d9fd14e1dbd3e927e63c2e,0x6ca97401da035e42f4803709e94118260415b6ad,CBC,18,2872369819088164784935,0x7262fa193e9590b2e075c3c16170f3f2f32f5c74,LUA,18,129039016804542739565,37599398
791,0xec17dc01b5aada10b20860bd835272a9d60d2665,0x381b31409e4d220919b2cff012ed94d70135a59e,USDT,6,3058,0x5080781e91237b6d7f026d5306b7233e26cd6c16,MLR,18,379286744454160712641,37799865
792,0x0d4240c5745012124e13ae94507674c8b357fa25,0x381b31409e4d220919b2cff012ed94d70135a59e,USDT,6,0,0xaf95193df0e67b3f49c2820d0d86f5e6b8e1770f,TFI,18,0,37806055
793,0x47b508f781b172d4125a2688f15ce5f1fb8f0aa8,0x8865280c31b8cbc7b96ce48ad52c122e6d82806a,SHARK,8,0,0xcca4e6302510d555b654b3eab9c0fcb223bcfdf0,USDC,6,0,37906792
794,0x1436b892f4adef6661b004204fdd497e3549ec4f,0x0f320856fa4bc7e4030a6ab989d494c5e4d58308,MM,18,1883136624147945849,0xb1f66997a5760428d3a87d68b90bfe0ae64121cc,WTOMO,18,22428555637333065144,37999178
795,0x02d44d0bc91f3ac4fbd8e55218529a73ea8ce4eb,0x0f320856fa4bc7e4030a6ab989d494c5e4d58308,MM,18,0,0xcca4e6302510d555b654b3eab9c0fcb223bcfdf0,USDC,6,0,38004738
796,0xcd7371e2bc01a0152ed5f7c645412816870ce8f1,0x0f320856fa4bc7e4030a6ab989d494c5e4d58308,MM,18,0,0x7262fa193e9590b2e075c3c16170f3f2f32f5c74,LUA,18,0,38004789
797,0xc2e7c6f3ccd458b3d1752fef66a4d305c07e4817,0x0f320856fa4bc7e4030a6ab989d494c5e4d58308,MM,18,0,0x381b31409e4d220919b2cff012ed94d70135a59e,USDT,6,0,38004808
798,0x782588f44d798cdc14c6ba3ceef31a516730ab3a,0x503b2ddc059b81788fd1239561596614b27faade,WBTC,8,1383,0x5080781e91237b6d7f026d5306b7233e26cd6c16,MLR,18,6065346933661545201922221,38096416
799,0x2227dbdc3609ed6db51bcbe9f3557e27b9fc4fb2,0x381b31409e4d220919b2cff012ed94d70135a59e,USDT,6,1,0x8103bb77ed2035b5da9a3a65d9c313cb6ee41dbd,TAB,18,103321436145179,38158239
800,0x419fb395aeb1d806df078f4c5a68b800b512a770,0x503b2ddc059b81788fd1239561596614b27faade,WBTC,8,801735,0xd1eed628023839521a4fd79a6fd96fe5740101c1,OTA,18,80196636992024508138,38238281
801,0x857fb49efdb232850320b6213eb8661649eaf393,0x5080781e91237b6d7f026d5306b7233e26cd6c16,MLR,18,304619014677999690298927,0x5650ea7e65057b68d59fb5a62be25adf94c805bf,ECP,18,133480670811297236997118,38483238
802,0x41da6d91248944ad987f64ecaefad5b3f96b6828,0x6c58cbeb48bf1c4e9b2df34931bbb9e22dfda980,RAMA,18,307913409875028835,0xb1f66997a5760428d3a87d68b90bfe0ae64121cc,WTOMO,18,48474685965713,38523005
803,0x2be30980b28ec860dc3d97617e264bd2f4f6c59b,0xe47114eeed82088d7e23ecb92d525f1a9db8b715,USDT,18,1008949206624704399705658,0xf5c33528af5d69d1582696bf119e81957c3592d0,BTCM,18,99284532921699528544854469146,38829801
804,0x12c1298dcd1792d8369c619d0c4baf9c69273a81,0x2eaa73bd0db20c64f53febea7b5f5e5bccc7fb8b,ETH,18,342506150387859,0x503b2ddc059b81788fd1239561596614b27faade,WBTC,8,331,38834161
805,0xd0514953323cc5f25a8c5ed43685d4eddba67356,0x7922f95d4f962d582fee00e92b62d2a693cb280a,TiC,18,14784515927693500392,0xb1f66997a5760428d3a87d68b90bfe0ae64121cc,WTOMO,18,6071466393596022,38956181
806,0x7e7884968fac30949189e5a664e04f40db305ea0,0x8228a51c76a7ba037b7a3aef2a293455b116d72b,PRMTH,18,1278000000000000000000,0xb1f66997a5760428d3a87d68b90bfe0ae64121cc,WTOMO,18,6390000000000000000,39610131
807,0x4bc27a28453c63a024a5aa7ef9d20f038d21dbcf,0x1d7f394ad88e6e861a4babe09ae995a54b997a41,WBT,18,0,0xb1f66997a5760428d3a87d68b90bfe0ae64121cc,WTOMO,18,0,39629200
808,0xfbc35ac848e9dbeae0a99cffabf2e65b63731022,0x1d7f394ad88e6e861a4babe09ae995a54b997a41,WBT,18,0,0x381b31409e4d220919b2cff012ed94d70135a59e,USDT,6,0,39630478
809,0x8cd40a40e5eb2a0f6c2b620581915aac69d2be2b,0x203475f0667d9811a5b9655d85b81f17e473ab4b,LEC,2,145046,0x381b31409e4d220919b2cff012ed94d70135a59e,USDT,6,277582622,39645187
810,0x5b02c8a10307886b32e361bfcaf60725052c3e87,0x203475f0667d9811a5b9655d85b81f17e473ab4b,LEC,2,8170,0xb1f66997a5760428d3a87d68b90bfe0ae64121cc,WTOMO,18,2780408867072570615,39645363
811,0xad6b16a378497a8978ff7585c0e7b477b3df5f63,0x203475f0667d9811a5b9655d85b81f17e473ab4b,LEC,2,134,0x8103bb77ed2035b5da9a3a65d9c313cb6ee41dbd,TAB,18,4035265241018003568,39645440
812,0x289012223ea0f03765fd06cd00c98ef11b7a1002,0x203475f0667d9811a5b9655d85b81f17e473ab4b,LEC,2,503,0xa7551ba0d52c763fb6f8866de63827aa593f20bc,HY,18,1003539754694489893,39645510
813,0x90e5f0d43ae5ef080d692d6025c40212670be586,0x203475f0667d9811a5b9655d85b81f17e473ab4b,LEC,2,6,0x5080781e91237b6d7f026d5306b7233e26cd6c16,MLR,18,91840338120417675998,39645536
814,0x664f7682d2e11be4cf54f879ead4e9e7fa18fa91,0x203475f0667d9811a5b9655d85b81f17e473ab4b,LEC,2,282,0x2eaa73bd0db20c64f53febea7b5f5e5bccc7fb8b,ETH,18,205065911285482,39645588
815,0xc7d4de8926a3b95ef675b8936ccedc764d448abc,0x2ec99e916c27a1b9299fa12e040dbaf1315b89aa,sGOLD,18,10087000000000000000,0xbe4fa9e506c65722f975efd5fd1297e418f48dcb,vUSD,18,582632373953220553262,39833066
816,0xa9bdad247dd74667836a49c27b353f09108c38e7,0x0ad5e208aab215d31140b976117f22c969d2a6e3,TGCHI,18,0,0x7262fa193e9590b2e075c3c16170f3f2f32f5c74,LUA,18,0,39933716
817,0x06d7b946ff6af8d90906d629aca3bb557bf45b6b,0x1b86fb5614f7e60f3b2f692af591d01a9e692dfd,GMP,18,0,0xcca4e6302510d555b654b3eab9c0fcb223bcfdf0,USDC,6,0,40037538
818,0x83d99bd34530be3b72b6aed66a3b55d5927f1f1e,0x872792327eb8c479614c2584c46cf267692ce024,FucSp,0,4000000000,0xb1f66997a5760428d3a87d68b90bfe0ae64121cc,WTOMO,18,10000000000000000,40160720
819,0x1e025fca8a343c3e59d8d015af746c7126d6f137,0x381b31409e4d220919b2cff012ed94d70135a59e,USDT,6,0,0xa118fc2ed8461199cbb5761bdbe10038a33b1462,HACK,18,0,40238777
820,0x9cbf00665e7ef8e43ffcce75e8ddc24200f9062b,0x2eaa73bd0db20c64f53febea7b5f5e5bccc7fb8b,ETH,18,0,0xa118fc2ed8461199cbb5761bdbe10038a33b1462,HACK,18,0,40238820
821,0x3a33b21c9eae461c8afac9798989b78f7f129d2b,0xa118fc2ed8461199cbb5761bdbe10038a33b1462,HACK,18,2173414917500000000,0xb1f66997a5760428d3a87d68b90bfe0ae64121cc,WTOMO,18,2173414917500000000,40239901
822,0xaf7fe48d6a68924e916ee1c980f14fe0c0c6783a,0x139b47ec2ea0a132a35fb1f01fc529c9e08fe065,sFUEL,18,312500000000000000000,0xbe4fa9e506c65722f975efd5fd1297e418f48dcb,vUSD,18,2500000000000000000000,40309194
823,0x6b07d09c99ebb6f02411a46135ecd21238da3d38,0x37ac97f15e5e98d26f22e9920115b7ec655ac8a9,KONG,18,137218353636164178376,0xb1f66997a5760428d3a87d68b90bfe0ae64121cc,WTOMO,18,739442044059765644,40310914
824,0x2f0880553b101ed868cb6a3c20986a5b8217cf4a,0x98decbf9b0eb1043f77458843c8e7e747a96543a,OBT33,18,100000000000000000000000000000,0xb1f66997a5760428d3a87d68b90bfe0ae64121cc,WTOMO,18,1000000000000000000,40352204
825,0xd7137770fca87a59da3114f5cf28e37b37887cf1,0x5650ea7e65057b68d59fb5a62be25adf94c805bf,ECP,18,412871157221111201820604,0xb1f66997a5760428d3a87d68b90bfe0ae64121cc,WTOMO,18,254575704370422088,40400272
826,0xd0d5013491c320b284bea4270290fe8c09cca206,0x5080781e91237b6d7f026d5306b7233e26cd6c16,MLR,18,29833925826869905803206,0x7262fa193e9590b2e075c3c16170f3f2f32f5c74,LUA,18,6827907229666944663,40641584
827,0xb2d715c57dffcaeb2689db0b8d429a01e0cbade3,0x503b2ddc059b81788fd1239561596614b27faade,WBTC,8,622,0x5650ea7e65057b68d59fb5a62be25adf94c805bf,ECP,18,501009272890051782037150,40683570
828,0x86fe4c2542648e3549228ae8ace87ae8de50df4c,0x381b31409e4d220919b2cff012ed94d70135a59e,USDT,6,3881248,0xa7ea16361ce6a9780717813d16dd82f4b79b257b,USDE,4,24789,40716373
829,0x607a0c08f38b0dc5794aad3fdb3d36bc04eb15f9,0xa7ea16361ce6a9780717813d16dd82f4b79b257b,USDE,4,46366,0xb1f66997a5760428d3a87d68b90bfe0ae64121cc,WTOMO,18,1758914322182298361,40716428
830,0xaccf1247e31e14f9d6c960d4797ff62d675d9a13,0x82977170ff9fecf1fa0376990cd08bef55c1e776,SDG,3,50000000000,0xa7ea16361ce6a9780717813d16dd82f4b79b257b,USDE,4,1111111110,40751829
831,0x713010407f4d86657ca98023b4bf822cc0a91a54,0xb1f66997a5760428d3a87d68b90bfe0ae64121cc,WTOMO,18,5000000000000008,0xb74bef940bb1f985f183be49f7016870f3b43483,BTCHO,18,100000000000000141224,40863303
832,0xf76e6cc48f05c6a168e12c8bf84d4566b5467c03,0x8d8bc62d4e47cc0524ba6e9f3d55a9131bb804a1,BTCOIO,18,10000000000000000000000000,0xb1f66997a5760428d3a87d68b90bfe0ae64121cc,WTOMO,18,5000000000000000000,40915821
833,0x73df1ca410e985663d922868f999f7723c76496f,0x213eef5fbe1214a3f4c42c48341925635a2378ed,USBL,18,10001972774574218983,0x381b31409e4d220919b2cff012ed94d70135a59e,USDT,6,2504952,40940775
834,0x36203dc4d8ebd8dae250354900ff1cb7e84c399d,0xb1f66997a5760428d3a87d68b90bfe0ae64121cc,WTOMO,18,610749875908513,0xf44472a1e12adff72668ebc87c00f6b4a8542242,ANJ,7,112245,40961210
835,0x56db032097918ac9a2c7fe7d3210ab9c467d41ce,0x381b31409e4d220919b2cff012ed94d70135a59e,USDT,6,2505129967,0x54fb0fa0540a4084f9a03b82addae79549a7087b,HCC,18,498997825940658599118,41155012
836,0xafd8173bb7aecd220a72de3296dffb29c4d058d2,0x3dd73600da32a75ecbf9f18fb6fdd6f5aa2758c7,DUDE,18,417059891126532807,0xb1f66997a5760428d3a87d68b90bfe0ae64121cc,WTOMO,18,2581882688529974,41167752
837,0x17264c7de9e26abd4cf30f0bfc332c3e501bda11,0x0b366c541c5ff46f2900dd4f7dc231171a255127,nATAn,3,18000,0xffecc71e4a2b3591478dd3634d0364cfd178c86f,RFG,18,18000000000000000000000000000,41173762
838,0x88f219fdccfbe7ba6d0d513256a3f4389776d524,0x0b366c541c5ff46f2900dd4f7dc231171a255127,nATAn,3,22000,0x8f5f362a171d978bb9ee341e8f676ac720a2d536,WAP,9,22000000000000000,41173989
839,0x0b09f3a22f0d9650c46f9586204b887c34ceeb10,0xb1f66997a5760428d3a87d68b90bfe0ae64121cc,WTOMO,18,340080165019025500,0xedfa4cde83ae503f6e0773790045725922f85e62,total,13,88733797147037878804981712,41184996
840,0x67455bf210afcf416b70a9cd9206cfc124d20c7c,0x381b31409e4d220919b2cff012ed94d70135a59e,USDT,6,10000,0xb380bf42ed62f2a433bc276d879ff8ec6d66b9f0,TFC,8,100000000000,41228696
841,0x6bcb3d87acaa21498029f87d3db84c54aee9d6b0,0x60dfad4b94b7ae1a2fa1a2180292d23b2012c693,DGX,5,0,0xb1f66997a5760428d3a87d68b90bfe0ae64121cc,WTOMO,18,0,41243800
842,0x88ba0bd9e1f90ccc21bdf7d33cb67fa5743da036,0x4eaafa85bdbe9b02930926c594f83e62b036b1be,tDAO,18,330608251995410187468845,0xb1f66997a5760428d3a87d68b90bfe0ae64121cc,WTOMO,18,1625518063964154189080,41430002
843,0xdab6910937e0e1eeb55008e26c8dac876c739be4,0x381b31409e4d220919b2cff012ed94d70135a59e,USDT,6,1443,0x4eaafa85bdbe9b02930926c594f83e62b036b1be,tDAO,18,52130035278187784,41430229
844,0x07cfcb2a559503439b6e2d07c9918317d7190015,0x381b31409e4d220919b2cff012ed94d70135a59e,USDT,6,1000000,0x6f8154dacd7a0e19abeff6319ebd25cdf36ed367,ALIENO,18,1000000000000000000,41472013
845,0x9507c28a304c246f0a56a7bf625f34131be8dfbf,0x4eaafa85bdbe9b02930926c594f83e62b036b1be,tDAO,18,62912482365245555570,0x7262fa193e9590b2e075c3c16170f3f2f32f5c74,LUA,18,378291885480219785532,41615433
846,0x86114365f2c21a839edc0786fb75f1a06256ddb5,0x2eaa73bd0db20c64f53febea7b5f5e5bccc7fb8b,ETH,18,585538317006454,0x4eaafa85bdbe9b02930926c594f83e62b036b1be,tDAO,18,56579118667968289055,41615705
847,0x168e36e9cc1df430ae1ccab2f120911326922a70,0x810a21afe69fe356697a9824930904383930bd96,LUA-V1,18,35000000000000999,0xd6393b5bdc65f94af3edcc653ab14120ff274199,xLUA,18,35000000000000999,42040250
848,0x2ef5ac99611972176bc18e8957623a1442af3beb,0x2e6bce13c31920b9b83c43b2a8a73c2edefb75f7,PIXEL,18,34972523224877819552,0x381b31409e4d220919b2cff012ed94d70135a59e,USDT,6,10569,42235701
849,0xa9a34e45af16e7477aef1764314a3d3bfa1df0fb,0x2e6bce13c31920b9b83c43b2a8a73c2edefb75f7,PIXEL,18,2603064267097402554468718,0x7262fa193e9590b2e075c3c16170f3f2f32f5c74,LUA,18,152291988375230988073402,42265766
850,0x1d33407675ddf825f4c3bc7907d9db55b36c88f5,0x2e6bce13c31920b9b83c43b2a8a73c2edefb75f7,PIXEL,18,55552146622525564537381,0xb1f66997a5760428d3a87d68b90bfe0ae64121cc,WTOMO,18,2772990498988580731,42269939
851,0x8237794724f971deeda1346c9bb6ed158952bcaa,0x9591c6bbf67cae03f1ec457f0fde13581901a37a,DOF,18,3010368324399872502547,0xb1f66997a5760428d3a87d68b90bfe0ae64121cc,WTOMO,18,196013167328927010,42324594
852,0xfbbf85b872aae380201e495d6700a850d23bc785,0x717748e2f71629bb12ba8564bc05e9a4e4595c96,RT,18,10000000000001413,0xb1f66997a5760428d3a87d68b90bfe0ae64121cc,WTOMO,18,5000000000000707,42358506
853,0xe61d34bd186a76543c62a189c612cb878c419380,0xb1f66997a5760428d3a87d68b90bfe0ae64121cc,WTOMO,18,283725556587726161,0xf1fdaa72bd047c61291f6709bb94067817ff12a2,INU,18,1298399071028448140431078,42358756
854,0xb61af569d8841fab12020330840183c39aef6089,0x865ca9581bc8138810717a2fd898c0bee3164ca6,ECMT,2,44297,0xb1f66997a5760428d3a87d68b90bfe0ae64121cc,WTOMO,18,685749957793945612,42361388
855,0xfe7d4ec67ca95efbb511042205d869d0c09f8dd5,0x4eaafa85bdbe9b02930926c594f83e62b036b1be,tDAO,18,1462579695952329,0x5080781e91237b6d7f026d5306b7233e26cd6c16,MLR,18,48712445263678299,42474229
856,0x1c470fe7102f8b0de5dc6abe44fa5684cf512b62,0x9541e8fd998e6aefae52477f8f6f19fab5bff4aa,tuu,18,0,0xb1f66997a5760428d3a87d68b90bfe0ae64121cc,WTOMO,18,0,42481145
857,0xda614de3ffa463a36fc65f9b7ce0a9d64d97af40,0x4eaafa85bdbe9b02930926c594f83e62b036b1be,tDAO,18,46627120790566410558,0xe1a9a5fae06696d314994a9d6915c12a63ad055d,ZPAY,18,3548835116479623588,42526445
858,0xa038832053f813584e85bf16152b02957cc1f475,0x22f5db89d9096a677f47ab6a38ff24135de76c77,LOVE,18,20708850420139769443672,0x2e6bce13c31920b9b83c43b2a8a73c2edefb75f7,PIXEL,18,1486538578512825027248,42554311
859,0x77f0511cdf83c44d57a3461ad74e24f7607d1721,0x22f5db89d9096a677f47ab6a38ff24135de76c77,LOVE,18,689410145524793485459,0x4eaafa85bdbe9b02930926c594f83e62b036b1be,tDAO,18,484592177883940931,42554375
860,0x2b61f385ddcf177f6c73c6edaf17106f0a8d6607,0x22f5db89d9096a677f47ab6a38ff24135de76c77,LOVE,18,1080538686744043808706117,0x33fa3c0c714638f12339f85dae89c42042a2d9af,FTT,18,1829766766893967920,42554674
861,0x84b59556b8f8b874482d4a9a5c07b188ae68bf73,0x22f5db89d9096a677f47ab6a38ff24135de76c77,LOVE,18,274000207312334348735,0x381b31409e4d220919b2cff012ed94d70135a59e,USDT,6,3934,42554720
862,0x90e5b12a6f88baab64930a0eb0c93f9619449be3,0x22f5db89d9096a677f47ab6a38ff24135de76c77,LOVE,18,0,0xcca4e6302510d555b654b3eab9c0fcb223bcfdf0,USDC,6,0,42554801
863,0x5fffea4df589710eb96961c86b4ff961b9f1e4a1,0x8103bb77ed2035b5da9a3a65d9c313cb6ee41dbd,TAB,18,0,0xcca4e6302510d555b654b3eab9c0fcb223bcfdf0,USDC,6,0,42554970
864,0x1fee2f5c8fb87a2511a65d8b1ad94fc485e12266,0xb1f66997a5760428d3a87d68b90bfe0ae64121cc,WTOMO,18,5475985379650152,0xc5bec5b397238effa09070fe62f961dedbf2c9da,TOMO,18,551165659419462695,43029314
865,0xcfd0ae3d994a131a3632791aaa568e2baca46c83,0x9980970450dea4ac2f842ef84a9d7909dfbf3cce,TGLX,18,30000000000000056998,0xb1f66997a5760428d3a87d68b90bfe0ae64121cc,WTOMO,18,9200000000000018,43037675
866,0x2902cc7003aa87dd13d2faf780325bcebae03684,0x5080781e91237b6d7f026d5306b7233e26cd6c16,MLR,18,1000000000000000,0xe1a9a5fae06696d314994a9d6915c12a63ad055d,ZPAY,18,100000000000,43116321
867,0x9a40f262896419b9814c71d0d31becefff4ab7b0,0x2e6bce13c31920b9b83c43b2a8a73c2edefb75f7,PIXEL,18,187042942038,0x33fa3c0c714638f12339f85dae89c42042a2d9af,FTT,18,40317615345990,43145103
868,0x3427873e4e19fc5b4e12e1e340a88a8a463a1d42,0x4fae49cefae883e7bad33129e05b7e2607012e2d,GRIM,11,2429974209203,0xb1f66997a5760428d3a87d68b90bfe0ae64121cc,WTOMO,18,421760468505033182,43420629
869,0x48319ef47dd670eea2db8ac2fcb570116ec8dd6a,0x381b31409e4d220919b2cff012ed94d70135a59e,USDT,6,0,0x4fae49cefae883e7bad33129e05b7e2607012e2d,GRIM,11,0,43420909
870,0xbd7c373dfd9e980b17e7455d8d1bbcd8c143d401,0x381b31409e4d220919b2cff012ed94d70135a59e,USDT,6,0,0xf094aa6ca9194c917598f2d10224b12d97c64361,GRP,11,0,43422853
871,0x08f4638386601a51f91c5e5b7414d92e24c22f07,0xb1f66997a5760428d3a87d68b90bfe0ae64121cc,WTOMO,18,207003712750000000,0xca83e264fbb6e0ebf3a941c0974f99faad96b222,PRS,18,7466947400975286823841144,43851853
872,0x0da1c0fc92c1bfc94698ab76899fbbdeb3c0ac97,0x0add5ea92ceeb48d6a32bc873149531a4ccd2e99,HMOON,18,568187799630,0xb1f66997a5760428d3a87d68b90bfe0ae64121cc,WTOMO,18,649014707693100,43877280
873,0xd7cd6a92647d9ae913df9f338b771d4ef5aa1932,0xb1f66997a5760428d3a87d68b90bfe0ae64121cc,WTOMO,18,10200000000000005,0xc6b25caf7ad0bf7bf57f62bbd269c22b27b41003,Mrs,18,49447590212432620,43879932
874,0xf5958a7d60081b8ee2a623cdef912617e0f88a52,0x3dee1b00e88303f289e6cdd9f530dcd8aec9de43,MRS,18,1008165234320940907847,0xb1f66997a5760428d3a87d68b90bfe0ae64121cc,WTOMO,18,20519147849377503,43881641
875,0x1411ab309535ba9d275f51c1557f5cb8c2b0b96b,0x3dee1b00e88303f289e6cdd9f530dcd8aec9de43,MRS,18,28442109444990980392,0x5080781e91237b6d7f026d5306b7233e26cd6c16,MLR,18,4453057472355237278738,43882571
876,0xda438bf116f152129e2bd5e9b552cd9718ea61ad,0x3dee1b00e88303f289e6cdd9f530dcd8aec9de43,MRS,18,10914745504793080991,0x7262fa193e9590b2e075c3c16170f3f2f32f5c74,LUA,18,1008774299278758934,43937428
877,0x4da47aa599b1d11c41f169f8d9aa0c825e465e69,0x391774326695e6e3a3e0947539ddc2a24941353a,USDT,18,0,0xb1f66997a5760428d3a87d68b90bfe0ae64121cc,WTOMO,18,0,43965612
878,0xd9ab6fa612a8d51405ddedd80734e4a4c29eac6a,0x2e6bce13c31920b9b83c43b2a8a73c2edefb75f7,PIXEL,18,1921292185088678046,0x3dee1b00e88303f289e6cdd9f530dcd8aec9de43,MRS,18,1355519123631823206,44008370
879,0x22d8cdd757947fce6ec3f0377869196bc2cf28fe,0x3dee1b00e88303f289e6cdd9f530dcd8aec9de43,MRS,18,1807001540191588798,0x8865280c31b8cbc7b96ce48ad52c122e6d82806a,SHARK,8,886102154735,44046002
880,0x04b65d4d1f044bf8e9a7841d4780f929e4a0a85c,0x3dee1b00e88303f289e6cdd9f530dcd8aec9de43,MRS,18,11667084648897022188,0xf9787e76750c1e731054cf4cc97a2e3f490db360,LIT,18,1071142653827812390,44129583
881,0xc952eca90774191b7c5506b7570574d8862a010a,0x2eaa73bd0db20c64f53febea7b5f5e5bccc7fb8b,ETH,18,0,0xcbd92a2bb590f87ee92beccc6cf7b871bcf5796f,MEMO,18,0,44160569
882,0x79d876219ffd7e510ca7c2157255e0d093704855,0xb1f66997a5760428d3a87d68b90bfe0ae64121cc,WTOMO,18,0,0xcbd92a2bb590f87ee92beccc6cf7b871bcf5796f,MEMO,18,0,44160665
883,0x56ff8acedb45f49cc3998f272e97606a0e408176,0xb1f66997a5760428d3a87d68b90bfe0ae64121cc,WTOMO,18,10100000000009990,0xc313d03613c0c64679df1ee97da30380985ac304,MAD,18,9940357855,44161132
884,0xba80c17e8a64f3b55c487fbc28d69d55439cef4f,0x2e6bce13c31920b9b83c43b2a8a73c2edefb75f7,PIXEL,18,9355650117760864,0xcca4e6302510d555b654b3eab9c0fcb223bcfdf0,USDC,6,105,44276901
885,0x07bdd9aecce857841f7ca13ab20ac9df09752514,0x2d16f2c3930e7b992352e0f76f71918b1db7e1ea,USDD,18,5402390251411597,0xb1f66997a5760428d3a87d68b90bfe0ae64121cc,WTOMO,18,1104973088586144,44350850
886,0xccc91e5b28a5dcb3926ce9946e71e420cbfb9143,0x203e59d829de2282f461a1e301523d6867483edd,RSHIB,18,6523074707751388417944504,0x2d16f2c3930e7b992352e0f76f71918b1db7e1ea,USDD,18,1430002154161266867,44351293
887,0x2cda675da14e7c26edb53607c4e8060af99d74a8,0x203e59d829de2282f461a1e301523d6867483edd,RSHIB,18,5000000000031561,0xb1f66997a5760428d3a87d68b90bfe0ae64121cc,WTOMO,18,5000000000032,44358111
888,0xf9566435dd7c7dfe4dc9b791bb9fe5f24b64ce1b,0xb1f66997a5760428d3a87d68b90bfe0ae64121cc,WTOMO,18,534649000000000,0xdcdfdec52ae85c4214a311487d0b122fd9650b26,T2,18,1000000000000000,44392572
889,0x46b922410e3fa0ce2ea8b1844d3dc55a6e2e1a0f,0x8e8f1b474ef404781cfa6556845417bfe6ac3117,T1,18,507224468299531355420829,0xdcdfdec52ae85c4214a311487d0b122fd9650b26,T2,18,6498623690019316940830,44393150
890,0x2e5f7706899670a1f520908803fc801b856e2363,0x381b31409e4d220919b2cff012ed94d70135a59e,USDT,6,7812145908,0xa1ff8559646a79e47ecdfaca60272f3081998569,tETH,18,7063489137389340630,44420849
891,0x25428b973ad1e6dd9294255d715df7723d2f1138,0xa1ff8559646a79e47ecdfaca60272f3081998569,tETH,18,693898071315445712,0xb1f66997a5760428d3a87d68b90bfe0ae64121cc,WTOMO,18,140002282244884468423,44420958
892,0xa1bd69b648c187ceb580d207d1ab6d090df3919c,0x8e8f1b474ef404781cfa6556845417bfe6ac3117,T1,18,10000000000000,0xb1f66997a5760428d3a87d68b90bfe0ae64121cc,WTOMO,18,543991000000000,44445758
893,0xe47523996162dcd7538c190b6fdb837635fcbae9,0xa1ff8559646a79e47ecdfaca60272f3081998569,tETH,18,2517999107993,0xcca4e6302510d555b654b3eab9c0fcb223bcfdf0,USDC,6,281,44513009
894,0x28b48f33a9986a85262a622a7ce0278aa04a3527,0x381b31409e4d220919b2cff012ed94d70135a59e,USDT,6,0,0xdcdfdec52ae85c4214a311487d0b122fd9650b26,T2,18,0,44529352
895,0x013fb65a0b9a33ad42f6c0d7d93aceb272bdca32,0x381b31409e4d220919b2cff012ed94d70135a59e,USDT,6,614,0xef0341610091097668611af140f9ee770d447c4c,USDW,18,588371515527470,44531868
896,0xc27071d7c5e7f71f6704918052b6b4e9201f5dd9,0xb1f66997a5760428d3a87d68b90bfe0ae64121cc,WTOMO,18,63071346624458,0xe2b4c32c20c5ae7b9eb4d7d143d4bf6d283e8501,MTC,18,867409595137630139805305,44588733
897,0x472eea2cc910a7e1b21f3a29b047e8d95a846fa3,0x2eaa73bd0db20c64f53febea7b5f5e5bccc7fb8b,ETH,18,560092192671,0xa1ff8559646a79e47ecdfaca60272f3081998569,tETH,18,805638479504,44755456
898,0x4579dc21fcfaca264cae97498ed405a7ab4baaf4,0x7262fa193e9590b2e075c3c16170f3f2f32f5c74,LUA,18,8599075740902602390,0xa1ff8559646a79e47ecdfaca60272f3081998569,tETH,18,34798417486584,44777004
899,0x384b2dc6811de1528f1bd332d2d94fff7dc0bafd,0xb1f66997a5760428d3a87d68b90bfe0ae64121cc,WTOMO,18,124690041500482690,0xf85e407cdb8beea34c44419b7ffb23aafcab7764,CHD,18,845066467551669126511809,44831855
900,0xb36b69922ccb72e48cb744025fcb6134aa5755e3,0x74c78fd356e4f0e753f76b8813c243312c31080e,MATIC,18,4919656104148271444057,0xb1f66997a5760428d3a87d68b90bfe0ae64121cc,WTOMO,18,11066318870067004,44863619
901,0x039c47ee4d6ca1860f438ee74657aebc9e801747,0x381b31409e4d220919b2cff012ed94d70135a59e,USDT,6,19,0xdc8a7c567a643b17b8692150653e88375a6bea1a,TUSD,18,640173653838708887084,44863908
902,0x3b58a7cdaf2f0fb6dc94ae5991c3d59ce3216289,0x381b31409e4d220919b2cff012ed94d70135a59e,USDT,6,599,0x74c78fd356e4f0e753f76b8813c243312c31080e,MATIC,18,8844941389213684856,44863956
903,0x4c1ce7ead91dd371909a8d0a7a6e832f8a002b71,0x74c78fd356e4f0e753f76b8813c243312c31080e,MATIC,18,1713967819077198641,0xdc8a7c567a643b17b8692150653e88375a6bea1a,TUSD,18,279971679407031642851,44864032
904,0xbd2ec036b7ba406400321be245ebc2c3938724d4,0xcca4e6302510d555b654b3eab9c0fcb223bcfdf0,USDC,6,16348,0xdc8a7c567a643b17b8692150653e88375a6bea1a,TUSD,18,15201780082466609988417632,44864275
905,0x4027bba26db0ac692684e3575859576058b9db10,0xa1ff8559646a79e47ecdfaca60272f3081998569,tETH,18,190287871,0xdc8a7c567a643b17b8692150653e88375a6bea1a,TUSD,18,42029336756496591243,44864312
906,0xe65a846e140c440a54e8c0979188d49c51b4f497,0x503b2ddc059b81788fd1239561596614b27faade,WBTC,8,20,0xdc8a7c567a643b17b8692150653e88375a6bea1a,TUSD,18,51510237446072106009804,44864352
907,0x707148702553764a1e735b10dd69c8423494a4c3,0x7262fa193e9590b2e075c3c16170f3f2f32f5c74,LUA,18,731288071171727787,0xdc8a7c567a643b17b8692150653e88375a6bea1a,TUSD,18,5237273507626095108760,44864437
908,0xcb6cc24d31663b7b7db8f85ef9cc490ad92dbfb8,0x74c78fd356e4f0e753f76b8813c243312c31080e,MATIC,18,603584961136315,0xcca4e6302510d555b654b3eab9c0fcb223bcfdf0,USDC,6,225,44864671
909,0x4bfd755115499b8c264ae4fd21f7543b18c4af09,0xb1f66997a5760428d3a87d68b90bfe0ae64121cc,WTOMO,18,463121122424849,0xdc8a7c567a643b17b8692150653e88375a6bea1a,TUSD,18,27577799465432392783477,44864734
910,0x94b2c2a1431f4f257cdaa46fba8f70a029ea26c9,0x381b31409e4d220919b2cff012ed94d70135a59e,USDT,6,0,0xdf1f1e55899b62feed22b4da2e0eb5ceee54453c,bzi,18,0,44873971
911,0xd9e31dd6dee58d2c6ed568b318d64bf4f50db0f0,0xb1f66997a5760428d3a87d68b90bfe0ae64121cc,WTOMO,18,550000000000023,0xdf1f1e55899b62feed22b4da2e0eb5ceee54453c,bzi,18,1100000000000044648,44874002
912,0x5ea3f24ab44d4da60d34bddb483d32634a611c6b,0x7262fa193e9590b2e075c3c16170f3f2f32f5c74,LUA,18,0,0xdf1f1e55899b62feed22b4da2e0eb5ceee54453c,bzi,18,0,44882604
913,0xa52cca8ad6b029c4fe202e5521092f1689703ed8,0xc6bf0c5e9fecce67e22b5e7c1a042f4d4684b40b,BTC,18,501000000000000000000,0xd379ab8cc4e02574853783becf2c46bc00128658,RIC,8,2417507614500,44882945
914,0x497d3a185d965ca636a3f59179ccaaed9f3cc7d2,0xb1f66997a5760428d3a87d68b90bfe0ae64121cc,WTOMO,18,0,0xd379ab8cc4e02574853783becf2c46bc00128658,RIC,8,0,44884812
915,0xbcfbea94953b58ac1f0b5fa3f1ab3a2a8631aca9,0x37603adbd155c73a9601e1acaff4a15c21d3aa37,ADART,10,0,0x381b31409e4d220919b2cff012ed94d70135a59e,USDT,6,0,44966973
916,0x484f0b797f5e978b6071f9e8c16ba9219218039a,0x37603adbd155c73a9601e1acaff4a15c21d3aa37,ADART,10,0,0xb1f66997a5760428d3a87d68b90bfe0ae64121cc,WTOMO,18,0,44967039
917,0x787be165fbbe74f99f459dc28ecb0993b60ed4f0,0x7262fa193e9590b2e075c3c16170f3f2f32f5c74,LUA,18,360304640649786487,0x74c78fd356e4f0e753f76b8813c243312c31080e,MATIC,18,20990075384896603874,44983125
918,0xae1eaf4c4552a497011bc0672dd2ad0d56229a0e,0x2e6bce13c31920b9b83c43b2a8a73c2edefb75f7,PIXEL,18,0,0x4eaafa85bdbe9b02930926c594f83e62b036b1be,tDAO,18,0,45023456
919,0xe89d83d0a1f085d0c862b7608d293c6f90798cc3,0x0a4d38c1d39f0c03449aa61299a49b7d23f5df03,DWT,18,23215116545665808917803877,0xef0341610091097668611af140f9ee770d447c4c,USDW,18,390524196780460583559463,45049721
920,0x16f15dd32830a34ea3fcf26d9c9b9ea23f135b9d,0x4aa243f6acae22e6a082cc8e822fdd90794d9e6f,Ape,18,11741301512060919269976,0xb1f66997a5760428d3a87d68b90bfe0ae64121cc,WTOMO,18,191840570039548434,45106424
921,0x5ee5e09cedfeef6750cf57b37f3c533e9d99c356,0x9427a2a738affbc5880f0646b5251069c022e525,GTPS,18,834162794105658051,0xb1f66997a5760428d3a87d68b90bfe0ae64121cc,WTOMO,18,1210435570981095363,45153948
922,0x29b9032cb45a7e2090b58d2392e78880dc090196,0x7262fa193e9590b2e075c3c16170f3f2f32f5c74,LUA,18,239673100479930346970,0x9427a2a738affbc5880f0646b5251069c022e525,GTPS,18,141283321826460092,45154021
923,0x94adbedbc119df4cdd070e97e67fcfac6810779e,0x7faa1fd5fb7641fce1e76f3984c1ba657c9b952f,biz,18,0,0xb1f66997a5760428d3a87d68b90bfe0ae64121cc,WTOMO,18,0,45155701
924,0x83e0d7d7a3c25aed88fde82402f115c0ecbe07e7,0x381b31409e4d220919b2cff012ed94d70135a59e,USDT,6,0,0x7faa1fd5fb7641fce1e76f3984c1ba657c9b952f,biz,18,0,45155876
925,0x056dbd012e5e3c0d9ce001627026c200fa3ea4da,0x0930408ff1c2f08450cea740fa9db8fdb5210105,XECO,9,0,0xb1f66997a5760428d3a87d68b90bfe0ae64121cc,WTOMO,18,0,45183277
926,0xdea419f3b15a6ebc8f0ff96b99b6ad3212ef9552,0x800e00a258a08067c70ef36e040b78969702e638,IAT,18,10000000000000099900,0xb1f66997a5760428d3a87d68b90bfe0ae64121cc,WTOMO,18,1000000000000010,45212483
927,0x8b269a6ad3ff9d0f7b862283cf6906d7cbffd21b,0x0930408ff1c2f08450cea740fa9db8fdb5210105,XECO,9,0,0x381b31409e4d220919b2cff012ed94d70135a59e,USDT,6,0,45239385
928,0x1c531979e1eb76b34ed54cc0773d722ffded7295,0x0930408ff1c2f08450cea740fa9db8fdb5210105,XECO,9,1000000000000006,0xe2b4c32c20c5ae7b9eb4d7d143d4bf6d283e8501,MTC,18,34500000000000185425,45239401
929,0x071dbf0332cc08641545c204dad3d3863ebcdd44,0xb1f66997a5760428d3a87d68b90bfe0ae64121cc,WTOMO,18,18940071489523017,0xba074e5c16ea613a066ee123be3f0e830bbf705d,DMT,18,1331390847973932057,45254413
930,0x802feba9b8b50c6a89769adda58e94a50466548a,0xb1f66997a5760428d3a87d68b90bfe0ae64121cc,WTOMO,18,126968622429413969,0xed115647c41a835f98ceb30e41deee162209a6d8,ADC,18,82523932166541967,45259530
931,0xfb1ef0d97bb5f978b4937b8efc69c190bb3a57a7,0x381b31409e4d220919b2cff012ed94d70135a59e,USDT,6,251714,0xed115647c41a835f98ceb30e41deee162209a6d8,ADC,18,40440423027415426,45259880
932,0xd09e99abac10c97a54acf7a578ff27e4a1db5d76,0x6d3c46f70a82bb49d798c0b4db8c59fac3c1d4de,USDT,6,60895279952,0x80500c03d011c43ebacd384d4c6ea6feb2d9c37b,VTO,18,6140148332764180384749777139,45330292
933,0x784ac8de9f5fbcd0ffe63ca98a70eca5fc11f0fe,0x1e39b8986fbb47f21dd7bb0a4069b65ebbe805ca,MMT,18,26057150190118463050860739,0xb1f66997a5760428d3a87d68b90bfe0ae64121cc,WTOMO,18,14993431445529521,45342609
934,0x9392a77a3543ea7b5af0cca90d0fc36314d41f87,0x8d02a103f5284b3159908fc0e328fb461fe6210a,RCITY,18,500000000000000031559721,0xb1f66997a5760428d3a87d68b90bfe0ae64121cc,WTOMO,18,500000000000001,45364165
935,0x767c5ea7e5e9c37d83b12a6ecb69a3961841fd80,0x3ddf376cfd9861147056f6db0c01195352909aff,GFI,18,200512478567346162,0xb1f66997a5760428d3a87d68b90bfe0ae64121cc,WTOMO,18,199566647676791437,45374412
936,0x310fd50e852b4da87825f09e93b6a0806412ad06,0x3a3a3bd1c419632603af51950c4e9c8eb3400eac,bal,18,10632930008025133720950,0xb1f66997a5760428d3a87d68b90bfe0ae64121cc,WTOMO,18,9426807618308011,45428471
937,0x60ce723ebc6bfe989d24ef3dbdb620ff49fd4ecf,0x2eaa73bd0db20c64f53febea7b5f5e5bccc7fb8b,ETH,18,59417153,0xdc8a7c567a643b17b8692150653e88375a6bea1a,TUSD,18,15006677680000049544,45454329
938,0x452d91462085a4d035ddb5600d42f00916d03bee,0x0a4d38c1d39f0c03449aa61299a49b7d23f5df03,DWT,18,5970350000000000,0x381b31409e4d220919b2cff012ed94d70135a59e,USDT,6,100,45497418
939,0xbcbd0894554fece7078d00f51252c91b1f93bce0,0x7a007f640103dcbb753d3d884f316f0e601278ff,MLG88,18,296677222299011,0xb1f66997a5760428d3a87d68b90bfe0ae64121cc,WTOMO,18,33969250973535,45524545
940,0x0294377eb3ca2fc0a70657a590ea8863f42ed72d,0x474013f63be49bac0d7e51bd87492378240a88e5,BHA,18,0,0xb1f66997a5760428d3a87d68b90bfe0ae64121cc,WTOMO,18,0,45565384
941,0x3d5b5795f26c5d0caa4fac631d3b8a78c3d93069,0xb1f66997a5760428d3a87d68b90bfe0ae64121cc,WTOMO,18,2985455475769251,0xf094aa6ca9194c917598f2d10224b12d97c64361,GRP,11,31510746,45624343
942,0x04145f09be926ba622aba24727f08897f5221bc1,0xae44807d8a9ce4b30146437474ed6faaafa1b809,BTC,8,0,0xf094aa6ca9194c917598f2d10224b12d97c64361,GRP,11,0,45624381
943,0x2f269cb9421c2b4b6f44cd824dde2c0789b7cec3,0x4fae49cefae883e7bad33129e05b7e2607012e2d,GRIM,11,0,0xae44807d8a9ce4b30146437474ed6faaafa1b809,BTC,8,0,45624602
944,0xaa9a22b890f33857fd3e45357f1ea5bdb2e34909,0x33fa3c0c714638f12339f85dae89c42042a2d9af,FTT,18,0,0x4fae49cefae883e7bad33129e05b7e2607012e2d,GRIM,11,0,45624610
945,0x8b203cad7f67c88caeb8118d631ebd506a3bf0d7,0x4fae49cefae883e7bad33129e05b7e2607012e2d,GRIM,11,2245123816,0xc01643ac912b6a8ffc50cf8c1390934a6142bc91,SRM,6,4460,45624636
946,0xf7615552a017170d6fa2c6b11ca0816209033c36,0x4fae49cefae883e7bad33129e05b7e2607012e2d,GRIM,11,299997741583626082,0xf094aa6ca9194c917598f2d10224b12d97c64361,GRP,11,3000011326140015,45624658
947,0xd60e9af6aa08a0b842b3b29a7241b292df0d227d,0xa00e6a1ac624278a812ef0feaeb51cc8ef068727,RCITY,18,251543729056885648734714,0xb1f66997a5760428d3a87d68b90bfe0ae64121cc,WTOMO,18,82577067624004212,45678414
948,0xd045246a59f0010e57330ff121717ba8e9a5a001,0x4fae49cefae883e7bad33129e05b7e2607012e2d,GRIM,11,2864363501,0x7262fa193e9590b2e075c3c16170f3f2f32f5c74,LUA,18,543329985722453135,45690321
949,0x166d41f541d13bdb3f840ae300cb9352d9f455d5,0x4fae49cefae883e7bad33129e05b7e2607012e2d,GRIM,11,64268603375,0x503b2ddc059b81788fd1239561596614b27faade,WBTC,8,25,45697760
950,0x996df2a6aee61165b4adf83e2386be4fe1a85f3b,0x16678faab8d6f585da9113efe3e760dc544916d0,KZY,18,389501999999999811747524,0xb1f66997a5760428d3a87d68b90bfe0ae64121cc,WTOMO,18,3974510204081635,45698615
951,0xe45677674f31f7938b624b25518a5828a5290382,0xb1f66997a5760428d3a87d68b90bfe0ae64121cc,WTOMO,18,386876473054611291,0xc57a95ad7d9726b75bf4a1e541150bf1b0d49c7a,GTPS,18,26291855017446170,45703584
952,0xa1c37b8e6ec094f391f508ced1e221a814e4a630,0xb1f66997a5760428d3a87d68b90bfe0ae64121cc,WTOMO,18,391604389596340706,0xe6f87c82aafcca3a98054c1b10a48bf7c0199f14,GFI,18,25702629208246714,45703667
953,0x407a55d9aadf4e0295408bee75f91ac902f60546,0x2b744a43db6afdc6b546e4757f8d16ce35395f00,ASR,18,428034208120801956018718781,0xb1f66997a5760428d3a87d68b90bfe0ae64121cc,WTOMO,18,255905997903720,45721361
954,0x18e80782d568a44f2626ab4ff15e0bee1bc7f990,0xb1f66997a5760428d3a87d68b90bfe0ae64121cc,WTOMO,18,259106223892515175,0xe9c4373e3a9f79fc259ae1a679b1bb31ceeee856,MTP,18,40395560883719861343281,45771472
955,0x000f28c83427b73c161401bccc7137889059368a,0xb1f66997a5760428d3a87d68b90bfe0ae64121cc,WTOMO,18,1739584796808341,0xd03f679e21dad620a192af6f9e08048f923b163b,KOI,18,172828835918867292529520,45842099
956,0x80ba2c40f40911bb53f1533739e434c8c69b195a,0x8208c8995149998ab0caa7808678f51f0fad67c6,TBT,6,11224342267,0xb1f66997a5760428d3a87d68b90bfe0ae64121cc,WTOMO,18,93971719094900,45885634
957,0xcabf2f781aba05c8cfab42d4ad26d3f501b1202e,0xb1f66997a5760428d3a87d68b90bfe0ae64121cc,WTOMO,18,1220167742463421,0xd67d99f3ed832da866872898e978ac3a5a14b1b5,SPB,18,4714636907368061588668501,45913025
958,0x8994ebfa784941ec08c00b0c7e7f812cc566b2a6,0x2be80f66a0fb370a5f45c24a906bfc60a8501c6b,FMT,18,21000000000000141156,0xb1f66997a5760428d3a87d68b90bfe0ae64121cc,WTOMO,18,952562392836739,46000165
959,0x6988fde78fbb3462283083cb0ca733a804ec59fa,0x713aa6a80c7c76e401264bbb0b81c7ecada6ba05,USDTB,6,44517498,0xb1f66997a5760428d3a87d68b90bfe0ae64121cc,WTOMO,18,164449598524483,46052591
960,0xcade602a751be9499339e80f4fcd86055be345da,0x91030eaf27a02f7b043c6bd87eeb600bd081b0d0,UFO,18,998801618561707037,0xb1f66997a5760428d3a87d68b90bfe0ae64121cc,WTOMO,18,13137522246495151,46082088
961,0xa1edcc1c63808a0c95d38deba423796db274b1d9,0x2e6bce13c31920b9b83c43b2a8a73c2edefb75f7,PIXEL,18,12787019646556832,0x2eaa73bd0db20c64f53febea7b5f5e5bccc7fb8b,ETH,18,37142897122,46085410
962,0x89e442d3db3dbcbb75ac354cce1890f2dc02839c,0xb1f66997a5760428d3a87d68b90bfe0ae64121cc,WTOMO,18,4134016266319550,0xb71d09c7643a621fce30ccb7a2c38dbf9870d20a,TRX,6,12335692,46088022
963,0xde63dcd8dd9182f5e9dcb1a330a42edab39b3d8d,0x381b31409e4d220919b2cff012ed94d70135a59e,USDT,6,52349,0x79342fbb1d265bea55f735386b29b2d4bf82457c,RIAL,18,36787421368116747809469,46088861
964,0x090a3061dcd0a7601f09f7020067364618f31da0,0x396cf92d2193e1a5aa9a92d20251b2ef40b3ca96,Asm,18,890000000000000000000000,0xb1f66997a5760428d3a87d68b90bfe0ae64121cc,WTOMO,18,719392113663954,46089107
965,0xdc8fb5d1f53786eebee200edb70ac712ca7f8320,0x161ea0648ff07b0deb9f6c4f51e207d6718c74b0,WB,18,1013805692756314714452,0xb1f66997a5760428d3a87d68b90bfe0ae64121cc,WTOMO,18,159781116346990868,46126852
966,0xafb731389d0e9fd196f68a71e23811ded63bb1f0,0x161ea0648ff07b0deb9f6c4f51e207d6718c74b0,WB,18,0,0x381b31409e4d220919b2cff012ed94d70135a59e,USDT,6,0,46128613
967,0x449932e24ebfe44d67b696814d98aa47fd5f8f5d,0x0834a211f6653ed3e0e4d47559c945724583994f,MCT,18,0,0xb1f66997a5760428d3a87d68b90bfe0ae64121cc,WTOMO,18,0,46155517
968,0x284166fb175751b0292cb1ad237b890a2d329fbc,0x347f551eaba062167779c9c336aa681526857b81,LUA-V1,18,0,0xb1f66997a5760428d3a87d68b90bfe0ae64121cc,WTOMO,18,0,46163491
969,0x6284d283b6522eb994aee911c80d5b343f373f11,0x161ea0648ff07b0deb9f6c4f51e207d6718c74b0,WB,18,0,0x347f551eaba062167779c9c336aa681526857b81,LUA-V1,18,0,46163519
970,0x375267b3e8d0534d08088d256dcc74a87da53458,0xb1f66997a5760428d3a87d68b90bfe0ae64121cc,WTOMO,18,0,0xf6540750521ef9193dd0ecc32160bb95d4d1766b,Elc,18,0,46279464
971,0xe181c7c95e2317d989117942f50b685992ea7d63,0x0535bdf4e24351594d4e1112ed4f297d7d9b487e,LTC,18,110319980943159801,0x381b31409e4d220919b2cff012ed94d70135a59e,USDT,6,18471,46283957
972,0x162e8e6584b54c6e66525492d77ecd65a1633fbf,0x381b31409e4d220919b2cff012ed94d70135a59e,USDT,6,42196,0xd5d65f850dd2431311bae87f52eac2d2144b4c02,BTT,18,529453420004497578952,46284274
973,0x35af149fed3490dd210b418c3360737809f36abf,0x381b31409e4d220919b2cff012ed94d70135a59e,USDT,6,8236,0x7d3e65a12a10dbaa76de5b0d7d5849b70d79af3d,TT,18,25864876051199497035,46307122
974,0x28d54099c925aea1ff5fe9a805bd4044e0176e5e,0x381b31409e4d220919b2cff012ed94d70135a59e,USDT,6,5613,0x9cb312294936d33b0ec00d37e3d3988ae3da975b,NIM,5,1393269,46307392
975,0x6bc839727af181af296bbcaa4e5e79f425f3f7d9,0x27c8ed8fe8ece5d0488e619b8c243e496717010d,DGB,18,13168182976770271525,0x381b31409e4d220919b2cff012ed94d70135a59e,USDT,6,1801,46307500
976,0x992946e418bc506e2298d810de2917609feb3306,0x4165d68756224aac8eb7ff46f68b70dacec58957,SNFT,18,110000000000000000000000,0xb1f66997a5760428d3a87d68b90bfe0ae64121cc,WTOMO,18,925274031356391,46349150
977,0x204d4dc7c161a72cdb2c9ffa44a5025e9f1456cb,0x0bada9fe09879761b46800be4652529e1c19e71d,CTY,18,25724316916629948688,0xb1f66997a5760428d3a87d68b90bfe0ae64121cc,WTOMO,18,198846938846843255,46351351
978,0x0fde0088cac636065467182d11ecbbcb23028286,0x46de0d20de4862878c03a3b9418b0c4c7fc8127f,ADS,18,12569686000000000000000000,0xb1f66997a5760428d3a87d68b90bfe0ae64121cc,WTOMO,18,812991811872747,46364521
979,0xa488afd9d6d3dce2c84c993a011c16cf4ead33da,0x381b31409e4d220919b2cff012ed94d70135a59e,USDT,6,841,0xa72b24c7c9a4aa28ea9cdacc61ff4e476249dbb8,PRI,18,1445,46384502
980,0x4efafc7e5ffe19eb664962f58cc09598dcf2863e,0x381b31409e4d220919b2cff012ed94d70135a59e,USDT,6,861370,0xa2af861a395686394d2f530a7d76dbf636ca9cca,CLOCK,18,7536656835975566606701597,46385493
981,0x6976b4b3ab07483d7b8a50f7c295f21f5ecdbe1b,0x6603c2a57b19cc0da59681e47400eaa7f9d790c4,HUi,18,10200000000000000000000,0xb1f66997a5760428d3a87d68b90bfe0ae64121cc,WTOMO,18,98899726170083,46400724
982,0x7ddd74ec2df1a38d6ec7ed44037316e2c5315758,0x879c6ec17e25649380cf11fb04bf2a464a953646,MTL,18,2196000000000000000000000,0xb1f66997a5760428d3a87d68b90bfe0ae64121cc,WTOMO,18,5750698106591840,46401601
983,0xf442a81562a77f45379f4b236dab8d32593ede5a,0x22f81f238a5d9dc02e0a1cdb4032dc7a85c33349,BOG,18,100000000000000999000,0xb1f66997a5760428d3a87d68b90bfe0ae64121cc,WTOMO,18,100000000000001,46407177
984,0x295f0bcb8e0859e2f237c624a1f374e7bfc5a909,0x8aaa4779f46b5de6bbec42a1397b491b23c3b731,C9C,18,27601401963537800982820372,0xb1f66997a5760428d3a87d68b90bfe0ae64121cc,WTOMO,18,265276879527442160739,46424105
985,0x981e18682efee95ac72ca3413e2ecfb14b4718ab,0xb1f66997a5760428d3a87d68b90bfe0ae64121cc,WTOMO,18,2762501008867114361,0xf3ae1dbecb759ce4e13aee2390f86bdda9076bdd,BFT,18,133427412507651926351,46440810
986,0xfb1ab1cfd2645668f70f1acaac1f4329cce5de9e,0x2e6bce13c31920b9b83c43b2a8a73c2edefb75f7,PIXEL,18,104944861040258432113,0x503b2ddc059b81788fd1239561596614b27faade,WBTC,8,24,46444398
987,0x79a54946fba3cbb808b104b890408b2b193fe1a2,0xae44807d8a9ce4b30146437474ed6faaafa1b809,BTC,8,0,0xdc8a7c567a643b17b8692150653e88375a6bea1a,TUSD,18,0,46444441
988,0x0c8ee674a045cdd4f5b7c5460e07da6a56d02ddf,0xa7551ba0d52c763fb6f8866de63827aa593f20bc,HY,18,0,0xdc8a7c567a643b17b8692150653e88375a6bea1a,TUSD,18,0,46444498
989,0x2233431f8687b45ca1582199b1d073e38fb2b5ae,0x4eaafa85bdbe9b02930926c594f83e62b036b1be,tDAO,18,353479454299,0xdc8a7c567a643b17b8692150653e88375a6bea1a,TUSD,18,123963220024386587988,46444577
990,0x7328d21f6f6cf2d5b1ea30aeb0dd2c6d06351731,0xb1f66997a5760428d3a87d68b90bfe0ae64121cc,WTOMO,18,0,0xc5f1d14df773215b4bbb46e26c531252be1026cc,CAT,18,0,46445953
991,0x76a209fd9f3167d345e18af4febd270716345a8a,0x9eed058ea4725201663327a0ba2480fc32163969,Angel,9,31733048306,0xb1f66997a5760428d3a87d68b90bfe0ae64121cc,WTOMO,18,20819256845334033,46512026
992,0x91c2a77dbb8ee464930d2a888c8b84e7a139ba78,0xb1f66997a5760428d3a87d68b90bfe0ae64121cc,WTOMO,18,0,0xf7155422287756495ef9aaf77cf943c9261af243,AGL,9,0,46514596
993,0x4fb510c2550b75cfa7354c3fe99c74687d3870bc,0x3719d4e76022492dc025d9f38fceaf14a13fe7ea,KING,18,1000836805148782733113,0xb1f66997a5760428d3a87d68b90bfe0ae64121cc,WTOMO,18,87052423427683986,46520997
994,0xfeecb440f5ab71a53ad2503395c6310a324c7394,0xaf864bddac2ef4443150f5131965e1168e861291,MBS,18,701943095762586624184334,0xb1f66997a5760428d3a87d68b90bfe0ae64121cc,WTOMO,18,392287380768233350,46546467
995,0x68edb1fe955a03e34e0131eed77f593dfe26649a,0x25288498dc831838dd8789bee71ae03c204eda01,FCB,18,0,0xb1f66997a5760428d3a87d68b90bfe0ae64121cc,WTOMO,18,0,46547365
996,0x3b922ebd2acee43094d76877cc8a33b7dc24eae9,0x948109feb17e88ac10945045cff2d20f769eb880,BIJAR,9,0,0xb1f66997a5760428d3a87d68b90bfe0ae64121cc,WTOMO,18,0,46562345
997,0x54a8fdf9ff294f41bde7e1fe0e86940736a1b8c2,0x7f6bd66c2d1e437ce5a1a246a97b9fcff6de02a4,EFE,18,0,0xb1f66997a5760428d3a87d68b90bfe0ae64121cc,WTOMO,18,0,46606068
998,0x76c97a079a617520d7654add25a01bc00d2b0993,0xb1f66997a5760428d3a87d68b90bfe0ae64121cc,WTOMO,18,2361600341563853,0xc4f3acab624234a823326c76ccd0ea64550de92a,TT,18,45205365295934858801072,46638079
999,0x1bb0310f154f10babd2921c76c3e12b33573c780,0x0b12082ed2f6fa32b6971f04da7da3d50817e685,SUSD,6,106717,0x381b31409e4d220919b2cff012ed94d70135a59e,USDT,6,1947,46662393
1000,0xaef17e6d405dc09c38bcbb7437b0874315fb6b52,0x0b12082ed2f6fa32b6971f04da7da3d50817e685,SUSD,6,42927,0xb1f66997a5760428d3a87d68b90bfe0ae64121cc,WTOMO,18,410267531793835,46679026
1001,0x3764abb509c19de0a625268d3fc5270eb8d9cea7,0xb1f66997a5760428d3a87d68b90bfe0ae64121cc,WTOMO,18,207688150409164151,0xb531f5922e17ff5ab3b441e80118410d8c961af8,CVS,18,34862491400992377028508564,46702070
1002,0x8859bd0483c44b9834ce920bf7584785e8f88dcc,0x381b31409e4d220919b2cff012ed94d70135a59e,USDT,6,25605,0xde693ab190f465002c956e1938395c0eb2af7800,FCT,18,238555923535155138643076,46718479
1003,0x817dbda3d5327ef44552d72e80f884ef28248b96,0x0b12082ed2f6fa32b6971f04da7da3d50817e685,SUSD,6,52239544513,0xb71d09c7643a621fce30ccb7a2c38dbf9870d20a,TRX,6,863068000772,46735538
1004,0x386b4743a5e7cd0c53f57f3f99967bc803c5ab33,0x0b12082ed2f6fa32b6971f04da7da3d50817e685,SUSD,6,893819237293492924,0xafaec25b8941c98641a9425c248cac3628f8c74d,BTC,8,1999979024588736,46736064
1005,0xb5624926e4165bf6b9163c7bd9ab98c968529449,0x0b12082ed2f6fa32b6971f04da7da3d50817e685,SUSD,6,189299260768,0x79342fbb1d265bea55f735386b29b2d4bf82457c,RIAL,18,5089790695212365193872049223,46736146
1006,0x8542eba73bc3420c57b20e0fdf536619692bf3a0,0x0b12082ed2f6fa32b6971f04da7da3d50817e685,SUSD,6,178637309008,0x3b010fc117a10eca6770fb570744dfccc6ed718d,BNB,10,4977889764890,46736343
1007,0xd3db3e2bd5b7353c43814d10e1d32a1d743e079e,0x0b12082ed2f6fa32b6971f04da7da3d50817e685,SUSD,6,52410456900000,0x9d766b90c7080bd87bae396f659da2d82d789b49,ETH,18,19999281917130355077203,46736471
1008,0x5da1815c549e73502f5d71693a2fbe9ad24f0682,0x0b12082ed2f6fa32b6971f04da7da3d50817e685,SUSD,6,3900000000000,0x53f8c32acc778ccf2a80bef397839ac21f6b4f30,DOGE,18,480910540000000000000000,46736654
1009,0xb56db6475df770cc5f848f38f3e0db5a1858b2ac,0x0b12082ed2f6fa32b6971f04da7da3d50817e685,SUSD,6,178315207054,0x27c8ed8fe8ece5d0488e619b8c243e496717010d,DGB,18,8999987831817023229728475,46736783
1010,0xfe86b49ffcccc6d397bcb0140a09417efebfc713,0x0535bdf4e24351594d4e1112ed4f297d7d9b487e,LTC,18,39715641066531511609,0x0b12082ed2f6fa32b6971f04da7da3d50817e685,SUSD,6,176911113,46736946
1011,0xcaa1212147bc2c51a84b1e03ddc81d4e5eb984ee,0x0b12082ed2f6fa32b6971f04da7da3d50817e685,SUSD,6,9103443175,0xd5d65f850dd2431311bae87f52eac2d2144b4c02,BTT,18,4994634354106154002609440,46737221
1012,0x6074a343f28bebdb473a04ef54e75181fc5805c8,0x0b12082ed2f6fa32b6971f04da7da3d50817e685,SUSD,6,54690974525,0x9cb312294936d33b0ec00d37e3d3988ae3da975b,NIM,5,1999999106731,46737343
1013,0x7d42400b8695489bce285de5421ef80cf41f669e,0x0b12082ed2f6fa32b6971f04da7da3d50817e685,SUSD,6,6877824678,0x7d3e65a12a10dbaa76de5b0d7d5849b70d79af3d,TT,18,899920140146844003934672,46737438
1014,0x150cf1ed01ac74ae412e38e6990256f1f865e0dc,0x0b12082ed2f6fa32b6971f04da7da3d50817e685,SUSD,6,442559417187,0x47638ab54fc1e368fe577ebb3f4dbd9409b66b18,SOL,18,4887443015484006244419,46737543
1015,0xc0a2257df19f741d6d025b64e060e28d2d503f55,0x0535bdf4e24351594d4e1112ed4f297d7d9b487e,LTC,18,77238034972958890486,0xb71d09c7643a621fce30ccb7a2c38dbf9870d20a,TRX,6,102351753935,46737721
1016,0x51b3d20d740cd320de136baf5d9774793c9cfb1a,0x0b12082ed2f6fa32b6971f04da7da3d50817e685,SUSD,6,461552093,0x713aa6a80c7c76e401264bbb0b81c7ecada6ba05,USDTB,6,987411847037,46739747
1017,0x5fbd82c2ac9e4b8791df321dede8a6cef9e98138,0x1b1a396c7983a886fe499357a232bece105838cc,CORGI,18,0,0xb1f66997a5760428d3a87d68b90bfe0ae64121cc,WTOMO,18,0,46787022
1018,0x2ce9ef94041647af3c355da37989468769bdd348,0x1b1a396c7983a886fe499357a232bece105838cc,CORGI,18,0,0x381b31409e4d220919b2cff012ed94d70135a59e,USDT,6,0,46787070
1019,0xdea51a6d427d7acc66b09f3d60f60f220a9d731f,0x0b12082ed2f6fa32b6971f04da7da3d50817e685,SUSD,6,3417901,0xde693ab190f465002c956e1938395c0eb2af7800,FCT,18,795872663183372319815102,46813136
1020,0xe86fc108430c1b649b48b824197cc6d1e7f8133a,0x0b12082ed2f6fa32b6971f04da7da3d50817e685,SUSD,6,185,0x7262fa193e9590b2e075c3c16170f3f2f32f5c74,LUA,18,75384266767195,46814013
1021,0x713739f911acdb44e458d77a31fd48fc3a8f20d7,0xb1f66997a5760428d3a87d68b90bfe0ae64121cc,WTOMO,18,1648431611700871,0xfcd9bd59c4466ac618993668ef65b6ac0a0b3d18,MeFlo,18,61639233392812858211,46818121
1022,0xbe3c494b8845dab8d36010d2b8c11c518f1fd387,0xb1f66997a5760428d3a87d68b90bfe0ae64121cc,WTOMO,18,170526971136988482,0xed5d4ffe472c63d0e9ccb44d34b98fe52b632956,FAST,18,72992112188560204539495,46819426
1023,0xd5f62786a3f85f8357eb94735e0ae903d5f8bf3c,0x2f8d556a7c94265c3dcf6c5f0ba73689084695c8,RBusd,18,0,0xb1f66997a5760428d3a87d68b90bfe0ae64121cc,WTOMO,18,0,46889228
1024,0xbb31bc6bbbe23de437c93f21e57c81fbbba45492,0xa19bc1cd93c536ee745ae0450824a529341bdcb5,js,18,4113852057215323701510499822555255,0xb1f66997a5760428d3a87d68b90bfe0ae64121cc,WTOMO,18,510000001196692967,46918767
1025,0x2f1c09600332386701b6c33bd3e395e6253ea990,0x80fa8027b7fd3a478e43e5bc385a6ac9e827e520,BBC,18,548938209771598715668740,0xb1f66997a5760428d3a87d68b90bfe0ae64121cc,WTOMO,18,5620107095831717,46930524
1026,0x67a4541877815bc5af40fea76d018d10786330b6,0x3ce3c1117357952e75a9a4ec3bddd449898c23c5,ASS,18,3662117136104,0xdc8a7c567a643b17b8692150653e88375a6bea1a,TUSD,18,111025980177854324150,46945792
1027,0x22f599dafa13abadc5599a8959b19104f9611609,0x3ce3c1117357952e75a9a4ec3bddd449898c23c5,ASS,18,9636130266790529737668,0xb1f66997a5760428d3a87d68b90bfe0ae64121cc,WTOMO,18,118513954490,46945805
1028,0xa7fb3add3bf3ba4c2867393336c8afdd1cb18ea0,0xb1f66997a5760428d3a87d68b90bfe0ae64121cc,WTOMO,18,154300603807485162,0xe3592a9c7538c64a37410e1c80cfb938b358fe80,FMT,18,662999851696917240549745,46967375
1029,0xa18978daeb9ac61076bdbbc6e4eb91c5d5f15187,0xab28714e85f6e0b8be9c3e4dc129a5a14aaa5834,SHRD,18,124275333270126398995272411,0xb1f66997a5760428d3a87d68b90bfe0ae64121cc,WTOMO,18,8157447008197240,47016776
1030,0xd56f1d5a1606901d7e2333e59d6db7ac7f30d363,0xb1d6b9e06bf3b387887a10e754cb7c7947ab10b0,SM,18,2500500000000000000000000000,0xb1f66997a5760428d3a87d68b90bfe0ae64121cc,WTOMO,18,5001000000000000000,47023417
1031,0xcc8db5f55fdb7e1bfb9c75107e576658cc10b622,0x926dda3526d75e659a060dcefc4559fdca2270eb,SAS,18,0,0xb1f66997a5760428d3a87d68b90bfe0ae64121cc,WTOMO,18,0,47026439
1032,0x32342edab91f33674701a6bf1f7fe3731d631b39,0x67d7b6ce551be9a02224b047a1c692485ae3bc95,MTB,18,0,0xb1f66997a5760428d3a87d68b90bfe0ae64121cc,WTOMO,18,0,47090966
1033,0x170865b1772ae285241c967b42399aa65d19f7e3,0x167a7a53496389075d33462ef4e21d9a7d22d8f1,MTC,18,1799000000000000000000,0xb1f66997a5760428d3a87d68b90bfe0ae64121cc,WTOMO,18,95702705557844497,47092364
1034,0xa51aacccb33bba5d0e7af9c28652893b7431218d,0x712e48be417bc33ff742bbd2ed56ade2b640d31d,PBS,9,13453239962949,0xb1f66997a5760428d3a87d68b90bfe0ae64121cc,WTOMO,18,19232050136105148,47097299
1035,0x52761225f65b2deca5f8fed84ca26c7f536f615e,0xb1f66997a5760428d3a87d68b90bfe0ae64121cc,WTOMO,18,99777403970204645,0xeeea21a2a3c7f25dd9b9ab171d1aa711e42404e8,MEV,18,2119274966661177537458260,47120875
1036,0x83699806f6028f9c6919d6dfb6ea728597ad588d,0x7498409b6bde1034005d8b9ae0e9102d5b85a1ce,BVT,18,4038080285400608621172,0xb1f66997a5760428d3a87d68b90bfe0ae64121cc,WTOMO,18,363324095518480,47121311
1037,0x6cac5c985c4581163886a959693ad7798c8a13b5,0xb1f66997a5760428d3a87d68b90bfe0ae64121cc,WTOMO,18,0,0xce94d1937ce37154ddc445a2133d8fe7ab3f8224,HVI,18,0,47121966
1038,0x6c747e54b302e821191708f4a30373939b79619d,0x0b12082ed2f6fa32b6971f04da7da3d50817e685,SUSD,6,599978425418616064754,0xa72b24c7c9a4aa28ea9cdacc61ff4e476249dbb8,PRI,18,5000000528388560010,47123914
1039,0x1aa9deadadc879c0b15a7ed306d0bcc84f99fc24,0x2143e6ddca71730be7372a6935878c7897ac74f3,KSEP,18,1999989000000000000000000000,0xb1f66997a5760428d3a87d68b90bfe0ae64121cc,WTOMO,18,960826939350000000,47143244
1040,0x567cfac4a7f3ba8871ca7b09a17fa981d701ea1d,0x26b155b75112d0bf05efe5287761d21e3e334d35,BSHIB,18,2089582260828054638252159,0xb1f66997a5760428d3a87d68b90bfe0ae64121cc,WTOMO,18,496473151614259521,47180845
1041,0xb5bd6a72aef9e209045d183f3fef1010db273bf4,0x3bac09063c18efecba2e2449ee3780105609d784,MI,0,522546,0xb1f66997a5760428d3a87d68b90bfe0ae64121cc,WTOMO,18,1417552960718524456,47214419
1042,0xddd60078b775a7de98d0253834e6abb45fe189fb,0x381b31409e4d220919b2cff012ed94d70135a59e,USDT,6,0,0x741713a77a2da65d742e2434cfca2b7c6513b1e0,JUSD,6,0,47220438
1043,0xe5d481d88c3b0d4e1e77fbf111728e02f82aa4ea,0x0b12082ed2f6fa32b6971f04da7da3d50817e685,SUSD,6,1110000,0x741713a77a2da65d742e2434cfca2b7c6513b1e0,JUSD,6,1110000,47220474
1044,0x21b6694b92a393cfd620c7cafd57db2f196e1953,0x1600e9c5896221a6af3254256a2141c67354e39e,BRU,8,32327365,0xb1f66997a5760428d3a87d68b90bfe0ae64121cc,WTOMO,18,112110000271669,47235874
1045,0xcb8611031382353f16313449418d32d71be5207f,0xb1f66997a5760428d3a87d68b90bfe0ae64121cc,WTOMO,18,10001000000000,0xfcfd3576f178a124e14048009b0ee5075f0228ae,TWOLF,18,10001000000000000000000,47236713
1046,0x39052be71495f5bc2aa0e78dc3230983235166c0,0x11096437a347e3c5640676b577f3452c3ec3baa1,USDTB,6,366070345607,0xb1f66997a5760428d3a87d68b90bfe0ae64121cc,WTOMO,18,1363830907529499,47278175
1047,0xe7d14ed52117dfe9f1a5b630772caa98d5b2f452,0x0b12082ed2f6fa32b6971f04da7da3d50817e685,SUSD,6,4497059753218750,0x11096437a347e3c5640676b577f3452c3ec3baa1,USDTB,6,5184710869709859788284,47278796
1048,0xa7ff0f90e11f37fec010fc25cf95ac68d6b3f1be,0x0b12082ed2f6fa32b6971f04da7da3d50817e685,SUSD,6,8290,0x2eaa73bd0db20c64f53febea7b5f5e5bccc7fb8b,ETH,18,1556491550027,47284761
1049,0xccb7c1f6a372badb4f5c1f20a4a78e328defcf39,0xaeaf076a41901adae68748e5248e9eeb436ec708,MLUNA,18,1489469831610844939979155,0xb1f66997a5760428d3a87d68b90bfe0ae64121cc,WTOMO,18,58561349563907310,47289643
1050,0xf976a280b162f42ecb5401bda16f888b01050f78,0xb1f66997a5760428d3a87d68b90bfe0ae64121cc,WTOMO,18,20848089057441,0xd1f6c2b5787ea5ddbe134adf78d6cc0e02f31efb,KIA,18,98190102739189050719277,47300439
1051,0x258079cbba12ca8e1c864270291ef6b234a0fb4d,0xa72e73eea3f7ad7be9819fc8d741b56732b9da6a,BTC,18,143218414530000,0xb1f66997a5760428d3a87d68b90bfe0ae64121cc,WTOMO,18,5000000000000000000,47302489
1052,0xf0aeff899242af335b90f16ee12e3ebab4b9d148,0x59c23d4bed7a5e81b154a416eae48857c479855d,FMI,18,838929042883547187396350,0xb1f66997a5760428d3a87d68b90bfe0ae64121cc,WTOMO,18,1392669026288908124,47315170
1053,0x29f49348e8a6951a800d91c697fb52113b0ea5c7,0x11096437a347e3c5640676b577f3452c3ec3baa1,USDTB,6,9992442184315158,0x713aa6a80c7c76e401264bbb0b81c7ecada6ba05,USDTB,6,10007593918314,47355383
1054,0xde56630fcb99458ca8a2228d512bd13b1d0ff2a3,0x53273089fd9564ff80d092a8fc67dfda8c7f5782,LORD,18,6311050774130249046778381,0xb1f66997a5760428d3a87d68b90bfe0ae64121cc,WTOMO,18,7034182963656506928,47355467
1055,0x788ab2b7de3daa3af27f62e4a4343c0c631ac760,0xb1f66997a5760428d3a87d68b90bfe0ae64121cc,WTOMO,18,0,0xd2c73742d5a259cc6c090b741a1fd9508f60b473,MYR,18,0,47371044
1056,0x1b6fc8d2517e8cf513ec8e29c8b604fbaf0695de,0x323b8b20c9e875d8bcb160bf50ab232d7d3fc4e2,BTC,18,281830000000000,0x503b2ddc059b81788fd1239561596614b27faade,WBTC,8,28183,47373327
1057,0xa545021afaf6a0d697a73ced216c8b8ede174b92,0x6b36a3fafed93d6cc3946fad875c8a4a4cfc2c5f,BTM,9,25000000004,0xb1f66997a5760428d3a87d68b90bfe0ae64121cc,WTOMO,18,2500000000315613,47376005
1058,0xc853803ab870c35a7f4deb6960d5b988ff84264e,0xb1f66997a5760428d3a87d68b90bfe0ae64121cc,WTOMO,18,1820648035539994182,0xc1826c0fdfe042891fa4a27eee74cab59a6bb9e1,MMC,18,1381474291410938750907185,47403356
1059,0x26d6f467af5358b511ed00bcdfb3d7cc6c75c2d4,0x205bfb8b4e12684365ff799459d3fb15da748995,PCHU,18,298386612243390350993264628,0xb1f66997a5760428d3a87d68b90bfe0ae64121cc,WTOMO,18,3332447329394818044,47406042
1060,0x4efdb57ffa6ea723d6fbda403c2a767cfdde448e,0x2290aebf9e2488caf10efc57ee6bbadc7b7f3f52,TNG,18,10107780147875001236189060,0xb1f66997a5760428d3a87d68b90bfe0ae64121cc,WTOMO,18,2563236464770050,47406319
1061,0x1ef9f347ebcab65b3af4f9b001b8a1c18743c982,0x2290aebf9e2488caf10efc57ee6bbadc7b7f3f52,TNG,18,0,0x381b31409e4d220919b2cff012ed94d70135a59e,USDT,6,0,47410065
1062,0xba6bfe9aa52db1a54e92a3ec84c659a13a896ec0,0x11096437a347e3c5640676b577f3452c3ec3baa1,USDTB,6,50400000000000,0x503b2ddc059b81788fd1239561596614b27faade,WBTC,8,4,47452745
1063,0x28add643409b88e97ddff195cfe621e46bb98d2c,0x1aa9deadadc879c0b15a7ed306d0bcc84f99fc24,LUA-V1,18,0,0xb1f66997a5760428d3a87d68b90bfe0ae64121cc,WTOMO,18,0,47483824
1064,0xd30700c9c8bbf43df230ee7f71e0b3d1a5b05f1d,0x61d545c58437a8141ec594161cf56d99934f8f08,CSMIC,18,984532950809398342315130,0xb1f66997a5760428d3a87d68b90bfe0ae64121cc,WTOMO,18,40666540628457819,47486676
1065,0x217545b3ced648f164b4c59c3e024b50bf03b3dd,0xa6a3820b81da4030f831d63c5a895bf44d6be246,Alpha,18,1366742388154796,0xb1f66997a5760428d3a87d68b90bfe0ae64121cc,WTOMO,18,41104667583103,47504725
1066,0x185d1d83a0001e97f9c76029e70b87b1d9b2a5fd,0xb1f66997a5760428d3a87d68b90bfe0ae64121cc,WTOMO,18,60000000002446,0xf86114d8265ba57cd50857620a07847bce185cf4,CHIK,16,10000000000408,47505351
1067,0xcebcb135823b7aa39e6c09922d44844d5aefec03,0xb1f66997a5760428d3a87d68b90bfe0ae64121cc,WTOMO,18,892670745752246,0xda29c9c94d377f4b49fee2a01f05427f04fba618,ACT,18,148627019198497950881,47509864
1068,0xc8a213f4668548c6f3361ac2fe0bb4e14d5fdbdb,0x6ba6d876e7c178e618ef46a912e5f22e4ebf07ed,MTO,18,0,0xb1f66997a5760428d3a87d68b90bfe0ae64121cc,WTOMO,18,0,47513040
1069,0x6b3aa0a348f6f029272b75d50fe1304d58c86ac7,0xa234c4d4b7e5a8092658b13f6afc6411d9484c94,CFT,18,11400833333333333304936,0xb1f66997a5760428d3a87d68b90bfe0ae64121cc,WTOMO,18,139552214545668261,47523940
1070,0xa50506a1a982b355b321e70716b7fee1f768474b,0xb1f66997a5760428d3a87d68b90bfe0ae64121cc,WTOMO,18,2004020000000004,0xcfa063cdfd42f05a2dbe5e5652c7de48db5c2cdc,APPLO,18,100200999999986827552,47537625
1071,0x66c5656a83daa5bc847126b09f45a34f59642b8f,0x4addcb9ca0062f9621b1872b0b014072eb59712d,CGC,18,91781303415414633960,0xb1f66997a5760428d3a87d68b90bfe0ae64121cc,WTOMO,18,5575420332332137,47554509
1072,0x2a4cd825df7ac4db57bc08099193c160b81b5580,0x1b1a396c7983a886fe499357a232bece105838cc,CORGI,18,6000000000000000000000,0xe3592a9c7538c64a37410e1c80cfb938b358fe80,FMT,18,3500000000000000000000,47569395
1073,0x252b907ad3d040ab68cd1acab334b4acad9ae0bc,0x4017f8b80839a7ede62d5b7ee45ba12f0cd5e9cf,xMOL,18,14108439709181736948672522,0x44a34a60379925514c00a553e3c4ccfad7c4176f,xUSD,18,164704434825321602891735,47594318
1074,0x084136f1d1d0371975ed8921d2e1276e09eb39ec,0xa69be06816a6765f1bf570f1ba2158eebf59cb11,CMT,18,8378204075545803711245,0xb1f66997a5760428d3a87d68b90bfe0ae64121cc,WTOMO,18,21517381513390830,47634218
1075,0xb3eb60147f68b92cc0590f908b66ae23a8068167,0x7ce5494ba253d3c54b8e1ae1a005d66bf41042cd,Tesla,18,324989717592802481780085,0xb1f66997a5760428d3a87d68b90bfe0ae64121cc,WTOMO,18,1394861242654132494,47662042
1076,0x7419b1930d17aa7acd17cb55c176883acd8b41d4,0x4801fe137137eddd8541aa4987eae132211d9375,MAC,18,7373944428718671872760,0xb1f66997a5760428d3a87d68b90bfe0ae64121cc,WTOMO,18,511446123805497,47662251
1077,0x6ea04a0bfeff5ba461f98bdd750c9d637e700567,0x3a21af37f48ae848fe8227b81a310077c707ab37,MAMIC,18,2895938235878067425908088,0xb1f66997a5760428d3a87d68b90bfe0ae64121cc,WTOMO,18,294651531058681,47673926
1078,0xb18f6ea91717673218d68efd7f0707d206ffcaf8,0xaa48a501ecc0527f14e5f496351342992fd6a5d5,CPT,18,96794693926370382187859,0xb1f66997a5760428d3a87d68b90bfe0ae64121cc,WTOMO,18,106178309498692515,47683331
1079,0xe488848754b49df4e1f302fe03c3f2ad62f951e7,0x9165584cccd7c4c5dbf952c2e355e75158e27c43,FPAY,18,14303616115769032397218466,0xb1f66997a5760428d3a87d68b90bfe0ae64121cc,WTOMO,18,16535498396833659218,47701043
1080,0x46419ea705d8f3475e8c38d83c4798b0bf681b77,0xb1f66997a5760428d3a87d68b90bfe0ae64121cc,WTOMO,18,0,0xc3a22c77dec167e04575b8a74a41907316b6a2ce,SUSD,6,0,47723768
1081,0x8dbbf2a19d0960bc66a162f6f54ebe6f6ea2f52e,0xb1f66997a5760428d3a87d68b90bfe0ae64121cc,WTOMO,18,340478605217751204,0xf335f96a25366328013b372473a909a742f9b65a,CRB,18,66174896485397340657987,47746949
1082,0x9685e924167994696605c22c831c0654b0429431,0x7262fa193e9590b2e075c3c16170f3f2f32f5c74,LUA,18,0,0xe9c4373e3a9f79fc259ae1a679b1bb31ceeee856,MTP,18,0,47801397
1083,0x1135ad154ed2260b48f93810088c7ba1f45b4bc7,0x381b31409e4d220919b2cff012ed94d70135a59e,USDT,6,0,0xa234c4d4b7e5a8092658b13f6afc6411d9484c94,CFT,18,0,47804380
1084,0xc044f46f51d94e871c1959001c13ae4cd9da2579,0x10d3ee11e0b46b9731e2031a72bc099bed45d2bb,TMC,18,106190635940737207,0xb1f66997a5760428d3a87d68b90bfe0ae64121cc,WTOMO,18,115890912593382767,47809452
1085,0xc00e19830df6200fa5b7d71e3c4077e0c68a2bf1,0xb1f66997a5760428d3a87d68b90bfe0ae64121cc,WTOMO,18,26545955825380744828,0xd3395ae8ca3c30eca78b9a85c6b2f54df36756dc,CRGI,18,331045513461246329522257898,47817773
1086,0x81db743e69b200cc650092b982d57cd8f082c0f2,0xb1f66997a5760428d3a87d68b90bfe0ae64121cc,WTOMO,18,1367906835586817,0xc9beee8ddc06ce0813c0d6561ea7ec604d072b4c,ATT,18,1485603616892120669627239,47830850
1087,0x8a305df3ed2ae1fdc87b1539081cd6c2c1b9bfd6,0xb1f66997a5760428d3a87d68b90bfe0ae64121cc,WTOMO,18,1288683320289070,0xbca2eb33380afcea6ccd6cd0976e15749b8facdc,PAL,18,464714247005253565695272,47868333
1088,0xbf41882bde99ff491d719b6f460822770bd77469,0x0758b28effe216c5529f1e0614719d23a8c1377c,otbb,18,316000000000000000000,0xb1f66997a5760428d3a87d68b90bfe0ae64121cc,WTOMO,18,635626594910745,47875340
1089,0x86e5c2630561745ccfd58364fc5b53c56c09c523,0xaf4d9f41400204c18770a6d02b128cfe1e99e164,bto,18,145002112211955833767105058,0xb1f66997a5760428d3a87d68b90bfe0ae64121cc,WTOMO,18,2781534455337355,47875538
1090,0x4297cc8b2f5699294e572899800bce58bad60a9c,0xb1f66997a5760428d3a87d68b90bfe0ae64121cc,WTOMO,18,300000000000000,0xd8ac9129e2edcb6c77a4813e5f8979f25b170a6b,omid,18,100000000000000,47877355
1091,0xf8c67764b9388b74da3e1770b5381cbfbafd4d21,0xb1f66997a5760428d3a87d68b90bfe0ae64121cc,WTOMO,18,2280985053952676986,0xec68b4d94693c7536be57284263f1e8a5fad4415,CGK,18,39885999999831676,47878218
1092,0xb59dfda1bb18ab651181de218c8bb4711eabbab8,0x4b08a8e76a1f0f302a9c14a82fa8d1d54f23dfb1,MMOON,18,0,0x7262fa193e9590b2e075c3c16170f3f2f32f5c74,LUA,18,0,47880903
1093,0xc3d94f2bbb566a31af8629776bf7389443c70495,0x4b08a8e76a1f0f302a9c14a82fa8d1d54f23dfb1,MMOON,18,0,0xb1f66997a5760428d3a87d68b90bfe0ae64121cc,WTOMO,18,0,47880950
1094,0x07aadbba913e55e16dde56c3e44478be2b521120,0x1023bb80f07228329ebb01d089aff1495d693b51,iranT,18,400000000000001411725,0xb1f66997a5760428d3a87d68b90bfe0ae64121cc,WTOMO,18,200000000000001,47882723
1095,0x2876662c6da51da73578de330e933a3fd2188c78,0xb102d637e6937e9fb245512a471d77310952321a,MNDx,18,0,0xb1f66997a5760428d3a87d68b90bfe0ae64121cc,WTOMO,18,0,47894599
1096,0x72ea64e1d60a402686bea49a996b07774ae7ccd9,0x44a34a60379925514c00a553e3c4ccfad7c4176f,xUSD,18,0,0xeb76af4cee4780c9b50b4cc0c46a152fe985ecb1,xxMol,18,0,47895422
1097,0xbcd8a08eff766cbd5cae7ba43c1192f85bf44cf8,0x1842f953b8ebdad3aded8cf71dfd6bcb492e2a93,SPA,18,115997318333136261,0xb1f66997a5760428d3a87d68b90bfe0ae64121cc,WTOMO,18,92708238217591,47901426
1098,0x0640b6efb41a2691e52074a2820c505715d30d3f,0xb1f66997a5760428d3a87d68b90bfe0ae64121cc,WTOMO,18,1829624376940965570,0xe6a7bf45333a7018f709760263b7a5200d245ed3,APT,18,5846403932957877622,47902277
1099,0xe8a8164c4c10d87e3d14fb31700a36767f1af29a,0x674f1cc3b4931f0f07babe6e1a1769f9547f6ef2,SB,18,10012000000000000000000000,0xb1f66997a5760428d3a87d68b90bfe0ae64121cc,WTOMO,18,100080083963311198,47907123
1100,0x8e86c32df0b044a2c24f65b707c7b236afd017ff,0xb1f66997a5760428d3a87d68b90bfe0ae64121cc,WTOMO,18,101659183667222,0xc1b5844a4192dc2fa70cf70d15c3e18fb19cddd5,clash,18,491871591109027579170371196,47907178
1101,0xa399d93cdf9ec02bacbfb5b38cab71086b88c706,0x30416f1fca0550e651f8294ef111682cfdc72e91,HTM,18,894185635266741540403019858,0xb1f66997a5760428d3a87d68b90bfe0ae64121cc,WTOMO,18,67139501748542054042,47908042
1102,0xb34e031112de56539ce2771b616ee52a9793dd02,0x24dade3da6c1a2456c0d9e96b787b4322e0b0f64,call,18,2500000000000000000000000000,0xb1f66997a5760428d3a87d68b90bfe0ae64121cc,WTOMO,18,100000000000000,47910309
1103,0xa3c51c433f6ba93327bd0e2142da0e8b49eb35a1,0x6b74d4f7fcf5ddf32886e478398123435fca8c82,MS,18,19231347114380196587436,0xb1f66997a5760428d3a87d68b90bfe0ae64121cc,WTOMO,18,45227659428146552,47911074
1104,0x17450cbe2551bcfc9121e62c51e6d32e8e2523df,0x575a1a7485b1a669dd15fd9aaa5a52c814412280,MTP,9,5230769230780,0xb1f66997a5760428d3a87d68b90bfe0ae64121cc,WTOMO,18,68000000000113692,47913285
1105,0xa11c67910aab6076fe884dd29946b29613a9257e,0xb1f66997a5760428d3a87d68b90bfe0ae64121cc,WTOMO,18,21329431608390275,0xd6f155b61b7028dfef81aa20461c7ae322d0a821,YTC,18,31592987233478827365,47927323
1106,0x4156a4e8552f6044816c6ed4f17f7f131bd4bde1,0x8e52411e2694be78f71011879b677c86004a2e12,HMC,9,37897872295,0xb1f66997a5760428d3a87d68b90bfe0ae64121cc,WTOMO,18,95285964825513032,47964297
1107,0xfd99fdfe67d2d3639ad1000470dd025e2d80d330,0x355ff2c31daa200e75e6b7d6938f1a2064d45278,DINO,18,258945064892405368948950,0xb1f66997a5760428d3a87d68b90bfe0ae64121cc,WTOMO,18,80148859569612327,47995046
1108,0xdb8e8a80dcd69900d43308b6ec6406d0ad2983d4,0xb1f66997a5760428d3a87d68b90bfe0ae64121cc,WTOMO,18,711582648388116347,0xf9264e421c5d4e8c0ccd26a2c5f9ae71ce2528da,IFB,18,39870297397399200962164,47995295
1109,0x84d9fc86c3ef3394e99e3b98bb742eea500443e8,0x14e87c32676578b082c783dd5463c1c4c4d86f71,Rb,18,50000000000000004074376,0xb1f66997a5760428d3a87d68b90bfe0ae64121cc,WTOMO,18,3000000000000001,47995348
1110,0x5f208593d345e405cb3138af44bbd3778ecc40a2,0x81ce4426ecd47117ea624f69a24a58216df6d142,FBL,18,102120995994875,0xb1f66997a5760428d3a87d68b90bfe0ae64121cc,WTOMO,18,7988800000000000,48001503
1111,0x4702bca444b9c18c539dd085e87eeeceda190e16,0xb1f66997a5760428d3a87d68b90bfe0ae64121cc,WTOMO,18,100000000000000,0xe3ecd6d48c836a0be65d2cf70f9b89e800f93a34,ETH,18,100000000000000000000,48004069
1112,0x78fbd75363ed5d78f72802ed9ab8ff3fc760c5f5,0x381b31409e4d220919b2cff012ed94d70135a59e,USDT,6,0,0xe3ecd6d48c836a0be65d2cf70f9b89e800f93a34,ETH,18,0,48004254
1113,0xb22604bc453edf6a4d7a2450b2045eff345cf366,0x01bbd41d1a7068ce176aa4b3189a508a6c915183,EFD,18,0,0xb1f66997a5760428d3a87d68b90bfe0ae64121cc,WTOMO,18,0,48033558
1114,0x8e35c9bcbb011bfe19fc115c3bf2b3ef3a6f1984,0x0ea185a45dfa863c62f8684550a727c6bfd3715f,LMC,18,218854417846812500000000,0xb1f66997a5760428d3a87d68b90bfe0ae64121cc,WTOMO,18,18324950944399902,48041718
1115,0x39a2ebc0f44b3cf7a96da61fc629c390e9ecb62b,0xb1f66997a5760428d3a87d68b90bfe0ae64121cc,WTOMO,18,570000000000000000,0xfd495078addf7edba37d54e60cdb7704c33c4a0e,CGN,18,3523555647107770661,48049293
1116,0x1a3aba2c0c4fd32b514da47748ee0383feaafa28,0x5080781e91237b6d7f026d5306b7233e26cd6c16,MLR,18,0,0x8103bb77ed2035b5da9a3a65d9c313cb6ee41dbd,TAB,18,0,48055372
1117,0xa864cea090016fee80dac7614bfd56d0300c5dce,0x93e0a555d06904acc4098122d10c0cd23078abfc,FVS,18,370384034118423352421401068,0xb1f66997a5760428d3a87d68b90bfe0ae64121cc,WTOMO,18,29563844057778828,48072034
1118,0x9151267f9b898c402c0f078435671c42a5352edf,0x1ef0fad5c1c6cb6208bdf056cabbc6096d5e11d6,PSG,18,1000000000000099900,0xb1f66997a5760428d3a87d68b90bfe0ae64121cc,WTOMO,18,100000000000010,48080158
1119,0x5460edd819f4c1557e84c0f2bce240a58d318455,0x7f51cb93bae44975c4ff2a6be9997235d48c7381,INNA,6,17102039,0xb1f66997a5760428d3a87d68b90bfe0ae64121cc,WTOMO,18,52919366018645717,48093301
1120,0x72266b82eb2832ae51fb2f39f6564aaa84932c1d,0x381b31409e4d220919b2cff012ed94d70135a59e,USDT,6,5904,0x7f51cb93bae44975c4ff2a6be9997235d48c7381,INNA,6,442758,48093609
1121,0x41acd83149b11e142aa4bb08052753f6367ce59c,0x6a350193191af6f3d091450f4dd01c457b21447f,SMAPY,18,9031014795810571587890317,0xb1f66997a5760428d3a87d68b90bfe0ae64121cc,WTOMO,18,60929894975679935995,48099816
1122,0x5ccff99b9b7f45c398b4afc2ba3a27d2dc8c8955,0x45da16b69d777677fd384c8920ac0cf8f5fe884b,CINU,18,3564183169591892731799659,0xb1f66997a5760428d3a87d68b90bfe0ae64121cc,WTOMO,18,468256364467353859,48112766
1123,0xd1e3d03788eba62903154420c51bcfb3cec0a90e,0x298e51610001322c5667923252e74e9122331b22,DAS,18,110000000000000000,0xb1f66997a5760428d3a87d68b90bfe0ae64121cc,WTOMO,18,72753728628593,48132067
1124,0xfc22c82498cb361d92174f45fae183d6ff23b019,0x298e51610001322c5667923252e74e9122331b22,DAS,18,0,0x381b31409e4d220919b2cff012ed94d70135a59e,USDT,6,0,48132157
1125,0xac855635bd8adfecd54938dc2f4d2311bf23de0b,0x68625c2b35d326f6567eecc6ce196d53b392e463,PPIN,18,4434173689608667445538957279,0xb1f66997a5760428d3a87d68b90bfe0ae64121cc,WTOMO,18,2437522097372708416,48149442
1126,0xf2713329190dd901c2d296924a219c8f64a9a1b2,0x6f020297e6ad74e886ac8902a0e14b5a06ed935b,MKV,18,1099871974701401309193226,0xb1f66997a5760428d3a87d68b90bfe0ae64121cc,WTOMO,18,131476630982818,48153011
1127,0x27ebb6b42cd093f051d77a5fcfe87b6b1e9e8ee1,0x2b80249bedfbd8c527d67b8acdf484fd048fa4b8,MIMI,6,788781,0xb1f66997a5760428d3a87d68b90bfe0ae64121cc,WTOMO,18,3047739105738413,48168921
1128,0x0a435083575ccf97f71ec8282494253fe1cf7509,0x6655a0ac68c5a4f743aa8e46d1f582ab73fc4bf5,BtTT,18,50000000000000000000,0xb1f66997a5760428d3a87d68b90bfe0ae64121cc,WTOMO,18,1000000000000000,48178399
1129,0xc5977e06b7b11827ea53e454dfc5341be4179c19,0x381b31409e4d220919b2cff012ed94d70135a59e,USDT,6,0,0xeaaf6752ae4d55b4ed9635c475f5a9cd1ee53adb,EVL,18,0,48181827
1130,0xad0552861105159a5c4412edfa50943cbfa5e742,0x9d80512b47d40b0b331b9206792c69464470d5c7,MDINU,18,51332191278174519576464816,0xb1f66997a5760428d3a87d68b90bfe0ae64121cc,WTOMO,18,48808950021440800877,48186408
1131,0x06df70e94e05deda767d70ec56104e608f3d8c05,0x7f51cb93bae44975c4ff2a6be9997235d48c7381,INNA,6,195785947620,0x9d3b44a2657b146ae0461cd72f67bbb92eaf01d0,CF,12,1000566694,48204135
1132,0x660291e18b1f4d00f84ac972dc43ad7c37248fae,0xb1f66997a5760428d3a87d68b90bfe0ae64121cc,WTOMO,18,3527233089440824,0xd33d0a60c50b0cabf39866008ab6d32a578192e1,MTC,18,135012591250145711688818,48219942
1133,0x6a30f285c5e08727d437b3bafd0c714ff83ee9ea,0x24720cfe19c174226004a7245c22a7f5ae6c33d8,MINIF,18,588832019231775199825568,0xb1f66997a5760428d3a87d68b90bfe0ae64121cc,WTOMO,18,261290418785836343,48222158
1134,0xc02a0a80d20236325f31d790e258999b848a0fbb,0xb1f66997a5760428d3a87d68b90bfe0ae64121cc,WTOMO,18,94450022107,0xfbd3cb8de99b4123cef49d6f8a04c2afd30bc2e1,bdt,18,50000000000000000000000000000,48262052
1135,0x555e5214a510293850f051dd90f48a519c62b148,0x62dd4627b8675621461320c3df155df29a4ae6dc,SHIB,18,906433473412040199044,0xb1f66997a5760428d3a87d68b90bfe0ae64121cc,WTOMO,18,4423672831876632,48268227
1136,0x96d02e6fd5d57fa994426f35cb64438eb999c930,0x7809f1cf580eb8bef2572527079d3a938d3289be,BDS,18,8603263631049524284416414,0xb1f66997a5760428d3a87d68b90bfe0ae64121cc,WTOMO,18,16862640927413222,48273411
1137,0x6229340844c9f234ba796a82b745ac2f9a7d5857,0x26872ea1b8e017bb12f28ddab3cf9516ca1401df,MWFT,18,0,0xb1f66997a5760428d3a87d68b90bfe0ae64121cc,WTOMO,18,0,48273635
1138,0x7569f45c5141d4ae84aadfe205ad78ebfb732ad5,0x750e52fd5f4c811cc562c196b233cd3cdb99b415,SKC,18,0,0xb1f66997a5760428d3a87d68b90bfe0ae64121cc,WTOMO,18,0,48286096
1139,0x63d15ea5068a8f414214aabfdace0c438791dd80,0x8a67ffbd88f0337a44eb4fa253d455f526d5cbc5,TSN,18,13777712013646225388,0xb1f66997a5760428d3a87d68b90bfe0ae64121cc,WTOMO,18,3263373612679760,48287702
1140,0x0ec6d246d76d968abcd9f16b1774a7f17ff13c71,0x4c3d2fd603021f5cf23095597fceb4cceff992d2,MSI,18,23800520071506853502481662,0xb1f66997a5760428d3a87d68b90bfe0ae64121cc,WTOMO,18,43163114294549518248,48296130
1141,0x6182edfcb9b989b3058e721d91d5de7c70b90e97,0xb1f66997a5760428d3a87d68b90bfe0ae64121cc,WTOMO,18,71853718715517995,0xc4a64c45da553e4bc95de9b2370b5e01f781057a,MEWAR,18,11218768284640397283565183315,48298227
1142,0x7f7fc3129e63a560a34b0634be54117c2647170b,0x557dff9c91f4e80423e5cc4ed951917633619ad5,UST,18,32479489565097578,0xb1f66997a5760428d3a87d68b90bfe0ae64121cc,WTOMO,18,3100000000000000,48304070
1143,0x2b3ebd06ea6ae7199e6cdd72a6721d0801b552bc,0xb1f66997a5760428d3a87d68b90bfe0ae64121cc,WTOMO,18,72683163198800400,0xd45986fc61dfab1ab3351ad764a0d44ec7b026a8,CMR,18,441686372288776225611958,48318174
1144,0xd990cdf7ffb4aebbe0b91e5c2a26f67dec48ef2b,0x17455ff6be9bc485f907af9925b45684bd217eb2,MQL,9,2335153865344,0xb1f66997a5760428d3a87d68b90bfe0ae64121cc,WTOMO,18,98679483711312087,48330869
1145,0x3cb47e50e58f2c75c548cab1ad6949a347903738,0x44403dd5f1d5ca2bd1eddd1d1c86ecad49817df5,TSH,18,9949341601535331324103597,0xb1f66997a5760428d3a87d68b90bfe0ae64121cc,WTOMO,18,2237385266400073,48341164
1146,0x0179a352ab7fd930bf54989c28288892facc3650,0x3c618f6eefdf718dde6dde43ad8fba258e213e72,Fiwi,18,8486757570373022867077,0xb1f66997a5760428d3a87d68b90bfe0ae64121cc,WTOMO,18,2559967930109210,48341399
1147,0xc457ce21189bc0f163d1e661e0d4fd5f1eaab6e3,0x97ed3207f3bbecf671c29fcf0a76645bbf74e54a,BABYD,18,69047818145182700547295368,0xb1f66997a5760428d3a87d68b90bfe0ae64121cc,WTOMO,18,116000000000000000,48343448
1148,0xb5d547532a6ebd6b50930d87e5839622a6f8f830,0x2e1800fd6046d739aa1fed274bbbfcc4a5177b28,TM,18,10000000000000000000000000,0xb1f66997a5760428d3a87d68b90bfe0ae64121cc,WTOMO,18,5232846662986180089,48350043
1149,0x6322f2cb38724ed805e5ebd7766c0652c05cf5db,0x94fefdccc760586db3d79bf961ac3b8013fd7e9f,MTC,18,0,0xb1f66997a5760428d3a87d68b90bfe0ae64121cc,WTOMO,18,0,48358131
1150,0x881f8ebeb598fd31bfaeeb09dfdc4d3186613b63,0xb1f66997a5760428d3a87d68b90bfe0ae64121cc,WTOMO,18,140903053127287602,0xeaacd671e2d40880f65ad4c944c8725b8bca8eea,ESTGH,18,14300000000000000000000000,48363381
1151,0x5f28590d03bde7e2356f48f50b6a1ec6a8b8070e,0xb1f66997a5760428d3a87d68b90bfe0ae64121cc,WTOMO,18,1529213155470602967,0xcea28f4b71f15d770bec736e778e62fc5ccf9fc6,DMB,18,13175276836538601870536944234,48367264
1152,0x26e49015f6e2ed05ee69948ae733a82634534bbf,0x15baf50aec428ce0be510032b43e1c777213d030,FMI,18,75856504556360199,0xb1f66997a5760428d3a87d68b90bfe0ae64121cc,WTOMO,18,2475194279850881,48397470
1153,0x318632a98f9afc1b0f262368d65e7bd24ea60dc1,0x765ea53345ac5eca7ae59284f9c08c7845f2b3f2,USK,18,240229285601533061205293919,0xb1f66997a5760428d3a87d68b90bfe0ae64121cc,WTOMO,18,52147864664365104523,48413691
1154,0xd85ee7140c35092b68ec0e3f4d9b6e278746b75f,0x327d73aac6808ecf554d6ae00ccd10be737c8277,TRUMP,18,55665953979565708880986,0xb1f66997a5760428d3a87d68b90bfe0ae64121cc,WTOMO,18,498151674919648846,48466612
1155,0x89b3df83148296dfddab7bd8f99a379ddcd908a9,0x2f765e8dd4774e57f7f08084da367c63c1bf8a82,TM,18,1826000000000000000000,0xb1f66997a5760428d3a87d68b90bfe0ae64121cc,WTOMO,18,45499426450367507,48491998
1156,0x1637f1c66c3a308a71b4276556c00cb146266aa5,0xb1f66997a5760428d3a87d68b90bfe0ae64121cc,WTOMO,18,672343108947957831,0xb23f7380888f5866c1e17a20c7746269270160d7,SHIBA,18,22202364658423041282362647,48503137
1157,0x6ee1596b66c647d2d2296169356438f451804959,0x98a071f4c71ed47b8d079e3f7010fc88180d0f3a,MGOLD,18,19265469309107097814346702,0xb1f66997a5760428d3a87d68b90bfe0ae64121cc,WTOMO,18,55418394350278081,48503247
1158,0xff55636d0fda030af2f116905e6e41ab2a1270a8,0xb1f66997a5760428d3a87d68b90bfe0ae64121cc,WTOMO,18,47000000000000005,0xdfa92bf90d57ddf879332ba1bea6254976a40339,SUIE,18,2820000000000000244575,48505850
1159,0x925821237c6e4c4777a1ae227ce72f171db3e36b,0xb1f66997a5760428d3a87d68b90bfe0ae64121cc,WTOMO,18,39124752595418594,0xb7634bcd6cdc93c4330d7e4c1f2b515dbcd046c1,ESPX,18,1061405490128522470047336,48520600
1160,0x8acaaf7ca2b5b2cc089fa74d22cf790dd7a1520d,0x622d146d4524b56884ead1c4348a8ec194bd7851,SEE,8,459600348242620,0xb1f66997a5760428d3a87d68b90bfe0ae64121cc,WTOMO,18,8085356380242687,48535684
1161,0x25cea335189e210ccfe59293d62675c4440b0406,0x622d146d4524b56884ead1c4348a8ec194bd7851,SEE,8,0,0x7262fa193e9590b2e075c3c16170f3f2f32f5c74,LUA,18,0,48536033
1162,0xc1775313c0ff81ff2a520213972bcfdd5dfc2e95,0x4c3d2fd603021f5cf23095597fceb4cceff992d2,MSI,18,500000000000000000000,0x765ea53345ac5eca7ae59284f9c08c7845f2b3f2,USK,18,1000000000000000000000,48540610
1163,0x3965888016b66da2d0e10865b0e4896f9b157f9d,0xb1f66997a5760428d3a87d68b90bfe0ae64121cc,WTOMO,18,118575143902122293,0xbb2f798f3cc295bf9e587c74e4975baf5c9c19bf,TTRX,18,30741317140743501718,48550985
1164,0x51b04dddee0db3eddc4e82e5e177dc2664807480,0xb1f66997a5760428d3a87d68b90bfe0ae64121cc,WTOMO,18,1854101086016163373,0xca9e6da33b8bdfb38cc910803baf1caf868c3b60,MCDAO,18,1239615076732033894044537024,48564506
1165,0x134ec7390240d71bfa9caedb16423c9087fc165a,0xb1f66997a5760428d3a87d68b90bfe0ae64121cc,WTOMO,18,41425802464313525774,0xdc9326625cb793590499b28011db3189ed3d58c2,AMIX,18,5444875803251365313117322,48582021
1166,0x67915c081a17893feee0dbf36bc01ea7cd157d82,0x2cce56dcf3994628e7e36d115ffd36851ab9e92b,SPD,18,0,0xb1f66997a5760428d3a87d68b90bfe0ae64121cc,WTOMO,18,0,48607541
1167,0x9348bd95bb5292b6bc2c5d50440a830bc7729f28,0x2cce56dcf3994628e7e36d115ffd36851ab9e92b,SPD,18,0,0x381b31409e4d220919b2cff012ed94d70135a59e,USDT,6,0,48607593
1168,0x3b9517d3abb241591771b87d6d2f6d51a5d68d92,0x81eba4075d7effb8247fa15e8a5cad47a27050f5,ALBA,18,167224080267558529,0xb1f66997a5760428d3a87d68b90bfe0ae64121cc,WTOMO,18,60000000000000000,48623223
1169,0xc0de6fc707fd1b4999e2b9db3bda48b4314edeed,0xb1f66997a5760428d3a87d68b90bfe0ae64121cc,WTOMO,18,0,0xcae4dd4593f6ba9b18a2ae6cd597330e18e3d0c5,MVD,18,0,48635163
1170,0xa0337b26f266ad1375326521022c9fd2ef67acc2,0xb1f66997a5760428d3a87d68b90bfe0ae64121cc,WTOMO,18,13552288151179030,0xeaaf6752ae4d55b4ed9635c475f5a9cd1ee53adb,EVL,18,463002219533102568341015,48635748
1171,0x96bf17da979ad398dc1bacc379e7f378bdaf85e7,0x5bf0f300ae137797cbca29f5484fd2c5e9b986a1,ML,18,0,0xb1f66997a5760428d3a87d68b90bfe0ae64121cc,WTOMO,18,0,48653987
1172,0x43ba6ccf0d7cb6d52d6b0ca5b3807eef2d52c296,0x9922c3ea6a422ea005d0ace97403f5422e497751,MCPAY,18,7559212084115066655433756,0xb1f66997a5760428d3a87d68b90bfe0ae64121cc,WTOMO,18,49709402372814423785,48656760
1173,0x1a11970e2aa2aa57e54e8fa8d1c23a29cf37614e,0xb1f66997a5760428d3a87d68b90bfe0ae64121cc,WTOMO,18,0,0xf882dd1f64af80f867ec6eb91d7a28cccda959d3,WOWEE,18,0,48662340
1174,0xabe65e9ce3d7201b1ab9e5f95a709b3a39bd6903,0x70e67e3c74f5f4d27a11fee319e1ca1f3633c96d,POG,18,1059007102326801842,0xb1f66997a5760428d3a87d68b90bfe0ae64121cc,WTOMO,18,171508185372452089,48662579
1175,0x6d7d8256d7b846c9977574dd94afb05b7b634373,0x4adcf95a1e761d336cedb327bbadd882e64720be,AWF,18,0,0xb1f66997a5760428d3a87d68b90bfe0ae64121cc,WTOMO,18,0,48663372
1176,0x73361a04adadbd02217f464406b3fe8fbff74428,0x622d146d4524b56884ead1c4348a8ec194bd7851,SEE,8,0,0xc3580c4416b39de609ee6961e4e6f0b1214c23c6,EFM,18,0,48703741
1177,0x0b98a9305b2bf4e8e2a3ded003f9ad10f0e8145d,0xb1f66997a5760428d3a87d68b90bfe0ae64121cc,WTOMO,18,39007298574151706233,0xed96ce0156d20ced430638facc8482468fed69d0,ULD,18,256968475995738781479411752,48735943
1178,0xe745e08549ad394fabc3db163012033b8bafcf13,0xb1f66997a5760428d3a87d68b90bfe0ae64121cc,WTOMO,18,30361925236333655,0xc13cba998f9dbddc90ca6ee0d064eca344094e81,MDO,18,17794070069796047807207297141,48740116
1179,0xe0fdd13f7c72063785161e36d8928ef06f893163,0xa281b44f5897268789a85a5456e94d7c130bd9e0,MTBD,18,498475289229132627618,0xb1f66997a5760428d3a87d68b90bfe0ae64121cc,WTOMO,18,16187453563118161,48789276
1180,0xd16c8f5dc068203c0165bf056546c3854f3afbf1,0xa4ebd38c6e559c272f82ab8888298a55605dcbfd,MBF,18,487246194294582915845878267,0xb1f66997a5760428d3a87d68b90bfe0ae64121cc,WTOMO,18,43734422288319837387,48838196
1181,0x837909178c9464fddf69b23484858c35fa6b4e89,0x7b4d6f06bca5415a4a8ae7b7eb52b9455cf353b7,Sol,18,101109002970390422176478,0xb1f66997a5760428d3a87d68b90bfe0ae64121cc,WTOMO,18,4222597185,48849844
1182,0x35a10f6b5432a0a17d00da49b3da9cc09d8f1218,0xb1f66997a5760428d3a87d68b90bfe0ae64121cc,WTOMO,18,3664388649127642,0xe3b0eb98b719aaa788158b5cdf76836046712683,CYB,18,131723231208860046091068,48894639
1183,0x48a445243a4ec92ba0933820ab5f439c5b45df6a,0xb1f66997a5760428d3a87d68b90bfe0ae64121cc,WTOMO,18,356784725455111,0xe7b45abe668870935f736093978d5e78fb8461a3,BCF,18,117102121239868397134601,48902015
1184,0x9b15cd2fc96846f5fba66a9f7204305c08e58652,0x04c357ddc493bee6b0a84d1bfa481bd5d477ad70,MBV,18,5655705484212816,0xb1f66997a5760428d3a87d68b90bfe0ae64121cc,WTOMO,18,813142414670570,48902184
1185,0xe1b36a557e6ac6457b0531a122d81ed43634186d,0xae85e4ba0106eb5629ee562077fd59ff7a7de438,MUT,18,3188507901762262102962313,0xb1f66997a5760428d3a87d68b90bfe0ae64121cc,WTOMO,18,62790485645271455,48902405
1186,0x9ac6ed1becb8db04ec7fa3d5f73302926f996e9c,0x11596cb41dc8851c1ccae077e040b75b2700769b,MDE,18,48119348583439531198,0xb1f66997a5760428d3a87d68b90bfe0ae64121cc,WTOMO,18,56197088063694807,48902609
1187,0x31159fd04abdcc00b9331e417d52a984bc9243c0,0x424d08a4b71e59ede02d91fdd8f76c509b25543c,CGT,18,22593593839296733103,0xb1f66997a5760428d3a87d68b90bfe0ae64121cc,WTOMO,18,15876428412407354,48902912
1188,0xfb8556f2e1d14e65782c41e9d857e30484074660,0x7d244e26f479ae7b9fb35d7d039e011bba0f1f2b,FC,18,150000000000000000000000,0xb7634bcd6cdc93c4330d7e4c1f2b515dbcd046c1,ESPX,18,47700000000000000000000000,48903233
1189,0x573b91529f47ed27694fc009852881f422ae14b4,0x40bfe87ec434d28bedf9eb5c3b4ba4e96d966a22,CFU,18,681215852772282466029,0xb1f66997a5760428d3a87d68b90bfe0ae64121cc,WTOMO,18,103042936349817338,48903457
1190,0x3a830d816d4a8c6a9938537aa23566c8f8b969c4,0xb1f66997a5760428d3a87d68b90bfe0ae64121cc,WTOMO,18,25828372041939603,0xd12debfc1adc7e9d565e5602411bce32023b0bbb,MMR,18,13464328159443,48904063
1191,0xcf931a1eae71d3d751cf7807148256fb24c33438,0x9b39c8c981c83f55e58776947450115f43dbb37c,DGH,18,1923379927671963770,0xb1f66997a5760428d3a87d68b90bfe0ae64121cc,WTOMO,18,9866597903935698,48906984
1192,0xcebf3e88dfb34be63a04f52bb45d54da801f6301,0x51fabb1589e8b154f785f8115dac4709cca00f9f,SHIBG,18,1000086326481478204,0xb1f66997a5760428d3a87d68b90bfe0ae64121cc,WTOMO,18,145998487768,48910264
1193,0xccf10965d34424f99fc639e18098ff3fe3b5d258,0x0b43e655e11f383f3eb72012174580f360ec8ede,MTT,18,487519768749039284723966447,0xb1f66997a5760428d3a87d68b90bfe0ae64121cc,WTOMO,18,51396690787758058239,48925519
1194,0xe6f38a0e20d2e5c5239ac4b180e15369ec909a1f,0x20a0d937747e81e743e967217389ab1b4b43348c,yas,8,292130858758,0xb1f66997a5760428d3a87d68b90bfe0ae64121cc,WTOMO,18,9714903589996,48932674
1195,0x2529a1665f809124e8b10326146bad395e58cff7,0x2d09f1104a1ed7b424c2d1cfc3e7a8a0678dde6f,TITAN,0,11939759744171,0xb1f66997a5760428d3a87d68b90bfe0ae64121cc,WTOMO,18,21099493273839274493,48940245
1196,0xb5b8f3fcd12a479140352c40ddf700e9612b8761,0x2e9dd1ed61ae08bdbfc67ea5634e343814a88e70,skng,18,160820061524263080,0xb1f66997a5760428d3a87d68b90bfe0ae64121cc,WTOMO,18,250634219136287972,48941284
1197,0x3b07085dcec79df5be31e943513cd4facf6f1528,0xa8f8484e63838ea004bb682bdab8038d6be9a049,DOCI,18,15771656365215043017612,0xb1f66997a5760428d3a87d68b90bfe0ae64121cc,WTOMO,18,150392648576549,48943419
1198,0xf1ccea4c7883a1e6a4afa45c9191bda4c495ac9d,0x2ae07eaf10fbc3b20145742998f91aa4b20fd5d4,EUK,18,10001249299042724446993,0x4a717a111ae6d7cab108901488fd5eab6089742f,BINR,18,9999254541750906472784,48952724
1199,0x7e4b9bde43a3b6dead646b6576c3b5e5a3224e23,0x7ec011921b04b130aea33c838c007cd29daa388b,MTT,18,31558234208733616,0xb1f66997a5760428d3a87d68b90bfe0ae64121cc,WTOMO,18,22888419521019713,48954589
1200,0x8fd33c473a3c6f1764f11affd50d10142fe2a28f,0x1e883d51546f3cdf847557864dd8237637096ab9,NM,9,1000021,0xb1f66997a5760428d3a87d68b90bfe0ae64121cc,WTOMO,18,2400048899,48960561
1201,0x4d6d6b8c6e0f2865220a20ed87fde5e702167774,0x4a717a111ae6d7cab108901488fd5eab6089742f,BINR,18,2129304945473200963174,0xf3ae1dbecb759ce4e13aee2390f86bdda9076bdd,BFT,18,191567453038781165748,48971793
1202,0x0153330fe1b2b4f3abf7e51b75385db78057bae7,0x106a06eb72dcb9eadeee6796a5321d80117c09a5,UST,18,169693775179337918046,0xb1f66997a5760428d3a87d68b90bfe0ae64121cc,WTOMO,18,346114517042144458,48985759
1203,0xe0c533139f6ae87870f02762817aedbac0f9f0b4,0x106a06eb72dcb9eadeee6796a5321d80117c09a5,UST,18,215142368026382,0x5080781e91237b6d7f026d5306b7233e26cd6c16,MLR,18,70001078359099571792,48986288
1204,0xfff101c2f65ef23dce1bad9e7fc6ffd84090769a,0xb1f66997a5760428d3a87d68b90bfe0ae64121cc,WTOMO,18,0,0xb62a88335f40fc35dafbb69d9b28edd82f7d3a94,CMCT,18,0,48994203
1205,0x7c461d176324e72377602d8ee0737ee937b8ecc7,0xb1f66997a5760428d3a87d68b90bfe0ae64121cc,WTOMO,18,50671146293183651,0xf8eae3f3034048167a41c996e77712ae7057370c,TMC,1,890,49048913
1206,0xb5888c997528b17a8e3d390f998f2c232420ef40,0x7e53d33ad4484ef650813f77753578816a439e0d,MTF,18,1091087573192185492,0xb1f66997a5760428d3a87d68b90bfe0ae64121cc,WTOMO,18,551635975993203902,49062844
1207,0xa0fc06eac2415f62b6272c9f064f87e9af87897c,0x381b31409e4d220919b2cff012ed94d70135a59e,USDT,6,7628880,0xd7b0224dca529721b5b871564f9c27a174ec7dab,MFC,18,161637119993592946734,49108776
1208,0xeb487ce3798c51c8ebc13128f2b23c2158653a09,0xb1f66997a5760428d3a87d68b90bfe0ae64121cc,WTOMO,18,193325361829444876,0xd7b0224dca529721b5b871564f9c27a174ec7dab,MFC,18,21504125576216642312,49108940
1209,0x46495bea34f0e8312eb81d9d4f49456e749203b9,0x7262fa193e9590b2e075c3c16170f3f2f32f5c74,LUA,18,0,0xd7b0224dca529721b5b871564f9c27a174ec7dab,MFC,18,0,49108972
1210,0x95f14d5a554379f2729ac628e1b42c3363e246d2,0x2eaa73bd0db20c64f53febea7b5f5e5bccc7fb8b,ETH,18,0,0xd7b0224dca529721b5b871564f9c27a174ec7dab,MFC,18,0,49109340
1211,0xf0cf9e24728c3935cdbad1a1314ac67c9584971a,0xcca4e6302510d555b654b3eab9c0fcb223bcfdf0,USDC,6,0,0xd7b0224dca529721b5b871564f9c27a174ec7dab,MFC,18,0,49109376
1212,0xc506ac3f31f24ab9cf2abcc482f43ff0096a0c55,0x503b2ddc059b81788fd1239561596614b27faade,WBTC,8,0,0xd7b0224dca529721b5b871564f9c27a174ec7dab,MFC,18,0,49109401
1213,0x68d3b1ecaeccc2260b9dd2450229d1aaab0e9ac7,0xb1f66997a5760428d3a87d68b90bfe0ae64121cc,WTOMO,18,9800613845725982,0xd99d2aff86f6771ba81f03c461b4a1a824ef972c,msm,18,823833334272305748612,49114352
1214,0x945653cd6ee4fd72a5c75c313ace71badd2e5693,0x732c3ea8c46a4fb0f05e364c81da587735578c8d,HTRX,18,0,0xb1f66997a5760428d3a87d68b90bfe0ae64121cc,WTOMO,18,0,49135782
1215,0x22745fc114161bb5fe2a5cee657a891dc8a711dd,0x7262fa193e9590b2e075c3c16170f3f2f32f5c74,LUA,18,232336202182876420,0xbca2eb33380afcea6ccd6cd0976e15749b8facdc,PAL,18,1490782273503893321451785,49179240
1216,0x6747e7ed0fdf68e69c05fe3449f18d74fed41437,0x381b31409e4d220919b2cff012ed94d70135a59e,USDT,6,0,0xbca2eb33380afcea6ccd6cd0976e15749b8facdc,PAL,18,0,49179407
1217,0xc464a74736c8229d604ff4eeac14d37279ab4d36,0x4fae49cefae883e7bad33129e05b7e2607012e2d,GRIM,11,946046097598,0x7f51cb93bae44975c4ff2a6be9997235d48c7381,INNA,6,53751557,49211644
1218,0x89518c21964187f542d7701a95c63a57dc90d91e,0x97f2792d6a0eb062d33f34d42c389dce3a590dee,BBT,18,0,0xb1f66997a5760428d3a87d68b90bfe0ae64121cc,WTOMO,18,0,49233992
1219,0xbcc4d775730a2659ad03dac7c515f823ff8a230b,0xb1f66997a5760428d3a87d68b90bfe0ae64121cc,WTOMO,18,68616506442779,0xc26295787a3b1ca33157811d65d1ed42390ee24d,MPT,18,1567262139022730909059,49272654
1220,0x15027f23ac3c98ac92973ff3c0ea8838142404bb,0x49075b7d3131a1a28132d34e3839a96eab7cde45,RAPTR,18,977251369440704682443567586,0xb1f66997a5760428d3a87d68b90bfe0ae64121cc,WTOMO,18,102393302817419434582,49278052
1221,0x3e4c3f0d1c61aaa46baa26492d908a575a0d1cb6,0x20a0d937747e81e743e967217389ab1b4b43348c,yas,8,1000000001,0x5080781e91237b6d7f026d5306b7233e26cd6c16,MLR,18,99000000009937945,49283108
1222,0xb786b85046729f64886f4048bc9fed5caec48843,0x99846bca0e09a360bff33bf5253e97b8571db263,MWC,18,290391516661465952501,0xb1f66997a5760428d3a87d68b90bfe0ae64121cc,WTOMO,18,88454186534484,49288974
1223,0xa0e45225c528e6d5e2c19aad64451b3f146c0431,0x7c8eec3cb1edda90f76c41893e311a849a08716f,MFT,18,50301405,0xb1f66997a5760428d3a87d68b90bfe0ae64121cc,WTOMO,18,2000000100000001,49312742
1224,0x37a8f653782dc4d253afb4f5da39a61241c5f7de,0x22f5db89d9096a677f47ab6a38ff24135de76c77,LOVE,18,48648584698575113556612,0xc01643ac912b6a8ffc50cf8c1390934a6142bc91,SRM,6,2635444,49320959
1225,0xee39563ae75e5f4d33a7b9c5d1f5c1123e589b87,0x51e148c8b3a8ce9b77afa56b4812e7eafba8ba35,SLA,18,0,0xb1f66997a5760428d3a87d68b90bfe0ae64121cc,WTOMO,18,0,49327231
1226,0x53387f8f6d8a71ab030998b2d4276bbcf815331a,0x6c9275f45118621c639d9d278df1235e44acb88a,INNA,6,1410675,0xb1f66997a5760428d3a87d68b90bfe0ae64121cc,WTOMO,18,643060599978087617,49367640
1227,0x5b473dd84b214fe2de158bbeca9db50724933977,0x2eaa73bd0db20c64f53febea7b5f5e5bccc7fb8b,ETH,18,19462058483,0x74c78fd356e4f0e753f76b8813c243312c31080e,MATIC,18,4768878009481899848,49386587
1228,0x812ae18a9aec61fc46dc4957702e207dd66ddb4c,0x47638ab54fc1e368fe577ebb3f4dbd9409b66b18,SOL,18,0,0xf2ede6f07722c48a17204d441287b2aa1286862f,SOL,18,0,49387050
1229,0x2617420aea0940ee1f241cf6f63366f93538c265,0x0b12082ed2f6fa32b6971f04da7da3d50817e685,SUSD,6,1,0xdc8a7c567a643b17b8692150653e88375a6bea1a,TUSD,18,50141000963714232,49387285
1230,0xf68e41e7dd23dd883f9e852c87a3ebe47bf007e9,0x0b12082ed2f6fa32b6971f04da7da3d50817e685,SUSD,6,0,0xae44807d8a9ce4b30146437474ed6faaafa1b809,BTC,8,0,49387471
1231,0xd69bd52ceb603c3bc9d33e3cac692cede5bb0a90,0x02d0a0cbcd6d638f107d6dc611f59c84497bc6d4,MDZC,18,107373324865918164444,0xfe54965ce652e3b579c9309858612983bab27212,MDC,18,95054483461249986635,49424217
1232,0x45dda898dc6643dffbf2b939505b914db7bd08e4,0xa87edd8550136ac4aad4eefdd5f3b88da4dbee50,LT,18,0,0xb1f66997a5760428d3a87d68b90bfe0ae64121cc,WTOMO,18,0,49457379
1233,0x2fc0109597d3b37700942887c0bbbf20a8c6beb1,0x381b31409e4d220919b2cff012ed94d70135a59e,USDT,6,2282,0xbc2e0e45be7a5bf6db2775433b12b7cf253baa0d,Doob,18,11594972700624696312,49469303
1234,0xcd1c1256984755dde727030284f674daadcbfe8d,0xb1f66997a5760428d3a87d68b90bfe0ae64121cc,WTOMO,18,123924165634780,0xbc2e0e45be7a5bf6db2775433b12b7cf253baa0d,Doob,18,405027299376716143,49469405
1235,0x0f5cee989acfb3ecc6d470145924ed2dc5ea77aa,0xa366c7a324b111d197f3e04456f8210fec406eb3,LEGO,18,2993417749735120086860569,0xb1f66997a5760428d3a87d68b90bfe0ae64121cc,WTOMO,18,54820795854478522,49470351
1236,0x2e245447b8d9665e4dfcd511a3e2ec595d5b1a47,0x280194693fd960b3f6213ae6d644859bd2f7dd52,MUSD,18,772160272893024139969,0xb1f66997a5760428d3a87d68b90bfe0ae64121cc,WTOMO,18,144856294937893666,49478396
1237,0x86d30a38372a09cc7a8b871ece6d1887f248b9f9,0x02d0a0cbcd6d638f107d6dc611f59c84497bc6d4,MDZC,18,45337237683919544614465,0xb1f66997a5760428d3a87d68b90bfe0ae64121cc,WTOMO,18,39544638307582428,49498323
1238,0x1739b2337c08f913b79569ae2320dfcd544eefdd,0x725efc74b7e4d2e6b8c5d38ad8a2a8bc05042d02,INT,18,1,0xb1f66997a5760428d3a87d68b90bfe0ae64121cc,WTOMO,18,10000000000000000,49503605
1239,0x1a99c7abb84e1ccd4db83ced2d8a828bdd5a488b,0x02d0a0cbcd6d638f107d6dc611f59c84497bc6d4,MDZC,18,770916386659997134153,0xc4a64c45da553e4bc95de9b2370b5e01f781057a,MEWAR,18,140149316011708799946142211,49504501
1240,0xb947a47684663cf992d1d84dde2f58374b34ba43,0x2f765e8dd4774e57f7f08084da367c63c1bf8a82,TM,18,0,0x8103bb77ed2035b5da9a3a65d9c313cb6ee41dbd,TAB,18,0,49507241
1241,0x965720ab954f05dbb7743f5fb20785fbefb3a725,0x8103bb77ed2035b5da9a3a65d9c313cb6ee41dbd,TAB,18,5819351197965201227,0xbc2e0e45be7a5bf6db2775433b12b7cf253baa0d,Doob,18,387349999999999999944,49507329
1242,0x468a8298a3cd57b03ff7535fe6fb4dc5857a2996,0x498f68a94e8c8ec0dbd4c029a236c2e385354f3c,PIXEL,18,12000000000000000000000,0xb1f66997a5760428d3a87d68b90bfe0ae64121cc,WTOMO,18,1667828890702140,49538757
1243,0x67b090ab67d09e7bfb75c493e471636507a1df43,0x24b8ae7aec332e5aea49d94b26e7033dcdc495c9,Pixel,18,1218712761381486283,0xb1f66997a5760428d3a87d68b90bfe0ae64121cc,WTOMO,18,14717621357332,49549846
1244,0x7031f7bd50053d2e42bceb263ca5505cdcad79e1,0xb1f66997a5760428d3a87d68b90bfe0ae64121cc,WTOMO,18,920000000003143442,0xe4e23cc66c47dd8f9f1cb1d5cfb1566ca9073078,INNA,6,4815881439,49562847
1245,0xbaa55310109f83c54e128de3476865ef1001efb3,0xb1f66997a5760428d3a87d68b90bfe0ae64121cc,WTOMO,18,1802730399511952381,0xc09fc577c3e15b018622ad7e21b12c9b57617fcd,ROCK,18,252500000000000000000000,49600977
1246,0xf2dc0f0770314b075dd36a446361257d25658284,0x36b1e2584fe5a21505fe0c156311b4b20fcc8c95,BZR,8,2437000000,0xb1f66997a5760428d3a87d68b90bfe0ae64121cc,WTOMO,18,328524420189045,49601319
1247,0x9f79b4743b9a7e8fd862878007100eb421d5b407,0x36b1e2584fe5a21505fe0c156311b4b20fcc8c95,BZR,8,25840671188472,0xbca2eb33380afcea6ccd6cd0976e15749b8facdc,PAL,18,1756370452165792397119216,49601544
1248,0x5d799d04441674ca6203de307a5af24c94a169fe,0x8103bb77ed2035b5da9a3a65d9c313cb6ee41dbd,TAB,18,500000000000000000,0xa72b24c7c9a4aa28ea9cdacc61ff4e476249dbb8,PRI,18,42,49613846
1249,0xf12f4955cc5a9bf50ef2a08d949638beacd6a141,0x8737b5d686df3e11da0ab126a470c86f822cac7e,PIKA,18,37735600000000000867577,0xb1f66997a5760428d3a87d68b90bfe0ae64121cc,WTOMO,18,50000000000000002,49659442
1250,0x3ca94ed07a1ddd122f63e1503e59f72f2702d3c4,0xb1f66997a5760428d3a87d68b90bfe0ae64121cc,WTOMO,18,234042417175609208,0xde74a2df5bd036777a8a841b7312ea0be6e54a41,PIKA,18,8164865465279704371312,49659998
1251,0x18c133372aea4e3ba4434e51094cb633eeae0014,0x36b1e2584fe5a21505fe0c156311b4b20fcc8c95,BZR,8,0,0x7262fa193e9590b2e075c3c16170f3f2f32f5c74,LUA,18,0,49665317
1252,0x38c068a41cc802b1f8c423d7c323af81a9d823f7,0x0afd22ba1733248c757eff0e074c23c4496e2ebc,W5C,18,2387409430545445,0xb1f66997a5760428d3a87d68b90bfe0ae64121cc,WTOMO,18,11434264380583,49676685
1253,0x63ea24e20357e032aa33f6877cbfd0a4d89e519b,0x02d0a0cbcd6d638f107d6dc611f59c84497bc6d4,MDZC,18,10820902502928403141048373,0x0afd22ba1733248c757eff0e074c23c4496e2ebc,W5C,18,11581443227780991,49680699
1254,0x0f4519eb49e9ec1a61c7611a99045459a7810cfd,0x86d30a38372a09cc7a8b871ece6d1887f248b9f9,LUA-V1,18,1125569645243,0xb1f66997a5760428d3a87d68b90bfe0ae64121cc,WTOMO,18,930569260780,49686736
1255,0x65962aa1d1a260aeb63b1f1c59848e7616adaea0,0xb1f66997a5760428d3a87d68b90bfe0ae64121cc,WTOMO,18,761212696240947408,0xcb2d7a4f7ac98ba9b2dfe02a88bed1aef60f7cdc,TC,18,188969506853304683196823250,49690760
1256,0xba97c46eda4ad8ca0d887ce4cabacd2f9850566a,0xa2218a11293b84fd69c717b86a87e7fdc3a1458d,RSA,18,10000000000000000000,0xb1f66997a5760428d3a87d68b90bfe0ae64121cc,WTOMO,18,1080271861869720,49705450
1257,0xae34b14d81f64c51320315d37cd944e5a2634632,0x3c4766662ab41940dca3b994366ce4faed8a4551,BSC,18,100000000000000000000,0xb1f66997a5760428d3a87d68b90bfe0ae64121cc,WTOMO,18,10000000000000000,49792020
1258,0x6b52ab9700cb2f7436890e2f5c761c567a5674d5,0x023883002a6f4eed8919ad1cebcc0ffe5412b855,BTFLY,18,0,0x381b31409e4d220919b2cff012ed94d70135a59e,USDT,6,0,49795057
1259,0xac7b0a0327735974e4201bbf47ef00267d0ded73,0x4eaafa85bdbe9b02930926c594f83e62b036b1be,tDAO,18,41048592548559454,0x8a67ffbd88f0337a44eb4fa253d455f526d5cbc5,TSN,18,882393984994063173,49815589
1260,0x168db1feb777c13fd6e37569a5190a354fd7b4da,0x4eaafa85bdbe9b02930926c594f83e62b036b1be,tDAO,18,476632848696472432,0x6b51212617373b14982f05c890968393cd10c42e,Nexi,1,134,49820649
1261,0x626d323955698d0a22df868a9db9f0ed6659762a,0x6b51212617373b14982f05c890968393cd10c42e,Nexi,1,323,0xb1f66997a5760428d3a87d68b90bfe0ae64121cc,WTOMO,18,5881365595999848,49820888
1262,0xb0f00579738255fcd5f8c9229777c5445a822099,0x33f23b247da35bd393d999af1c9909ed6e805680,MTD,18,186355199116876593229536,0xb1f66997a5760428d3a87d68b90bfe0ae64121cc,WTOMO,18,233960892145686378,49830363
1263,0xe40178668f92cdc781ad9d9ad39d1a758fca76f1,0xad30d0b4b1db577c2089ff84d1424e5c153ba1d4,ETH,18,1484575192000000000000,0xc6bf0c5e9fecce67e22b5e7c1a042f4d4684b40b,BTC,18,98933580820824657361,49875358
1264,0xf355c2751f087566b8fef069b33a7593465e33ff,0x2a03ee61b4390f62ff12f09f1b94997e2819d81b,DMD,18,36696782065958453258972,0xb1f66997a5760428d3a87d68b90bfe0ae64121cc,WTOMO,18,251413364541639739,49893095
1265,0x8e0d8a0f5119fb88a03db928d5f3f281f6993688,0x062946a831a33c6241496aa6695c2061a741ac02,FUT,18,1000525608312105739,0xb1f66997a5760428d3a87d68b90bfe0ae64121cc,WTOMO,18,39070345760424998,49975697
1266,0x9de14f369eb709e9ff7a42b96c958cd71e77b288,0x381b31409e4d220919b2cff012ed94d70135a59e,USDT,6,3,0x99846bca0e09a360bff33bf5253e97b8571db263,MWC,18,1000022326043083,49980956
1267,0x09cbf4a7a9b1c6128a3117ccfe930be4226ff035,0x6cf4a31362f407419fa27daa911ec1fe5952a28a,SWC,18,457943989557615720,0xb1f66997a5760428d3a87d68b90bfe0ae64121cc,WTOMO,18,142387602906928,49982938
1268,0x60275fccdf59175e3fcb813beed1ed1d166ae412,0x381b31409e4d220919b2cff012ed94d70135a59e,USDT,6,5,0x6cf4a31362f407419fa27daa911ec1fe5952a28a,SWC,18,2646931273440062,50008957
1269,0xa88c9ac251d5bf791efb8a2ebd8a7dbbe3595aad,0x026653cec55c9fe0c8c4e05bac482b9afb26a0d3,SHK,9,16946216346515,0xb1f66997a5760428d3a87d68b90bfe0ae64121cc,WTOMO,18,864643708498679231,50014230
1270,0x55b7f29623e2789539b68e5a74eaa62ba48a633c,0xb1f66997a5760428d3a87d68b90bfe0ae64121cc,WTOMO,18,314151131226551,0xb4c0fc32116cead0232d64005ac95f74b9f7d5a7,MRT,18,148242074510814969902,50082475
1271,0xf4e04296ed859d2603f46d5c19d761a5b9f45dbd,0x571f26b2b572dc4b9ec98f6ff7d410d12dbd0956,ER,18,42170040479560871176217,0xb1f66997a5760428d3a87d68b90bfe0ae64121cc,WTOMO,18,32347860243967039,50096044
1272,0x4687f97d766e4eac9072f064eac112a6d2819478,0x16f75ed979eb44108588e748961b843b1d965456,MSD,18,0,0xae44807d8a9ce4b30146437474ed6faaafa1b809,BTC,8,0,50268971
1273,0xd3b0b4f55fa674ff26b3e26afa3061c80532701d,0x71962577ce84d006a24a018e965e780f490ad98a,SMV,18,160575038603136475044,0xb1f66997a5760428d3a87d68b90bfe0ae64121cc,WTOMO,18,1569299847467,50269033
1274,0x79a5c0570fc588893a9e7074a50a9056d0070f3b,0x0a06a452864d1f25e93ed37c81c1f8fc5ba0bce1,CBG,18,0,0xae44807d8a9ce4b30146437474ed6faaafa1b809,BTC,8,0,50289864
1275,0x9a4b4d4dfba4eb2e028f50f81c8aaddf4e49f441,0xae44807d8a9ce4b30146437474ed6faaafa1b809,BTC,8,0,0xf2ede6f07722c48a17204d441287b2aa1286862f,SOL,18,0,50290044
1276,0xc519cce74de2084413f0d53c93bc28e1f0dc28b6,0x92a0639a73d7e3b61fdbb9ec83c77586a2ef80bb,FEX,0,100,0xb1f66997a5760428d3a87d68b90bfe0ae64121cc,WTOMO,18,100000000000000000,50377857
1277,0x6d927576670e90d0d3772e37314c70b7a692c528,0x6113ce07207d5f3a280261e2c0216c537039f642,USDT,9,0,0xb1f66997a5760428d3a87d68b90bfe0ae64121cc,WTOMO,18,0,50386571
1278,0x34710bfefe9c1dde60d6fcecc597edfeca7b336b,0x2481a4cf76660a88541039bad1a53d7bfde713d0,USDT,3,250000,0xb1f66997a5760428d3a87d68b90bfe0ae64121cc,WTOMO,18,500000000000000000,50391920
1279,0x121c6cb261a60e5ce055102788448bf8ea796f33,0xb1f66997a5760428d3a87d68b90bfe0ae64121cc,WTOMO,18,501003514056727913,0xe2797cc4d072554c0f19a90bd71feb1382b27c3e,USDT,6,10000000000000000,50396881
1280,0x93a79dc8a2aafbee1ec87a77e2c76d5c2a79a99b,0xb1f66997a5760428d3a87d68b90bfe0ae64121cc,WTOMO,18,500000000000000000,0xe5b43d0f046afb6ad57e85c28f3951f6d8ce2a16,USDT,2,500000000,50399621
1281,0x992884da31fbcee17c077a99ca43e83028fba7c4,0x784ac8de9f5fbcd0ffe63ca98a70eca5fc11f0fe,LUA-V1,18,51308623629369097171,0xb1f66997a5760428d3a87d68b90bfe0ae64121cc,WTOMO,18,849104694187541,50552369
1282,0x96422b5edf1d2783cbd636dffdeadee17e76d9f1,0x2186b2e4b3084f37fb40e763c0c33010530eac99,bto,18,473305055364762351,0xb1f66997a5760428d3a87d68b90bfe0ae64121cc,WTOMO,18,5473933101966,50555819
1283,0x78ba2d38f32a83b93d28e71c93df064537997827,0x04525b1da178b9fe7b8f6357cec7c11e92136270,MFOX,18,178359360821443460323,0xb1f66997a5760428d3a87d68b90bfe0ae64121cc,WTOMO,18,58395251040126454,50858019
1284,0xa8848b509700d5a71c5594da6f576de7cb4d645d,0x68263165022cec2694dc564e573ea39fda6645d0,WPRI,18,25002000000000000000000,0xa72b24c7c9a4aa28ea9cdacc61ff4e476249dbb8,PRI,18,25002000000000000000000,50910082
1285,0x56d44e0a43d8c93d8173e3e3c095c393adbc5269,0xb1f66997a5760428d3a87d68b90bfe0ae64121cc,WTOMO,18,221278742245832675,0xbfa3b7ef6fa3c3c6143feda0d1af857e0f7de0bf,ART,18,2385125773011454039,50921887
1286,0xb73e0bb77500fde9e731e9355446ef12df105155,0x55dcdf437b06db46eb4ef1744295bd89186de5e4,BOUNT,18,0,0xe47114eeed82088d7e23ecb92d525f1a9db8b715,USDT,18,0,51184417
1287,0xe0c462c61c3df01d4dc4d9db7be0e63b1289c180,0xb1f66997a5760428d3a87d68b90bfe0ae64121cc,WTOMO,18,0,0xc0f3733d7330d51b877fa9a1b0b084e16b785b46,KIVI,5,0,51190263
1288,0x878682506078e175f7e9e58ea4cdef376d7fa120,0x381b31409e4d220919b2cff012ed94d70135a59e,USDT,6,0,0xe2b4c32c20c5ae7b9eb4d7d143d4bf6d283e8501,MTC,18,0,51224166
1289,0xa272c75ec8923fdd3a13d3780c80abcc41ad551b,0x73346b6a5d3e8854b01f33a6684ce3724d0cb900,Work,18,98999900000000000122443555,0xb1f66997a5760428d3a87d68b90bfe0ae64121cc,WTOMO,18,6589534714500001,51272115
1290,0x444866447539091cb164de8c73015ee6be04a279,0x9b2adca321921dd6a2da6075bbdfed94f434adb6,TGCOI,18,3109134146741,0xb1f66997a5760428d3a87d68b90bfe0ae64121cc,WTOMO,18,13014000000000050,51303155
1291,0x28a603602c9701cf985d509398168db298551014,0xb1f66997a5760428d3a87d68b90bfe0ae64121cc,WTOMO,18,3049968247326915,0xdfc2a0cde1fa2b129fe41a914916f2e47fab23e4,TWS,18,6168658885675525545595,51434105
1292,0x911a1686f268a69a3aa2abb7eed5ba440a934044,0x02d0a0cbcd6d638f107d6dc611f59c84497bc6d4,MDZC,18,0,0xcca4e6302510d555b654b3eab9c0fcb223bcfdf0,USDC,6,0,51438678
1293,0x037adfa9762fda0737a6cef13f4c7e0af2779bee,0x0d8b9748efd0c0af68ab73c9703946ab20d862b2,HY,18,176337237526254045811746,0xc81ea321576177530154a116d955db69cf51fff0,WTOMO,18,1798073890996992349798405,51543492
1294,0x7db3e93c62754c6ca66dc455037fbaff9ca9f10c,0x76fb9e6162078fdb028cbed828caa482a06843a0,MUSDT,18,0,0xb1f66997a5760428d3a87d68b90bfe0ae64121cc,WTOMO,18,0,51683916
1295,0x51d06d975757e2d7f27ca848f27d449e29d06b15,0xb1f66997a5760428d3a87d68b90bfe0ae64121cc,WTOMO,18,13782787920932,0xd82b08d9324294194be82850c254593e557602f0,Neima,18,55956079389306530101328,51730201
1296,0xddf29a44b0deb28a0c2945a06b869fcf1272aebe,0x4a717a111ae6d7cab108901488fd5eab6089742f,BINR,18,42000000000006473,0xb1f66997a5760428d3a87d68b90bfe0ae64121cc,WTOMO,18,1000000000000155,51731261
1297,0xd3d8bdea2e0f2e552db3d8dd29d9a0403e8877df,0x4212f52ad84f41dc15fe0e07866af21dd8018353,MET,8,332915043270559,0xb1f66997a5760428d3a87d68b90bfe0ae64121cc,WTOMO,18,2303434455762808737,51798544
1298,0xec8e66c18222cb4fc9a8b012ab78132d03f388f5,0x381b31409e4d220919b2cff012ed94d70135a59e,USDT,6,1082130,0x4212f52ad84f41dc15fe0e07866af21dd8018353,MET,8,28814533774062,51801725
1299,0x4d6410bdd38dcd7d4b986767243906f311a05025,0x688b83b799c3a74f3e149383312e232540fadfd7,AMN,18,1000000000004076,0xb1f66997a5760428d3a87d68b90bfe0ae64121cc,WTOMO,18,60000000000245,51821001
1300,0x2a566e2ca729d968015968e92e82ccfb1b69eb41,0xb1f66997a5760428d3a87d68b90bfe0ae64121cc,WTOMO,18,50000000000224,0xdeafc3898f529903fab58a4552e64abd9c5312e0,AZM,18,1000000000004464,51825596
1301,0xdbfebd1dc0d1c5ff548bd9c05bc6fac7741841de,0xb1f66997a5760428d3a87d68b90bfe0ae64121cc,WTOMO,18,9990918815688218,0xd6077864a9acfcf2e09519186009ec97ab956afb,pasur,18,1003000000000000000000,51892202
1302,0x2fde4cf8e81a7d63348fdac3b5914b1651bb5136,0x381b31409e4d220919b2cff012ed94d70135a59e,USDT,6,0,0xd6077864a9acfcf2e09519186009ec97ab956afb,pasur,18,0,51892708
1303,0x127fd1a99dd99a886df294eb906db489b18daf7f,0xb2c4aefa753a549df52e2d665824719bab971806,GIFZ,18,434474000000000000000000,0xcca4e6302510d555b654b3eab9c0fcb223bcfdf0,USDC,6,434474,51912232
1304,0xd5b9089b59903a76b4a787ab037d3045f1c1e2dc,0x2a82df4f95174f6ee4851f6ed7b416eedf051722,CBC,18,2153000000000000000000000,0xb1f66997a5760428d3a87d68b90bfe0ae64121cc,WTOMO,18,26881563405720292,51915712
1305,0xaa3919401b2a76736d7bb8a98b00dcc8b4ba5119,0xb1f66997a5760428d3a87d68b90bfe0ae64121cc,WTOMO,18,150000000000173,0xd02d3a990de4fc8fd195ef0e6aa873291b27cb2d,ZDoge,18,5000000000005764,52010460
1306,0xd25e33fa54e2d69d534d973ff9d68de52a42b5c2,0x3c6475f8b4200e0a6acf5aeb2b44b769a3d37216,TIIM,18,25902762977213026,0x7262fa193e9590b2e075c3c16170f3f2f32f5c74,LUA,18,904348670825366269,52139511
1307,0x4335a404af561e8f56e24730343b5124d54eafcf,0x3c6475f8b4200e0a6acf5aeb2b44b769a3d37216,TIIM,18,0,0xcca4e6302510d555b654b3eab9c0fcb223bcfdf0,USDC,6,0,52139735
1308,0x77b879b2d5c035f2fe62c4ed2ed30eb11bbdbedc,0x3c6475f8b4200e0a6acf5aeb2b44b769a3d37216,TIIM,18,148733008435517384,0x4eaafa85bdbe9b02930926c594f83e62b036b1be,tDAO,18,292763068175986650,52139860
1309,0x737df39d46ff66348430cd7f89127bd84947dc5c,0x3c6475f8b4200e0a6acf5aeb2b44b769a3d37216,TIIM,18,717482500000309125,0xa1ff8559646a79e47ecdfaca60272f3081998569,tETH,18,7307075616493,52139897
1310,0x3a0c72d0fc24eff6622f3b6f84b700426ef5341b,0x381b31409e4d220919b2cff012ed94d70135a59e,USDT,6,0,0x4a717a111ae6d7cab108901488fd5eab6089742f,BINR,18,0,52226522
1311,0x88351d5d39e7fb236552f2a46855b4edf8648cb4,0xb1f66997a5760428d3a87d68b90bfe0ae64121cc,WTOMO,18,2185492017559,0xc81ea321576177530154a116d955db69cf51fff0,WTOMO,18,1050413647459030,52315784
1312,0x63575943f8bf3a7da1dd1b6a25f4be4054b1db8b,0x361aef7f4e98c04b9acbef9f9219e61e92f17efe,TOMO,18,181200000000000000000000,0xc81ea321576177530154a116d955db69cf51fff0,WTOMO,18,181200000000000000000000,52329605
1313,0x2858620ac5430aa6efa4c06ca3fda9575e6f1cf8,0x0b42b92f3f8a4491922a613b3917f886f851317c,USDT,18,999004991028935180561,0xef5621ee964668e9bbfb0c8d4c7d3231f71f74f7,AT,18,1001000000000000000000,52387547
1314,0x7f0a14ee98d8dee149cf62272d51ad6776c46b47,0x404ca9c9a4138cea0128e169014964a2ebd32e1a,TMG,18,1000000000003010,0xb1f66997a5760428d3a87d68b90bfe0ae64121cc,WTOMO,18,110000000000332,52499703
1315,0x32ab0919eea96a00a9791f3d696dc415ef1e3f4b,0xc57a95ad7d9726b75bf4a1e541150bf1b0d49c7a,GTPS,18,399999999999943969319351089659,0xe6f87c82aafcca3a98054c1b10a48bf7c0199f14,GFI,18,400000000000056255703462769281,52560115
1316,0x7007108aa1165a7579e8df35fcf6c1df0828ca26,0x2eaa73bd0db20c64f53febea7b5f5e5bccc7fb8b,ETH,18,31284898789413,0xe6f87c82aafcca3a98054c1b10a48bf7c0199f14,GFI,18,1312649052754256,52560206
1317,0x81906827e62398ccd8a7f128119e63037d7b9ecf,0x2eaa73bd0db20c64f53febea7b5f5e5bccc7fb8b,ETH,18,64062644340581,0xc57a95ad7d9726b75bf4a1e541150bf1b0d49c7a,GTPS,18,2774930853166115,52560236
1318,0x2c47b03fd818fac081edbedb13e1df3bfa07f534,0x6d3dafeb4ab296ec25a4f6bcab0120ada9dae6ab,STEPO,18,467465951204158814705324,0xb1f66997a5760428d3a87d68b90bfe0ae64121cc,WTOMO,18,14050394303097787,52590278
1319,0x954b89f32f626be4c7420bb0eb3e4b4cf073b5d9,0xb1f66997a5760428d3a87d68b90bfe0ae64121cc,WTOMO,18,60946381285039574,0xef5621ee964668e9bbfb0c8d4c7d3231f71f74f7,AT,18,11397353194293042772359617,52649995
1320,0xb04af674913eea72ab9d4e20b3194a09ec5ef00f,0x66cd7d559226ed7652d92f348134f63cead01861,vip,18,2000000000000000000000000000,0xb1f66997a5760428d3a87d68b90bfe0ae64121cc,WTOMO,18,10000000000000000,52726183
1321,0x0c6f64a1f91dcfacf1fcf6a938f4e97460b634fb,0x351954e6f0426b9e75e29f0b0634f178a181bcd0,stst,18,10000000000000000000000000000,0xb1f66997a5760428d3a87d68b90bfe0ae64121cc,WTOMO,18,50130842479350432,52726609
1322,0x0225c2cbb11940aead6893ac1f69246c02047925,0xb1f66997a5760428d3a87d68b90bfe0ae64121cc,WTOMO,18,92564503433968714,0xf5ea54714be40f3555fead9f845fd6cde3c4de23,NILO,18,1200000000000000000000000,52727410
1323,0x06f520a381ffba8b3040263119aef41fd5445b42,0x153601239ab1672c3c6eae6bd782f2645594306d,TOHI,18,449993000000000000000000,0xb1f66997a5760428d3a87d68b90bfe0ae64121cc,WTOMO,18,159241932030535,52730387
1324,0x28227b74d7c2c73e996547b38cb7f269faa88358,0x8a577011ecbc5105c0c438c65ec3f68bd8585a1a,SHAT,18,10000000000000000000,0xb1f66997a5760428d3a87d68b90bfe0ae64121cc,WTOMO,18,1000000000000000000,52748101
1325,0xe54c6806f30ff558bf74e78a87b7acc818c4c35b,0x0b42b92f3f8a4491922a613b3917f886f851317c,USDT,18,1000000000000,0xb1f66997a5760428d3a87d68b90bfe0ae64121cc,WTOMO,18,500000000000,52897930
1326,0xe87225d36707b2d8af41b2c3f304bbf9447c7f88,0x56b6437125f7903b82c9a84993d4b57ed8b31f26,DMG,18,6000000000000000000000000,0xb1f66997a5760428d3a87d68b90bfe0ae64121cc,WTOMO,18,100,52903955
1327,0x7b12f8a142bd8fddbd97dd10eb803c08487300ce,0x381b31409e4d220919b2cff012ed94d70135a59e,USDT,6,0,0xae85e4ba0106eb5629ee562077fd59ff7a7de438,MUT,18,0,52940142
1328,0x3ab3731081e77b3f3bb76e5a7b909727ffa0655f,0x7262fa193e9590b2e075c3c16170f3f2f32f5c74,LUA,18,0,0xae85e4ba0106eb5629ee562077fd59ff7a7de438,MUT,18,0,52940192
1329,0xcd018a598304360a805c65c36d9b57f7ef55eb16,0x0b42b92f3f8a4491922a613b3917f886f851317c,USDT,18,100000000000000000000000,0x361aef7f4e98c04b9acbef9f9219e61e92f17efe,TOMO,18,100000000000000000000000,52945674
1330,0xa76131a71dabca2431271edee8d84eb614e2ae36,0x4dfbc169606ce2562f24432df65146135642397e,BEX,18,200000000000000000000,0xb1f66997a5760428d3a87d68b90bfe0ae64121cc,WTOMO,18,13000000000000000,53197348
1331,0x40596a71977ec328ddcad271b41fd5dde4dbe98a,0xb1f66997a5760428d3a87d68b90bfe0ae64121cc,WTOMO,18,10000000000000000,0xd02b7a2aa1df49a0f293c76987828f1d9c0e8d89,Bol,18,6000000000000000,53232302
1332,0x2bba74cb2aa46b2072ca90dffeba2db4d23a1a31,0xde12515271bf2a8d1830bf6f87ef4e3e72a3d67d,CHO,18,2000000000000000000000000,0xe2c02b373fe0fab6c872af35ef4c6edf97523153,JNgo,5,200000000000000,53233953
1333,0xac18d037eac3a38f8f935428a0f519a509107882,0x64771e2ef624396b754e779bb25755e747d6bc08,AGBL,18,0,0xb1f66997a5760428d3a87d68b90bfe0ae64121cc,WTOMO,18,0,53282717
1334,0x1cc6589a995e1ab2668244237d554226b9bb7592,0xa1ff8559646a79e47ecdfaca60272f3081998569,tETH,18,0,0xc4a64c45da553e4bc95de9b2370b5e01f781057a,MEWAR,18,0,53316001
1335,0xa520a9681891377cbf53b2d77724c70a2ddf177a,0x503b2ddc059b81788fd1239561596614b27faade,WBTC,8,0,0x784ac8de9f5fbcd0ffe63ca98a70eca5fc11f0fe,LUA-V1,18,0,53326081
1336,0xfcf65f4de0f78328a92f88e64492c9a433307825,0x381b31409e4d220919b2cff012ed94d70135a59e,USDT,6,0,0xc4a64c45da553e4bc95de9b2370b5e01f781057a,MEWAR,18,0,53357435
1337,0xf12f030f381e36a15f0543466eae9849e3cb3d1f,0x16ba8c26a94bbdcee44f48da7193aee0ca0ff47c,MUNI,18,407282500000000008303,0xb1f66997a5760428d3a87d68b90bfe0ae64121cc,WTOMO,18,10603709602335,53363708
1338,0xa8ec5b3e40cac7f4ff672543727e4734e68e6b08,0x5650ea7e65057b68d59fb5a62be25adf94c805bf,ECP,18,0,0xcca4e6302510d555b654b3eab9c0fcb223bcfdf0,USDC,6,0,53393435
1339,0xa9ed5c454693d53f20066875f2bdf54b7b433306,0xb1f66997a5760428d3a87d68b90bfe0ae64121cc,WTOMO,18,0,0xf270690bd4cb1f76b9e5e2bb639fe4a6c188bf22,MEUSD,18,0,53574226
1340,0xbf2b2c579f9841b3c782ccbd498fcecb5e725682,0x2e6bce13c31920b9b83c43b2a8a73c2edefb75f7,PIXEL,18,689950516064295802,0xd6393b5bdc65f94af3edcc653ab14120ff274199,xLUA,18,5616334549,53575332
1341,0x60bdd5d9bd783f4ec266ad4442fe24a397f5a9da,0xa1ff8559646a79e47ecdfaca60272f3081998569,tETH,18,66820080,0xd6393b5bdc65f94af3edcc653ab14120ff274199,xLUA,18,59820022264,53670461
1342,0xeff79d40eca867e80e80a83303744d8b2e9fff13,0x52ec3c184687c0c62e48143114b0d7b27539766b,CNS,18,1589615758064337200,0xb1f66997a5760428d3a87d68b90bfe0ae64121cc,WTOMO,18,2701400836750784,53723818
1343,0x7369edaf6ca07b06e6b2372b57425f41ee10bcf5,0xa1ff8559646a79e47ecdfaca60272f3081998569,tETH,18,51699,0xb2444519f4653831b097b388d985ab3fdd5d600e,TAI,18,32968060,53980207
1344,0xdf0fbeb27184b2887d11c39bb6deb39aabf8601a,0xb1f66997a5760428d3a87d68b90bfe0ae64121cc,WTOMO,18,781127926448059135,0xeb6741861c7541c870a70044e3b5f85aaadf3505,LNC,18,217288199712671315088,54105688
1345,0xcc0bf1b3ea2c714ca8dacfb5507f49728e8491b5,0xb1f66997a5760428d3a87d68b90bfe0ae64121cc,WTOMO,18,887825453886519722,0xe1817ccfb8f17408938b29c008daa16d9341e1a4,TCK,18,1592292189778083316724,54121782
1346,0x8832e19d85d47ee4d412aa725e059feaa8b2a16b,0x381b31409e4d220919b2cff012ed94d70135a59e,USDT,6,0,0xa0a48de24fbdf13ce029c05a1d9fb596352838e7,KIZU,18,0,54209628
1347,0x96a55a9d91dba8c649e801b1839a9e900fb4e0c1,0xd6393b5bdc65f94af3edcc653ab14120ff274199,xLUA,18,0,0xdc8a7c567a643b17b8692150653e88375a6bea1a,TUSD,18,0,54313210
1348,0x0caf32cd336d3da06a38c12c5dc9b5de0107a48f,0x0f320856fa4bc7e4030a6ab989d494c5e4d58308,MM,18,0,0x7d244e26f479ae7b9fb35d7d039e011bba0f1f2b,FC,18,0,54385541
1349,0x8e921a660217ec4fc6b9e61136ba30dd67b1fdff,0x16817134a653c4dfaed410afe65bce419bae9b8c,TCK,18,17310492155898943925023,0xb1f66997a5760428d3a87d68b90bfe0ae64121cc,WTOMO,18,187525078106076665,54434769
1350,0x0a185dc3d4dfd8e035b1d17210b9879e1e97657a,0xb1f66997a5760428d3a87d68b90bfe0ae64121cc,WTOMO,18,18896195523106248,0xb7fdde06a720a2aad598643711859abb5781e823,PUGGY,18,27688699894640052273440497,55115170
1351,0xa9d20fa5eb6d1805973a0af56861d91a5eb7c8ec,0x980d9d545279034a36fe32eae2a253a96b3a3fc9,MAT,9,298748500086539,0xb1f66997a5760428d3a87d68b90bfe0ae64121cc,WTOMO,18,10014019477508502,55259200
1352,0x8bd0c3563984c9e4fdaf83aa32c99629d6979350,0x18280fbf0d71529ff3b86998fd77dc301c0d6fe9,MVM,18,1981889816442226304807,0xb1f66997a5760428d3a87d68b90bfe0ae64121cc,WTOMO,18,25795676658536157,55289980
1353,0xa5547856e160e0816a951f85e09c8ae32adfcc39,0x16f75ed979eb44108588e748961b843b1d965456,MSD,18,97465612953375057242044,0xb1f66997a5760428d3a87d68b90bfe0ae64121cc,WTOMO,18,36364608600148,55290009
1354,0x641b7fbaa88428b4420cd0e17b9deceb07bc46e8,0xb1f66997a5760428d3a87d68b90bfe0ae64121cc,WTOMO,18,5243808456742401819,0xf896df44b0018d85d2c9f547fc1f4a137bb70cfe,MLove,18,23136524539420428234384465,55322785
1355,0xc66d4b3bc9c154910e61b195456fb205caaf3bb3,0x7262fa193e9590b2e075c3c16170f3f2f32f5c74,LUA,18,45896701333490479,0xb7fdde06a720a2aad598643711859abb5781e823,PUGGY,18,42917138864004055924969,55327993
1356,0xff7767822e6f2a331a9d9f9d2a10e79a64a15407,0x6b51212617373b14982f05c890968393cd10c42e,Nexi,1,618,0x7262fa193e9590b2e075c3c16170f3f2f32f5c74,LUA,18,14770328178908807692,55328876
1357,0x7d0ab5e4746fda1cdcae91cc5acd3920bf24275b,0x0add5ea92ceeb48d6a32bc873149531a4ccd2e99,HMOON,18,5649918286027020408,0x7262fa193e9590b2e075c3c16170f3f2f32f5c74,LUA,18,15505793395180738478,55328957
1358,0x6cc837bed49f595f8f43070e81f1d17399ede4c9,0x74c78fd356e4f0e753f76b8813c243312c31080e,MATIC,18,2441130396498262207,0x7b4d6f06bca5415a4a8ae7b7eb52b9455cf353b7,Sol,18,14452935362282356631,55617316
1359,0x219d2bd892fcf54244c263d9a56f3c414869b9e1,0x7b4d6f06bca5415a4a8ae7b7eb52b9455cf353b7,Sol,18,1023512435805959458,0xdc8a7c567a643b17b8692150653e88375a6bea1a,TUSD,18,703219643563132394,55617375
1360,0x4dfd3905dba9d9cce90982997a96dbbae67bf7af,0xb1f66997a5760428d3a87d68b90bfe0ae64121cc,WTOMO,18,0,0xbc511148f64b6bdad77d3835327ba53c23c57798,CENS,18,0,56123479
1361,0x4f43f3847a32c5cc7207546ae8af24d86e9919b7,0x40e8fc60836e96dc3b1b22ef8af2aa999335a5df,PADI,18,45630637286723325261719,0xb1f66997a5760428d3a87d68b90bfe0ae64121cc,WTOMO,18,3025148876462547,56131022
1362,0x6d2a5036f5ce06013c86cd925e10689c3dd6c9b3,0xac21a50e4694186b8fd43c57b6a8cfac07ccc745,SRG,18,18636508392298998054,0xb1f66997a5760428d3a87d68b90bfe0ae64121cc,WTOMO,18,15192724856959019,56355466
1363,0x5d401b9faa07376dae3aa9d6e71ebb7653cc8de1,0xb1f66997a5760428d3a87d68b90bfe0ae64121cc,WTOMO,18,5000000000000000,0xf1b258cb103fbac2e988ec58593b3fd292d27e74,Emo,18,5000000000000000000000,56439471
1364,0xf6c93a05c79d3b816cbdd212432865eacc16b2a6,0x5f05d957564c2843c1e817c3c0bd1619cd0f23b7,RST,18,48383558775868434933968,0xb1f66997a5760428d3a87d68b90bfe0ae64121cc,WTOMO,18,92889089884567,56485752
1365,0x21d446a2c59d8eabe5fe0b8521873061b2c19238,0x2df617952181365eac6f9659ed7ab96878772c33,TCC,18,86535302092972816783,0xb1f66997a5760428d3a87d68b90bfe0ae64121cc,WTOMO,18,21404835687624,56487036
1366,0xed7ad880b60ac1a72151f325ad8b892e17f114ce,0x51940b045c9f3c09317d748296b84dbbcadb3856,ELON,18,948276842952768394,0xb1f66997a5760428d3a87d68b90bfe0ae64121cc,WTOMO,18,3526695142788546,56487365
1367,0xa06096490fd85f5aa669cccf290cdb6f0c2eb53b,0xb1f66997a5760428d3a87d68b90bfe0ae64121cc,WTOMO,18,0,0xbaa0632751815afe1b7531ff101b82235b4730fc,WDI,18,0,56487720
1368,0xd11f2367b827cf07ab3ea0a96980debd6ff39af9,0x7262fa193e9590b2e075c3c16170f3f2f32f5c74,LUA,18,0,0xce94d1937ce37154ddc445a2133d8fe7ab3f8224,HVI,18,0,56537322
1369,0xd534fe0ab1b685f13792c9ed02890d969cc2b9bc,0x26872ea1b8e017bb12f28ddab3cf9516ca1401df,MWFT,18,847426055952278484048,0x7262fa193e9590b2e075c3c16170f3f2f32f5c74,LUA,18,62753857905640,56537622
1370,0x50394ab9798c72df862c86acff879f981b98d28a,0x6b74d4f7fcf5ddf32886e478398123435fca8c82,MS,18,12533688336474000085,0x7262fa193e9590b2e075c3c16170f3f2f32f5c74,LUA,18,36191556350966117,56537951
1371,0x02e41f50f92a604d490e36ab217b11980055912b,0x7262fa193e9590b2e075c3c16170f3f2f32f5c74,LUA,18,1288328267750642,0xaeaf076a41901adae68748e5248e9eeb436ec708,MLUNA,18,7048515661334961,56541302
1372,0x8020b0e00ab94dd8cbafe3ad359ee1597c29e039,0x3ce3c1117357952e75a9a4ec3bddd449898c23c5,ASS,18,2939491874598785994,0x503b2ddc059b81788fd1239561596614b27faade,WBTC,8,1,56571155
1373,0x56279ff7690962a17d14f7a1a7eeb4bb44cb020f,0x7262fa193e9590b2e075c3c16170f3f2f32f5c74,LUA,18,10274590598679371,0x7b4d6f06bca5415a4a8ae7b7eb52b9455cf353b7,Sol,18,91234371058398440,56571614
1374,0x15de8edefc0aa1395e69d06801ea06e1c0d03e99,0xb1f66997a5760428d3a87d68b90bfe0ae64121cc,WTOMO,18,214539293389030,0xf426a8ed89b5d64d12328191716781e220eabab4,TD,18,3668737054636156,56574488
1375,0x66cf859049f6e850fade161c7d2bd62356f0f9e6,0xb1f66997a5760428d3a87d68b90bfe0ae64121cc,WTOMO,18,67582048128422,0xe44a61d3bcccc72f63dffed4c337e3a1d64624e3,ETOMO,18,10301752908328943005877464,56595509
1376,0x42ff07aa2674f6f9f2dd65d145177b6632781fca,0x5080781e91237b6d7f026d5306b7233e26cd6c16,MLR,18,248867900317987042099925,0xd78d113d66c8c59cf60bb610063f846372a6f050,LDX,18,1957765629452911,56806577
1377,0x6bfed8bde3daf601eae594fd98381f5b96e0eaca,0x453b71962b5ffbe830a47abb11a5cfd35c4250ba,XSMB,18,1066726282508192661772,0x503b2ddc059b81788fd1239561596614b27faade,WBTC,8,1,56944026
1378,0xb9eae35b150312e07676f28d98f769f8ea47c1b2,0x453b71962b5ffbe830a47abb11a5cfd35c4250ba,XSMB,18,35266846459886195731858312,0xb1f66997a5760428d3a87d68b90bfe0ae64121cc,WTOMO,18,1154830330526067493,56946567
1379,0xa57c1c6c7609064cf1d997e7994936d271c3fca2,0xb1f66997a5760428d3a87d68b90bfe0ae64121cc,WTOMO,18,54606588626975623045,0xc680e1909bc56b18c23f3f2027f7388f0900ae9e,AIS,18,53005875238167912899942,57111628
1380,0x2b2f39343bc6a74d32730edfab511edfcb198cd9,0x3ce3c1117357952e75a9a4ec3bddd449898c23c5,ASS,18,584871154663566572,0x7262fa193e9590b2e075c3c16170f3f2f32f5c74,LUA,18,4688876209549,57115562
1381,0x7519599a8c0689c3a4e4e09c77595721d79e6a42,0x381b31409e4d220919b2cff012ed94d70135a59e,USDT,6,1,0x3ce3c1117357952e75a9a4ec3bddd449898c23c5,ASS,18,353731408831467942,57115669
1382,0xd93e0150512c3a417d3d157e1d25a0dccacfc1c0,0x3ce3c1117357952e75a9a4ec3bddd449898c23c5,ASS,18,108600000000000000,0xcca4e6302510d555b654b3eab9c0fcb223bcfdf0,USDC,6,1590,57115708
1383,0x5a1a36b2473fba2fb454deae03c287ff90830ad1,0x3ce3c1117357952e75a9a4ec3bddd449898c23c5,ASS,18,0,0xb02c1fd48c51ed67173a178a62f42ac5f4eb5969,DAI,18,0,57115774
1384,0x4bd2dca354a86cfff44b6b437bc40870b75d6401,0xb02c1fd48c51ed67173a178a62f42ac5f4eb5969,DAI,18,0,0xdc8a7c567a643b17b8692150653e88375a6bea1a,TUSD,18,0,57115802
1385,0xefb3f074831bfd1d09c8ecb02e9854290aeb8025,0xb02c1fd48c51ed67173a178a62f42ac5f4eb5969,DAI,18,0,0xb1f66997a5760428d3a87d68b90bfe0ae64121cc,WTOMO,18,0,57115826
1386,0xb2dc757dbec87a493f1e04a09925bde6f511d5e5,0x381b31409e4d220919b2cff012ed94d70135a59e,USDT,6,2752,0x7b4d6f06bca5415a4a8ae7b7eb52b9455cf353b7,Sol,18,377865280492168,57167498
1387,0xa139403f3f1bdc0c3329a5020e8fb44ecdc97a5b,0xb1f66997a5760428d3a87d68b90bfe0ae64121cc,WTOMO,18,0,0xf1c2902e40709dae63ec1b007a7a15068896dd02,FAN,18,0,57193150
1388,0x0955e01673e3ed930939a255d865ec4f3cbc4eda,0x381b31409e4d220919b2cff012ed94d70135a59e,USDT,6,0,0xb6e3789ad6630bb3fdd6aa3ca76bc99913951ee8,eshr,18,0,57499199
1389,0x8001fbf4bd9bd613e10eee9f8488dead52bff7b0,0xb1f66997a5760428d3a87d68b90bfe0ae64121cc,WTOMO,18,10000000000000001,0xb6e3789ad6630bb3fdd6aa3ca76bc99913951ee8,eshr,18,1000000000000000009990000,57499217
1390,0x167516f7b74c8d294bc8078d84a35877dfbedf29,0xb1f66997a5760428d3a87d68b90bfe0ae64121cc,WTOMO,18,822093351659369,0xee38f24305f59fd032b29442195beb341b0221e4,lmt,18,1366742388150326,57502601
1391,0xe9be4127fda08c99ab5cd24e33120428ca084244,0x7899872f1dcdc702cadd9ab1db5a5bf05cd5b1c9,eshr,18,1000000000000316,0xb1f66997a5760428d3a87d68b90bfe0ae64121cc,WTOMO,18,10000000000003159,57585659
1392,0x85526f61658a4df6e3c0501e19e641864300038c,0xb1f66997a5760428d3a87d68b90bfe0ae64121cc,WTOMO,18,0,0xe9be4127fda08c99ab5cd24e33120428ca084244,LUA-V1,18,0,57586422
1393,0x312d773de5a1a9f43943dcf18330a236169d7401,0x381b31409e4d220919b2cff012ed94d70135a59e,USDT,6,0,0xee38f24305f59fd032b29442195beb341b0221e4,lmt,18,0,57592262
1394,0x946453b1ce1338f2bf94b992d58405c859b8e66d,0x7262fa193e9590b2e075c3c16170f3f2f32f5c74,LUA,18,0,0xee38f24305f59fd032b29442195beb341b0221e4,lmt,18,0,57593238
1395,0x525e5c8768bbcbf9b1fc8cce2feb43caa264ccae,0x0ca32bb134c8308ebaa86af5d1588229fa17c35a,OXV,7,6081001942,0xb1f66997a5760428d3a87d68b90bfe0ae64121cc,WTOMO,18,264178493194503329,57641538
1396,0xfe9d3209d558dab86bfcc561855bc8b0fa1849b8,0x0ca32bb134c8308ebaa86af5d1588229fa17c35a,OXV,7,0,0x7262fa193e9590b2e075c3c16170f3f2f32f5c74,LUA,18,0,57642731
1397,0xd487c3c2a175d09b41244bdfb0fe60d7fdcb9417,0xb1f66997a5760428d3a87d68b90bfe0ae64121cc,WTOMO,18,638902540327306082,0xe6c502e976075784d356b0ecb90b5fa73abe4b4b,YTS,18,66894963428931181679691,58057650
1398,0x1a239bc73f4c6bd121f7922cf2df595a7a14a6f6,0x16a9d63f882906730db7d62297044b92a0a91cc4,4HS,18,0,0xb1f66997a5760428d3a87d68b90bfe0ae64121cc,WTOMO,18,0,58322906
1399,0xd56fe4e146e32eac0d910e6b0207d9616a8f18ad,0x46d70a4543c31d68a2dbd15694f5e68d783573d3,MTX,18,61602123722847010,0xb1f66997a5760428d3a87d68b90bfe0ae64121cc,WTOMO,18,285869837232914869,58368680
1400,0x0fc5b342a1ed4eed7234e00b43893ca5a6a6533a,0xb1f66997a5760428d3a87d68b90bfe0ae64121cc,WTOMO,18,0,0xc43a2df23dafacb9106ab239896599b705e2e67e,VNDC,0,0,58442410
1401,0x350eb6383c27858c45cd3195181d8c0cad1595f2,0xb1f66997a5760428d3a87d68b90bfe0ae64121cc,WTOMO,18,1200000000000000,0xff4d85b85df553f422cfd836d52ed46ab44a89e2,CPAN,18,600000000000000000000000,58548395
1402,0x04b6031aa7c5ac66b093a6c4ed6c5d49070b9683,0x2eaa73bd0db20c64f53febea7b5f5e5bccc7fb8b,ETH,18,0,0x97d0a020d4401ebb983a02b04f1bea833bd382e6,WTOMO,18,0,58593077
1403,0x3be254d90e73a9a90f3497a47a7b1462059605f5,0x6adeabbfef43317f9acfe60a12097128a68f7ae5,MTL,18,26507621810076201,0xb1f66997a5760428d3a87d68b90bfe0ae64121cc,WTOMO,18,6232066702282566,58758641
1404,0x491ffd45f37269c6fb562d420899204a2e0d2508,0x1172d0042d5110afb1b73d6f35e440cadc777b83,MUSD,18,3163926996380782,0x58ae28adaddd90e119061b2b21b2b8df5101754f,GRE,18,41031845505585084,58759816
1405,0x0f9f368d870b5ed469d7c70e81a2838aef416a98,0x1172d0042d5110afb1b73d6f35e440cadc777b83,MUSD,18,17029305666988193,0xb1f66997a5760428d3a87d68b90bfe0ae64121cc,WTOMO,18,408630249724985,58760116
1406,0x037eab7a30b3948b8615beab7fff8325c2390270,0x755f71517272511464f4f42efaf1826a99f0490c,QMP,1,0,0xb1f66997a5760428d3a87d68b90bfe0ae64121cc,WTOMO,18,0,58798823
1407,0x91c8ea15c0b214058a58bdc51947879f4ab5cb72,0x6d3c46f70a82bb49d798c0b4db8c59fac3c1d4de,USDT,6,0,0x755f71517272511464f4f42efaf1826a99f0490c,QMP,1,0,58798902
1408,0x16e9e74a067932e1307c1de61a28f0e9a5dbc225,0x7ad35426426e3113782388457d0d1cc6f90d928b,HUB,18,477190303493034646,0xb1f66997a5760428d3a87d68b90bfe0ae64121cc,WTOMO,18,420000000000000447,58859332
1409,0x72550555ec397ddb9b86c56baaaaf7d82d301050,0x5c65d6062ecff9d8598b4580af5fff612b598a2e,METAD,18,328297680345619373710,0xb1f66997a5760428d3a87d68b90bfe0ae64121cc,WTOMO,18,53538774971375938,59313365
1410,0x96202dacffeb240464a611c68a61a9b1bca130bd,0x33bcdcb15f4341c426d3b953f6b927c2d090d88a,Gg,18,0,0xb1f66997a5760428d3a87d68b90bfe0ae64121cc,WTOMO,18,0,59366277
1411,0xad5dbee134f4a8c5d25cbdc750a10de901cbc059,0x1052bfb4f15386e8242feab1b12ff96f26bbf377,MSK,18,650000000000000000000000,0xb1f66997a5760428d3a87d68b90bfe0ae64121cc,WTOMO,18,29180795713177,59391447
1412,0xd09fbb6d38af92c95cc903f0afd4a3a8ed5c6893,0x9fe494059861c3c75766904cb9970ba07766ad03,BDB,18,600000000000000000000000,0xb1f66997a5760428d3a87d68b90bfe0ae64121cc,WTOMO,18,88165242808584,59391566
1413,0x3ded6c5ddf19aae4b02fb4d961380fd93b156bc0,0xc4d997541ce9ab4c563a3d4db59eb690c82e34d9,USDT,6,0,0xd379ab8cc4e02574853783becf2c46bc00128658,RIC,8,0,59409275
1414,0x3a8b75586be4cade3f1ae670f27fae5dec5763ed,0x11596cb41dc8851c1ccae077e040b75b2700769b,MDE,18,1050000000000000000,0xa366c7a324b111d197f3e04456f8210fec406eb3,LEGO,18,95256239283673080586779,59562516
1415,0x777ad61fb478f6bad07ed03b78e4f92074954d49,0x11596cb41dc8851c1ccae077e040b75b2700769b,MDE,18,222000110000032826,0x7262fa193e9590b2e075c3c16170f3f2f32f5c74,LUA,18,180899506940903633,59562910
1416,0xfde9edbbefee851db5116e9d766872ffc021a815,0x11596cb41dc8851c1ccae077e040b75b2700769b,MDE,18,100000000000000815,0xa8f8484e63838ea004bb682bdab8038d6be9a049,DOCI,18,150000000000001223,59630564
1417,0xb9ee2865409f800e72e9378e76408afe70fca703,0x11596cb41dc8851c1ccae077e040b75b2700769b,MDE,18,0,0x381b31409e4d220919b2cff012ed94d70135a59e,USDT,6,0,59636384
1418,0xc8234f33026fefbe1bfbb5568d6ca45bd3251e54,0x7262fa193e9590b2e075c3c16170f3f2f32f5c74,LUA,18,692724729038282914,0xa366c7a324b111d197f3e04456f8210fec406eb3,LEGO,18,10389931192300587828272,59818165
1419,0x95c857a3ac991af7ea7f47b7fc39d685c653216d,0xb1f66997a5760428d3a87d68b90bfe0ae64121cc,WTOMO,18,367314640606557,0xc804ed2683875cdf15c6d0df90104f2d8b2a3450,FAUCET,18,11748432709226123,60035243
1420,0x17bfc6145f3fe77f7f4e5a40b0d732d39b522004,0x90097a1fb127c7332621496dc0abf9d6221e4694,CML,9,221540526512,0xb1f66997a5760428d3a87d68b90bfe0ae64121cc,WTOMO,18,127363473206520306,60180925
1421,0xc15416a4b9bd26d8e351e754a43de686b44f11f3,0x424d08a4b71e59ede02d91fdd8f76c509b25543c,CGT,18,0,0xae44807d8a9ce4b30146437474ed6faaafa1b809,BTC,8,0,60384481
1422,0x5a8ffdb1078227ccda201f258be86c916a1c31a8,0x59f6402308b43ddf960479d8a97658b2123402ed,METAF,18,315129303367566681192562756132036,0xb1f66997a5760428d3a87d68b90bfe0ae64121cc,WTOMO,18,4775895527291159194,60417047
1423,0x12aeaa84f0dd706a92b03508818b27001f8f00ce,0xb1f66997a5760428d3a87d68b90bfe0ae64121cc,WTOMO,18,20839198643163,0xebe790d96d02c3144c667643cd2dce69d1efc00b,MCR,18,9123313099999999695033864,60513099
1424,0x44bccbc3df5618ba92a0fd0cb9e333268ff5a104,0xac60e2445b81450720ae5f9c0190d9c20ccb7027,BHT,18,37180019653909734674839,0xb1f66997a5760428d3a87d68b90bfe0ae64121cc,WTOMO,18,222420839601714,60923703
1425,0x8a6bc291caea1e2fa2547e53c5acb00cf05b9fb2,0x70d6c6122f3645d40c7b0f7b1d8a8f0d92f33f70,MSB,18,65023539579967841172161,0xb1f66997a5760428d3a87d68b90bfe0ae64121cc,WTOMO,18,25440250604232510,60923885
1426,0xc85da98a83dc77e7e57552e769de0ec49b5c5ea1,0x381b31409e4d220919b2cff012ed94d70135a59e,USDT,6,0,0xd94b24e16bbb36579fbeaf7a10d9dc98ea187fe3,sopac,18,0,61125722
1427,0xd3a93c33ff839c076c5f20b34874616d68d603c8,0xb1f66997a5760428d3a87d68b90bfe0ae64121cc,WTOMO,18,41901695557242597,0xd94b24e16bbb36579fbeaf7a10d9dc98ea187fe3,sopac,18,126872801327028644,61125954
1428,0x833ce57487ef422e09b3e9350b2224e18d6ae69f,0xb1f66997a5760428d3a87d68b90bfe0ae64121cc,WTOMO,18,430965512193124,0xd45e48569bcdd9c18b680f5c1082dc551054dd35,TOB,18,1616263518531,61230701
1429,0xd90fe2452d5f7969d2d6835c4335e80ba0376a0a,0x7262fa193e9590b2e075c3c16170f3f2f32f5c74,LUA,18,20849060711104555,0xd45e48569bcdd9c18b680f5c1082dc551054dd35,TOB,18,906372589863,61239413
1430,0x66dd34e1c34c115274f3c6c53ac83d2d2498468e,0xb1f66997a5760428d3a87d68b90bfe0ae64121cc,WTOMO,18,12710333719471541,0xf209ef8b0a1cb99296818e12f048e9a64be73e2e,BHT,18,5646276000000000000000000,61244887
1431,0xd02b25484e5712cc284dfe3ca6edb02e67089c1f,0x7262fa193e9590b2e075c3c16170f3f2f32f5c74,LUA,18,0,0xa29d3fabd177a55e40848ca0411b7c3186349b88,GKI,18,0,61307771
1432,0x8791b44b2445eeb3d48d14dbd4d9a82b6ca19df5,0xa29d3fabd177a55e40848ca0411b7c3186349b88,GKI,18,421989867613475471831,0xb1f66997a5760428d3a87d68b90bfe0ae64121cc,WTOMO,18,82734191164439498,61307842
1433,0x664f7c7bd0bafab771036a538c6c5dd092fa0eb0,0x2e6bce13c31920b9b83c43b2a8a73c2edefb75f7,PIXEL,18,0,0x5c65d6062ecff9d8598b4580af5fff612b598a2e,METAD,18,0,61318451
1434,0x5426fb74876596b11bb1d1591cb351a418bab17f,0x76cc5eeafd5b8403a0ccd25d696f5c79b2fa56df,FLD,18,0,0xb1f66997a5760428d3a87d68b90bfe0ae64121cc,WTOMO,18,0,61357102
1435,0x39208c819df813a148eedc29f329e150b9a7aa06,0x18280fbf0d71529ff3b86998fd77dc301c0d6fe9,MVM,18,0,0x7262fa193e9590b2e075c3c16170f3f2f32f5c74,LUA,18,0,61358974
1436,0xd08509fe9bc395ecdb930b0c76a99290fee00978,0x7262fa193e9590b2e075c3c16170f3f2f32f5c74,LUA,18,0,0xd94b24e16bbb36579fbeaf7a10d9dc98ea187fe3,sopac,18,0,61359700
1437,0x52761dca4cb721afb27a96af40d38581773ffe02,0x525fa68196855c5cc0aaaeb94b8a304f12844cd7,ECOP,18,51000000000000000000000000,0xb1f66997a5760428d3a87d68b90bfe0ae64121cc,WTOMO,18,389901283532941981,61443658
1438,0x175f09cae31e4bada7cc423d9377ab8966b41d63,0x04b740fc58321107a3dc8188bddd82c9a8e3acf6,BTOB,4,138740825104,0xd45e48569bcdd9c18b680f5c1082dc551054dd35,TOB,18,1517255683807284531373,61600683
1439,0x807ab72b6f2537cccfed091dc65669b3a4906e43,0x381b31409e4d220919b2cff012ed94d70135a59e,USDT,6,242415,0xc5bec5b397238effa09070fe62f961dedbf2c9da,TOMO,18,16527048999019747528,61616736
1440,0xfe9025924e90e621e79a3ca4beab8f1996f2c47a,0x446db1b898f6661173ba324941074f716a0c40da,QMQ,18,434538045134283092,0xb1f66997a5760428d3a87d68b90bfe0ae64121cc,WTOMO,18,434532342389090210,62119034
1441,0x3941ff1b37ca40baf7a2da5ce656a5975ba05365,0xa15bda777232b98a0153227259516e864907bb69,TitiKo,18,6609776052842574240908,0xb1f66997a5760428d3a87d68b90bfe0ae64121cc,WTOMO,18,1515000000000000000,62153599
1442,0x6bfe6b5deb709005a4b2f4d75c34ae65d5f0fc01,0x4683ee9bc802dde34cfd4845f3f716d24f4a3ab7,LTC,18,2135539606381305078,0xb1f66997a5760428d3a87d68b90bfe0ae64121cc,WTOMO,18,3754400000000000000,62331400
1443,0x39043161c1a2c286dd9c6d4db35a55da1eeaab40,0x12d5a4fff793b2856b87bc054a278bcef2195aa7,YTC,18,0,0x5080781e91237b6d7f026d5306b7233e26cd6c16,MLR,18,0,62368519
1444,0xe3ffd7fdd726324a041438263a1bf5275f06ff1a,0x5080781e91237b6d7f026d5306b7233e26cd6c16,MLR,18,47999894020954475,0x6f173c9030070bc85cf0cf9594b97365905c8156,BLuna,18,338115142825323350,62368607
1445,0x72736a03e01ad574f97b051df3802b38e8502f50,0x6f173c9030070bc85cf0cf9594b97365905c8156,BLuna,18,28249443701229659427897,0xb1f66997a5760428d3a87d68b90bfe0ae64121cc,WTOMO,18,10658588503565835,62368859
1446,0xf82e87f1b431d30b6f52fac142af63694a768050,0x57bcec2fc440cd3439b9b8b8c0aa9716779e44a0,THU,18,0,0xb1f66997a5760428d3a87d68b90bfe0ae64121cc,WTOMO,18,0,62488511
1447,0x37cbfcfdc9a26b3e6fe16dcf71e940cf160ce031,0x424d08a4b71e59ede02d91fdd8f76c509b25543c,CGT,18,334567245516662603,0x5080781e91237b6d7f026d5306b7233e26cd6c16,MLR,18,139696814890710897334,62728038
1448,0x9678686789b9c6018f056aaa5a59b9deabc4093c,0x0cf6be96b72b41d91df8461bd692ed996683df0d,RWJ,18,110000000000000000000,0xb1f66997a5760428d3a87d68b90bfe0ae64121cc,WTOMO,18,11000000000000000,63350902
1449,0xf960ad1ffc9412eb7be2fa37ac8573d8dabb4bb8,0x5080781e91237b6d7f026d5306b7233e26cd6c16,MLR,18,0,0xd6393b5bdc65f94af3edcc653ab14120ff274199,xLUA,18,0,63415147
1450,0x44121bf158e37b8f30eca79fe82b7163b2232e4e,0x5c44cd0856845577643dd46bf6b4113be4c21777,USDT,18,105822073486499922,0xb1f66997a5760428d3a87d68b90bfe0ae64121cc,WTOMO,18,30758777668430506,63672875
1451,0x81428f6d99a1920e03631b5db2cf60e6f5ebef45,0x2220138ba1148d3407e364588e03445a01a4173d,DOV,18,1890358612477434,0xb1f66997a5760428d3a87d68b90bfe0ae64121cc,WTOMO,18,86124975609176382,63868427
1452,0x17e6537d9c106c5d0c1f3db5592ead1021979000,0x7262fa193e9590b2e075c3c16170f3f2f32f5c74,LUA,18,122745339041155605387,0xbb2f798f3cc295bf9e587c74e4975baf5c9c19bf,TTRX,18,29312313596823591087,64105532
1453,0xff76ff93f315f5d943cd95f5e3faf839d97415b8,0x7cccb55d165d05deb584daa3d0267b68f0b847b1,SDA,18,372135576595395878138,0xb1f66997a5760428d3a87d68b90bfe0ae64121cc,WTOMO,18,472153034079187,64153772
1454,0x37bb469568a49a81f4f9d34f1b31b4e86655f405,0xb1f66997a5760428d3a87d68b90bfe0ae64121cc,WTOMO,18,0,0xf8df0f4f65341ee10ee6dfab24d68c4df8ffc20a,MSO,18,0,64908904
1455,0x02d1db48f731f35ac7f43e2b032d52a827fc1e69,0x420d54144add6e0dcef831b032ea6b6a9b8a94a5,TARAS,3,0,0xb1f66997a5760428d3a87d68b90bfe0ae64121cc,WTOMO,18,0,64948067
1456,0x7063ecdfdbe03dcafd2113e2bb59905f6cd12188,0x381b31409e4d220919b2cff012ed94d70135a59e,USDT,6,0,0x420d54144add6e0dcef831b032ea6b6a9b8a94a5,TARAS,3,0,64950146
1457,0x5f28d7205b6dfc2da1d59c4fa9565360ff76d05d,0xb1f66997a5760428d3a87d68b90bfe0ae64121cc,WTOMO,18,1538373382701592374,0xe6f85ac1ae1fb9ce5ebccfe95922192e75da34f9,joon,3,9293,65613547
1458,0x781231d6b34272fbad449681fbeff15882c6cd83,0xace270a9946e8b558cf3e18553075585adf7156c,MXC,18,257852079614711919934706,0xb1f66997a5760428d3a87d68b90bfe0ae64121cc,WTOMO,18,479324882960665,65615192
1459,0xb6a1694eccf7cb4dbbcb5c62c6aad6b2413b4665,0x8fddfa91b818c79e1f91b54febd446dc01d923d5,BFTG,16,0,0xe6f85ac1ae1fb9ce5ebccfe95922192e75da34f9,joon,3,0,65615472
1460,0xc7e3233be0c597ceb599decf82f47766967c323a,0x8fddfa91b818c79e1f91b54febd446dc01d923d5,BFTG,16,0,0xb1f66997a5760428d3a87d68b90bfe0ae64121cc,WTOMO,18,0,65615526
1461,0x7da01e7e6f38cd7aba0e675ac3c0641c9a5afee0,0x31737858ad64bebfc15ca89c24d96f7848752f63,USDT,18,41000100000032979,0xb1f66997a5760428d3a87d68b90bfe0ae64121cc,WTOMO,18,39847152687973,65650649
1462,0x160c89ebb651b16f4a4efbb05e53f172d7b36a37,0x7262fa193e9590b2e075c3c16170f3f2f32f5c74,LUA,18,0,0xa8f8484e63838ea004bb682bdab8038d6be9a049,DOCI,18,0,65679307
1463,0x31aa3323d90b7c558e3ed56669dff4b15a635892,0x8aaa4779f46b5de6bbec42a1397b491b23c3b731,C9C,18,311552067899383759762,0xdc8a7c567a643b17b8692150653e88375a6bea1a,TUSD,18,181023617863318307132983,65759636
1464,0xd70f54ca1f7fc2135ce8ccaa1c06c7c88038bab4,0x381b31409e4d220919b2cff012ed94d70135a59e,USDT,6,72929,0xbb2f798f3cc295bf9e587c74e4975baf5c9c19bf,TTRX,18,3631217598575576803,65759862
1465,0xea6dd74c5e026a08176e123b86aab24b97c5da81,0x31737858ad64bebfc15ca89c24d96f7848752f63,USDT,18,0,0x8acfe4dc7fde4cf3c2cdfac25cb20a6ab980eacf,MERON,18,0,65837755
1466,0x912ec736c2fdc7946b74f3fc2dbad692a9d17a3e,0x424d08a4b71e59ede02d91fdd8f76c509b25543c,CGT,18,100000000000000000000,0xd6393b5bdc65f94af3edcc653ab14120ff274199,xLUA,18,10000000000000000,66132248
1467,0x0d261a03f4316bd51da3f90d480f1350e52175d4,0x1cf4b2d9c8453b143c3a6aa22efb604c800313cd,Inu,18,4926352825947409414876454021504,0xb1f66997a5760428d3a87d68b90bfe0ae64121cc,WTOMO,18,102499509794501749,66144801
1468,0x80c75accd62e73675f6c304e6815df0efff9820c,0x8acfe4dc7fde4cf3c2cdfac25cb20a6ab980eacf,MERON,18,10000000000000999,0xb1f66997a5760428d3a87d68b90bfe0ae64121cc,WTOMO,18,10000000000000999,66266101
1469,0x23c758078905e93ced2d678d4d4b812c032b1c0d,0xb06ab9d0e3cb4d4e1539c07ff47cc428b78b98c5,Lizy,18,1260617447261667347260,0xb1f66997a5760428d3a87d68b90bfe0ae64121cc,WTOMO,18,3056125000000000020,66785821
1470,0x355dba445dc9bc221e03862bb534aa5e256d2757,0x83c7fcdd2e3397e5dbd12c4e68add361a77ff72a,AIGO,18,220726586994899191100000,0xb1f66997a5760428d3a87d68b90bfe0ae64121cc,WTOMO,18,6325241755648383,66828611
1471,0xd9092226460bf380e897d034ec5b57bc757cbefc,0x00ddef106ecee6b1173067351d58c6086e55a360,ANT,18,437792958803351,0xb1f66997a5760428d3a87d68b90bfe0ae64121cc,WTOMO,18,2008759182825010,67042327
1472,0x023bc6201c1a8606e708533519f92d4afc59f271,0xb1f66997a5760428d3a87d68b90bfe0ae64121cc,WTOMO,18,31062510733765519,0xdd256cb4dfd274d7ddff9f1fb1f16922c7f01fa3,TLUNC,18,3000000000000000000000,67044991
1473,0x498102c4ef52e320a87c1271a8c2d04d7ce18bc3,0xb1f66997a5760428d3a87d68b90bfe0ae64121cc,WTOMO,18,158941278586317,0xe8cb707816f124a52feb0713642218b8f9339679,MG,18,4703497830197275375103046,67056492
1474,0xfda5390dae8f67f567f4e9f80483211bd9903147,0xb1f66997a5760428d3a87d68b90bfe0ae64121cc,WTOMO,18,36376864314296108,0xb3d9224e9855d8605adab5d2ab0bf84ec180a9ad,NEO,0,11,67293665
1475,0x6635878faeb49c31fcf66002de8af2059f9b4948,0xb1f66997a5760428d3a87d68b90bfe0ae64121cc,WTOMO,18,25787134970391787,0xf8d11c9fcd314fdda6bdd1bc85c6ea2452ebb296,PISO,18,3115334747260574394168,67371082
1476,0x1176c026fe0257082a23e682c5283608f3525213,0x453b71962b5ffbe830a47abb11a5cfd35c4250ba,XSMB,18,7015403881612786237657,0x5080781e91237b6d7f026d5306b7233e26cd6c16,MLR,18,1247320851180899913272,67548987
1477,0x4c5988c34d3cdbfb4ce95efacb27862e92c3e872,0x381b31409e4d220919b2cff012ed94d70135a59e,USDT,6,1119086,0x5c44cd0856845577643dd46bf6b4113be4c21777,USDT,18,894444007596784609,67605793
1478,0x165fa4478d78b5047bf1efdcf1edacc3f3af48b3,0x2e6bce13c31920b9b83c43b2a8a73c2edefb75f7,PIXEL,18,10603208520690830425,0xa1ff8559646a79e47ecdfaca60272f3081998569,tETH,18,923100994482,68120160
1479,0x92e5cc25c032c7f5ddf0931ad623c29a5dec2a43,0x503b2ddc059b81788fd1239561596614b27faade,WBTC,8,0,0xf9787e76750c1e731054cf4cc97a2e3f490db360,LIT,18,0,68120374
1480,0xc4f028eea9c7bbb57933b9bf9c27bf886d47b135,0x503b2ddc059b81788fd1239561596614b27faade,WBTC,8,0,0x8103bb77ed2035b5da9a3a65d9c313cb6ee41dbd,TAB,18,0,68136119
1481,0xaec7afe3a05dc8e0a2df62c7ca0abc9ba01f5740,0xb1f66997a5760428d3a87d68b90bfe0ae64121cc,WTOMO,18,10000000000000000,0xd3e6e6621b33d89be5037a68725678d8e3891459,ShibX,18,1000000000000000000,68507578
1482,0x3cfb6b3e8d2c5ee7fb945b6ae966ac98d59dfbf9,0x453b71962b5ffbe830a47abb11a5cfd35c4250ba,XSMB,18,21000000009756,0xa1ff8559646a79e47ecdfaca60272f3081998569,tETH,18,220000000103,68539557
1483,0x4156386195f04d0bbc14ed096fedaff184f21be0,0x7da01e7e6f38cd7aba0e675ac3c0641c9a5afee0,LUA-V1,18,0,0xb1f66997a5760428d3a87d68b90bfe0ae64121cc,WTOMO,18,0,68565536
1484,0x91be215a3dbf80ed2710e89dfa526651ce4b0766,0x381b31409e4d220919b2cff012ed94d70135a59e,USDT,6,0,0x86bab3b630c62cb20ce97861616a10b62c882613,BTX2,18,0,68673525
1485,0x8e64099d1ecc227ddf05f681c757b18a0e0d5ac9,0x673ef639a1360afddc196ee83119a52177751365,QUINQ,12,100000000000000,0x7262fa193e9590b2e075c3c16170f3f2f32f5c74,LUA,18,1000000000000000000,68762126
1486,0x7348dd43ca42b27c6e7c13056a7ca0cfc9845d18,0x453b71962b5ffbe830a47abb11a5cfd35c4250ba,XSMB,18,10000000000003,0x5650ea7e65057b68d59fb5a62be25adf94c805bf,ECP,18,2000000000000446592,68769693
1487,0x6f45104df598ed12ac8cd8f5794c3336803fb0c4,0x98bd841315ad4b6fe424885f3716c21a9bd1b79a,LOC,18,100000000000000000000,0xad0a4c80920bed148e989b14085d6793b7468e42,TKN,18,100000000000000000000,68793034
1488,0x433ea54dd691f1a9a22398c19ef4b24d19408093,0x9cdb9550b004d86bce1eb3a7886e75a1cd03bcf7,CYBER,18,7482434251708211058190,0xb1f66997a5760428d3a87d68b90bfe0ae64121cc,WTOMO,18,372562994592813,68922544
1489,0xe7d0504f08d8bdd238f4f4bf039f65c4c3d73c04,0xb1f66997a5760428d3a87d68b90bfe0ae64121cc,WTOMO,18,3001000000000000399,0xba4bf3264eae393553c9c3f8b5410a63a49668db,SRM,18,300100000000000009990,68957816
1490,0x034d3c1aafae5665c4e0d8466bf7d4f6352b3841,0x5080781e91237b6d7f026d5306b7233e26cd6c16,MLR,18,76767658828052805205,0xa1ff8559646a79e47ecdfaca60272f3081998569,tETH,18,6138739723150,68982045
1491,0x04dcf244738bf44905d86180d6957bf747af250b,0x26d47807e3a08b4c6fd3e1184d70f4d0238c8a0a,WLTC,5,1001,0xb1f66997a5760428d3a87d68b90bfe0ae64121cc,WTOMO,18,1000031572149,69293657
1492,0xd7321304b7db1cb2a68fba9042534dd2dc77c221,0x350eb6383c27858c45cd3195181d8c0cad1595f2,LUA-V1,18,0,0xb1f66997a5760428d3a87d68b90bfe0ae64121cc,WTOMO,18,0,69306767
1493,0x21c83237eece0bdefaa3a390195034851de47c1b,0x381b31409e4d220919b2cff012ed94d70135a59e,USDT,6,0,0x8aaa4779f46b5de6bbec42a1397b491b23c3b731,C9C,18,0,69461384
1494,0x7e050924d803151d5effd3e02864a6ada7f96373,0x58e38b7747e1e7ac7c7dfa4940dae1cb05c545e9,lmt,18,0,0xb1f66997a5760428d3a87d68b90bfe0ae64121cc,WTOMO,18,0,69482563
1495,0xeff6475cfbd035c87e4de3c223a432a431838ea8,0x5080781e91237b6d7f026d5306b7233e26cd6c16,MLR,18,103273000000000000000000,0xcca4e6302510d555b654b3eab9c0fcb223bcfdf0,USDC,6,177599,69823097
1496,0x5113b7c615770a0106e860a67431a72d931f06f8,0x933a54b34875505b2e739e7b0c72dd2f9e4a2adf,C98,18,0,0xb1f66997a5760428d3a87d68b90bfe0ae64121cc,WTOMO,18,0,69870014
1497,0xe68bcedf2668235349a00e8ea546db007fb1ae92,0xb1f66997a5760428d3a87d68b90bfe0ae64121cc,WTOMO,18,983409572089150852,0xf06e81ca0f5695505036b2e30b7cb81d51ef254e,TMB,18,352307893581083831295,69980365
1498,0xc6c91842986211af5faef8e298c399d6d8d23e6e,0x7504c92d1ded8dd58d1ea8d086021c6e78918ee3,T,18,33601186717230445414315220373227,0xb1f66997a5760428d3a87d68b90bfe0ae64121cc,WTOMO,18,123637444156725402,70001155
1499,0x90fb619aa90565c74a9b5e044bacd6de09828e7a,0x381b31409e4d220919b2cff012ed94d70135a59e,USDT,6,2294,0x7504c92d1ded8dd58d1ea8d086021c6e78918ee3,T,18,210725084112038652805867,70136236
1500,0xa0355936a2d3a2c3217a6cc8e316a42daa2e70b5,0x381b31409e4d220919b2cff012ed94d70135a59e,USDT,6,13449,0x641881abd54f0cde2fc278951849f5d8f44f656b,SEB,9,2241499999998,70372553
1501,0x6d5ec3dce804f0cdb3999527938f4d190a7ee24a,0x641881abd54f0cde2fc278951849f5d8f44f656b,SEB,9,2000000000,0xb1f66997a5760428d3a87d68b90bfe0ae64121cc,WTOMO,18,2000000000000000,70372963
1502,0xae7606d3bce6e87f678fe6767d8ad9c2b9e4701c,0x8449a3f94651a87282a6c19fe68b35a4663c57f8,BKL,18,8908265031098173153984,0xb1f66997a5760428d3a87d68b90bfe0ae64121cc,WTOMO,18,393084184572968521,70886599
1503,0x1f9a1105436fbeeee279ac8ca916642c90aa5aab,0x1f138d56e1408132fa8e892e48175c3a12c11039,USDT,8,0,0x381b31409e4d220919b2cff012ed94d70135a59e,USDT,6,0,70935954
1504,0xde88688f77f26122bbd6cae2ea442ba6fb037cfa,0xb1f66997a5760428d3a87d68b90bfe0ae64121cc,WTOMO,18,526118607510915425,0xf59921ba3f38d8b885b6ee99de08968655f03df6,NVL,18,2327296702607006746321,71090884
1505,0x22e6eecaa31f2f2c805928240634a86ee8cb34ed,0x8228a51c76a7ba037b7a3aef2a293455b116d72b,PRMTH,18,0,0xcca4e6302510d555b654b3eab9c0fcb223bcfdf0,USDC,6,0,71135090
1506,0xed8c6ed68044cb66998a77c9ed5445671ea07dd7,0xb1f66997a5760428d3a87d68b90bfe0ae64121cc,WTOMO,18,214938596826620332,0xe9af0bcbf843089fd08f73b0f6f0e86d6db6af54,ODS,18,5317775994877112435811,71163209
1507,0xd134c482eba23dfabb1b0772dbc584a658c9eb6b,0x92498345e296c940a2b9688ae2f4dc25265473e1,BTC,18,11100000000000,0xb1f66997a5760428d3a87d68b90bfe0ae64121cc,WTOMO,18,2349019042378168607,71234332
1508,0x410f6f766fb73f555006d82bb0a873f3db6c48f6,0x567b1e373f7285e9a32f5eeb9305b6964b6a3532,CFB,18,283126651563683383872070,0xb1f66997a5760428d3a87d68b90bfe0ae64121cc,WTOMO,18,3551974369518207226,71241947
1509,0x07fe586544fc1b830f5df5110171bb8b53b1862c,0x381b31409e4d220919b2cff012ed94d70135a59e,USDT,6,0,0x92498345e296c940a2b9688ae2f4dc25265473e1,BTC,18,0,71258435
1510,0x5d0578d97fc13b402cff8947aad090b125c73ca1,0x381b31409e4d220919b2cff012ed94d70135a59e,USDT,6,9080,0x567b1e373f7285e9a32f5eeb9305b6964b6a3532,CFB,18,1939190919298740,71321028
1511,0x6ec69df7f0cbc4fdab79042aece314724a7ecbac,0x503b2ddc059b81788fd1239561596614b27faade,WBTC,8,8,0x8aaa4779f46b5de6bbec42a1397b491b23c3b731,C9C,18,349335916529098123750,71440601
1512,0x31033585fe25be188f175fa707fd9ebd9416fda5,0x453b71962b5ffbe830a47abb11a5cfd35c4250ba,XSMB,18,114228753208601675655,0x7262fa193e9590b2e075c3c16170f3f2f32f5c74,LUA,18,7166401770941079,71586431
1513,0xb7ac6d9385c43a70e338e597f26c77e3c85880ed,0x7262fa193e9590b2e075c3c16170f3f2f32f5c74,LUA,18,0,0x92498345e296c940a2b9688ae2f4dc25265473e1,BTC,18,0,71604836
1514,0xa451124aefdde002c3fe556a896c4a76f780d0b6,0x503b2ddc059b81788fd1239561596614b27faade,WBTC,8,0,0xae44807d8a9ce4b30146437474ed6faaafa1b809,BTC,8,0,71676475
1515,0x2b5046def420069486fcebb6dfbdc1d8e59ff1ee,0x381b31409e4d220919b2cff012ed94d70135a59e,USDT,6,431,0x453b71962b5ffbe830a47abb11a5cfd35c4250ba,XSMB,18,205442755931251160,71684001
1516,0xcdedeeaa2ab8033c0ae5fd02d5262e3709846af3,0x0501b72b236f8c9646d7685f81065ae9a339c7e4,tETH,18,259104000000000,0xa1ff8559646a79e47ecdfaca60272f3081998569,tETH,18,180368315840773,71695599
1517,0x4f2f937b85821fbb1a3ae558fecd2062ba78c261,0x19395ff1e1310863e3f273e907b88e4de7bcd3e7,PGT,18,30613479328005297030,0x381b31409e4d220919b2cff012ed94d70135a59e,USDT,6,5421,71708294
1518,0xf5ac505e53ba8bef24096927fdfc12434134fd08,0xb1f66997a5760428d3a87d68b90bfe0ae64121cc,WTOMO,18,593654393170018814,0xec661ebf2f24a730b5db8c0ad77bce280f453132,MLRV2,18,77955102756454591647839,71729925
1519,0xed097411911b45a622f4ace5acb331442c047539,0x381b31409e4d220919b2cff012ed94d70135a59e,USDT,6,1001,0x4a7fe703a9e28e6260169cb776b88d49096f6641,APT,18,1000000999000000,71730217
1520,0xc49701dbd79211c7fc7ac8a66049bce68d83cfb1,0x381b31409e4d220919b2cff012ed94d70135a59e,USDT,6,81,0xec661ebf2f24a730b5db8c0ad77bce280f453132,MLRV2,18,400000070605177787,71730445
1521,0xea840dec427050e23e3eafbfc40e27cb20908e90,0x5080781e91237b6d7f026d5306b7233e26cd6c16,MLR,18,145011847177979097,0x567b1e373f7285e9a32f5eeb9305b6964b6a3532,CFB,18,362126570716109519,71965604
1522,0xe9ff1d7acc8327d6ad12cdba63a66ef0b5fc7de2,0x786158eefcbfaa5a55e364d5422576d445c7be14,TM25,18,4031443188278265333213,0xb1f66997a5760428d3a87d68b90bfe0ae64121cc,WTOMO,18,25069527278787876,72141959
1523,0x2bc903e1b3987db604a6df30735f251a4fab41d9,0xb1f66997a5760428d3a87d68b90bfe0ae64121cc,WTOMO,18,20508581722587687,0xd4edebd38ae9551ec1798422bb8c2fd23f112499,XSMB V2,18,540573419382609420,72280902
1524,0xdc172a0f881fb2392952ac38a79edf491d5d0009,0x7a4c39f1234d90454b7fa4a2da6e9f08e9129164,CFB V2,18,98281570562046569,0xb1f66997a5760428d3a87d68b90bfe0ae64121cc,WTOMO,18,85411327832142997,72343112
1525,0x5b461cf6660ae943444202d300175d7b7ee09082,0x17b29d7f826b7a825d407931462a2695807980a7,KUSDT,18,234469985625165918,0xb1f66997a5760428d3a87d68b90bfe0ae64121cc,WTOMO,18,282598020698832978,72488445
1526,0x44c25d3f21b3ea48a41e438f17fd3a036b9c85e9,0x878c2529648ebf8f4e5ca0e69a79174bcc37871d,ADI,18,1335018911931222317,0xb1f66997a5760428d3a87d68b90bfe0ae64121cc,WTOMO,18,22901477568349179,72488904
1527,0xb7201eb799e544339865f28e4856b6d93240ebdc,0x381b31409e4d220919b2cff012ed94d70135a59e,USDT,6,0,0x878c2529648ebf8f4e5ca0e69a79174bcc37871d,ADI,18,0,72496285
1528,0xe213c6c99f236c9c3083dec8066b421942b798ec,0xb1f66997a5760428d3a87d68b90bfe0ae64121cc,WTOMO,18,4005358771522263,0xf19caf961370474c78766d3600071238eee2fd97,KCV,18,510044537141256,72596415
1529,0x7c17389eb9eb679f2d5718b624bd977c0f703205,0x0fd0288aaae91eaf935e2ec14b23486f86516c8c,C98,18,0,0x878c2529648ebf8f4e5ca0e69a79174bcc37871d,ADI,18,0,72659480
1530,0x220810f0ec746b0fc483db5b4bf44ae02c8895e0,0x567b1e373f7285e9a32f5eeb9305b6964b6a3532,CFB,18,153127865191231407,0x878c2529648ebf8f4e5ca0e69a79174bcc37871d,ADI,18,8618907000296,72659500
1531,0x2caa05e42b11235dca8608fea34511950ae732c1,0x381b31409e4d220919b2cff012ed94d70135a59e,USDT,6,2449,0x49075b7d3131a1a28132d34e3839a96eab7cde45,RAPTR,18,8207215445021793449274,73062446
1532,0x3597d028719a24d7ac046da9914c6c338044b4a6,0x0fd0288aaae91eaf935e2ec14b23486f86516c8c,C98,18,985719915261630,0xb1f66997a5760428d3a87d68b90bfe0ae64121cc,WTOMO,18,296989441660683,73316998
1533,0xdda4614263424939a60cda594c98282ee0852fb5,0x381b31409e4d220919b2cff012ed94d70135a59e,USDT,6,0,0xc26295787a3b1ca33157811d65d1ed42390ee24d,MPT,18,0,73503146
1534,0x32c3efba882042f79ab4b108d652f40c5ec05438,0x567b1e373f7285e9a32f5eeb9305b6964b6a3532,CFB,18,1261960452100424,0xa1ff8559646a79e47ecdfaca60272f3081998569,tETH,18,2271969188968,73692125
1535,0x5aaf4cc1a2dbf3750b0987ce5f00293a44e1d932,0x559dacc62c55fb53ed52524474587b64d2b1d319,eRSDL,18,0,0xb1f66997a5760428d3a87d68b90bfe0ae64121cc,WTOMO,18,0,75972575
1536,0x8bf76b1d7c6ef521e6fadec7e880a358b1dc794e,0xb1f66997a5760428d3a87d68b90bfe0ae64121cc,WTOMO,18,0,0xb786d9c8120d311b948cf1e5aa48d8fbacf477e2,SAROS,18,0,76409809
1537,0x911e7876050b3c1fd4424c948716e138b3488425,0xb1f66997a5760428d3a87d68b90bfe0ae64121cc,WTOMO,18,25100306429896748,0xfbd06ec1a0e99b2a202f2ecdc7e9d33f950116bc,DEX,18,72419597705369520099,78298871
1538,0x64368ee0b721c223f3c0c3b4eb27fb931e2c8438,0x272d6fd986b083279892ab85eb0b930117fd4681,1EURO,18,19762233434710739419,0xb1f66997a5760428d3a87d68b90bfe0ae64121cc,WTOMO,18,63598031508486495,78467207
1539,0x0278156037cf58aed70493bcb1ea78390963b4e2,0xb1f66997a5760428d3a87d68b90bfe0ae64121cc,WTOMO,18,143718524611375706,0xc97ca70933801c4d68e6e8fdb1461f5b15122fbc,WCFB,18,1635944898671923264115,78471231
1540,0x95fb36c6df75c089572af68f7d4fd01177e4c622,0xb1f66997a5760428d3a87d68b90bfe0ae64121cc,WTOMO,18,14665076140386762,0xc81b76d2880bf57b82e93c84766aa80316bec8b6,BLG,18,7698799845137562367908434,78496552
1541,0x2b1972e7e9aa487e8776e5132ee5376e2c33b0cf,0x73b27eacb37b3580f2da6b566d2436940eae587e,SOL,18,10488230787138560923900,0xb1f66997a5760428d3a87d68b90bfe0ae64121cc,WTOMO,18,252574678111294255,78524964
1542,0x75080cc4f596b390ffd89363e6afbe62b00bd5cb,0x03fc3e31d0650dcaafef75d8df4032cf5a246741,SHIB,18,7359176494843128662148,0xb1f66997a5760428d3a87d68b90bfe0ae64121cc,WTOMO,18,350532867700914075,78550672
1543,0x4976c3a0294ef408c3037b0b969e42744204cfb2,0xa04370d2f3d497fd0375cccbbad9f90d95a8dbad,X314,18,0,0xb1f66997a5760428d3a87d68b90bfe0ae64121cc,WTOMO,18,0,78550887
1544,0x302fed4d90e962686f3778b9d528ec3d1d816364,0xb1f66997a5760428d3a87d68b90bfe0ae64121cc,WTOMO,18,0,0xb4d562a8f811ce7f134a1982992bd153902290bc,FROLL,18,0,78902784
1545,0x5649ba1517cae6d72077bc63056f173500eaf3ff,0x878c2529648ebf8f4e5ca0e69a79174bcc37871d,ADI,18,0,0xb4d562a8f811ce7f134a1982992bd153902290bc,FROLL,18,0,78902988
1546,0xca3594bf8ac38df47507cf244ff2f07721a90fab,0x5080781e91237b6d7f026d5306b7233e26cd6c16,MLR,18,160747451582983095206340,0x878c2529648ebf8f4e5ca0e69a79174bcc37871d,ADI,18,1048719092471502653,78903001
1547,0x7a4e432f32f34bf858bc1242899f9479575b7827,0x63e713efd1369453390ef789a984e274d46f2395,OKS,18,4496396057298348276,0xb1f66997a5760428d3a87d68b90bfe0ae64121cc,WTOMO,18,44331177440072,79090557
1548,0x8a1a73fdae63e51152536aa273b833bfda74490a,0x453b71962b5ffbe830a47abb11a5cfd35c4250ba,XSMB,18,0,0x567b1e373f7285e9a32f5eeb9305b6964b6a3532,CFB,18,0,79154309
1549,0xe7113b6dbe422fe75c5ae38bbf8b88acbf19e966,0x7daae12f3b0cbba722cd21ab929a3de03b882b41,VIS,18,0,0xb1f66997a5760428d3a87d68b90bfe0ae64121cc,WTOMO,18,0,79774483
1550,0x51b24747baa886a8ee788ac2001c66e294008393,0x2eaa73bd0db20c64f53febea7b5f5e5bccc7fb8b,ETH,18,0,0x7daae12f3b0cbba722cd21ab929a3de03b882b41,VIS,18,0,80198370
1551,0x6785d18beb7892a96448670880a01ee8041df0f2,0xae44807d8a9ce4b30146437474ed6faaafa1b809,BTC,8,0,0xc81b76d2880bf57b82e93c84766aa80316bec8b6,BLG,18,0,81260439
1552,0xc6d042ed86e0815f79ae521902d4581a3216f680,0x7262fa193e9590b2e075c3c16170f3f2f32f5c74,LUA,18,0,0xc81b76d2880bf57b82e93c84766aa80316bec8b6,BLG,18,0,81260493
1553,0x9abd9dfa01b4e6efa32a5984a152d2ec6ba5942f,0x381b31409e4d220919b2cff012ed94d70135a59e,USDT,6,0,0xc81b76d2880bf57b82e93c84766aa80316bec8b6,BLG,18,0,81260545
1554,0xe174b8c4d8d90a41ada3dee555b69252e6830db8,0x2eaa73bd0db20c64f53febea7b5f5e5bccc7fb8b,ETH,18,0,0xc81b76d2880bf57b82e93c84766aa80316bec8b6,BLG,18,0,81260938
1555,0x6fa3623c05b2565e9325015e850eac43c2a3dffc,0xb1f66997a5760428d3a87d68b90bfe0ae64121cc,WTOMO,18,23000000000000000,0xbcdea1ea7ed164773e8b74e486a0e4af3ac7407f,EFIH,18,96000000000000000000,85861126
