07:56:58 === enumerate start workers=6 ===
07:57:02 start slot: 453182133
07:57:07 n0_b3: 1382 accounts (0.92MB)
07:57:08 n0_b4: 1441 accounts (0.96MB)
07:57:08 n0_b5: 1438 accounts (0.96MB)
07:57:08 n0_b2: 1358 accounts (0.91MB)
07:57:08 n0_b1: 1436 accounts (0.96MB)
07:57:14 n0_b8: 1442 accounts (0.96MB)
07:57:14 n0_b9: 1517 accounts (1.01MB)
07:57:18 n0_b6: 1409 accounts (0.94MB)
07:57:18 n0_b10: 1469 accounts (0.98MB)
07:57:18 n0_b7: 1503 accounts (1.00MB)
07:57:19 n0_b11: 1405 accounts (0.94MB)
07:57:20 n0_b12: 1443 accounts (0.96MB)
07:57:21 n0_b14: 1439 accounts (0.96MB)
07:57:21 n0_b15: 1385 accounts (0.93MB)
07:57:21 n0_b13: 1540 accounts (1.03MB)
07:57:22   retry 1/7 after HTTPError: HTTP Error 429: Too Many Requests (sleep 3s)
07:57:23 n0_b17: 1494 accounts (1.00MB)
07:57:23 n0_b16: 1460 accounts (0.98MB)
07:57:24 n0_b18: 1430 accounts (0.96MB)
07:57:24 n0_b19: 1458 accounts (0.97MB)
07:57:24   retry 1/7 after HTTPError: HTTP Error 429: Too Many Requests (sleep 3s)
07:57:24   retry 1/7 after HTTPError: HTTP Error 429: Too Many Requests (sleep 3s)
07:57:25 n0_b21: 1443 accounts (0.96MB)
07:57:25   retry 2/7 after HTTPError: HTTP Error 429: Too Many Requests (sleep 6s)
07:57:26 n0_b22: 1464 accounts (0.98MB)
07:57:26   retry 1/7 after HTTPError: HTTP Error 429: Too Many Requests (sleep 3s)
07:57:26   retry 1/7 after HTTPError: HTTP Error 429: Too Many Requests (sleep 3s)
07:57:29   retry 2/7 after HTTPError: HTTP Error 429: Too Many Requests (sleep 6s)
07:57:29   retry 2/7 after HTTPError: HTTP Error 429: Too Many Requests (sleep 6s)
07:57:29   retry 2/7 after HTTPError: HTTP Error 429: Too Many Requests (sleep 6s)
07:57:30   retry 2/7 after HTTPError: HTTP Error 429: Too Many Requests (sleep 6s)
07:57:32   retry 3/7 after HTTPError: HTTP Error 429: Too Many Requests (sleep 12s)
07:57:37   retry 3/7 after HTTPError: HTTP Error 429: Too Many Requests (sleep 12s)
07:57:37 n0_b24: 1443 accounts (0.96MB)
07:57:38 n0_b23: 1444 accounts (0.96MB)
07:57:38 n0_b25: 1456 accounts (0.97MB)
07:57:38   retry 1/7 after HTTPError: HTTP Error 429: Too Many Requests (sleep 3s)
07:57:39   retry 1/7 after HTTPError: HTTP Error 429: Too Many Requests (sleep 3s)
07:57:41 n0_b28: 1419 accounts (0.95MB)
07:57:47 n0_b27: 1506 accounts (1.01MB)
07:57:47 n0_b29: 1458 accounts (0.97MB)
07:57:48 n0_b30: 1370 accounts (0.92MB)
07:57:49 n0_b20: 1443 accounts (0.96MB)
07:57:52 n0_b31: 1481 accounts (0.99MB)
07:57:52 n0_b32: 1449 accounts (0.97MB)
07:57:55 n0_b33: 1466 accounts (0.98MB)
07:57:56 n0_b34: 1483 accounts (0.99MB)
07:57:59 n0_b26: 1503 accounts (1.00MB)
07:57:59 n0_b35: 1392 accounts (0.93MB)
07:57:59 n0_b36: 1466 accounts (0.98MB)
07:57:59 n0_b37: 1477 accounts (0.99MB)
07:58:01 n0_b38: 1403 accounts (0.94MB)
07:58:03 n0_b39: 1457 accounts (0.97MB)
07:58:04 n0_b40: 1414 accounts (0.94MB)
07:58:04 n0_b41: 1464 accounts (0.98MB)
07:58:05 n0_b42: 1420 accounts (0.95MB)
07:58:06 n0_b43: 1433 accounts (0.96MB)
07:58:07 n0_b44: 1512 accounts (1.01MB)
07:58:08 n0_b45: 1459 accounts (0.97MB)
07:58:08 n0_b46: 1517 accounts (1.01MB)
07:58:09 n0_b47: 1406 accounts (0.94MB)
07:58:09 n0_b48: 1448 accounts (0.97MB)
07:58:11   retry 1/7 after HTTPError: HTTP Error 429: Too Many Requests (sleep 3s)
07:58:12 n0_b49: 1438 accounts (0.96MB)
07:58:13 n0_b50: 1403 accounts (0.94MB)
07:58:14 n0_b51: 1456 accounts (0.97MB)
07:58:14 n0_b53: 1436 accounts (0.96MB)
07:58:15   retry 2/7 after HTTPError: HTTP Error 429: Too Many Requests (sleep 6s)
07:58:15   retry 1/7 after HTTPError: HTTP Error 429: Too Many Requests (sleep 3s)
07:58:15 n0_b54: 1412 accounts (0.94MB)
07:58:16   retry 1/7 after HTTPError: HTTP Error 429: Too Many Requests (sleep 3s)
07:58:16 n0_b55: 1410 accounts (0.94MB)
07:58:17   retry 1/7 after HTTPError: HTTP Error 429: Too Many Requests (sleep 3s)
07:58:17 n0_b56: 1441 accounts (0.96MB)
07:58:18   retry 1/7 after HTTPError: HTTP Error 429: Too Many Requests (sleep 3s)
07:58:19   retry 2/7 after HTTPError: HTTP Error 429: Too Many Requests (sleep 6s)
07:58:20   retry 2/7 after HTTPError: HTTP Error 429: Too Many Requests (sleep 6s)
07:58:21   retry 2/7 after HTTPError: HTTP Error 429: Too Many Requests (sleep 6s)
07:58:22   retry 3/7 after HTTPError: HTTP Error 429: Too Many Requests (sleep 12s)
07:58:22   retry 2/7 after HTTPError: HTTP Error 429: Too Many Requests (sleep 6s)
07:58:28 n0_b57: 1475 accounts (0.99MB)
07:58:30 n0_b58: 1429 accounts (0.95MB)
07:58:30 n0_b59: 1368 accounts (0.91MB)
07:58:31 n0_b60: 1491 accounts (1.00MB)
07:58:32 n0_b61: 1504 accounts (1.00MB)
07:58:33 n0_b62: 1464 accounts (0.98MB)
07:58:35 n0_b63: 1384 accounts (0.92MB)
07:58:35 n0_b64: 1506 accounts (1.01MB)
07:58:36 n0_b65: 1498 accounts (1.00MB)
07:58:37 n0_b66: 1433 accounts (0.96MB)
07:58:37   retry 1/7 after HTTPError: HTTP Error 429: Too Many Requests (sleep 3s)
07:58:37 n0_b52: 1446 accounts (0.97MB)
07:58:38   retry 1/7 after HTTPError: HTTP Error 429: Too Many Requests (sleep 3s)
07:58:39 n0_b67: 1364 accounts (0.91MB)
07:58:39 n0_b68: 1458 accounts (0.97MB)
07:58:39   retry 1/7 after HTTPError: HTTP Error 429: Too Many Requests (sleep 3s)
07:58:40 n0_b69: 1456 accounts (0.97MB)
07:58:40   retry 1/7 after HTTPError: HTTP Error 429: Too Many Requests (sleep 3s)
07:58:40   retry 1/7 after HTTPError: HTTP Error 429: Too Many Requests (sleep 3s)
07:58:41   retry 2/7 after HTTPError: HTTP Error 429: Too Many Requests (sleep 6s)
07:58:42   retry 2/7 after HTTPError: HTTP Error 429: Too Many Requests (sleep 6s)
07:58:43   retry 2/7 after HTTPError: HTTP Error 429: Too Many Requests (sleep 6s)
07:58:43   retry 2/7 after HTTPError: HTTP Error 429: Too Many Requests (sleep 6s)
07:58:44   retry 2/7 after HTTPError: HTTP Error 429: Too Many Requests (sleep 6s)
07:58:50 n0_b70: 1449 accounts (0.97MB)
07:58:50   retry 1/7 after HTTPError: HTTP Error 429: Too Many Requests (sleep 3s)
07:58:50   retry 3/7 after HTTPError: HTTP Error 429: Too Many Requests (sleep 12s)
07:58:50 n0_b71: 1497 accounts (1.00MB)
07:58:51   retry 1/7 after HTTPError: HTTP Error 429: Too Many Requests (sleep 3s)
07:59:00 n0_b73: 1385 accounts (0.93MB)
07:59:01 n0_b76: 1401 accounts (0.94MB)
07:59:02 n0_b75: 1344 accounts (0.90MB)
07:59:04 n0_b77: 1455 accounts (0.97MB)
07:59:09 n0_b72: 1443 accounts (0.96MB)
07:59:10 n0_b78: 1444 accounts (0.96MB)
07:59:10 n0_b74: 1396 accounts (0.93MB)
07:59:10 n0_b79: 1436 accounts (0.96MB)
07:59:10 n0_b80: 1430 accounts (0.96MB)
07:59:11   retry 1/7 after URLError: <urlopen error [Errno 110] Connection timed out> (sleep 3s)
07:59:14 n0_b81: 1418 accounts (0.95MB)
07:59:14 n0_b82: 1455 accounts (0.97MB)
07:59:14 n0_b84: 1422 accounts (0.95MB)
07:59:15 n0_b83: 1487 accounts (0.99MB)
07:59:15 n0_b85: 1474 accounts (0.98MB)
07:59:15   retry 1/7 after HTTPError: HTTP Error 429: Too Many Requests (sleep 3s)
07:59:17 n0_b86: 1487 accounts (0.99MB)
07:59:17 n0_b88: 1395 accounts (0.93MB)
07:59:18 n0_b0: 1434 accounts (0.96MB)
07:59:18 n0_b87: 1424 accounts (0.95MB)
07:59:18 n0_b89: 1446 accounts (0.97MB)
07:59:18   retry 1/7 after HTTPError: HTTP Error 429: Too Many Requests (sleep 3s)
07:59:18   retry 1/7 after HTTPError: HTTP Error 429: Too Many Requests (sleep 3s)
07:59:18   retry 1/7 after HTTPError: HTTP Error 429: Too Many Requests (sleep 3s)
07:59:18   retry 1/7 after HTTPError: HTTP Error 429: Too Many Requests (sleep 3s)
07:59:19   retry 2/7 after HTTPError: HTTP Error 429: Too Many Requests (sleep 6s)
07:59:19 n0_b91: 1484 accounts (0.99MB)
07:59:19   retry 1/7 after HTTPError: HTTP Error 429: Too Many Requests (sleep 3s)
07:59:21   retry 2/7 after HTTPError: HTTP Error 429: Too Many Requests (sleep 6s)
07:59:22   retry 2/7 after HTTPError: HTTP Error 429: Too Many Requests (sleep 6s)
07:59:22   retry 2/7 after HTTPError: HTTP Error 429: Too Many Requests (sleep 6s)
07:59:22   retry 2/7 after HTTPError: HTTP Error 429: Too Many Requests (sleep 6s)
07:59:23   retry 2/7 after HTTPError: HTTP Error 429: Too Many Requests (sleep 6s)
07:59:25   retry 3/7 after HTTPError: HTTP Error 429: Too Many Requests (sleep 12s)
07:59:28   retry 3/7 after HTTPError: HTTP Error 429: Too Many Requests (sleep 12s)
07:59:28   retry 3/7 after HTTPError: HTTP Error 429: Too Many Requests (sleep 12s)
07:59:28   retry 3/7 after HTTPError: HTTP Error 429: Too Many Requests (sleep 12s)
07:59:29   retry 3/7 after HTTPError: HTTP Error 429: Too Many Requests (sleep 12s)
07:59:30 n0_b92: 1457 accounts (0.97MB)
07:59:31   retry 1/7 after HTTPError: HTTP Error 429: Too Many Requests (sleep 3s)
07:59:37 n0_b97: 1467 accounts (0.98MB)
07:59:41 n0_b98: 1459 accounts (0.97MB)
07:59:41 n0_b90: 1454 accounts (0.97MB)
07:59:45 n0_b95: 1459 accounts (0.97MB)
07:59:46 n0_b93: 1437 accounts (0.96MB)
07:59:46 n0_b94: 1413 accounts (0.94MB)
07:59:46 n0_b96: 1472 accounts (0.98MB)
07:59:46 n0_b99: 1370 accounts (0.92MB)
07:59:46 n0_b100: 1452 accounts (0.97MB)
07:59:47   retry 1/7 after HTTPError: HTTP Error 429: Too Many Requests (sleep 3s)
07:59:47 n0_b101: 1372 accounts (0.92MB)
07:59:48   retry 1/7 after HTTPError: HTTP Error 429: Too Many Requests (sleep 3s)
07:59:48 n0_b102: 1407 accounts (0.94MB)
07:59:49   retry 1/7 after HTTPError: HTTP Error 429: Too Many Requests (sleep 3s)
07:59:49 n0_b105: 1454 accounts (0.97MB)
07:59:49 n0_b104: 1398 accounts (0.93MB)
07:59:49 n0_b103: 1474 accounts (0.98MB)
07:59:49   retry 1/7 after HTTPError: HTTP Error 429: Too Many Requests (sleep 3s)
07:59:50   retry 1/7 after HTTPError: HTTP Error 429: Too Many Requests (sleep 3s)
07:59:50   retry 1/7 after HTTPError: HTTP Error 429: Too Many Requests (sleep 3s)
07:59:50   retry 2/7 after HTTPError: HTTP Error 429: Too Many Requests (sleep 6s)
07:59:52   retry 2/7 after HTTPError: HTTP Error 429: Too Many Requests (sleep 6s)
07:59:52   retry 2/7 after HTTPError: HTTP Error 429: Too Many Requests (sleep 6s)
07:59:53   retry 2/7 after HTTPError: HTTP Error 429: Too Many Requests (sleep 6s)
07:59:53   retry 2/7 after HTTPError: HTTP Error 429: Too Many Requests (sleep 6s)
07:59:53   retry 2/7 after HTTPError: HTTP Error 429: Too Many Requests (sleep 6s)
07:59:57   retry 3/7 after HTTPError: HTTP Error 429: Too Many Requests (sleep 12s)
07:59:58   retry 3/7 after HTTPError: HTTP Error 429: Too Many Requests (sleep 12s)
07:59:59   retry 3/7 after HTTPError: HTTP Error 429: Too Many Requests (sleep 12s)
07:59:59   retry 3/7 after HTTPError: HTTP Error 429: Too Many Requests (sleep 12s)
08:00:00   retry 3/7 after HTTPError: HTTP Error 429: Too Many Requests (sleep 12s)
08:00:00   retry 3/7 after HTTPError: HTTP Error 429: Too Many Requests (sleep 12s)
08:00:12 n0_b106: 1503 accounts (1.00MB)
08:00:15 n0_b107: 1435 accounts (0.96MB)
08:00:20 n0_b108: 1430 accounts (0.96MB)
08:00:20 n0_b110: 1447 accounts (0.97MB)
08:00:20 n0_b112: 1469 accounts (0.98MB)
08:00:20 n0_b113: 1530 accounts (1.02MB)
08:00:21 n0_b109: 1468 accounts (0.98MB)
08:00:24 n0_b115: 1475 accounts (0.99MB)
08:00:24 n0_b114: 1473 accounts (0.98MB)
08:00:24 n0_b116: 1480 accounts (0.99MB)
08:00:24 n0_b117: 1494 accounts (1.00MB)
08:00:25 n0_b118: 1433 accounts (0.96MB)
08:00:25 n0_b111: 1410 accounts (0.94MB)
08:00:27 n0_b119: 1424 accounts (0.95MB)
08:00:29 n0_b120: 1355 accounts (0.91MB)
08:00:29 n0_b121: 1497 accounts (1.00MB)
08:00:30 n0_b122: 1524 accounts (1.02MB)
08:00:31   retry 1/7 after HTTPError: HTTP Error 429: Too Many Requests (sleep 3s)
08:00:33 n0_b123: 1466 accounts (0.98MB)
08:00:33 n0_b125: 1463 accounts (0.98MB)
08:00:33 n0_b127: 1413 accounts (0.94MB)
08:00:34 n0_b126: 1436 accounts (0.96MB)
08:00:34   retry 1/7 after HTTPError: HTTP Error 429: Too Many Requests (sleep 3s)
08:00:34   retry 1/7 after HTTPError: HTTP Error 429: Too Many Requests (sleep 3s)
08:00:34   retry 2/7 after HTTPError: HTTP Error 429: Too Many Requests (sleep 6s)
08:00:36 n0_b129: 1446 accounts (0.97MB)
08:00:36 n0_b130: 1425 accounts (0.95MB)
08:00:37   retry 1/7 after HTTPError: HTTP Error 429: Too Many Requests (sleep 3s)
08:00:37   retry 1/7 after HTTPError: HTTP Error 429: Too Many Requests (sleep 3s)
08:00:38 n0_b124: 1532 accounts (1.02MB)
08:00:39   retry 2/7 after HTTPError: HTTP Error 429: Too Many Requests (sleep 6s)
08:00:39   retry 1/7 after HTTPError: HTTP Error 429: Too Many Requests (sleep 3s)
08:00:40   retry 2/7 after HTTPError: HTTP Error 429: Too Many Requests (sleep 6s)
08:00:40   retry 2/7 after HTTPError: HTTP Error 429: Too Many Requests (sleep 6s)
08:00:41   retry 2/7 after HTTPError: HTTP Error 429: Too Many Requests (sleep 6s)
08:00:41   retry 3/7 after HTTPError: HTTP Error 429: Too Many Requests (sleep 12s)
08:00:43   retry 2/7 after HTTPError: HTTP Error 429: Too Many Requests (sleep 6s)
08:00:46   retry 3/7 after HTTPError: HTTP Error 429: Too Many Requests (sleep 12s)
08:00:47   retry 3/7 after HTTPError: HTTP Error 429: Too Many Requests (sleep 12s)
08:00:47   retry 3/7 after HTTPError: HTTP Error 429: Too Many Requests (sleep 12s)
08:00:49 n0_b131: 1387 accounts (0.93MB)
08:00:54 n0_b135: 1455 accounts (0.97MB)
08:00:54 n0_b136: 1381 accounts (0.92MB)
08:00:57 n0_b128: 1432 accounts (0.96MB)
08:00:58 n0_b137: 1458 accounts (0.97MB)
08:00:59 n0_b138: 1458 accounts (0.97MB)
08:01:00 n0_b139: 1483 accounts (0.99MB)
08:01:03 n0_b132: 1397 accounts (0.93MB)
08:01:06 n0_b134: 1464 accounts (0.98MB)
08:01:09 n0_b141: 1474 accounts (0.98MB)
08:01:10 n0_b133: 1441 accounts (0.96MB)
08:01:10 n0_b143: 1457 accounts (0.97MB)
08:01:10 n0_b144: 1433 accounts (0.96MB)
08:01:11 n0_b142: 1523 accounts (1.02MB)
08:01:11 n0_b140: 1372 accounts (0.92MB)
08:01:18 n0_b147: 1420 accounts (0.95MB)
08:01:19 n0_b148: 1478 accounts (0.99MB)
08:01:20 n0_b150: 1442 accounts (0.96MB)
08:01:20 n0_b149: 1427 accounts (0.95MB)
08:01:20 n0_b146: 1455 accounts (0.97MB)
08:01:21 n0_b145: 1399 accounts (0.93MB)
08:01:21 n0_b151: 1431 accounts (0.96MB)
08:01:23 n0_b152: 1461 accounts (0.98MB)
08:01:24 n0_b153: 1502 accounts (1.00MB)
08:01:24 n0_b154: 1417 accounts (0.95MB)
08:01:24 n0_b155: 1399 accounts (0.93MB)
08:01:25 n0_b157: 1480 accounts (0.99MB)
08:01:25 n0_b156: 1538 accounts (1.03MB)
08:01:26 n0_b158: 1453 accounts (0.97MB)
08:01:26   retry 1/7 after HTTPError: HTTP Error 429: Too Many Requests (sleep 3s)
08:01:27   retry 1/7 after HTTPError: HTTP Error 429: Too Many Requests (sleep 3s)
08:01:27 n0_b159: 1433 accounts (0.96MB)
08:01:28   retry 1/7 after HTTPError: HTTP Error 429: Too Many Requests (sleep 3s)
08:01:28 n0_b160: 1408 accounts (0.94MB)
08:01:28 n0_b161: 1432 accounts (0.96MB)
08:01:29 n0_b163: 1468 accounts (0.98MB)
08:01:29   retry 1/7 after HTTPError: HTTP Error 429: Too Many Requests (sleep 3s)
08:01:29   retry 1/7 after HTTPError: HTTP Error 429: Too Many Requests (sleep 3s)
08:01:29   retry 1/7 after HTTPError: HTTP Error 429: Too Many Requests (sleep 3s)
08:01:29   retry 2/7 after HTTPError: HTTP Error 429: Too Many Requests (sleep 6s)
08:01:30   retry 2/7 after HTTPError: HTTP Error 429: Too Many Requests (sleep 6s)
08:01:31   retry 2/7 after HTTPError: HTTP Error 429: Too Many Requests (sleep 6s)
08:01:32   retry 2/7 after HTTPError: HTTP Error 429: Too Many Requests (sleep 6s)
08:01:33   retry 2/7 after HTTPError: HTTP Error 429: Too Many Requests (sleep 6s)
08:01:33   retry 2/7 after HTTPError: HTTP Error 429: Too Many Requests (sleep 6s)
08:01:36   retry 3/7 after HTTPError: HTTP Error 429: Too Many Requests (sleep 12s)
08:01:37   retry 3/7 after HTTPError: HTTP Error 429: Too Many Requests (sleep 12s)
08:01:38   retry 3/7 after HTTPError: HTTP Error 429: Too Many Requests (sleep 12s)
08:01:39   retry 3/7 after HTTPError: HTTP Error 429: Too Many Requests (sleep 12s)
08:01:39   retry 3/7 after HTTPError: HTTP Error 429: Too Many Requests (sleep 12s)
08:01:39   retry 3/7 after HTTPError: HTTP Error 429: Too Many Requests (sleep 12s)
08:01:51 n0_b162: 1432 accounts (0.96MB)
08:01:52 n0_b164: 1408 accounts (0.94MB)
08:01:54 n0_b165: 1413 accounts (0.94MB)
08:01:59 n0_b166: 1427 accounts (0.95MB)
08:01:59 n0_b167: 1470 accounts (0.98MB)
08:01:59 n0_b169: 1495 accounts (1.00MB)
08:01:59 n0_b168: 1550 accounts (1.04MB)
08:01:59 n0_b170: 1428 accounts (0.95MB)
08:01:59 n0_b171: 1484 accounts (0.99MB)
08:02:03 n0_b172: 1482 accounts (0.99MB)
08:02:03 n0_b173: 1427 accounts (0.95MB)
08:02:03 n0_b174: 1420 accounts (0.95MB)
08:02:05 n0_b176: 1496 accounts (1.00MB)
08:02:05 n0_b177: 1486 accounts (0.99MB)
08:02:05 n0_b175: 1476 accounts (0.99MB)
08:02:10 n0_b179: 1461 accounts (0.98MB)
08:02:11 n0_b180: 1492 accounts (1.00MB)
08:02:11 n0_b181: 1372 accounts (0.92MB)
08:02:11 n0_b182: 1446 accounts (0.97MB)
08:02:11 n0_b183: 1491 accounts (1.00MB)
08:02:11 n0_b178: 1460 accounts (0.98MB)
08:02:12   retry 1/7 after HTTPError: HTTP Error 429: Too Many Requests (sleep 3s)
08:02:12   retry 1/7 after HTTPError: HTTP Error 429: Too Many Requests (sleep 3s)
08:02:16   retry 2/7 after HTTPError: HTTP Error 429: Too Many Requests (sleep 6s)
08:02:16   retry 2/7 after HTTPError: HTTP Error 429: Too Many Requests (sleep 6s)
08:02:17 n0_b184: 1430 accounts (0.96MB)
08:02:17 n0_b189: 1553 accounts (1.04MB)
08:02:17 n0_b185: 1442 accounts (0.96MB)
08:02:17 n0_b187: 1511 accounts (1.01MB)
08:02:18   retry 1/7 after HTTPError: HTTP Error 429: Too Many Requests (sleep 3s)
08:02:18   retry 1/7 after HTTPError: HTTP Error 429: Too Many Requests (sleep 3s)
08:02:18   retry 1/7 after HTTPError: HTTP Error 429: Too Many Requests (sleep 3s)
08:02:18   retry 1/7 after HTTPError: HTTP Error 429: Too Many Requests (sleep 3s)
08:02:21   retry 2/7 after HTTPError: HTTP Error 429: Too Many Requests (sleep 6s)
08:02:21   retry 2/7 after HTTPError: HTTP Error 429: Too Many Requests (sleep 6s)
08:02:21   retry 2/7 after HTTPError: HTTP Error 429: Too Many Requests (sleep 6s)
08:02:21   retry 2/7 after HTTPError: HTTP Error 429: Too Many Requests (sleep 6s)
08:02:23   retry 3/7 after HTTPError: HTTP Error 429: Too Many Requests (sleep 12s)
08:02:23   retry 3/7 after HTTPError: HTTP Error 429: Too Many Requests (sleep 12s)
08:02:28   retry 3/7 after HTTPError: HTTP Error 429: Too Many Requests (sleep 12s)
08:02:28   retry 3/7 after HTTPError: HTTP Error 429: Too Many Requests (sleep 12s)
08:02:30 n0_b192: 1372 accounts (0.92MB)
08:02:30 n0_b191: 1520 accounts (1.02MB)
08:02:33 n0_b194: 1418 accounts (0.95MB)
08:02:34 n0_b195: 1438 accounts (0.96MB)
08:02:36 n0_b196: 1483 accounts (0.99MB)
08:02:36 n0_b197: 1420 accounts (0.95MB)
08:02:38 n0_b188: 1425 accounts (0.95MB)
08:02:39 n0_b186: 1442 accounts (0.96MB)
08:02:39 n0_b198: 1457 accounts (0.97MB)
08:02:39 n0_b199: 1423 accounts (0.95MB)
08:02:40   retry 1/7 after HTTPError: HTTP Error 429: Too Many Requests (sleep 3s)
08:02:40   retry 1/7 after HTTPError: HTTP Error 429: Too Many Requests (sleep 3s)
08:02:41   retry 4/7 after HTTPError: HTTP Error 429: Too Many Requests (sleep 24s)
08:02:41   retry 4/7 after HTTPError: HTTP Error 429: Too Many Requests (sleep 24s)
08:02:41 n0_b200: 1391 accounts (0.93MB)
08:02:41 n0_b201: 1380 accounts (0.92MB)
08:02:42   retry 1/7 after HTTPError: HTTP Error 429: Too Many Requests (sleep 3s)
08:02:42   retry 1/7 after HTTPError: HTTP Error 429: Too Many Requests (sleep 3s)
08:02:44   retry 2/7 after HTTPError: HTTP Error 429: Too Many Requests (sleep 6s)
08:02:44   retry 2/7 after HTTPError: HTTP Error 429: Too Many Requests (sleep 6s)
08:02:45   retry 2/7 after HTTPError: HTTP Error 429: Too Many Requests (sleep 6s)
08:02:46   retry 2/7 after HTTPError: HTTP Error 429: Too Many Requests (sleep 6s)
08:02:54 n0_b203: 1410 accounts (0.94MB)
08:02:54 n0_b202: 1450 accounts (0.97MB)
08:02:55 n0_b204: 1450 accounts (0.97MB)
08:02:55 n0_b205: 1420 accounts (0.95MB)
08:02:57 n0_b207: 1396 accounts (0.93MB)
08:02:57 n0_b206: 1548 accounts (1.03MB)
08:02:58 n0_b208: 1492 accounts (1.00MB)
08:02:59 n0_b209: 1485 accounts (0.99MB)
08:03:01 n0_b211: 1422 accounts (0.95MB)
08:03:01 n0_b210: 1375 accounts (0.92MB)
08:03:02 n0_b212: 1473 accounts (0.98MB)
08:03:02 n0_b213: 1485 accounts (0.99MB)
08:03:04   retry 1/7 after HTTPError: HTTP Error 429: Too Many Requests (sleep 3s)
08:03:06 n0_b214: 1436 accounts (0.96MB)
08:03:06 n0_b215: 1506 accounts (1.01MB)
08:03:06   retry 5/7 after HTTPError: HTTP Error 429: Too Many Requests (sleep 48s)
08:03:06 n0_b217: 1442 accounts (0.96MB)
08:03:07   retry 1/7 after HTTPError: HTTP Error 429: Too Many Requests (sleep 3s)
08:03:08   retry 1/7 after HTTPError: HTTP Error 429: Too Many Requests (sleep 3s)
08:03:08   retry 2/7 after HTTPError: HTTP Error 429: Too Many Requests (sleep 6s)
08:03:09   retry 1/7 after HTTPError: HTTP Error 429: Too Many Requests (sleep 3s)
08:03:11 n0_b190: 1494 accounts (1.00MB)
08:03:12   retry 1/7 after HTTPError: HTTP Error 429: Too Many Requests (sleep 3s)
08:03:12   retry 2/7 after HTTPError: HTTP Error 429: Too Many Requests (sleep 6s)
08:03:13   retry 2/7 after HTTPError: HTTP Error 429: Too Many Requests (sleep 6s)
08:03:15 n0_b218: 1454 accounts (0.97MB)
08:03:16   retry 2/7 after HTTPError: HTTP Error 429: Too Many Requests (sleep 6s)
08:03:16   retry 1/7 after HTTPError: HTTP Error 429: Too Many Requests (sleep 3s)
08:03:18 n0_b216: 1397 accounts (0.93MB)
08:03:19   retry 1/7 after HTTPError: HTTP Error 429: Too Many Requests (sleep 3s)
08:03:20   retry 2/7 after HTTPError: HTTP Error 429: Too Many Requests (sleep 6s)
08:03:22 n0_b220: 1414 accounts (0.94MB)
08:03:23   retry 3/7 after HTTPError: HTTP Error 429: Too Many Requests (sleep 12s)
08:03:23 n0_b219: 1430 accounts (0.96MB)
08:03:24   retry 1/7 after HTTPError: HTTP Error 429: Too Many Requests (sleep 3s)
08:03:26 n0_b223: 1484 accounts (0.99MB)
08:03:26 n0_b224: 1444 accounts (0.96MB)
08:03:27   retry 3/7 after HTTPError: HTTP Error 429: Too Many Requests (sleep 12s)
08:03:28   retry 2/7 after HTTPError: HTTP Error 429: Too Many Requests (sleep 6s)
08:03:32 n0_b227: 1470 accounts (0.98MB)
08:03:32 n0_b226: 1430 accounts (0.96MB)
08:03:37 n0_b228: 1471 accounts (0.98MB)
08:03:37 n0_b229: 1459 accounts (0.97MB)
08:03:38 n0_b225: 1466 accounts (0.98MB)
08:03:39 n0_b221: 1492 accounts (1.00MB)
08:03:43 n0_b230: 1439 accounts (0.96MB)
08:03:45 n0_b231: 1499 accounts (1.00MB)
08:03:45 n0_b232: 1498 accounts (1.00MB)
08:03:51 n0_b222: 1461 accounts (0.98MB)
08:03:51 n0_b233: 1444 accounts (0.96MB)
08:03:51 n0_b236: 1440 accounts (0.96MB)
08:03:51 n0_b234: 1434 accounts (0.96MB)
08:03:52 n0_b235: 1435 accounts (0.96MB)
08:03:57 n0_b237: 1431 accounts (0.96MB)
08:03:58 n0_b238: 1458 accounts (0.97MB)
08:03:58 n0_b241: 1473 accounts (0.98MB)
08:03:58 n0_b239: 1482 accounts (0.99MB)
08:03:58 n0_b240: 1498 accounts (1.00MB)
08:04:00 n0_b193: 1407 accounts (0.94MB)
08:04:04 n0_b242: 1484 accounts (0.99MB)
08:04:06 n0_b243: 1464 accounts (0.98MB)
08:04:06 n0_b246: 1439 accounts (0.96MB)
08:04:06 n0_b244: 1416 accounts (0.95MB)
08:04:07 n0_b245: 1455 accounts (0.97MB)
08:04:07 n0_b247: 1452 accounts (0.97MB)
08:04:09 n0_b248: 1466 accounts (0.98MB)
08:04:09 n0_b249: 1446 accounts (0.97MB)
08:04:10 n0_b250: 1398 accounts (0.93MB)
08:04:15 n0_b252: 1497 accounts (1.00MB)
08:04:17   retry 1/7 after IncompleteRead: IncompleteRead(902495 bytes read) (sleep 3s)
08:04:19 n0_b251: 1443 accounts (0.96MB)
08:04:19 n1_b1: 691 accounts (0.46MB)
08:04:19 n0_b255: 1525 accounts (1.02MB)
08:04:21 n1_b2: 704 accounts (0.47MB)
08:04:22 n1_b4: 695 accounts (0.46MB)
08:04:22 n1_b3: 686 accounts (0.46MB)
08:04:23 n0_b253: 1434 accounts (0.96MB)
08:04:24 n1_b5: 695 accounts (0.46MB)
08:04:25   retry 1/7 after HTTPError: HTTP Error 429: Too Many Requests (sleep 3s)
08:04:25 n1_b7: 650 accounts (0.43MB)
08:04:26 n1_b6: 724 accounts (0.48MB)
08:04:26 n0_b254: 1515 accounts (1.01MB)
08:04:26 n1_b8: 726 accounts (0.48MB)
08:04:26 nonce 0: chunks done sum=370903 fails=0
08:04:26   retry 1/7 after HTTPError: HTTP Error 429: Too Many Requests (sleep 3s)
08:04:27   retry 1/7 after HTTPError: HTTP Error 429: Too Many Requests (sleep 3s)
08:04:27   retry 1/7 after HTTPError: HTTP Error 429: Too Many Requests (sleep 3s)
08:04:27 n1_b10: 646 accounts (0.43MB)
08:04:28   retry 1/7 after HTTPError: HTTP Error 429: Too Many Requests (sleep 3s)
08:04:29   retry 2/7 after HTTPError: HTTP Error 429: Too Many Requests (sleep 6s)
08:04:29   retry 1/7 after HTTPError: HTTP Error 429: Too Many Requests (sleep 3s)
08:04:30   retry 2/7 after HTTPError: HTTP Error 429: Too Many Requests (sleep 6s)
08:04:30   retry 2/7 after HTTPError: HTTP Error 429: Too Many Requests (sleep 6s)
08:04:30   retry 2/7 after HTTPError: HTTP Error 429: Too Many Requests (sleep 6s)
08:04:32   retry 2/7 after HTTPError: HTTP Error 429: Too Many Requests (sleep 6s)
08:04:32   retry 2/7 after HTTPError: HTTP Error 429: Too Many Requests (sleep 6s)
08:04:35   retry 3/7 after HTTPError: HTTP Error 429: Too Many Requests (sleep 12s)
08:04:36   retry 3/7 after HTTPError: HTTP Error 429: Too Many Requests (sleep 12s)
08:04:37   retry 3/7 after HTTPError: HTTP Error 429: Too Many Requests (sleep 12s)
08:04:37   retry 3/7 after HTTPError: HTTP Error 429: Too Many Requests (sleep 12s)
08:04:38   retry 3/7 after HTTPError: HTTP Error 429: Too Many Requests (sleep 12s)
08:04:39   retry 3/7 after HTTPError: HTTP Error 429: Too Many Requests (sleep 12s)
08:04:50 n1_b9: 701 accounts (0.47MB)
08:04:51 n1_b11: 671 accounts (0.45MB)
08:04:51 n1_b13: 680 accounts (0.45MB)
08:04:51 n1_b12: 723 accounts (0.48MB)
08:04:52   retry 1/7 after HTTPError: HTTP Error 429: Too Many Requests (sleep 3s)
08:04:52   retry 1/7 after IncompleteRead: IncompleteRead(27 bytes read) (sleep 3s)
08:04:53 n1_b14: 649 accounts (0.43MB)
08:04:54 n1_b17: 664 accounts (0.44MB)
08:04:54 n1_b0: 686 accounts (0.46MB)
08:04:54 n1_b16: 704 accounts (0.47MB)
08:04:54   retry 1/7 after HTTPError: HTTP Error 429: Too Many Requests (sleep 3s)
08:04:54   retry 1/7 after HTTPError: HTTP Error 429: Too Many Requests (sleep 3s)
08:04:54   retry 1/7 after HTTPError: HTTP Error 429: Too Many Requests (sleep 3s)
08:04:54   retry 1/7 after HTTPError: HTTP Error 429: Too Many Requests (sleep 3s)
08:04:56   retry 2/7 after HTTPError: HTTP Error 429: Too Many Requests (sleep 6s)
08:04:56   retry 2/7 after HTTPError: HTTP Error 429: Too Many Requests (sleep 6s)
08:04:58   retry 2/7 after HTTPError: HTTP Error 429: Too Many Requests (sleep 6s)
08:04:58   retry 2/7 after HTTPError: HTTP Error 429: Too Many Requests (sleep 6s)
08:04:58   retry 2/7 after HTTPError: HTTP Error 429: Too Many Requests (sleep 6s)
08:04:58   retry 2/7 after HTTPError: HTTP Error 429: Too Many Requests (sleep 6s)
08:05:03   retry 3/7 after HTTPError: HTTP Error 429: Too Many Requests (sleep 12s)
08:05:04 n1_b18: 672 accounts (0.45MB)
08:05:05   retry 3/7 after HTTPError: HTTP Error 429: Too Many Requests (sleep 12s)
08:05:05   retry 3/7 after HTTPError: HTTP Error 429: Too Many Requests (sleep 12s)
08:05:05   retry 1/7 after HTTPError: HTTP Error 429: Too Many Requests (sleep 3s)
08:05:06   retry 3/7 after IncompleteRead: IncompleteRead(0 bytes read) (sleep 12s)
08:05:06   retry 3/7 after IncompleteRead: IncompleteRead(201094 bytes read) (sleep 12s)
08:05:10 n1_b23: 712 accounts (0.48MB)
08:05:12 n1_b24: 728 accounts (0.49MB)
08:05:14 n1_b25: 685 accounts (0.46MB)
08:05:17 n1_b26: 684 accounts (0.46MB)
08:05:17 n1_b15: 648 accounts (0.43MB)
08:05:19 n1_b22: 699 accounts (0.47MB)
08:05:19 n1_b27: 668 accounts (0.45MB)
08:05:19 n1_b21: 690 accounts (0.46MB)
08:05:20   retry 1/7 after HTTPError: HTTP Error 429: Too Many Requests (sleep 3s)
08:05:20 n1_b28: 692 accounts (0.46MB)
08:05:20   retry 1/7 after HTTPError: HTTP Error 429: Too Many Requests (sleep 3s)
08:05:21 n1_b19: 743 accounts (0.50MB)
08:05:21   retry 1/7 after HTTPError: HTTP Error 429: Too Many Requests (sleep 3s)
08:05:21 n1_b20: 691 accounts (0.46MB)
08:05:22   retry 1/7 after HTTPError: HTTP Error 429: Too Many Requests (sleep 3s)
08:05:22 n1_b29: 680 accounts (0.45MB)
08:05:22   retry 1/7 after HTTPError: HTTP Error 429: Too Many Requests (sleep 3s)
08:05:22   retry 1/7 after HTTPError: HTTP Error 429: Too Many Requests (sleep 3s)
08:05:24   retry 2/7 after HTTPError: HTTP Error 429: Too Many Requests (sleep 6s)
08:05:24   retry 2/7 after HTTPError: HTTP Error 429: Too Many Requests (sleep 6s)
08:05:25   retry 2/7 after HTTPError: HTTP Error 429: Too Many Requests (sleep 6s)
08:05:25   retry 2/7 after HTTPError: HTTP Error 429: Too Many Requests (sleep 6s)
08:05:26   retry 2/7 after HTTPError: HTTP Error 429: Too Many Requests (sleep 6s)
08:05:26   retry 2/7 after HTTPError: HTTP Error 429: Too Many Requests (sleep 6s)
08:05:30   retry 3/7 after HTTPError: HTTP Error 429: Too Many Requests (sleep 12s)
08:05:30   retry 3/7 after HTTPError: HTTP Error 429: Too Many Requests (sleep 12s)
08:05:31   retry 3/7 after HTTPError: HTTP Error 429: Too Many Requests (sleep 12s)
08:05:32   retry 3/7 after HTTPError: HTTP Error 429: Too Many Requests (sleep 12s)
08:05:32   retry 3/7 after HTTPError: HTTP Error 429: Too Many Requests (sleep 12s)
08:05:33   retry 3/7 after HTTPError: HTTP Error 429: Too Many Requests (sleep 12s)
08:05:45 n1_b31: 650 accounts (0.43MB)
08:05:45 n1_b30: 683 accounts (0.46MB)
08:05:46 n1_b32: 680 accounts (0.45MB)
08:05:48 n1_b33: 647 accounts (0.43MB)
08:05:48 n1_b34: 749 accounts (0.50MB)
08:05:49 n1_b35: 670 accounts (0.45MB)
08:05:49   retry 1/7 after IncompleteRead: IncompleteRead(234494 bytes read) (sleep 3s)
08:05:50 n1_b36: 699 accounts (0.47MB)
08:05:50 n1_b38: 690 accounts (0.46MB)
08:05:50   retry 1/7 after HTTPError: HTTP Error 429: Too Many Requests (sleep 3s)
08:05:51   retry 1/7 after HTTPError: HTTP Error 429: Too Many Requests (sleep 3s)
08:05:51 n1_b40: 682 accounts (0.46MB)
08:05:51 n1_b39: 675 accounts (0.45MB)
08:05:51   retry 1/7 after HTTPError: HTTP Error 429: Too Many Requests (sleep 3s)
08:05:51 n1_b41: 730 accounts (0.49MB)
08:05:51   retry 1/7 after HTTPError: HTTP Error 429: Too Many Requests (sleep 3s)
08:05:52   retry 1/7 after HTTPError: HTTP Error 429: Too Many Requests (sleep 3s)
08:05:53   retry 2/7 after HTTPError: HTTP Error 429: Too Many Requests (sleep 6s)
08:05:54   retry 2/7 after HTTPError: HTTP Error 429: Too Many Requests (sleep 6s)
08:05:54   retry 2/7 after HTTPError: HTTP Error 429: Too Many Requests (sleep 6s)
08:05:55   retry 2/7 after HTTPError: HTTP Error 429: Too Many Requests (sleep 6s)
08:05:55   retry 2/7 after HTTPError: HTTP Error 429: Too Many Requests (sleep 6s)
08:05:56   retry 2/7 after HTTPError: HTTP Error 429: Too Many Requests (sleep 6s)
08:05:59   retry 3/7 after HTTPError: HTTP Error 429: Too Many Requests (sleep 12s)
08:06:01   retry 3/7 after HTTPError: HTTP Error 429: Too Many Requests (sleep 12s)
08:06:01   retry 3/7 after HTTPError: HTTP Error 429: Too Many Requests (sleep 12s)
08:06:02   retry 3/7 after HTTPError: HTTP Error 429: Too Many Requests (sleep 12s)
08:06:04   retry 3/7 after HTTPError: HTTP Error 429: Too Many Requests (sleep 12s)
08:06:05 n1_b45: 704 accounts (0.47MB)
08:06:08   retry 1/7 after IncompleteRead: IncompleteRead(0 bytes read) (sleep 3s)
08:06:15   retry 4/7 after IncompleteRead: IncompleteRead(0 bytes read) (sleep 24s)
08:06:15   retry 2/7 after IncompleteRead: IncompleteRead(0 bytes read) (sleep 6s)
08:06:17   retry 4/7 after IncompleteRead: IncompleteRead(0 bytes read) (sleep 24s)
08:06:17   retry 4/7 after IncompleteRead: IncompleteRead(0 bytes read) (sleep 24s)
08:06:17   retry 4/7 after IncompleteRead: IncompleteRead(234494 bytes read) (sleep 24s)
08:06:20 n1_b46: 688 accounts (0.46MB)
08:06:22 n1_b48: 712 accounts (0.48MB)
08:06:23 n1_b47: 713 accounts (0.48MB)
08:06:29 n1_b49: 693 accounts (0.46MB)
08:06:32   retry 1/7 after IncompleteRead: IncompleteRead(167694 bytes read) (sleep 3s)
08:06:35 n1_b51: 624 accounts (0.42MB)
08:06:37 n1_b52: 653 accounts (0.44MB)
08:06:37 n1_b50: 721 accounts (0.48MB)
08:06:41   retry 1/7 after IncompleteRead: IncompleteRead(167694 bytes read) (sleep 3s)
08:06:44 n1_b44: 694 accounts (0.46MB)
08:06:44   retry 5/7 after IncompleteRead: IncompleteRead(0 bytes read) (sleep 48s)
08:06:44 n1_b43: 735 accounts (0.49MB)
08:06:46 n1_b55: 713 accounts (0.48MB)
08:06:47 n1_b56: 727 accounts (0.49MB)
08:06:47 n1_b54: 680 accounts (0.45MB)
08:06:48   retry 1/7 after HTTPError: HTTP Error 429: Too Many Requests (sleep 3s)
08:06:48 n1_b57: 656 accounts (0.44MB)
08:06:49 n1_b37: 666 accounts (0.44MB)
08:06:49   retry 1/7 after HTTPError: HTTP Error 429: Too Many Requests (sleep 3s)
08:06:49 n1_b53: 676 accounts (0.45MB)
08:06:50   retry 1/7 after HTTPError: HTTP Error 429: Too Many Requests (sleep 3s)
08:06:50 n1_b58: 680 accounts (0.45MB)
08:06:50   retry 1/7 after HTTPError: HTTP Error 429: Too Many Requests (sleep 3s)
08:06:50   retry 1/7 after HTTPError: HTTP Error 429: Too Many Requests (sleep 3s)
08:06:51   retry 2/7 after HTTPError: HTTP Error 429: Too Many Requests (sleep 6s)
08:06:53   retry 2/7 after HTTPError: HTTP Error 429: Too Many Requests (sleep 6s)
08:06:53   retry 2/7 after HTTPError: HTTP Error 429: Too Many Requests (sleep 6s)
08:06:54   retry 2/7 after HTTPError: HTTP Error 429: Too Many Requests (sleep 6s)
08:06:54   retry 2/7 after HTTPError: HTTP Error 429: Too Many Requests (sleep 6s)
08:06:58   retry 3/7 after HTTPError: HTTP Error 429: Too Many Requests (sleep 12s)
08:07:02 n1_b60: 699 accounts (0.47MB)
08:07:03 n1_b61: 685 accounts (0.46MB)
08:07:03 n1_b62: 713 accounts (0.48MB)
08:07:03 n1_b63: 685 accounts (0.46MB)
08:07:05 n1_b64: 654 accounts (0.44MB)
08:07:06 n1_b65: 700 accounts (0.47MB)
08:07:06 n1_b67: 690 accounts (0.46MB)
08:07:06 n1_b66: 706 accounts (0.47MB)
08:07:08 n1_b68: 711 accounts (0.47MB)
08:07:09 n1_b70: 677 accounts (0.45MB)
08:07:09 n1_b71: 706 accounts (0.47MB)
08:07:09 n1_b69: 720 accounts (0.48MB)
08:07:10 n1_b72: 717 accounts (0.48MB)
08:07:11 n1_b73: 732 accounts (0.49MB)
08:07:11 n1_b74: 710 accounts (0.47MB)
08:07:12 n1_b75: 748 accounts (0.50MB)
08:07:12   retry 1/7 after HTTPError: HTTP Error 429: Too Many Requests (sleep 3s)
08:07:12   retry 1/7 after HTTPError: HTTP Error 429: Too Many Requests (sleep 3s)
08:07:12   retry 1/7 after HTTPError: HTTP Error 429: Too Many Requests (sleep 3s)
08:07:12 n1_b76: 693 accounts (0.46MB)
08:07:12 n1_b59: 706 accounts (0.47MB)
08:07:13   retry 1/7 after HTTPError: HTTP Error 429: Too Many Requests (sleep 3s)
08:07:13   retry 1/7 after HTTPError: HTTP Error 429: Too Many Requests (sleep 3s)
08:07:15   retry 2/7 after HTTPError: HTTP Error 429: Too Many Requests (sleep 6s)
08:07:16   retry 2/7 after HTTPError: HTTP Error 429: Too Many Requests (sleep 6s)
08:07:16   retry 2/7 after HTTPError: HTTP Error 429: Too Many Requests (sleep 6s)
08:07:19   retry 2/7 after HTTPError: HTTP Error 429: Too Many Requests (sleep 6s)
08:07:21   retry 2/7 after HTTPError: HTTP Error 429: Too Many Requests (sleep 6s)
08:07:23   retry 3/7 after HTTPError: HTTP Error 429: Too Many Requests (sleep 12s)
08:07:24 n1_b77: 673 accounts (0.45MB)
08:07:24 n1_b78: 667 accounts (0.45MB)
08:07:26 n1_b83: 658 accounts (0.44MB)
08:07:26 n1_b82: 654 accounts (0.44MB)
08:07:27 n1_b81: 712 accounts (0.48MB)
08:07:27   retry 1/7 after HTTPError: HTTP Error 429: Too Many Requests (sleep 3s)
08:07:29 n1_b84: 676 accounts (0.45MB)
08:07:29 n1_b85: 670 accounts (0.45MB)
08:07:29 n1_b80: 717 accounts (0.48MB)
08:07:30   retry 1/7 after HTTPError: HTTP Error 429: Too Many Requests (sleep 3s)
08:07:30   retry 1/7 after HTTPError: HTTP Error 429: Too Many Requests (sleep 3s)
08:07:31   retry 2/7 after HTTPError: HTTP Error 429: Too Many Requests (sleep 6s)
08:07:31 n1_b87: 686 accounts (0.46MB)
08:07:32   retry 1/7 after HTTPError: HTTP Error 429: Too Many Requests (sleep 3s)
08:07:32   retry 6/7 after HTTPError: HTTP Error 429: Too Many Requests (sleep 60s)
08:07:33   retry 2/7 after HTTPError: HTTP Error 429: Too Many Requests (sleep 6s)
08:07:34   retry 2/7 after HTTPError: HTTP Error 429: Too Many Requests (sleep 6s)
08:07:35   retry 4/7 after HTTPError: HTTP Error 429: Too Many Requests (sleep 24s)
08:07:35   retry 2/7 after HTTPError: HTTP Error 429: Too Many Requests (sleep 6s)
08:07:38   retry 3/7 after HTTPError: HTTP Error 429: Too Many Requests (sleep 12s)
08:07:40   retry 3/7 after HTTPError: HTTP Error 429: Too Many Requests (sleep 12s)
08:07:41 n1_b88: 661 accounts (0.44MB)
08:07:44 n1_b91: 722 accounts (0.48MB)
08:07:44 n1_b90: 703 accounts (0.47MB)
08:07:47 n1_b92: 727 accounts (0.49MB)
08:07:47 n1_b93: 701 accounts (0.47MB)
08:07:49 n1_b94: 716 accounts (0.48MB)
08:07:49 n1_b95: 698 accounts (0.47MB)
08:07:53 n1_b96: 639 accounts (0.43MB)
08:07:53 n1_b86: 691 accounts (0.46MB)
08:07:53 n1_b97: 712 accounts (0.48MB)
08:07:54 n1_b89: 690 accounts (0.46MB)
08:07:55   retry 1/7 after HTTPError: HTTP Error 429: Too Many Requests (sleep 3s)
08:07:55 n1_b98: 732 accounts (0.49MB)
08:07:55 n1_b100: 669 accounts (0.45MB)
08:07:55   retry 1/7 after HTTPError: HTTP Error 429: Too Many Requests (sleep 3s)
08:07:56 n1_b99: 693 accounts (0.46MB)
08:07:56   retry 1/7 after HTTPError: HTTP Error 429: Too Many Requests (sleep 3s)
08:07:56   retry 1/7 after HTTPError: HTTP Error 429: Too Many Requests (sleep 3s)
08:07:58   retry 2/7 after HTTPError: HTTP Error 429: Too Many Requests (sleep 6s)
08:07:59   retry 2/7 after HTTPError: HTTP Error 429: Too Many Requests (sleep 6s)
08:08:00   retry 2/7 after HTTPError: HTTP Error 429: Too Many Requests (sleep 6s)
08:08:00   retry 2/7 after HTTPError: HTTP Error 429: Too Many Requests (sleep 6s)
08:08:00   retry 5/7 after HTTPError: HTTP Error 429: Too Many Requests (sleep 48s)
08:08:09 n1_b101: 686 accounts (0.46MB)
08:08:09 n1_b102: 703 accounts (0.47MB)
08:08:09 n1_b103: 645 accounts (0.43MB)
08:08:09 n1_b104: 717 accounts (0.48MB)
08:08:11 n1_b105: 649 accounts (0.43MB)
08:08:12 n1_b106: 671 accounts (0.45MB)
08:08:12 n1_b107: 663 accounts (0.44MB)
08:08:12 n1_b108: 672 accounts (0.45MB)
08:08:12   retry 1/7 after HTTPError: HTTP Error 429: Too Many Requests (sleep 3s)
08:08:12   retry 1/7 after HTTPError: HTTP Error 429: Too Many Requests (sleep 3s)
08:08:12 n1_b109: 679 accounts (0.45MB)
08:08:13   retry 1/7 after HTTPError: HTTP Error 429: Too Many Requests (sleep 3s)
08:08:13 n1_b110: 677 accounts (0.45MB)
08:08:14   retry 1/7 after HTTPError: HTTP Error 429: Too Many Requests (sleep 3s)
08:08:16   retry 2/7 after HTTPError: HTTP Error 429: Too Many Requests (sleep 6s)
08:08:16   retry 2/7 after HTTPError: HTTP Error 429: Too Many Requests (sleep 6s)
08:08:17   retry 2/7 after HTTPError: HTTP Error 429: Too Many Requests (sleep 6s)
08:08:18   retry 2/7 after HTTPError: HTTP Error 429: Too Many Requests (sleep 6s)
08:08:24 n1_b112: 713 accounts (0.48MB)
08:08:25 n1_b111: 704 accounts (0.47MB)
08:08:25 n1_b113: 680 accounts (0.45MB)
08:08:26 n1_b114: 673 accounts (0.45MB)
08:08:27 n1_b115: 680 accounts (0.45MB)
08:08:27 n1_b116: 673 accounts (0.45MB)
08:08:27 n1_b117: 711 accounts (0.47MB)
08:08:28   retry 1/7 after HTTPError: HTTP Error 429: Too Many Requests (sleep 3s)
08:08:28 n1_b118: 656 accounts (0.44MB)
08:08:29   retry 1/7 after HTTPError: HTTP Error 429: Too Many Requests (sleep 3s)
08:08:29 n1_b119: 681 accounts (0.45MB)
08:08:29 n1_b120: 722 accounts (0.48MB)
08:08:30   retry 1/7 after HTTPError: HTTP Error 429: Too Many Requests (sleep 3s)
08:08:30   retry 1/7 after HTTPError: HTTP Error 429: Too Many Requests (sleep 3s)
08:08:32   retry 2/7 after HTTPError: HTTP Error 429: Too Many Requests (sleep 6s)
08:08:33   retry 2/7 after HTTPError: HTTP Error 429: Too Many Requests (sleep 6s)
08:08:33   retry 7/7 after HTTPError: HTTP Error 429: Too Many Requests (sleep 60s)
08:08:33   retry 2/7 after HTTPError: HTTP Error 429: Too Many Requests (sleep 6s)
08:08:33   retry 2/7 after HTTPError: HTTP Error 429: Too Many Requests (sleep 6s)
08:08:40   retry 3/7 after HTTPError: HTTP Error 429: Too Many Requests (sleep 12s)
08:08:40 n1_b121: 730 accounts (0.49MB)
08:08:41   retry 1/7 after HTTPError: HTTP Error 429: Too Many Requests (sleep 3s)
08:08:41 n1_b122: 680 accounts (0.45MB)
08:08:42 n1_b123: 682 accounts (0.46MB)
08:08:42   retry 1/7 after HTTPError: HTTP Error 429: Too Many Requests (sleep 3s)
08:08:42   retry 1/7 after HTTPError: HTTP Error 429: Too Many Requests (sleep 3s)
08:08:46 n1_b125: 708 accounts (0.47MB)
08:08:47 n1_b126: 691 accounts (0.46MB)
08:08:47 n1_b127: 744 accounts (0.50MB)
08:08:48 n1_b128: 704 accounts (0.47MB)
08:08:48   retry 1/7 after HTTPError: HTTP Error 429: Too Many Requests (sleep 3s)
08:08:49   retry 1/7 after HTTPError: HTTP Error 429: Too Many Requests (sleep 3s)
08:08:49   retry 6/7 after HTTPError: HTTP Error 429: Too Many Requests (sleep 60s)
08:08:49 n1_b129: 676 accounts (0.45MB)
08:08:49   retry 1/7 after HTTPError: HTTP Error 429: Too Many Requests (sleep 3s)
08:08:52   retry 2/7 after HTTPError: HTTP Error 429: Too Many Requests (sleep 6s)
08:08:52   retry 2/7 after HTTPError: HTTP Error 429: Too Many Requests (sleep 6s)
08:08:53   retry 4/7 after HTTPError: HTTP Error 429: Too Many Requests (sleep 24s)
08:08:53   retry 2/7 after HTTPError: HTTP Error 429: Too Many Requests (sleep 6s)
08:09:01 n1_b130: 706 accounts (0.47MB)
08:09:01 n1_b131: 706 accounts (0.47MB)
08:09:01 n1_b132: 699 accounts (0.47MB)
08:09:03 n1_b133: 750 accounts (0.50MB)
08:09:03 n1_b135: 724 accounts (0.48MB)
08:09:03 n1_b134: 666 accounts (0.44MB)
08:09:04   retry 1/7 after HTTPError: HTTP Error 429: Too Many Requests (sleep 3s)
08:09:05 n1_b136: 692 accounts (0.46MB)
08:09:06 n1_b137: 703 accounts (0.47MB)
08:09:10 n1_b140: 675 accounts (0.45MB)
08:09:10 n1_b138: 725 accounts (0.48MB)
08:09:10 n1_b139: 710 accounts (0.47MB)
08:09:12 n1_b141: 712 accounts (0.48MB)
08:09:12 n1_b142: 640 accounts (0.43MB)
08:09:12 n1_b143: 703 accounts (0.47MB)
08:09:13   retry 1/7 after HTTPError: HTTP Error 429: Too Many Requests (sleep 3s)
08:09:14 n1_b144: 696 accounts (0.46MB)
08:09:14 n1_b145: 699 accounts (0.47MB)
08:09:15   retry 1/7 after HTTPError: HTTP Error 429: Too Many Requests (sleep 3s)
08:09:16 n1_b147: 687 accounts (0.46MB)
08:09:16   retry 2/7 after HTTPError: HTTP Error 429: Too Many Requests (sleep 6s)
08:09:16   retry 1/7 after HTTPError: HTTP Error 429: Too Many Requests (sleep 3s)
08:09:17   retry 5/7 after HTTPError: HTTP Error 429: Too Many Requests (sleep 48s)
08:09:19   retry 2/7 after HTTPError: HTTP Error 429: Too Many Requests (sleep 6s)
08:09:22 n1_b149: 754 accounts (0.50MB)
08:09:24 n1_b150: 653 accounts (0.44MB)
08:09:24 n1_b146: 680 accounts (0.45MB)
08:09:26 n1_b151: 674 accounts (0.45MB)
08:09:26 n1_b152: 677 accounts (0.45MB)
08:09:27 n1_b148: 709 accounts (0.47MB)
08:09:28 n1_b153: 668 accounts (0.45MB)
08:09:28 n1_b154: 688 accounts (0.46MB)
08:09:29 n1_b155: 749 accounts (0.50MB)
08:09:29   retry 1/7 after HTTPError: HTTP Error 429: Too Many Requests (sleep 3s)
08:09:30 n1_b156: 699 accounts (0.47MB)
08:09:30 n1_b157: 715 accounts (0.48MB)
08:09:31   retry 1/7 after HTTPError: HTTP Error 429: Too Many Requests (sleep 3s)
08:09:31   retry 1/7 after HTTPError: HTTP Error 429: Too Many Requests (sleep 3s)
08:09:33   retry 2/7 after HTTPError: HTTP Error 429: Too Many Requests (sleep 6s)
08:09:33 TASK FAILED n1_b42: gPA failed after 7 attempts: HTTP Error 429: Too Many Requests
08:09:34   retry 1/7 after HTTPError: HTTP Error 429: Too Many Requests (sleep 3s)
08:09:34   retry 2/7 after HTTPError: HTTP Error 429: Too Many Requests (sleep 6s)
08:09:35   retry 2/7 after HTTPError: HTTP Error 429: Too Many Requests (sleep 6s)
08:09:37   retry 2/7 after HTTPError: HTTP Error 429: Too Many Requests (sleep 6s)
08:09:41 n1_b158: 692 accounts (0.46MB)
08:09:43 n1_b159: 697 accounts (0.47MB)
08:09:43 n1_b160: 687 accounts (0.46MB)
08:09:43 n1_b162: 704 accounts (0.47MB)
08:09:44   retry 1/7 after HTTPError: HTTP Error 429: Too Many Requests (sleep 3s)
08:09:44   retry 3/7 after HTTPError: HTTP Error 429: Too Many Requests (sleep 12s)
08:09:45 n1_b163: 729 accounts (0.49MB)
08:09:45 n1_b164: 696 accounts (0.46MB)
08:09:46   retry 1/7 after HTTPError: HTTP Error 429: Too Many Requests (sleep 3s)
08:09:47 n1_b167: 657 accounts (0.44MB)
08:09:48   retry 1/7 after HTTPError: HTTP Error 429: Too Many Requests (sleep 3s)
08:09:49 n1_b165: 703 accounts (0.47MB)
08:09:49   retry 2/7 after HTTPError: HTTP Error 429: Too Many Requests (sleep 6s)
08:09:49   retry 7/7 after HTTPError: HTTP Error 429: Too Many Requests (sleep 60s)
08:09:50 n1_b169: 667 accounts (0.45MB)
08:09:51   retry 1/7 after HTTPError: HTTP Error 429: Too Many Requests (sleep 3s)
08:09:52   retry 2/7 after HTTPError: HTTP Error 429: Too Many Requests (sleep 6s)
08:09:56 n1_b170: 685 accounts (0.46MB)
08:09:58 n1_b166: 742 accounts (0.50MB)
08:09:58 n1_b171: 682 accounts (0.46MB)
08:09:58 n1_b161: 695 accounts (0.46MB)
08:09:58   retry 1/7 after HTTPError: HTTP Error 429: Too Many Requests (sleep 3s)
08:09:59   retry 1/7 after HTTPError: HTTP Error 429: Too Many Requests (sleep 3s)
08:09:59   retry 1/7 after HTTPError: HTTP Error 429: Too Many Requests (sleep 3s)
08:10:00 n1_b168: 672 accounts (0.45MB)
08:10:00   retry 1/7 after HTTPError: HTTP Error 429: Too Many Requests (sleep 3s)
08:10:02   retry 2/7 after HTTPError: HTTP Error 429: Too Many Requests (sleep 6s)
08:10:02   retry 2/7 after HTTPError: HTTP Error 429: Too Many Requests (sleep 6s)
08:10:02   retry 2/7 after HTTPError: HTTP Error 429: Too Many Requests (sleep 6s)
08:10:04   retry 2/7 after HTTPError: HTTP Error 429: Too Many Requests (sleep 6s)
08:10:06   retry 6/7 after HTTPError: HTTP Error 429: Too Many Requests (sleep 60s)
08:10:09   retry 3/7 after HTTPError: HTTP Error 429: Too Many Requests (sleep 12s)
08:10:11 n1_b172: 646 accounts (0.43MB)
08:10:12 n1_b175: 680 accounts (0.45MB)
08:10:13 n1_b173: 703 accounts (0.47MB)
08:10:13 n1_b176: 713 accounts (0.48MB)
08:10:14 n1_b177: 730 accounts (0.49MB)
08:10:15 n1_b178: 716 accounts (0.48MB)
08:10:15 n1_b179: 684 accounts (0.46MB)
08:10:15   retry 1/7 after HTTPError: HTTP Error 429: Too Many Requests (sleep 3s)
08:10:16   retry 1/7 after HTTPError: HTTP Error 429: Too Many Requests (sleep 3s)
08:10:17 n1_b180: 691 accounts (0.46MB)
08:10:18 n1_b183: 695 accounts (0.46MB)
08:10:19   retry 1/7 after HTTPError: HTTP Error 429: Too Many Requests (sleep 3s)
08:10:20   retry 2/7 after HTTPError: HTTP Error 429: Too Many Requests (sleep 6s)
08:10:20 n1_b181: 681 accounts (0.45MB)
08:10:21   retry 1/7 after HTTPError: HTTP Error 429: Too Many Requests (sleep 3s)
08:10:22   retry 4/7 after HTTPError: HTTP Error 429: Too Many Requests (sleep 24s)
08:10:22   retry 2/7 after HTTPError: HTTP Error 429: Too Many Requests (sleep 6s)
08:10:26 n1_b185: 686 accounts (0.46MB)
08:10:27 n1_b186: 720 accounts (0.48MB)
08:10:28 n1_b182: 723 accounts (0.48MB)
08:10:30 n1_b188: 781 accounts (0.52MB)
08:10:30 n1_b187: 692 accounts (0.46MB)
08:10:31 n1_b184: 675 accounts (0.45MB)
08:10:33 n1_b190: 681 accounts (0.45MB)
08:10:34 n1_b189: 711 accounts (0.47MB)
08:10:35 n1_b191: 722 accounts (0.48MB)
08:10:36 n1_b192: 701 accounts (0.47MB)
08:10:36 n1_b193: 689 accounts (0.46MB)
08:10:38 n1_b194: 679 accounts (0.45MB)
08:10:39 n1_b195: 679 accounts (0.45MB)
08:10:39 n1_b196: 713 accounts (0.48MB)
08:10:41 n1_b197: 671 accounts (0.45MB)
08:10:41 n1_b198: 690 accounts (0.46MB)
08:10:42 n1_b199: 712 accounts (0.48MB)
08:10:42   retry 1/7 after HTTPError: HTTP Error 429: Too Many Requests (sleep 3s)
08:10:43 n1_b200: 724 accounts (0.48MB)
08:10:43 n1_b201: 717 accounts (0.48MB)
08:10:44   retry 1/7 after HTTPError: HTTP Error 429: Too Many Requests (sleep 3s)
08:10:44   retry 1/7 after HTTPError: HTTP Error 429: Too Many Requests (sleep 3s)
08:10:46   retry 2/7 after HTTPError: HTTP Error 429: Too Many Requests (sleep 6s)
08:10:46   retry 5/7 after HTTPError: HTTP Error 429: Too Many Requests (sleep 48s)
08:10:47   retry 2/7 after HTTPError: HTTP Error 429: Too Many Requests (sleep 6s)
08:10:48   retry 2/7 after HTTPError: HTTP Error 429: Too Many Requests (sleep 6s)
08:10:50 TASK FAILED n1_b79: gPA failed after 7 attempts: HTTP Error 429: Too Many Requests
08:10:52 n1_b205: 718 accounts (0.48MB)
08:10:54 n1_b202: 715 accounts (0.48MB)
08:10:54 n1_b206: 718 accounts (0.48MB)
08:10:54   retry 1/7 after HTTPError: HTTP Error 429: Too Many Requests (sleep 3s)
08:10:55 n1_b203: 743 accounts (0.50MB)
08:10:56 n1_b204: 749 accounts (0.50MB)
08:10:56 n1_b207: 719 accounts (0.48MB)
08:10:57   retry 1/7 after HTTPError: HTTP Error 429: Too Many Requests (sleep 3s)
08:10:57 n1_b209: 710 accounts (0.47MB)
08:10:58   retry 2/7 after HTTPError: HTTP Error 429: Too Many Requests (sleep 6s)
08:10:58 n1_b210: 705 accounts (0.47MB)
08:10:58   retry 1/7 after HTTPError: HTTP Error 429: Too Many Requests (sleep 3s)
08:10:59   retry 1/7 after HTTPError: HTTP Error 429: Too Many Requests (sleep 3s)
08:11:01   retry 2/7 after HTTPError: HTTP Error 429: Too Many Requests (sleep 6s)
08:11:02   retry 2/7 after HTTPError: HTTP Error 429: Too Many Requests (sleep 6s)
08:11:02   retry 2/7 after HTTPError: HTTP Error 429: Too Many Requests (sleep 6s)
08:11:08 n1_b208: 751 accounts (0.50MB)
08:11:09 n1_b124: 701 accounts (0.47MB)
08:11:09   retry 3/7 after HTTPError: HTTP Error 429: Too Many Requests (sleep 12s)
08:11:09 n1_b211: 710 accounts (0.47MB)
08:11:09   retry 1/7 after HTTPError: HTTP Error 429: Too Many Requests (sleep 3s)
08:11:10   retry 1/7 after HTTPError: HTTP Error 429: Too Many Requests (sleep 3s)
08:11:11 n1_b214: 691 accounts (0.46MB)
08:11:11 n1_b212: 703 accounts (0.47MB)
08:11:11   retry 1/7 after HTTPError: HTTP Error 429: Too Many Requests (sleep 3s)
08:11:12   retry 1/7 after HTTPError: HTTP Error 429: Too Many Requests (sleep 3s)
08:11:13   retry 2/7 after HTTPError: HTTP Error 429: Too Many Requests (sleep 6s)
08:11:14   retry 2/7 after HTTPError: HTTP Error 429: Too Many Requests (sleep 6s)
08:11:15   retry 2/7 after HTTPError: HTTP Error 429: Too Many Requests (sleep 6s)
08:11:15   retry 2/7 after HTTPError: HTTP Error 429: Too Many Requests (sleep 6s)
08:11:21 n1_b215: 689 accounts (0.46MB)
08:11:22 n1_b216: 716 accounts (0.48MB)
08:11:22   retry 4/7 after HTTPError: HTTP Error 429: Too Many Requests (sleep 24s)
08:11:22   retry 3/7 after HTTPError: HTTP Error 429: Too Many Requests (sleep 12s)
08:11:22   retry 1/7 after HTTPError: HTTP Error 429: Too Many Requests (sleep 3s)
08:11:24 n1_b218: 678 accounts (0.45MB)
08:11:24 n1_b219: 712 accounts (0.48MB)
08:11:25   retry 1/7 after HTTPError: HTTP Error 429: Too Many Requests (sleep 3s)
08:11:26 n1_b221: 679 accounts (0.45MB)
08:11:29 n1_b223: 711 accounts (0.47MB)
08:11:30 n1_b222: 681 accounts (0.45MB)
08:11:31 n1_b220: 727 accounts (0.49MB)
08:11:32 n1_b224: 716 accounts (0.48MB)
08:11:32 n1_b225: 652 accounts (0.44MB)
08:11:34 n1_b226: 675 accounts (0.45MB)
08:11:35 n1_b227: 678 accounts (0.45MB)
08:11:35 n1_b228: 697 accounts (0.47MB)
08:11:35   retry 1/7 after HTTPError: HTTP Error 429: Too Many Requests (sleep 3s)
08:11:35   retry 1/7 after HTTPError: HTTP Error 429: Too Many Requests (sleep 3s)
08:11:36   retry 1/7 after HTTPError: HTTP Error 429: Too Many Requests (sleep 3s)
08:11:36 n1_b217: 693 accounts (0.46MB)
08:11:37 n1_b174: 686 accounts (0.46MB)
08:11:37   retry 1/7 after HTTPError: HTTP Error 429: Too Many Requests (sleep 3s)
08:11:37   retry 1/7 after HTTPError: HTTP Error 429: Too Many Requests (sleep 3s)
08:11:40   retry 2/7 after HTTPError: HTTP Error 429: Too Many Requests (sleep 6s)
08:11:41   retry 2/7 after HTTPError: HTTP Error 429: Too Many Requests (sleep 6s)
08:11:41   retry 2/7 after HTTPError: HTTP Error 429: Too Many Requests (sleep 6s)
08:11:41   retry 2/7 after HTTPError: HTTP Error 429: Too Many Requests (sleep 6s)
08:11:43 n1_b230: 645 accounts (0.43MB)
08:11:45 n1_b234: 711 accounts (0.47MB)
08:11:47   retry 3/7 after HTTPError: HTTP Error 429: Too Many Requests (sleep 12s)
08:11:47 n1_b235: 708 accounts (0.47MB)
08:11:47   retry 3/7 after HTTPError: HTTP Error 429: Too Many Requests (sleep 12s)
08:11:48   retry 3/7 after HTTPError: HTTP Error 429: Too Many Requests (sleep 12s)
08:11:48   retry 1/7 after HTTPError: HTTP Error 429: Too Many Requests (sleep 3s)
08:11:48 n1_b213: 697 accounts (0.47MB)
08:11:48 n1_b229: 690 accounts (0.46MB)
08:11:50   retry 1/7 after HTTPError: HTTP Error 429: Too Many Requests (sleep 3s)
08:11:51   retry 1/7 after HTTPError: HTTP Error 429: Too Many Requests (sleep 3s)
08:11:52   retry 2/7 after HTTPError: HTTP Error 429: Too Many Requests (sleep 6s)
08:11:53   retry 2/7 after HTTPError: HTTP Error 429: Too Many Requests (sleep 6s)
08:11:54   retry 2/7 after HTTPError: HTTP Error 429: Too Many Requests (sleep 6s)
08:12:01 n1_b236: 694 accounts (0.46MB)
08:12:02   retry 3/7 after HTTPError: HTTP Error 429: Too Many Requests (sleep 12s)
08:12:02   retry 1/7 after HTTPError: HTTP Error 429: Too Many Requests (sleep 3s)
08:12:06 n1_b238: 700 accounts (0.47MB)
08:12:06 n1_b231: 705 accounts (0.47MB)
08:12:06 n1_b232: 668 accounts (0.45MB)
08:12:06 n1_b233: 743 accounts (0.50MB)
08:12:13 n1_b239: 685 accounts (0.46MB)
08:12:13 n1_b241: 708 accounts (0.47MB)
08:12:14 n1_b240: 736 accounts (0.49MB)
08:12:14 n1_b243: 664 accounts (0.44MB)
08:12:14 n1_b242: 683 accounts (0.46MB)
08:12:15   retry 1/7 after HTTPError: HTTP Error 429: Too Many Requests (sleep 3s)
08:12:16 n1_b244: 737 accounts (0.49MB)
08:12:17 n1_b245: 693 accounts (0.46MB)
08:12:17 n1_b247: 682 accounts (0.46MB)
08:12:17 n1_b246: 678 accounts (0.45MB)
08:12:17 n1_b237: 717 accounts (0.48MB)
08:12:18   retry 1/7 after HTTPError: HTTP Error 429: Too Many Requests (sleep 3s)
08:12:18   retry 1/7 after HTTPError: HTTP Error 429: Too Many Requests (sleep 3s)
08:12:18   retry 1/7 after HTTPError: HTTP Error 429: Too Many Requests (sleep 3s)
08:12:18   retry 1/7 after HTTPError: HTTP Error 429: Too Many Requests (sleep 3s)
08:12:18   retry 1/7 after HTTPError: HTTP Error 429: Too Many Requests (sleep 3s)
08:12:18   retry 2/7 after HTTPError: HTTP Error 429: Too Many Requests (sleep 6s)
08:12:21   retry 2/7 after HTTPError: HTTP Error 429: Too Many Requests (sleep 6s)
08:12:21   retry 2/7 after HTTPError: HTTP Error 429: Too Many Requests (sleep 6s)
08:12:22   retry 2/7 after HTTPError: HTTP Error 429: Too Many Requests (sleep 6s)
08:12:22   retry 2/7 after HTTPError: HTTP Error 429: Too Many Requests (sleep 6s)
08:12:22   retry 2/7 after HTTPError: HTTP Error 429: Too Many Requests (sleep 6s)
08:12:25   retry 3/7 after HTTPError: HTTP Error 429: Too Many Requests (sleep 12s)
08:12:28   retry 3/7 after HTTPError: HTTP Error 429: Too Many Requests (sleep 12s)
08:12:29   retry 3/7 after HTTPError: HTTP Error 429: Too Many Requests (sleep 12s)
08:12:31 n1_b253: 634 accounts (0.42MB)
08:12:31 n1_b250: 705 accounts (0.47MB)
08:12:31 n1_b251: 729 accounts (0.49MB)
08:12:33 n2_b0: 363 accounts (0.24MB)
08:12:34 n1_b254: 679 accounts (0.45MB)
08:12:34 n1_b255: 714 accounts (0.48MB)
08:12:35   retry 1/7 after HTTPError: HTTP Error 429: Too Many Requests (sleep 3s)
08:12:36 n2_b1: 346 accounts (0.23MB)
08:12:36 n2_b2: 342 accounts (0.23MB)
08:12:36   retry 1/7 after HTTPError: HTTP Error 429: Too Many Requests (sleep 3s)
08:12:37 n2_b4: 339 accounts (0.23MB)
08:12:37   retry 4/7 after HTTPError: HTTP Error 429: Too Many Requests (sleep 24s)
08:12:38   retry 1/7 after HTTPError: HTTP Error 429: Too Many Requests (sleep 3s)
08:12:38   retry 2/7 after HTTPError: HTTP Error 429: Too Many Requests (sleep 6s)
08:12:40   retry 2/7 after HTTPError: HTTP Error 429: Too Many Requests (sleep 6s)
08:12:41   retry 4/7 after HTTPError: HTTP Error 429: Too Many Requests (sleep 24s)
08:12:41   retry 2/7 after HTTPError: HTTP Error 429: Too Many Requests (sleep 6s)
08:12:43 n1_b252: 701 accounts (0.47MB)
08:12:44   retry 1/7 after HTTPError: HTTP Error 429: Too Many Requests (sleep 3s)
08:12:47 n2_b3: 331 accounts (0.22MB)
08:12:48 n2_b5: 369 accounts (0.25MB)
08:12:48 n2_b7: 326 accounts (0.22MB)
08:12:48   retry 3/7 after HTTPError: HTTP Error 429: Too Many Requests (sleep 12s)
08:12:48   retry 1/7 after HTTPError: HTTP Error 429: Too Many Requests (sleep 3s)
08:12:49 n2_b8: 336 accounts (0.22MB)
08:12:49   retry 1/7 after HTTPError: HTTP Error 429: Too Many Requests (sleep 3s)
08:12:49   retry 1/7 after HTTPError: HTTP Error 429: Too Many Requests (sleep 3s)
08:12:52   retry 2/7 after HTTPError: HTTP Error 429: Too Many Requests (sleep 6s)
08:12:53 n2_b9: 344 accounts (0.23MB)
08:12:53   retry 2/7 after HTTPError: HTTP Error 429: Too Many Requests (sleep 6s)
08:12:53   retry 1/7 after HTTPError: HTTP Error 429: Too Many Requests (sleep 3s)
08:12:58 n2_b12: 339 accounts (0.23MB)
08:13:00 n2_b13: 341 accounts (0.23MB)
08:13:00 n2_b10: 340 accounts (0.23MB)
08:13:01 n2_b11: 350 accounts (0.23MB)
08:13:02 n2_b14: 357 accounts (0.24MB)
08:13:02 n2_b15: 332 accounts (0.22MB)
08:13:03 n2_b6: 343 accounts (0.23MB)
08:13:03   retry 1/7 after HTTPError: HTTP Error 429: Too Many Requests (sleep 3s)
08:13:03   retry 1/7 after HTTPError: HTTP Error 429: Too Many Requests (sleep 3s)
08:13:03 n2_b16: 365 accounts (0.24MB)
08:13:03   retry 1/7 after HTTPError: HTTP Error 429: Too Many Requests (sleep 3s)
08:13:04   retry 1/7 after HTTPError: HTTP Error 429: Too Many Requests (sleep 3s)
08:13:04 n1_b248: 743 accounts (0.50MB)
08:13:05   retry 1/7 after HTTPError: HTTP Error 429: Too Many Requests (sleep 3s)
08:13:06   retry 5/7 after HTTPError: HTTP Error 429: Too Many Requests (sleep 48s)
08:13:07   retry 2/7 after HTTPError: HTTP Error 429: Too Many Requests (sleep 6s)
08:13:07   retry 2/7 after HTTPError: HTTP Error 429: Too Many Requests (sleep 6s)
08:13:07   retry 2/7 after HTTPError: HTTP Error 429: Too Many Requests (sleep 6s)
08:13:08   retry 2/7 after HTTPError: HTTP Error 429: Too Many Requests (sleep 6s)
08:13:08   retry 2/7 after HTTPError: HTTP Error 429: Too Many Requests (sleep 6s)
08:13:14   retry 3/7 after HTTPError: HTTP Error 429: Too Many Requests (sleep 12s)
08:13:14   retry 3/7 after HTTPError: HTTP Error 429: Too Many Requests (sleep 12s)
08:13:14   retry 3/7 after HTTPError: HTTP Error 429: Too Many Requests (sleep 12s)
08:13:15 n2_b17: 306 accounts (0.20MB)
08:13:15   retry 3/7 after HTTPError: HTTP Error 429: Too Many Requests (sleep 12s)
08:13:16   retry 1/7 after HTTPError: HTTP Error 429: Too Many Requests (sleep 3s)
08:13:21 n2_b22: 350 accounts (0.23MB)
08:13:23 n2_b23: 354 accounts (0.24MB)
08:13:25 n2_b24: 339 accounts (0.23MB)
08:13:28 n2_b25: 353 accounts (0.24MB)
08:13:29 n2_b18: 350 accounts (0.23MB)
08:13:29 n2_b19: 348 accounts (0.23MB)
08:13:29 n2_b20: 348 accounts (0.23MB)
08:13:30 n2_b21: 331 accounts (0.22MB)
08:13:30 n2_b26: 368 accounts (0.25MB)
08:13:31   retry 1/7 after HTTPError: HTTP Error 429: Too Many Requests (sleep 3s)
08:13:31   retry 1/7 after HTTPError: HTTP Error 429: Too Many Requests (sleep 3s)
08:13:31 n2_b28: 336 accounts (0.22MB)
08:13:31 n2_b27: 368 accounts (0.25MB)
08:13:32   retry 1/7 after HTTPError: HTTP Error 429: Too Many Requests (sleep 3s)
08:13:32 n2_b29: 352 accounts (0.24MB)
08:13:32   retry 1/7 after HTTPError: HTTP Error 429: Too Many Requests (sleep 3s)
08:13:32   retry 1/7 after HTTPError: HTTP Error 429: Too Many Requests (sleep 3s)
08:13:35   retry 2/7 after HTTPError: HTTP Error 429: Too Many Requests (sleep 6s)
08:13:35   retry 2/7 after HTTPError: HTTP Error 429: Too Many Requests (sleep 6s)
08:13:35   retry 2/7 after HTTPError: HTTP Error 429: Too Many Requests (sleep 6s)
08:13:35   retry 2/7 after HTTPError: HTTP Error 429: Too Many Requests (sleep 6s)
08:13:36   retry 2/7 after HTTPError: HTTP Error 429: Too Many Requests (sleep 6s)
08:13:41   retry 3/7 after HTTPError: HTTP Error 429: Too Many Requests (sleep 12s)
08:13:41   retry 3/7 after HTTPError: HTTP Error 429: Too Many Requests (sleep 12s)
08:13:42   retry 3/7 after HTTPError: HTTP Error 429: Too Many Requests (sleep 12s)
08:13:42   retry 3/7 after HTTPError: HTTP Error 429: Too Many Requests (sleep 12s)
08:13:43   retry 3/7 after HTTPError: HTTP Error 429: Too Many Requests (sleep 12s)
08:13:55 n2_b30: 340 accounts (0.23MB)
08:13:56 n2_b31: 385 accounts (0.26MB)
08:13:56 n2_b32: 329 accounts (0.22MB)
08:13:56 n2_b33: 298 accounts (0.20MB)
08:13:57 n1_b249: 729 accounts (0.49MB)
08:13:57 n2_b34: 392 accounts (0.26MB)
08:13:57   retry 1/7 after HTTPError: HTTP Error 429: Too Many Requests (sleep 3s)
08:13:57 n2_b35: 376 accounts (0.25MB)
08:13:57 nonce 1: chunks done sum=176639 fails=2
08:13:57   retry 1/7 after HTTPError: HTTP Error 429: Too Many Requests (sleep 3s)
08:13:57   retry 1/7 after HTTPError: HTTP Error 429: Too Many Requests (sleep 3s)
08:13:58   retry 1/7 after HTTPError: HTTP Error 429: Too Many Requests (sleep 3s)
08:13:58 n2_b36: 348 accounts (0.23MB)
08:13:58 n2_b37: 384 accounts (0.26MB)
08:13:59   retry 1/7 after HTTPError: HTTP Error 429: Too Many Requests (sleep 3s)
08:13:59   retry 1/7 after HTTPError: HTTP Error 429: Too Many Requests (sleep 3s)
08:14:00   retry 2/7 after HTTPError: HTTP Error 429: Too Many Requests (sleep 6s)
08:14:01   retry 2/7 after HTTPError: HTTP Error 429: Too Many Requests (sleep 6s)
08:14:01   retry 2/7 after HTTPError: HTTP Error 429: Too Many Requests (sleep 6s)
08:14:01   retry 2/7 after HTTPError: HTTP Error 429: Too Many Requests (sleep 6s)
08:14:03   retry 2/7 after HTTPError: HTTP Error 429: Too Many Requests (sleep 6s)
08:14:03   retry 2/7 after HTTPError: HTTP Error 429: Too Many Requests (sleep 6s)
08:14:08   retry 3/7 after HTTPError: HTTP Error 429: Too Many Requests (sleep 12s)
08:14:08 n2_b38: 360 accounts (0.24MB)
08:14:09   retry 3/7 after HTTPError: HTTP Error 429: Too Many Requests (sleep 12s)
08:14:09 n2_b39: 359 accounts (0.24MB)
08:14:09   retry 1/7 after HTTPError: HTTP Error 429: Too Many Requests (sleep 3s)
08:14:09   retry 1/7 after HTTPError: HTTP Error 429: Too Many Requests (sleep 3s)
08:14:09   retry 3/7 after HTTPError: HTTP Error 429: Too Many Requests (sleep 12s)
08:14:09   retry 3/7 after HTTPError: HTTP Error 429: Too Many Requests (sleep 12s)
08:14:13   retry 2/7 after HTTPError: HTTP Error 429: Too Many Requests (sleep 6s)
08:14:13   retry 2/7 after HTTPError: HTTP Error 429: Too Many Requests (sleep 6s)
08:14:21 n2_b44: 332 accounts (0.22MB)
08:14:21 n2_b45: 343 accounts (0.23MB)
08:14:22 n2_b40: 346 accounts (0.23MB)
08:14:22   retry 4/7 after HTTPError: HTTP Error 429: Too Many Requests (sleep 24s)
08:14:22 n2_b41: 345 accounts (0.23MB)
08:14:22   retry 1/7 after HTTPError: HTTP Error 429: Too Many Requests (sleep 3s)
08:14:22 n2_b46: 359 accounts (0.24MB)
08:14:23 n2_b47: 350 accounts (0.23MB)
08:14:23   retry 1/7 after HTTPError: HTTP Error 429: Too Many Requests (sleep 3s)
08:14:23 n2_b43: 346 accounts (0.23MB)
08:14:23   retry 1/7 after HTTPError: HTTP Error 429: Too Many Requests (sleep 3s)
08:14:24   retry 1/7 after HTTPError: HTTP Error 429: Too Many Requests (sleep 3s)
08:14:24   retry 1/7 after HTTPError: HTTP Error 429: Too Many Requests (sleep 3s)
08:14:26   retry 2/7 after HTTPError: HTTP Error 429: Too Many Requests (sleep 6s)
08:14:26   retry 2/7 after HTTPError: HTTP Error 429: Too Many Requests (sleep 6s)
08:14:27   retry 2/7 after HTTPError: HTTP Error 429: Too Many Requests (sleep 6s)
08:14:27   retry 2/7 after HTTPError: HTTP Error 429: Too Many Requests (sleep 6s)
08:14:28   retry 2/7 after HTTPError: HTTP Error 429: Too Many Requests (sleep 6s)
08:14:34   retry 3/7 after HTTPError: HTTP Error 429: Too Many Requests (sleep 12s)
08:14:34   retry 3/7 after HTTPError: HTTP Error 429: Too Many Requests (sleep 12s)
08:14:34   retry 3/7 after HTTPError: HTTP Error 429: Too Many Requests (sleep 12s)
08:14:34   retry 3/7 after HTTPError: HTTP Error 429: Too Many Requests (sleep 12s)
08:14:35   retry 3/7 after HTTPError: HTTP Error 429: Too Many Requests (sleep 12s)
08:14:48 n2_b49: 309 accounts (0.21MB)
08:14:48 n2_b48: 367 accounts (0.25MB)
08:14:49 n2_b51: 368 accounts (0.25MB)
08:14:49 n2_b50: 363 accounts (0.24MB)
08:14:49 n2_b42: 327 accounts (0.22MB)
08:14:50 n2_b52: 353 accounts (0.24MB)
08:14:50 n2_b53: 358 accounts (0.24MB)
08:14:50 n2_b54: 323 accounts (0.22MB)
08:14:51 n2_b55: 360 accounts (0.24MB)
08:14:51 n2_b56: 410 accounts (0.27MB)
08:14:51   retry 1/7 after HTTPError: HTTP Error 429: Too Many Requests (sleep 3s)
08:14:51   retry 1/7 after HTTPError: HTTP Error 429: Too Many Requests (sleep 3s)
08:14:51   retry 1/7 after HTTPError: HTTP Error 429: Too Many Requests (sleep 3s)
08:14:51 n2_b57: 334 accounts (0.22MB)
08:14:52   retry 1/7 after HTTPError: HTTP Error 429: Too Many Requests (sleep 3s)
08:14:52 n2_b58: 352 accounts (0.24MB)
08:14:55   retry 1/7 after HTTPError: HTTP Error 429: Too Many Requests (sleep 3s)
08:14:56   retry 2/7 after HTTPError: HTTP Error 429: Too Many Requests (sleep 6s)
08:14:57   retry 2/7 after HTTPError: HTTP Error 429: Too Many Requests (sleep 6s)
08:14:57   retry 2/7 after HTTPError: HTTP Error 429: Too Many Requests (sleep 6s)
08:14:57   retry 2/7 after HTTPError: HTTP Error 429: Too Many Requests (sleep 6s)
08:14:58   retry 1/7 after HTTPError: HTTP Error 429: Too Many Requests (sleep 3s)
08:14:59   retry 2/7 after HTTPError: HTTP Error 429: Too Many Requests (sleep 6s)
08:15:02   retry 2/7 after HTTPError: HTTP Error 429: Too Many Requests (sleep 6s)
08:15:05   retry 3/7 after HTTPError: HTTP Error 429: Too Many Requests (sleep 12s)
08:15:09 n2_b62: 353 accounts (0.24MB)
08:15:09 n2_b61: 322 accounts (0.22MB)
08:15:10 n2_b59: 359 accounts (0.24MB)
08:15:10 n2_b63: 357 accounts (0.24MB)
08:15:11 n2_b64: 363 accounts (0.24MB)
08:15:11 n2_b66: 376 accounts (0.25MB)
08:15:12 n2_b67: 331 accounts (0.22MB)
08:15:12 n2_b65: 346 accounts (0.23MB)
08:15:12 n2_b68: 347 accounts (0.23MB)
08:15:12   retry 1/7 after HTTPError: HTTP Error 429: Too Many Requests (sleep 3s)
08:15:12   retry 1/7 after HTTPError: HTTP Error 429: Too Many Requests (sleep 3s)
08:15:13 n2_b69: 340 accounts (0.23MB)
08:15:13   retry 1/7 after HTTPError: HTTP Error 429: Too Many Requests (sleep 3s)
08:15:14   retry 1/7 after HTTPError: HTTP Error 429: Too Many Requests (sleep 3s)
08:15:14 n2_b70: 324 accounts (0.22MB)
08:15:14   retry 1/7 after HTTPError: HTTP Error 429: Too Many Requests (sleep 3s)
08:15:16   retry 2/7 after HTTPError: HTTP Error 429: Too Many Requests (sleep 6s)
08:15:16   retry 2/7 after HTTPError: HTTP Error 429: Too Many Requests (sleep 6s)
08:15:16   retry 2/7 after HTTPError: HTTP Error 429: Too Many Requests (sleep 6s)
08:15:17   retry 2/7 after HTTPError: HTTP Error 429: Too Many Requests (sleep 6s)
08:15:18   retry 2/7 after HTTPError: HTTP Error 429: Too Many Requests (sleep 6s)
08:15:18   retry 4/7 after HTTPError: HTTP Error 429: Too Many Requests (sleep 24s)
08:15:23   retry 3/7 after HTTPError: HTTP Error 429: Too Many Requests (sleep 12s)
08:15:23   retry 3/7 after HTTPError: HTTP Error 429: Too Many Requests (sleep 12s)
08:15:23   retry 3/7 after HTTPError: HTTP Error 429: Too Many Requests (sleep 12s)
08:15:24   retry 3/7 after HTTPError: HTTP Error 429: Too Many Requests (sleep 12s)
08:15:25   retry 3/7 after HTTPError: HTTP Error 429: Too Many Requests (sleep 12s)
08:15:36 n2_b72: 367 accounts (0.25MB)
08:15:37 n2_b71: 369 accounts (0.25MB)
08:15:37 n2_b73: 326 accounts (0.22MB)
08:15:38 n2_b74: 355 accounts (0.24MB)
08:15:38 n2_b76: 343 accounts (0.23MB)
08:15:38 n2_b78: 348 accounts (0.23MB)
08:15:38 n2_b77: 333 accounts (0.22MB)
08:15:39   retry 1/7 after HTTPError: HTTP Error 429: Too Many Requests (sleep 3s)
08:15:39   retry 1/7 after HTTPError: HTTP Error 429: Too Many Requests (sleep 3s)
08:15:39 n2_b75: 299 accounts (0.20MB)
08:15:39 n2_b79: 319 accounts (0.21MB)
08:15:39   retry 1/7 after HTTPError: HTTP Error 429: Too Many Requests (sleep 3s)
08:15:40 n2_b80: 357 accounts (0.24MB)
08:15:40   retry 1/7 after HTTPError: HTTP Error 429: Too Many Requests (sleep 3s)
08:15:40   retry 1/7 after HTTPError: HTTP Error 429: Too Many Requests (sleep 3s)
08:15:42   retry 2/7 after HTTPError: HTTP Error 429: Too Many Requests (sleep 6s)
08:15:42   retry 2/7 after HTTPError: HTTP Error 429: Too Many Requests (sleep 6s)
08:15:43   retry 2/7 after HTTPError: HTTP Error 429: Too Many Requests (sleep 6s)
08:15:43   retry 5/7 after HTTPError: HTTP Error 429: Too Many Requests (sleep 48s)
08:15:43   retry 2/7 after HTTPError: HTTP Error 429: Too Many Requests (sleep 6s)
08:15:44   retry 2/7 after HTTPError: HTTP Error 429: Too Many Requests (sleep 6s)
08:15:49   retry 3/7 after HTTPError: HTTP Error 429: Too Many Requests (sleep 12s)
08:15:49   retry 3/7 after HTTPError: HTTP Error 429: Too Many Requests (sleep 12s)
08:15:50 n2_b82: 317 accounts (0.21MB)
08:15:50   retry 3/7 after HTTPError: HTTP Error 429: Too Many Requests (sleep 12s)
08:15:50   retry 1/7 after HTTPError: HTTP Error 429: Too Many Requests (sleep 3s)
08:15:50   retry 3/7 after HTTPError: HTTP Error 429: Too Many Requests (sleep 12s)
08:15:56 n2_b86: 332 accounts (0.22MB)
08:15:58 n2_b87: 331 accounts (0.22MB)
08:16:00 n2_b88: 333 accounts (0.22MB)
08:16:03 n2_b89: 295 accounts (0.20MB)
08:16:03 n2_b81: 356 accounts (0.24MB)
08:16:04 n2_b83: 344 accounts (0.23MB)
08:16:04 n2_b84: 347 accounts (0.23MB)
08:16:04   retry 1/7 after HTTPError: HTTP Error 429: Too Many Requests (sleep 3s)
08:16:05   retry 1/7 after HTTPError: HTTP Error 429: Too Many Requests (sleep 3s)
08:16:06 n2_b90: 351 accounts (0.23MB)
08:16:06 n2_b91: 361 accounts (0.24MB)
08:16:06 n2_b85: 337 accounts (0.23MB)
08:16:07   retry 1/7 after HTTPError: HTTP Error 429: Too Many Requests (sleep 3s)
08:16:07   retry 1/7 after HTTPError: HTTP Error 429: Too Many Requests (sleep 3s)
08:16:07   retry 1/7 after HTTPError: HTTP Error 429: Too Many Requests (sleep 3s)
08:16:08   retry 2/7 after HTTPError: HTTP Error 429: Too Many Requests (sleep 6s)
08:16:09   retry 2/7 after HTTPError: HTTP Error 429: Too Many Requests (sleep 6s)
08:16:11   retry 2/7 after HTTPError: HTTP Error 429: Too Many Requests (sleep 6s)
08:16:11   retry 2/7 after HTTPError: HTTP Error 429: Too Many Requests (sleep 6s)
08:16:12   retry 2/7 after HTTPError: HTTP Error 429: Too Many Requests (sleep 6s)
08:16:16 n2_b92: 338 accounts (0.23MB)
08:16:17 n2_b93: 357 accounts (0.24MB)
08:16:18   retry 3/7 after HTTPError: HTTP Error 429: Too Many Requests (sleep 12s)
08:16:18 n2_b97: 365 accounts (0.24MB)
08:16:18   retry 3/7 after HTTPError: HTTP Error 429: Too Many Requests (sleep 12s)
08:16:19 n2_b98: 346 accounts (0.23MB)
08:16:19 n2_b94: 357 accounts (0.24MB)
08:16:19   retry 1/7 after HTTPError: HTTP Error 429: Too Many Requests (sleep 3s)
08:16:19   retry 1/7 after HTTPError: HTTP Error 429: Too Many Requests (sleep 3s)
08:16:19   retry 1/7 after HTTPError: HTTP Error 429: Too Many Requests (sleep 3s)
08:16:23   retry 2/7 after HTTPError: HTTP Error 429: Too Many Requests (sleep 6s)
08:16:24 n2_b99: 357 accounts (0.24MB)
08:16:24 n2_b100: 334 accounts (0.22MB)
08:16:25   retry 1/7 after HTTPError: HTTP Error 429: Too Many Requests (sleep 3s)
08:16:26 n2_b102: 351 accounts (0.23MB)
08:16:27 n2_b104: 358 accounts (0.24MB)
08:16:29 n2_b105: 336 accounts (0.22MB)
08:16:29 n2_b103: 345 accounts (0.23MB)
08:16:30   retry 1/7 after HTTPError: HTTP Error 429: Too Many Requests (sleep 3s)
08:16:30   retry 4/7 after HTTPError: HTTP Error 429: Too Many Requests (sleep 24s)
08:16:31 n2_b106: 321 accounts (0.21MB)
08:16:31   retry 4/7 after HTTPError: HTTP Error 429: Too Many Requests (sleep 24s)
08:16:31 n2_b101: 321 accounts (0.21MB)
08:16:31   retry 1/7 after HTTPError: HTTP Error 429: Too Many Requests (sleep 3s)
08:16:32   retry 1/7 after HTTPError: HTTP Error 429: Too Many Requests (sleep 3s)
08:16:32   retry 6/7 after HTTPError: HTTP Error 429: Too Many Requests (sleep 60s)
08:16:34   retry 2/7 after HTTPError: HTTP Error 429: Too Many Requests (sleep 6s)
08:16:35   retry 2/7 after HTTPError: HTTP Error 429: Too Many Requests (sleep 6s)
08:16:35   retry 2/7 after HTTPError: HTTP Error 429: Too Many Requests (sleep 6s)
08:16:44 n2_b107: 350 accounts (0.23MB)
08:16:45 n2_b109: 377 accounts (0.25MB)
08:16:45 n2_b108: 364 accounts (0.24MB)
08:16:47 n2_b110: 372 accounts (0.25MB)
08:16:47 n2_b111: 331 accounts (0.22MB)
08:16:47 n2_b112: 347 accounts (0.23MB)
08:16:49 n2_b114: 318 accounts (0.21MB)
08:16:49 n2_b113: 347 accounts (0.23MB)
08:16:49 n2_b115: 352 accounts (0.24MB)
08:16:50   retry 1/7 after HTTPError: HTTP Error 429: Too Many Requests (sleep 3s)
08:16:50 n2_b116: 308 accounts (0.21MB)
08:16:50 n2_b117: 347 accounts (0.23MB)
08:16:51   retry 1/7 after HTTPError: HTTP Error 429: Too Many Requests (sleep 3s)
08:16:51   retry 1/7 after HTTPError: HTTP Error 429: Too Many Requests (sleep 3s)
08:16:53   retry 2/7 after HTTPError: HTTP Error 429: Too Many Requests (sleep 6s)
08:16:55   retry 2/7 after HTTPError: HTTP Error 429: Too Many Requests (sleep 6s)
08:16:55   retry 5/7 after HTTPError: HTTP Error 429: Too Many Requests (sleep 48s)
08:16:55   retry 5/7 after HTTPError: HTTP Error 429: Too Many Requests (sleep 48s)
08:16:56 n2_b119: 343 accounts (0.23MB)
08:16:56   retry 1/7 after HTTPError: HTTP Error 429: Too Many Requests (sleep 3s)
08:17:00   retry 2/7 after HTTPError: HTTP Error 429: Too Many Requests (sleep 6s)
08:17:01 n2_b118: 369 accounts (0.25MB)
08:17:02   retry 1/7 after HTTPError: HTTP Error 429: Too Many Requests (sleep 3s)
08:17:03 n2_b120: 329 accounts (0.22MB)
08:17:04 n2_b123: 367 accounts (0.25MB)
08:17:07 n2_b124: 340 accounts (0.23MB)
08:17:07 n2_b122: 342 accounts (0.23MB)
08:17:08 n2_b121: 326 accounts (0.22MB)
08:17:11 n2_b127: 331 accounts (0.22MB)
08:17:11 n2_b126: 334 accounts (0.22MB)
08:17:11 n2_b125: 342 accounts (0.23MB)
08:17:12   retry 1/7 after HTTPError: HTTP Error 429: Too Many Requests (sleep 3s)
08:17:13 n2_b128: 370 accounts (0.25MB)
08:17:13 n2_b129: 383 accounts (0.26MB)
08:17:14   retry 1/7 after HTTPError: HTTP Error 429: Too Many Requests (sleep 3s)
08:17:14   retry 1/7 after HTTPError: HTTP Error 429: Too Many Requests (sleep 3s)
08:17:15   retry 2/7 after HTTPError: HTTP Error 429: Too Many Requests (sleep 6s)
08:17:17   retry 2/7 after HTTPError: HTTP Error 429: Too Many Requests (sleep 6s)
08:17:17   retry 2/7 after HTTPError: HTTP Error 429: Too Many Requests (sleep 6s)
08:17:23 n2_b130: 379 accounts (0.25MB)
08:17:25 n2_b133: 338 accounts (0.23MB)
08:17:25 n2_b132: 336 accounts (0.22MB)
08:17:25 n2_b131: 313 accounts (0.21MB)
08:17:27 n2_b134: 397 accounts (0.27MB)
08:17:27 n2_b136: 316 accounts (0.21MB)
08:17:27 n2_b135: 358 accounts (0.24MB)
08:17:30 n2_b137: 348 accounts (0.23MB)
08:17:31 n2_b139: 338 accounts (0.23MB)
08:17:32 n2_b138: 341 accounts (0.23MB)
08:17:32 n2_b140: 345 accounts (0.23MB)
08:17:32   retry 1/7 after HTTPError: HTTP Error 429: Too Many Requests (sleep 3s)
08:17:33 n2_b141: 333 accounts (0.22MB)
08:17:33   retry 7/7 after HTTPError: HTTP Error 429: Too Many Requests (sleep 60s)
08:17:34   retry 1/7 after HTTPError: HTTP Error 429: Too Many Requests (sleep 3s)
08:17:34 n2_b142: 359 accounts (0.24MB)
08:17:35   retry 1/7 after HTTPError: HTTP Error 429: Too Many Requests (sleep 3s)
08:17:37   retry 2/7 after HTTPError: HTTP Error 429: Too Many Requests (sleep 6s)
08:17:37   retry 2/7 after HTTPError: HTTP Error 429: Too Many Requests (sleep 6s)
08:17:39   retry 2/7 after HTTPError: HTTP Error 429: Too Many Requests (sleep 6s)
08:17:45 n2_b143: 324 accounts (0.22MB)
08:17:46 n2_b95: 351 accounts (0.23MB)
08:17:46   retry 1/7 after HTTPError: HTTP Error 429: Too Many Requests (sleep 3s)
08:17:46 n2_b96: 328 accounts (0.22MB)
08:17:46 n2_b144: 364 accounts (0.24MB)
08:17:47   retry 1/7 after HTTPError: HTTP Error 429: Too Many Requests (sleep 3s)
08:17:47   retry 1/7 after HTTPError: HTTP Error 429: Too Many Requests (sleep 3s)
08:17:47 n2_b145: 298 accounts (0.20MB)
08:17:47 n2_b146: 353 accounts (0.24MB)
08:17:48   retry 1/7 after HTTPError: HTTP Error 429: Too Many Requests (sleep 3s)
08:17:48   retry 1/7 after HTTPError: HTTP Error 429: Too Many Requests (sleep 3s)
08:17:50   retry 2/7 after HTTPError: HTTP Error 429: Too Many Requests (sleep 6s)
08:17:51   retry 2/7 after HTTPError: HTTP Error 429: Too Many Requests (sleep 6s)
08:17:51   retry 2/7 after HTTPError: HTTP Error 429: Too Many Requests (sleep 6s)
08:17:51   retry 2/7 after HTTPError: HTTP Error 429: Too Many Requests (sleep 6s)
08:17:52   retry 2/7 after HTTPError: HTTP Error 429: Too Many Requests (sleep 6s)
08:18:02 n2_b149: 358 accounts (0.24MB)
08:18:03 n2_b148: 342 accounts (0.23MB)
08:18:07 n2_b151: 326 accounts (0.22MB)
08:18:07 n2_b150: 355 accounts (0.24MB)
08:18:07 n2_b147: 358 accounts (0.24MB)
08:18:08 n2_b153: 352 accounts (0.24MB)
08:18:10 n2_b155: 330 accounts (0.22MB)
08:18:10 n2_b154: 353 accounts (0.24MB)
08:18:10 n2_b156: 367 accounts (0.25MB)
08:18:10 n2_b157: 363 accounts (0.24MB)
08:18:13 n2_b159: 350 accounts (0.23MB)
08:18:13 n2_b158: 340 accounts (0.23MB)
08:18:14 n2_b161: 366 accounts (0.24MB)
08:18:14 n2_b160: 340 accounts (0.23MB)
08:18:15   retry 1/7 after HTTPError: HTTP Error 429: Too Many Requests (sleep 3s)
08:18:15   retry 1/7 after HTTPError: HTTP Error 429: Too Many Requests (sleep 3s)
08:18:15 n2_b152: 333 accounts (0.22MB)
08:18:15 n2_b162: 358 accounts (0.24MB)
08:18:16 n2_b163: 392 accounts (0.26MB)
08:18:16   retry 1/7 after HTTPError: HTTP Error 429: Too Many Requests (sleep 3s)
08:18:16   retry 1/7 after HTTPError: HTTP Error 429: Too Many Requests (sleep 3s)
08:18:16   retry 1/7 after HTTPError: HTTP Error 429: Too Many Requests (sleep 3s)
08:18:18   retry 2/7 after HTTPError: HTTP Error 429: Too Many Requests (sleep 6s)
08:18:18   retry 2/7 after HTTPError: HTTP Error 429: Too Many Requests (sleep 6s)
08:18:20   retry 2/7 after HTTPError: HTTP Error 429: Too Many Requests (sleep 6s)
08:18:20   retry 2/7 after HTTPError: HTTP Error 429: Too Many Requests (sleep 6s)
08:18:20   retry 2/7 after HTTPError: HTTP Error 429: Too Many Requests (sleep 6s)
08:18:29 n2_b164: 343 accounts (0.23MB)
08:18:30 n2_b165: 332 accounts (0.22MB)
08:18:30 n2_b167: 374 accounts (0.25MB)
08:18:30 n2_b166: 358 accounts (0.24MB)
08:18:30 n2_b168: 342 accounts (0.23MB)
08:18:31   retry 1/7 after HTTPError: HTTP Error 429: Too Many Requests (sleep 3s)
08:18:31 n2_b169: 366 accounts (0.24MB)
08:18:32 n2_b170: 356 accounts (0.24MB)
08:18:32   retry 1/7 after HTTPError: HTTP Error 429: Too Many Requests (sleep 3s)
08:18:32   retry 1/7 after HTTPError: HTTP Error 429: Too Many Requests (sleep 3s)
08:18:32 n2_b171: 357 accounts (0.24MB)
08:18:32 n2_b172: 351 accounts (0.23MB)
08:18:33   retry 1/7 after HTTPError: HTTP Error 429: Too Many Requests (sleep 3s)
08:18:33   retry 1/7 after HTTPError: HTTP Error 429: Too Many Requests (sleep 3s)
08:18:33 TASK FAILED n2_b60: gPA failed after 7 attempts: HTTP Error 429: Too Many Requests
08:18:34   retry 1/7 after HTTPError: HTTP Error 429: Too Many Requests (sleep 3s)
08:18:35   retry 2/7 after HTTPError: HTTP Error 429: Too Many Requests (sleep 6s)
08:18:36   retry 2/7 after HTTPError: HTTP Error 429: Too Many Requests (sleep 6s)
08:18:36   retry 2/7 after HTTPError: HTTP Error 429: Too Many Requests (sleep 6s)
08:18:36   retry 2/7 after HTTPError: HTTP Error 429: Too Many Requests (sleep 6s)
08:18:36   retry 2/7 after HTTPError: HTTP Error 429: Too Many Requests (sleep 6s)
08:18:37   retry 2/7 after HTTPError: HTTP Error 429: Too Many Requests (sleep 6s)
08:18:41   retry 3/7 after HTTPError: HTTP Error 429: Too Many Requests (sleep 12s)
08:18:42   retry 3/7 after HTTPError: HTTP Error 429: Too Many Requests (sleep 12s)
08:18:42   retry 3/7 after HTTPError: HTTP Error 429: Too Many Requests (sleep 12s)
08:18:43   retry 3/7 after HTTPError: HTTP Error 429: Too Many Requests (sleep 12s)
08:18:43   retry 3/7 after HTTPError: HTTP Error 429: Too Many Requests (sleep 12s)
08:18:44   retry 3/7 after HTTPError: HTTP Error 429: Too Many Requests (sleep 12s)
08:18:56 n2_b173: 341 accounts (0.23MB)
08:18:57 n2_b174: 320 accounts (0.21MB)
08:18:57 n2_b175: 340 accounts (0.23MB)
08:18:59 n2_b177: 349 accounts (0.23MB)
08:18:59 n2_b176: 357 accounts (0.24MB)
08:19:00 n2_b179: 373 accounts (0.25MB)
08:19:00 n2_b181: 381 accounts (0.25MB)
08:19:00 n2_b180: 352 accounts (0.24MB)
08:19:00 n2_b178: 336 accounts (0.22MB)
08:19:01   retry 1/7 after HTTPError: HTTP Error 429: Too Many Requests (sleep 3s)
08:19:01   retry 1/7 after HTTPError: HTTP Error 429: Too Many Requests (sleep 3s)
08:19:01   retry 1/7 after HTTPError: HTTP Error 429: Too Many Requests (sleep 3s)
08:19:01 n2_b182: 339 accounts (0.23MB)
08:19:02 n2_b183: 357 accounts (0.24MB)
08:19:02 n2_b184: 358 accounts (0.24MB)
08:19:02   retry 1/7 after HTTPError: HTTP Error 429: Too Many Requests (sleep 3s)
08:19:02   retry 1/7 after HTTPError: HTTP Error 429: Too Many Requests (sleep 3s)
08:19:03   retry 1/7 after HTTPError: HTTP Error 429: Too Many Requests (sleep 3s)
08:19:05   retry 2/7 after HTTPError: HTTP Error 429: Too Many Requests (sleep 6s)
08:19:05   retry 2/7 after HTTPError: HTTP Error 429: Too Many Requests (sleep 6s)
08:19:05   retry 2/7 after HTTPError: HTTP Error 429: Too Many Requests (sleep 6s)
08:19:06   retry 2/7 after HTTPError: HTTP Error 429: Too Many Requests (sleep 6s)
08:19:06   retry 2/7 after HTTPError: HTTP Error 429: Too Many Requests (sleep 6s)
08:19:06   retry 2/7 after HTTPError: HTTP Error 429: Too Many Requests (sleep 6s)
08:19:11   retry 3/7 after HTTPError: HTTP Error 429: Too Many Requests (sleep 12s)
08:19:11   retry 3/7 after HTTPError: HTTP Error 429: Too Many Requests (sleep 12s)
08:19:11   retry 3/7 after HTTPError: HTTP Error 429: Too Many Requests (sleep 12s)
08:19:12   retry 3/7 after HTTPError: HTTP Error 429: Too Many Requests (sleep 12s)
08:19:13   retry 3/7 after HTTPError: HTTP Error 429: Too Many Requests (sleep 12s)
08:19:13   retry 3/7 after HTTPError: HTTP Error 429: Too Many Requests (sleep 12s)
08:19:25 n2_b185: 365 accounts (0.24MB)
08:19:25 n2_b186: 335 accounts (0.22MB)
08:19:26 n2_b187: 362 accounts (0.24MB)
08:19:26 n2_b188: 341 accounts (0.23MB)
08:19:27 n2_b189: 329 accounts (0.22MB)
08:19:27 n2_b190: 313 accounts (0.21MB)
08:19:27   retry 1/7 after HTTPError: HTTP Error 429: Too Many Requests (sleep 3s)
08:19:27   retry 1/7 after HTTPError: HTTP Error 429: Too Many Requests (sleep 3s)
08:19:27   retry 1/7 after HTTPError: HTTP Error 429: Too Many Requests (sleep 3s)
08:19:28 n2_b191: 364 accounts (0.24MB)
08:19:29 n2_b192: 403 accounts (0.27MB)
08:19:29 n2_b193: 357 accounts (0.24MB)
08:19:29   retry 1/7 after HTTPError: HTTP Error 429: Too Many Requests (sleep 3s)
08:19:29   retry 1/7 after HTTPError: HTTP Error 429: Too Many Requests (sleep 3s)
08:19:30   retry 1/7 after HTTPError: HTTP Error 429: Too Many Requests (sleep 3s)
08:19:31   retry 2/7 after HTTPError: HTTP Error 429: Too Many Requests (sleep 6s)
08:19:31   retry 2/7 after HTTPError: HTTP Error 429: Too Many Requests (sleep 6s)
08:19:31   retry 2/7 after HTTPError: HTTP Error 429: Too Many Requests (sleep 6s)
08:19:32   retry 2/7 after HTTPError: HTTP Error 429: Too Many Requests (sleep 6s)
08:19:33   retry 2/7 after HTTPError: HTTP Error 429: Too Many Requests (sleep 6s)
08:19:33   retry 2/7 after HTTPError: HTTP Error 429: Too Many Requests (sleep 6s)
08:19:37   retry 3/7 after HTTPError: HTTP Error 429: Too Many Requests (sleep 12s)
08:19:37   retry 3/7 after HTTPError: HTTP Error 429: Too Many Requests (sleep 12s)
08:19:38   retry 3/7 after HTTPError: HTTP Error 429: Too Many Requests (sleep 12s)
08:19:39   retry 3/7 after HTTPError: HTTP Error 429: Too Many Requests (sleep 12s)
08:19:39   retry 3/7 after HTTPError: HTTP Error 429: Too Many Requests (sleep 12s)
08:19:40   retry 3/7 after HTTPError: HTTP Error 429: Too Many Requests (sleep 12s)
08:19:53 n2_b194: 387 accounts (0.26MB)
08:19:54 n2_b196: 326 accounts (0.22MB)
08:19:54 n2_b195: 352 accounts (0.24MB)
08:19:55 n2_b197: 366 accounts (0.24MB)
08:19:57 n2_b198: 359 accounts (0.24MB)
08:19:57 n2_b199: 342 accounts (0.23MB)
08:19:58 n2_b200: 366 accounts (0.24MB)
08:19:58   retry 1/7 after HTTPError: HTTP Error 429: Too Many Requests (sleep 3s)
08:19:58 n2_b201: 332 accounts (0.22MB)
08:19:58   retry 1/7 after HTTPError: HTTP Error 429: Too Many Requests (sleep 3s)
08:19:58 n2_b202: 337 accounts (0.23MB)
08:19:58 n2_b203: 358 accounts (0.24MB)
08:19:58   retry 1/7 after HTTPError: HTTP Error 429: Too Many Requests (sleep 3s)
08:19:59   retry 1/7 after HTTPError: HTTP Error 429: Too Many Requests (sleep 3s)
08:19:59   retry 1/7 after HTTPError: HTTP Error 429: Too Many Requests (sleep 3s)
08:19:59   retry 1/7 after HTTPError: HTTP Error 429: Too Many Requests (sleep 3s)
08:20:04   retry 2/7 after HTTPError: HTTP Error 429: Too Many Requests (sleep 6s)
08:20:04   retry 2/7 after HTTPError: HTTP Error 429: Too Many Requests (sleep 6s)
08:20:04   retry 2/7 after HTTPError: HTTP Error 429: Too Many Requests (sleep 6s)
08:20:04   retry 2/7 after HTTPError: HTTP Error 429: Too Many Requests (sleep 6s)
08:20:05   retry 2/7 after HTTPError: HTTP Error 429: Too Many Requests (sleep 6s)
08:20:07 n2_b205: 348 accounts (0.23MB)
08:20:14 n2_b204: 336 accounts (0.22MB)
08:20:14 n2_b206: 352 accounts (0.24MB)
08:20:14 n2_b210: 356 accounts (0.24MB)
08:20:15 n2_b209: 322 accounts (0.22MB)
08:20:15 n2_b207: 352 accounts (0.24MB)
08:20:15 n2_b208: 329 accounts (0.22MB)
08:20:15   retry 1/7 after HTTPError: HTTP Error 429: Too Many Requests (sleep 3s)
08:20:15   retry 1/7 after HTTPError: HTTP Error 429: Too Many Requests (sleep 3s)
08:20:15   retry 1/7 after HTTPError: HTTP Error 429: Too Many Requests (sleep 3s)
08:20:17 n2_b213: 314 accounts (0.21MB)
08:20:17 n2_b212: 358 accounts (0.24MB)
08:20:17 n2_b211: 337 accounts (0.23MB)
08:20:18   retry 1/7 after HTTPError: HTTP Error 429: Too Many Requests (sleep 3s)
08:20:18   retry 1/7 after HTTPError: HTTP Error 429: Too Many Requests (sleep 3s)
08:20:18   retry 1/7 after HTTPError: HTTP Error 429: Too Many Requests (sleep 3s)
08:20:19   retry 2/7 after HTTPError: HTTP Error 429: Too Many Requests (sleep 6s)
08:20:19   retry 2/7 after HTTPError: HTTP Error 429: Too Many Requests (sleep 6s)
08:20:19   retry 2/7 after HTTPError: HTTP Error 429: Too Many Requests (sleep 6s)
08:20:21   retry 2/7 after HTTPError: HTTP Error 429: Too Many Requests (sleep 6s)
08:20:21   retry 2/7 after HTTPError: HTTP Error 429: Too Many Requests (sleep 6s)
08:20:21   retry 2/7 after HTTPError: HTTP Error 429: Too Many Requests (sleep 6s)
08:20:26   retry 3/7 after HTTPError: HTTP Error 429: Too Many Requests (sleep 12s)
08:20:27 n2_b214: 337 accounts (0.23MB)
08:20:27 n2_b216: 322 accounts (0.22MB)
08:20:28   retry 3/7 after HTTPError: HTTP Error 429: Too Many Requests (sleep 12s)
08:20:28   retry 1/7 after HTTPError: HTTP Error 429: Too Many Requests (sleep 3s)
08:20:28   retry 3/7 after HTTPError: HTTP Error 429: Too Many Requests (sleep 12s)
08:20:28 n2_b220: 363 accounts (0.24MB)
08:20:29   retry 1/7 after HTTPError: HTTP Error 429: Too Many Requests (sleep 3s)
08:20:30 n2_b217: 356 accounts (0.24MB)
08:20:30   retry 1/7 after HTTPError: HTTP Error 429: Too Many Requests (sleep 3s)
08:20:32   retry 2/7 after HTTPError: HTTP Error 429: Too Many Requests (sleep 6s)
08:20:34 n2_b222: 316 accounts (0.21MB)
08:20:35 n2_b223: 383 accounts (0.26MB)
08:20:37 n2_b224: 344 accounts (0.23MB)
08:20:37 n2_b225: 358 accounts (0.24MB)
08:20:38 n2_b226: 368 accounts (0.25MB)
08:20:39   retry 4/7 after HTTPError: HTTP Error 429: Too Many Requests (sleep 24s)
08:20:39   retry 1/7 after HTTPError: HTTP Error 429: Too Many Requests (sleep 3s)
08:20:39 n2_b227: 367 accounts (0.25MB)
08:20:40 n2_b221: 370 accounts (0.25MB)
08:20:40   retry 1/7 after HTTPError: HTTP Error 429: Too Many Requests (sleep 3s)
08:20:40   retry 1/7 after HTTPError: HTTP Error 429: Too Many Requests (sleep 3s)
08:20:40   retry 4/7 after HTTPError: HTTP Error 429: Too Many Requests (sleep 24s)
08:20:41   retry 4/7 after HTTPError: HTTP Error 429: Too Many Requests (sleep 24s)
08:20:42   retry 2/7 after HTTPError: HTTP Error 429: Too Many Requests (sleep 6s)
08:20:44   retry 2/7 after HTTPError: HTTP Error 429: Too Many Requests (sleep 6s)
08:20:44   retry 2/7 after HTTPError: HTTP Error 429: Too Many Requests (sleep 6s)
08:20:50 n2_b228: 413 accounts (0.28MB)
08:20:51 n2_b229: 306 accounts (0.20MB)
08:20:52 n2_b230: 374 accounts (0.25MB)
08:20:53 n2_b231: 341 accounts (0.23MB)
08:20:54 n2_b232: 356 accounts (0.24MB)
08:20:54 n2_b233: 358 accounts (0.24MB)
08:20:55   retry 1/7 after HTTPError: HTTP Error 429: Too Many Requests (sleep 3s)
08:20:55 n2_b234: 325 accounts (0.22MB)
08:20:56   retry 1/7 after HTTPError: HTTP Error 429: Too Many Requests (sleep 3s)
08:20:56 n2_b235: 351 accounts (0.23MB)
08:20:57   retry 1/7 after HTTPError: HTTP Error 429: Too Many Requests (sleep 3s)
08:20:58   retry 2/7 after HTTPError: HTTP Error 429: Too Many Requests (sleep 6s)
08:21:00   retry 2/7 after HTTPError: HTTP Error 429: Too Many Requests (sleep 6s)
08:21:00   retry 2/7 after HTTPError: HTTP Error 429: Too Many Requests (sleep 6s)
08:21:05 n2_b215: 373 accounts (0.25MB)
08:21:06   retry 3/7 after HTTPError: HTTP Error 429: Too Many Requests (sleep 12s)
08:21:06 n2_b236: 377 accounts (0.25MB)
08:21:06 n2_b218: 332 accounts (0.22MB)
08:21:07 n2_b219: 358 accounts (0.24MB)
08:21:07   retry 3/7 after HTTPError: HTTP Error 429: Too Many Requests (sleep 12s)
08:21:07 n2_b239: 351 accounts (0.23MB)
08:21:07   retry 1/7 after HTTPError: HTTP Error 429: Too Many Requests (sleep 3s)
08:21:07   retry 1/7 after HTTPError: HTTP Error 429: Too Many Requests (sleep 3s)
08:21:07   retry 1/7 after HTTPError: HTTP Error 429: Too Many Requests (sleep 3s)
08:21:08   retry 1/7 after HTTPError: HTTP Error 429: Too Many Requests (sleep 3s)
08:21:11   retry 2/7 after HTTPError: HTTP Error 429: Too Many Requests (sleep 6s)
08:21:11   retry 2/7 after HTTPError: HTTP Error 429: Too Many Requests (sleep 6s)
08:21:11   retry 2/7 after HTTPError: HTTP Error 429: Too Many Requests (sleep 6s)
08:21:12   retry 2/7 after HTTPError: HTTP Error 429: Too Many Requests (sleep 6s)
08:21:20 n2_b242: 343 accounts (0.23MB)
08:21:20 n2_b243: 363 accounts (0.24MB)
08:21:21 n2_b240: 367 accounts (0.25MB)
08:21:21 n2_b237: 351 accounts (0.23MB)
08:21:21 n2_b241: 332 accounts (0.22MB)
08:21:21 n2_b238: 345 accounts (0.23MB)
08:21:21   retry 1/7 after HTTPError: HTTP Error 429: Too Many Requests (sleep 3s)
08:21:21   retry 1/7 after HTTPError: HTTP Error 429: Too Many Requests (sleep 3s)
08:21:21   retry 1/7 after HTTPError: HTTP Error 429: Too Many Requests (sleep 3s)
08:21:22   retry 1/7 after HTTPError: HTTP Error 429: Too Many Requests (sleep 3s)
08:21:22 n2_b244: 363 accounts (0.24MB)
08:21:22 n2_b245: 325 accounts (0.22MB)
08:21:23   retry 1/7 after HTTPError: HTTP Error 429: Too Many Requests (sleep 3s)
08:21:23   retry 1/7 after HTTPError: HTTP Error 429: Too Many Requests (sleep 3s)
08:21:25   retry 2/7 after HTTPError: HTTP Error 429: Too Many Requests (sleep 6s)
08:21:25   retry 2/7 after HTTPError: HTTP Error 429: Too Many Requests (sleep 6s)
08:21:25   retry 2/7 after HTTPError: HTTP Error 429: Too Many Requests (sleep 6s)
08:21:25   retry 2/7 after HTTPError: HTTP Error 429: Too Many Requests (sleep 6s)
08:21:27   retry 2/7 after HTTPError: HTTP Error 429: Too Many Requests (sleep 6s)
08:21:27   retry 2/7 after HTTPError: HTTP Error 429: Too Many Requests (sleep 6s)
08:21:32   retry 3/7 after HTTPError: HTTP Error 429: Too Many Requests (sleep 12s)
08:21:32   retry 3/7 after HTTPError: HTTP Error 429: Too Many Requests (sleep 12s)
08:21:32   retry 3/7 after HTTPError: HTTP Error 429: Too Many Requests (sleep 12s)
08:21:32   retry 3/7 after HTTPError: HTTP Error 429: Too Many Requests (sleep 12s)
08:21:33   retry 3/7 after HTTPError: HTTP Error 429: Too Many Requests (sleep 12s)
08:21:33   retry 3/7 after HTTPError: HTTP Error 429: Too Many Requests (sleep 12s)
08:21:47 n2_b248: 342 accounts (0.23MB)
08:21:47 n2_b247: 369 accounts (0.25MB)
08:21:47 n2_b246: 357 accounts (0.24MB)
08:21:47 n2_b249: 363 accounts (0.24MB)
08:21:48 n2_b251: 358 accounts (0.24MB)
08:21:48 n2_b250: 370 accounts (0.25MB)
08:21:49   retry 1/7 after HTTPError: HTTP Error 429: Too Many Requests (sleep 3s)
08:21:49   retry 1/7 after HTTPError: HTTP Error 429: Too Many Requests (sleep 3s)
08:21:50 n2_b255: 353 accounts (0.24MB)
08:21:50 n2_b254: 342 accounts (0.23MB)
08:21:50 n2_b252: 353 accounts (0.24MB)
08:21:50 n2_b253: 383 accounts (0.26MB)
08:21:50 nonce 2: chunks done sum=88855 fails=1
08:21:50   retry 1/7 after HTTPError: HTTP Error 429: Too Many Requests (sleep 3s)
08:21:50   retry 1/7 after HTTPError: HTTP Error 429: Too Many Requests (sleep 3s)
08:21:50   retry 1/7 after HTTPError: HTTP Error 429: Too Many Requests (sleep 3s)
08:21:50   retry 1/7 after HTTPError: HTTP Error 429: Too Many Requests (sleep 3s)
08:21:53   retry 2/7 after HTTPError: HTTP Error 429: Too Many Requests (sleep 6s)
08:21:53   retry 2/7 after HTTPError: HTTP Error 429: Too Many Requests (sleep 6s)
08:21:54   retry 2/7 after HTTPError: HTTP Error 429: Too Many Requests (sleep 6s)
08:21:54   retry 2/7 after HTTPError: HTTP Error 429: Too Many Requests (sleep 6s)
08:21:54   retry 2/7 after HTTPError: HTTP Error 429: Too Many Requests (sleep 6s)
08:21:54   retry 2/7 after HTTPError: HTTP Error 429: Too Many Requests (sleep 6s)
08:21:59   retry 3/7 after HTTPError: HTTP Error 429: Too Many Requests (sleep 12s)
08:22:00   retry 3/7 after HTTPError: HTTP Error 429: Too Many Requests (sleep 12s)
08:22:01   retry 3/7 after HTTPError: HTTP Error 429: Too Many Requests (sleep 12s)
08:22:01   retry 3/7 after HTTPError: HTTP Error 429: Too Many Requests (sleep 12s)
08:22:01   retry 3/7 after HTTPError: HTTP Error 429: Too Many Requests (sleep 12s)
08:22:01   retry 3/7 after HTTPError: HTTP Error 429: Too Many Requests (sleep 12s)
08:22:13 n3_b0: 171 accounts (0.11MB)
08:22:14 n3_b1: 172 accounts (0.11MB)
08:22:14 n3_b5: 163 accounts (0.11MB)
08:22:15 n3_b3: 176 accounts (0.12MB)
08:22:15 n3_b2: 200 accounts (0.13MB)
08:22:15 n3_b4: 165 accounts (0.11MB)
08:22:15 n3_b6: 170 accounts (0.11MB)
08:22:15   retry 1/7 after HTTPError: HTTP Error 429: Too Many Requests (sleep 3s)
08:22:15   retry 1/7 after HTTPError: HTTP Error 429: Too Many Requests (sleep 3s)
08:22:15   retry 1/7 after HTTPError: HTTP Error 429: Too Many Requests (sleep 3s)
08:22:15   retry 1/7 after HTTPError: HTTP Error 429: Too Many Requests (sleep 3s)
08:22:16 n3_b7: 189 accounts (0.13MB)
08:22:16   retry 1/7 after HTTPError: HTTP Error 429: Too Many Requests (sleep 3s)
08:22:16   retry 1/7 after HTTPError: HTTP Error 429: Too Many Requests (sleep 3s)
08:22:19   retry 2/7 after HTTPError: HTTP Error 429: Too Many Requests (sleep 6s)
08:22:19   retry 2/7 after HTTPError: HTTP Error 429: Too Many Requests (sleep 6s)
08:22:19   retry 2/7 after HTTPError: HTTP Error 429: Too Many Requests (sleep 6s)
08:22:19   retry 2/7 after HTTPError: HTTP Error 429: Too Many Requests (sleep 6s)
08:22:20   retry 2/7 after HTTPError: HTTP Error 429: Too Many Requests (sleep 6s)
08:22:26   retry 3/7 after HTTPError: HTTP Error 429: Too Many Requests (sleep 12s)
08:22:26 n3_b10: 177 accounts (0.12MB)
08:22:27   retry 3/7 after HTTPError: HTTP Error 429: Too Many Requests (sleep 12s)
08:22:27 n3_b11: 182 accounts (0.12MB)
08:22:27 n3_b9: 160 accounts (0.11MB)
08:22:27   retry 1/7 after HTTPError: HTTP Error 429: Too Many Requests (sleep 3s)
08:22:28   retry 1/7 after HTTPError: HTTP Error 429: Too Many Requests (sleep 3s)
08:22:28   retry 1/7 after HTTPError: HTTP Error 429: Too Many Requests (sleep 3s)
08:22:32 n3_b14: 189 accounts (0.13MB)
08:22:32 n3_b16: 171 accounts (0.11MB)
08:22:32 n3_b15: 202 accounts (0.13MB)
08:22:33   retry 1/7 after HTTPError: HTTP Error 429: Too Many Requests (sleep 3s)
08:22:33   retry 1/7 after HTTPError: HTTP Error 429: Too Many Requests (sleep 3s)
08:22:33 n3_b17: 174 accounts (0.12MB)
08:22:34   retry 1/7 after HTTPError: HTTP Error 429: Too Many Requests (sleep 3s)
08:22:36   retry 2/7 after HTTPError: HTTP Error 429: Too Many Requests (sleep 6s)
08:22:37   retry 2/7 after HTTPError: HTTP Error 429: Too Many Requests (sleep 6s)
08:22:39   retry 4/7 after HTTPError: HTTP Error 429: Too Many Requests (sleep 24s)
08:22:39 n3_b18: 184 accounts (0.12MB)
08:22:39   retry 4/7 after HTTPError: HTTP Error 429: Too Many Requests (sleep 24s)
08:22:39   retry 1/7 after HTTPError: HTTP Error 429: Too Many Requests (sleep 3s)
08:22:44 n3_b21: 166 accounts (0.11MB)
08:22:45 n3_b19: 185 accounts (0.12MB)
08:22:45 n3_b20: 182 accounts (0.12MB)
08:22:45   retry 1/7 after HTTPError: HTTP Error 429: Too Many Requests (sleep 3s)
08:22:46   retry 1/7 after HTTPError: HTTP Error 429: Too Many Requests (sleep 3s)
08:22:46 n3_b22: 165 accounts (0.11MB)
08:22:47   retry 1/7 after HTTPError: HTTP Error 429: Too Many Requests (sleep 3s)
08:22:49   retry 2/7 after HTTPError: HTTP Error 429: Too Many Requests (sleep 6s)
08:22:50 n3_b23: 198 accounts (0.13MB)
08:22:50   retry 1/7 after HTTPError: HTTP Error 429: Too Many Requests (sleep 3s)
08:22:51 n3_b25: 172 accounts (0.11MB)
08:22:51   retry 1/7 after HTTPError: HTTP Error 429: Too Many Requests (sleep 3s)
08:22:55 n3_b26: 202 accounts (0.13MB)
08:22:56 n3_b28: 193 accounts (0.13MB)
08:22:56 n3_b27: 172 accounts (0.11MB)
08:22:57 n3_b24: 171 accounts (0.11MB)
08:22:57   retry 1/7 after HTTPError: HTTP Error 429: Too Many Requests (sleep 3s)
08:22:57   retry 1/7 after HTTPError: HTTP Error 429: Too Many Requests (sleep 3s)
08:22:57 n3_b30: 201 accounts (0.13MB)
08:22:58   retry 1/7 after HTTPError: HTTP Error 429: Too Many Requests (sleep 3s)
08:23:01   retry 2/7 after HTTPError: HTTP Error 429: Too Many Requests (sleep 6s)
08:23:01 n3_b29: 160 accounts (0.11MB)
08:23:02   retry 1/7 after HTTPError: HTTP Error 429: Too Many Requests (sleep 3s)
08:23:02   retry 2/7 after HTTPError: HTTP Error 429: Too Many Requests (sleep 6s)
08:23:03   retry 5/7 after HTTPError: HTTP Error 429: Too Many Requests (sleep 48s)
08:23:04   retry 5/7 after HTTPError: HTTP Error 429: Too Many Requests (sleep 48s)
08:23:05   retry 2/7 after HTTPError: HTTP Error 429: Too Many Requests (sleep 6s)
08:23:09 n3_b31: 157 accounts (0.10MB)
08:23:10 n3_b32: 188 accounts (0.13MB)
08:23:11 n3_b34: 167 accounts (0.11MB)
08:23:11 n3_b35: 177 accounts (0.12MB)
08:23:12   retry 1/7 after HTTPError: HTTP Error 429: Too Many Requests (sleep 3s)
08:23:12 n3_b36: 178 accounts (0.12MB)
08:23:13 n3_b33: 176 accounts (0.12MB)
08:23:13   retry 1/7 after HTTPError: HTTP Error 429: Too Many Requests (sleep 3s)
08:23:13   retry 1/7 after HTTPError: HTTP Error 429: Too Many Requests (sleep 3s)
08:23:16   retry 2/7 after HTTPError: HTTP Error 429: Too Many Requests (sleep 6s)
08:23:17   retry 2/7 after HTTPError: HTTP Error 429: Too Many Requests (sleep 6s)
08:23:17   retry 2/7 after HTTPError: HTTP Error 429: Too Many Requests (sleep 6s)
08:23:23 n3_b37: 173 accounts (0.12MB)
08:23:24 n3_b38: 183 accounts (0.12MB)
08:23:25 n3_b40: 168 accounts (0.11MB)
08:23:25 n3_b39: 150 accounts (0.10MB)
08:23:25 n3_b8: 184 accounts (0.12MB)
08:23:25   retry 1/7 after HTTPError: HTTP Error 429: Too Many Requests (sleep 3s)
08:23:25   retry 1/7 after HTTPError: HTTP Error 429: Too Many Requests (sleep 3s)
08:23:26 n3_b41: 152 accounts (0.10MB)
08:23:26   retry 1/7 after HTTPError: HTTP Error 429: Too Many Requests (sleep 3s)
08:23:26   retry 1/7 after HTTPError: HTTP Error 429: Too Many Requests (sleep 3s)
08:23:31   retry 2/7 after HTTPError: HTTP Error 429: Too Many Requests (sleep 6s)
08:23:31   retry 2/7 after HTTPError: HTTP Error 429: Too Many Requests (sleep 6s)
08:23:33 n3_b43: 207 accounts (0.14MB)
08:23:33 n3_b45: 175 accounts (0.12MB)
08:23:35 n3_b47: 170 accounts (0.11MB)
08:23:36 n3_b46: 172 accounts (0.11MB)
08:23:36 n3_b48: 159 accounts (0.11MB)
08:23:37   retry 1/7 after HTTPError: HTTP Error 429: Too Many Requests (sleep 3s)
08:23:37 n3_b49: 178 accounts (0.12MB)
08:23:37   retry 3/7 after HTTPError: HTTP Error 429: Too Many Requests (sleep 12s)
08:23:38   retry 1/7 after HTTPError: HTTP Error 429: Too Many Requests (sleep 3s)
08:23:38   retry 3/7 after HTTPError: HTTP Error 429: Too Many Requests (sleep 12s)
08:23:43 n3_b50: 186 accounts (0.12MB)
08:23:44 n3_b52: 154 accounts (0.10MB)
08:23:45 n3_b51: 182 accounts (0.12MB)
08:23:46 n3_b53: 188 accounts (0.13MB)
08:23:46 n3_b54: 176 accounts (0.12MB)
08:23:47 n3_b55: 174 accounts (0.12MB)
08:23:47 n3_b56: 181 accounts (0.12MB)
08:23:49 n3_b57: 203 accounts (0.14MB)
08:23:49 n3_b58: 198 accounts (0.13MB)
08:23:52 n3_b59: 146 accounts (0.10MB)
08:23:52   retry 6/7 after HTTPError: HTTP Error 429: Too Many Requests (sleep 60s)
08:23:54   retry 6/7 after HTTPError: HTTP Error 429: Too Many Requests (sleep 60s)
08:23:54 n3_b44: 151 accounts (0.10MB)
08:23:54   retry 1/7 after HTTPError: HTTP Error 429: Too Many Requests (sleep 3s)
08:23:54 n3_b42: 183 accounts (0.12MB)
08:23:54 n3_b60: 161 accounts (0.11MB)
08:23:54   retry 1/7 after HTTPError: HTTP Error 429: Too Many Requests (sleep 3s)
08:23:55   retry 1/7 after HTTPError: HTTP Error 429: Too Many Requests (sleep 3s)
08:23:55   retry 1/7 after HTTPError: HTTP Error 429: Too Many Requests (sleep 3s)
08:23:57   retry 2/7 after HTTPError: HTTP Error 429: Too Many Requests (sleep 6s)
08:23:58   retry 2/7 after HTTPError: HTTP Error 429: Too Many Requests (sleep 6s)
08:23:59   retry 2/7 after HTTPError: HTTP Error 429: Too Many Requests (sleep 6s)
08:23:59   retry 2/7 after HTTPError: HTTP Error 429: Too Many Requests (sleep 6s)
08:24:05 n3_b61: 172 accounts (0.11MB)
08:24:06 n3_b62: 166 accounts (0.11MB)
08:24:11 n3_b63: 145 accounts (0.10MB)
08:24:12 n3_b64: 172 accounts (0.11MB)
08:24:14 n3_b67: 169 accounts (0.11MB)
08:24:14 n3_b66: 166 accounts (0.11MB)
08:24:14 n3_b65: 184 accounts (0.12MB)
08:24:14 n3_b68: 168 accounts (0.11MB)
08:24:19 n3_b70: 155 accounts (0.10MB)
08:24:19 n3_b69: 180 accounts (0.12MB)
08:24:19 n3_b71: 160 accounts (0.11MB)
08:24:19 n3_b72: 185 accounts (0.12MB)
08:24:20   retry 1/7 after HTTPError: HTTP Error 429: Too Many Requests (sleep 3s)
08:24:20 n3_b75: 152 accounts (0.10MB)
08:24:20 n3_b76: 152 accounts (0.10MB)
08:24:20 n3_b73: 181 accounts (0.12MB)
08:24:21   retry 1/7 after HTTPError: HTTP Error 429: Too Many Requests (sleep 3s)
08:24:21   retry 1/7 after HTTPError: HTTP Error 429: Too Many Requests (sleep 3s)
08:24:21   retry 1/7 after HTTPError: HTTP Error 429: Too Many Requests (sleep 3s)
08:24:24   retry 2/7 after HTTPError: HTTP Error 429: Too Many Requests (sleep 6s)
08:24:25   retry 2/7 after HTTPError: HTTP Error 429: Too Many Requests (sleep 6s)
08:24:25   retry 2/7 after HTTPError: HTTP Error 429: Too Many Requests (sleep 6s)
08:24:25   retry 2/7 after HTTPError: HTTP Error 429: Too Many Requests (sleep 6s)
08:24:31 n3_b74: 188 accounts (0.13MB)
08:24:32   retry 3/7 after HTTPError: HTTP Error 429: Too Many Requests (sleep 12s)
08:24:32   retry 3/7 after HTTPError: HTTP Error 429: Too Many Requests (sleep 12s)
08:24:33 n3_b80: 163 accounts (0.11MB)
08:24:33 n3_b78: 172 accounts (0.11MB)
08:24:33   retry 1/7 after HTTPError: HTTP Error 429: Too Many Requests (sleep 3s)
08:24:33   retry 1/7 after HTTPError: HTTP Error 429: Too Many Requests (sleep 3s)
08:24:37   retry 2/7 after HTTPError: HTTP Error 429: Too Many Requests (sleep 6s)
08:24:38 n3_b81: 180 accounts (0.12MB)
08:24:38   retry 1/7 after HTTPError: HTTP Error 429: Too Many Requests (sleep 3s)
08:24:43 n3_b83: 187 accounts (0.12MB)
08:24:44 n3_b84: 167 accounts (0.11MB)
08:24:44 n3_b82: 162 accounts (0.11MB)
08:24:45   retry 1/7 after HTTPError: HTTP Error 429: Too Many Requests (sleep 3s)
08:24:45 n3_b85: 167 accounts (0.11MB)
08:24:45 n3_b77: 163 accounts (0.11MB)
08:24:45 n3_b79: 157 accounts (0.10MB)
08:24:46   retry 1/7 after HTTPError: HTTP Error 429: Too Many Requests (sleep 3s)
08:24:46   retry 1/7 after HTTPError: HTTP Error 429: Too Many Requests (sleep 3s)
08:24:46   retry 1/7 after HTTPError: HTTP Error 429: Too Many Requests (sleep 3s)
08:24:48   retry 2/7 after HTTPError: HTTP Error 429: Too Many Requests (sleep 6s)
08:24:49   retry 2/7 after HTTPError: HTTP Error 429: Too Many Requests (sleep 6s)
08:24:49   retry 2/7 after HTTPError: HTTP Error 429: Too Many Requests (sleep 6s)
08:24:50   retry 2/7 after HTTPError: HTTP Error 429: Too Many Requests (sleep 6s)
08:24:54 n3_b12: 182 accounts (0.12MB)
08:24:54   retry 1/7 after HTTPError: HTTP Error 429: Too Many Requests (sleep 3s)
08:24:55   retry 3/7 after HTTPError: HTTP Error 429: Too Many Requests (sleep 12s)
08:24:55 n3_b13: 181 accounts (0.12MB)
08:24:56   retry 1/7 after HTTPError: HTTP Error 429: Too Many Requests (sleep 3s)
08:24:56   retry 3/7 after HTTPError: HTTP Error 429: Too Many Requests (sleep 12s)
08:24:56   retry 3/7 after HTTPError: HTTP Error 429: Too Many Requests (sleep 12s)
08:24:56   retry 3/7 after HTTPError: HTTP Error 429: Too Many Requests (sleep 12s)
08:24:58   retry 2/7 after HTTPError: HTTP Error 429: Too Many Requests (sleep 6s)
08:24:59   retry 2/7 after HTTPError: HTTP Error 429: Too Many Requests (sleep 6s)
08:25:05 n3_b90: 168 accounts (0.11MB)
08:25:07 n3_b92: 179 accounts (0.12MB)
08:25:07 n3_b91: 191 accounts (0.13MB)
08:25:08 n3_b93: 183 accounts (0.12MB)
08:25:08 n3_b86: 178 accounts (0.12MB)
08:25:09 n3_b94: 195 accounts (0.13MB)
08:25:09   retry 1/7 after HTTPError: HTTP Error 429: Too Many Requests (sleep 3s)
08:25:09   retry 1/7 after HTTPError: HTTP Error 429: Too Many Requests (sleep 3s)
08:25:09 n3_b87: 175 accounts (0.12MB)
08:25:09   retry 1/7 after HTTPError: HTTP Error 429: Too Many Requests (sleep 3s)
08:25:09 n3_b89: 159 accounts (0.11MB)
08:25:09 n3_b88: 190 accounts (0.13MB)
08:25:10   retry 1/7 after HTTPError: HTTP Error 429: Too Many Requests (sleep 3s)
08:25:10   retry 1/7 after HTTPError: HTTP Error 429: Too Many Requests (sleep 3s)
08:25:10   retry 1/7 after HTTPError: HTTP Error 429: Too Many Requests (sleep 3s)
08:25:13   retry 2/7 after HTTPError: HTTP Error 429: Too Many Requests (sleep 6s)
08:25:13   retry 2/7 after HTTPError: HTTP Error 429: Too Many Requests (sleep 6s)
08:25:13   retry 2/7 after HTTPError: HTTP Error 429: Too Many Requests (sleep 6s)
08:25:13   retry 2/7 after HTTPError: HTTP Error 429: Too Many Requests (sleep 6s)
08:25:13   retry 2/7 after HTTPError: HTTP Error 429: Too Many Requests (sleep 6s)
08:25:14   retry 2/7 after HTTPError: HTTP Error 429: Too Many Requests (sleep 6s)
08:25:19   retry 3/7 after HTTPError: HTTP Error 429: Too Many Requests (sleep 12s)
08:25:19   retry 3/7 after HTTPError: HTTP Error 429: Too Many Requests (sleep 12s)
08:25:19   retry 3/7 after HTTPError: HTTP Error 429: Too Many Requests (sleep 12s)
08:25:20   retry 3/7 after HTTPError: HTTP Error 429: Too Many Requests (sleep 12s)
08:25:20   retry 3/7 after HTTPError: HTTP Error 429: Too Many Requests (sleep 12s)
08:25:20   retry 3/7 after HTTPError: HTTP Error 429: Too Many Requests (sleep 12s)
08:25:32 n3_b95: 162 accounts (0.11MB)
08:25:33 n3_b96: 172 accounts (0.11MB)
08:25:33 n3_b97: 193 accounts (0.13MB)
08:25:34   retry 1/7 after HTTPError: HTTP Error 429: Too Many Requests (sleep 3s)
08:25:34 n3_b98: 195 accounts (0.13MB)
08:25:34 n3_b99: 176 accounts (0.12MB)
08:25:34 n3_b100: 178 accounts (0.12MB)
08:25:34 n3_b101: 172 accounts (0.11MB)
08:25:34 n3_b102: 165 accounts (0.11MB)
08:25:35   retry 1/7 after HTTPError: HTTP Error 429: Too Many Requests (sleep 3s)
08:25:35   retry 1/7 after HTTPError: HTTP Error 429: Too Many Requests (sleep 3s)
08:25:35   retry 1/7 after HTTPError: HTTP Error 429: Too Many Requests (sleep 3s)
08:25:35   retry 1/7 after HTTPError: HTTP Error 429: Too Many Requests (sleep 3s)
08:25:35   retry 1/7 after HTTPError: HTTP Error 429: Too Many Requests (sleep 3s)
08:25:37   retry 2/7 after HTTPError: HTTP Error 429: Too Many Requests (sleep 6s)
08:25:38   retry 2/7 after HTTPError: HTTP Error 429: Too Many Requests (sleep 6s)
08:25:38   retry 2/7 after HTTPError: HTTP Error 429: Too Many Requests (sleep 6s)
08:25:38   retry 2/7 after HTTPError: HTTP Error 429: Too Many Requests (sleep 6s)
08:25:38   retry 2/7 after HTTPError: HTTP Error 429: Too Many Requests (sleep 6s)
08:25:38   retry 2/7 after HTTPError: HTTP Error 429: Too Many Requests (sleep 6s)
08:25:44   retry 3/7 after HTTPError: HTTP Error 429: Too Many Requests (sleep 12s)
08:25:45   retry 3/7 after HTTPError: HTTP Error 429: Too Many Requests (sleep 12s)
08:25:45   retry 3/7 after HTTPError: HTTP Error 429: Too Many Requests (sleep 12s)
08:25:45   retry 3/7 after HTTPError: HTTP Error 429: Too Many Requests (sleep 12s)
08:25:45   retry 3/7 after HTTPError: HTTP Error 429: Too Many Requests (sleep 12s)
08:25:47 n3_b104: 171 accounts (0.11MB)
08:25:47   retry 1/7 after HTTPError: HTTP Error 429: Too Many Requests (sleep 3s)
08:25:51 n3_b109: 161 accounts (0.11MB)
08:25:53 n3_b110: 178 accounts (0.12MB)
08:25:54 n3_b111: 188 accounts (0.13MB)
08:25:56 n3_b112: 176 accounts (0.12MB)
08:25:58 n3_b103: 169 accounts (0.11MB)
08:25:58 n3_b113: 173 accounts (0.12MB)
08:25:59   retry 1/7 after HTTPError: HTTP Error 429: Too Many Requests (sleep 3s)
08:25:59   retry 1/7 after HTTPError: HTTP Error 429: Too Many Requests (sleep 3s)
08:25:59 n3_b108: 167 accounts (0.11MB)
08:25:59 n3_b105: 166 accounts (0.11MB)
08:25:59 n3_b107: 166 accounts (0.11MB)
08:25:59 n3_b106: 181 accounts (0.12MB)
08:26:00   retry 1/7 after HTTPError: HTTP Error 429: Too Many Requests (sleep 3s)
08:26:00   retry 1/7 after HTTPError: HTTP Error 429: Too Many Requests (sleep 3s)
08:26:00   retry 1/7 after HTTPError: HTTP Error 429: Too Many Requests (sleep 3s)
08:26:00   retry 1/7 after HTTPError: HTTP Error 429: Too Many Requests (sleep 3s)
08:26:02   retry 2/7 after HTTPError: HTTP Error 429: Too Many Requests (sleep 6s)
08:26:02   retry 2/7 after HTTPError: HTTP Error 429: Too Many Requests (sleep 6s)
08:26:03   retry 2/7 after HTTPError: HTTP Error 429: Too Many Requests (sleep 6s)
08:26:03   retry 2/7 after HTTPError: HTTP Error 429: Too Many Requests (sleep 6s)
08:26:03   retry 2/7 after HTTPError: HTTP Error 429: Too Many Requests (sleep 6s)
08:26:03   retry 2/7 after HTTPError: HTTP Error 429: Too Many Requests (sleep 6s)
08:26:09   retry 3/7 after HTTPError: HTTP Error 429: Too Many Requests (sleep 12s)
08:26:09   retry 3/7 after HTTPError: HTTP Error 429: Too Many Requests (sleep 12s)
08:26:10   retry 3/7 after HTTPError: HTTP Error 429: Too Many Requests (sleep 12s)
08:26:10   retry 3/7 after HTTPError: HTTP Error 429: Too Many Requests (sleep 12s)
08:26:10   retry 3/7 after HTTPError: HTTP Error 429: Too Many Requests (sleep 12s)
08:26:10   retry 3/7 after HTTPError: HTTP Error 429: Too Many Requests (sleep 12s)
08:26:22 n3_b114: 188 accounts (0.13MB)
08:26:22 n3_b115: 171 accounts (0.11MB)
08:26:23 n3_b116: 173 accounts (0.12MB)
08:26:23 n3_b117: 176 accounts (0.12MB)
08:26:24 n3_b118: 185 accounts (0.12MB)
08:26:24 n3_b119: 166 accounts (0.11MB)
08:26:24   retry 1/7 after HTTPError: HTTP Error 429: Too Many Requests (sleep 3s)
08:26:24 n3_b121: 187 accounts (0.12MB)
08:26:24 n3_b120: 161 accounts (0.11MB)
08:26:24   retry 1/7 after HTTPError: HTTP Error 429: Too Many Requests (sleep 3s)
08:26:24   retry 1/7 after HTTPError: HTTP Error 429: Too Many Requests (sleep 3s)
08:26:24   retry 1/7 after HTTPError: HTTP Error 429: Too Many Requests (sleep 3s)
08:26:24   retry 1/7 after HTTPError: HTTP Error 429: Too Many Requests (sleep 3s)
08:26:24   retry 1/7 after HTTPError: HTTP Error 429: Too Many Requests (sleep 3s)
08:26:27   retry 2/7 after HTTPError: HTTP Error 429: Too Many Requests (sleep 6s)
08:26:28   retry 2/7 after HTTPError: HTTP Error 429: Too Many Requests (sleep 6s)
08:26:28   retry 2/7 after HTTPError: HTTP Error 429: Too Many Requests (sleep 6s)
08:26:28   retry 2/7 after HTTPError: HTTP Error 429: Too Many Requests (sleep 6s)
08:26:28   retry 2/7 after HTTPError: HTTP Error 429: Too Many Requests (sleep 6s)
08:26:28   retry 2/7 after HTTPError: HTTP Error 429: Too Many Requests (sleep 6s)
08:26:34   retry 3/7 after HTTPError: HTTP Error 429: Too Many Requests (sleep 12s)
08:26:34   retry 3/7 after HTTPError: HTTP Error 429: Too Many Requests (sleep 12s)
08:26:34   retry 3/7 after HTTPError: HTTP Error 429: Too Many Requests (sleep 12s)
08:26:34   retry 3/7 after HTTPError: HTTP Error 429: Too Many Requests (sleep 12s)
08:26:35   retry 3/7 after HTTPError: HTTP Error 429: Too Many Requests (sleep 12s)
08:26:35   retry 3/7 after HTTPError: HTTP Error 429: Too Many Requests (sleep 12s)
08:26:47 n3_b122: 168 accounts (0.11MB)
08:26:47 n3_b123: 180 accounts (0.12MB)
08:26:48 n3_b126: 148 accounts (0.10MB)
08:26:48 n3_b124: 155 accounts (0.10MB)
08:26:48 n3_b127: 159 accounts (0.11MB)
08:26:48 n3_b125: 187 accounts (0.12MB)
08:26:49   retry 1/7 after HTTPError: HTTP Error 429: Too Many Requests (sleep 3s)
08:26:49   retry 1/7 after HTTPError: HTTP Error 429: Too Many Requests (sleep 3s)
08:26:49 n3_b128: 170 accounts (0.11MB)
08:26:49 n3_b129: 164 accounts (0.11MB)
08:26:49 n3_b130: 160 accounts (0.11MB)
08:26:49   retry 1/7 after HTTPError: HTTP Error 429: Too Many Requests (sleep 3s)
08:26:49   retry 1/7 after HTTPError: HTTP Error 429: Too Many Requests (sleep 3s)
08:26:49 n3_b131: 180 accounts (0.12MB)
08:26:50   retry 1/7 after HTTPError: HTTP Error 429: Too Many Requests (sleep 3s)
08:26:50   retry 1/7 after HTTPError: HTTP Error 429: Too Many Requests (sleep 3s)
08:26:52   retry 2/7 after HTTPError: HTTP Error 429: Too Many Requests (sleep 6s)
08:26:52   retry 2/7 after HTTPError: HTTP Error 429: Too Many Requests (sleep 6s)
08:26:53   retry 2/7 after HTTPError: HTTP Error 429: Too Many Requests (sleep 6s)
08:26:53   retry 2/7 after HTTPError: HTTP Error 429: Too Many Requests (sleep 6s)
08:26:53   retry 2/7 after HTTPError: HTTP Error 429: Too Many Requests (sleep 6s)
08:26:54   retry 2/7 after HTTPError: HTTP Error 429: Too Many Requests (sleep 6s)
08:26:59   retry 3/7 after HTTPError: HTTP Error 429: Too Many Requests (sleep 12s)
08:26:59   retry 3/7 after HTTPError: HTTP Error 429: Too Many Requests (sleep 12s)
08:26:59   retry 3/7 after HTTPError: HTTP Error 429: Too Many Requests (sleep 12s)
08:27:00   retry 3/7 after HTTPError: HTTP Error 429: Too Many Requests (sleep 12s)
08:27:00   retry 3/7 after HTTPError: HTTP Error 429: Too Many Requests (sleep 12s)
08:27:00   retry 3/7 after HTTPError: HTTP Error 429: Too Many Requests (sleep 12s)
08:27:12 n3_b132: 187 accounts (0.12MB)
08:27:12 n3_b133: 154 accounts (0.10MB)
08:27:13 n3_b134: 172 accounts (0.11MB)
08:27:14 n3_b135: 175 accounts (0.12MB)
08:27:14 n3_b136: 195 accounts (0.13MB)
08:27:15 n3_b139: 198 accounts (0.13MB)
08:27:15 n3_b138: 170 accounts (0.11MB)
08:27:15   retry 1/7 after HTTPError: HTTP Error 429: Too Many Requests (sleep 3s)
08:27:15   retry 1/7 after HTTPError: HTTP Error 429: Too Many Requests (sleep 3s)
08:27:15 n3_b137: 163 accounts (0.11MB)
08:27:15 n3_b140: 157 accounts (0.10MB)
08:27:16   retry 1/7 after HTTPError: HTTP Error 429: Too Many Requests (sleep 3s)
08:27:16   retry 1/7 after HTTPError: HTTP Error 429: Too Many Requests (sleep 3s)
08:27:16   retry 1/7 after HTTPError: HTTP Error 429: Too Many Requests (sleep 3s)
08:27:16   retry 1/7 after HTTPError: HTTP Error 429: Too Many Requests (sleep 3s)
08:27:19   retry 2/7 after HTTPError: HTTP Error 429: Too Many Requests (sleep 6s)
08:27:19   retry 2/7 after HTTPError: HTTP Error 429: Too Many Requests (sleep 6s)
08:27:19   retry 2/7 after HTTPError: HTTP Error 429: Too Many Requests (sleep 6s)
08:27:19   retry 2/7 after HTTPError: HTTP Error 429: Too Many Requests (sleep 6s)
08:27:19   retry 2/7 after HTTPError: HTTP Error 429: Too Many Requests (sleep 6s)
08:27:20   retry 2/7 after HTTPError: HTTP Error 429: Too Many Requests (sleep 6s)
08:27:25   retry 3/7 after HTTPError: HTTP Error 429: Too Many Requests (sleep 12s)
08:27:26   retry 3/7 after HTTPError: HTTP Error 429: Too Many Requests (sleep 12s)
08:27:26   retry 3/7 after HTTPError: HTTP Error 429: Too Many Requests (sleep 12s)
08:27:26   retry 3/7 after HTTPError: HTTP Error 429: Too Many Requests (sleep 12s)
08:27:26 n3_b141: 164 accounts (0.11MB)
08:27:26   retry 3/7 after HTTPError: HTTP Error 429: Too Many Requests (sleep 12s)
08:27:27   retry 1/7 after HTTPError: HTTP Error 429: Too Many Requests (sleep 3s)
08:27:31 n3_b147: 166 accounts (0.11MB)
08:27:33 n3_b148: 167 accounts (0.11MB)
08:27:34 n3_b149: 166 accounts (0.11MB)
08:27:35 n3_b150: 175 accounts (0.12MB)
08:27:36 n3_b151: 169 accounts (0.11MB)
08:27:38 n3_b152: 161 accounts (0.11MB)
08:27:38   retry 4/7 after HTTPError: HTTP Error 429: Too Many Requests (sleep 24s)
08:27:39 n3_b142: 189 accounts (0.13MB)
08:27:39   retry 4/7 after HTTPError: HTTP Error 429: Too Many Requests (sleep 24s)
08:27:39   retry 1/7 after HTTPError: HTTP Error 429: Too Many Requests (sleep 3s)
08:27:39 n3_b153: 148 accounts (0.10MB)
08:27:39 n3_b143: 172 accounts (0.11MB)
08:27:39 n3_b144: 182 accounts (0.12MB)
08:27:40   retry 1/7 after HTTPError: HTTP Error 429: Too Many Requests (sleep 3s)
08:27:40   retry 1/7 after HTTPError: HTTP Error 429: Too Many Requests (sleep 3s)
08:27:40   retry 1/7 after HTTPError: HTTP Error 429: Too Many Requests (sleep 3s)
08:27:43   retry 2/7 after HTTPError: HTTP Error 429: Too Many Requests (sleep 6s)
08:27:43   retry 2/7 after HTTPError: HTTP Error 429: Too Many Requests (sleep 6s)
08:27:43   retry 2/7 after HTTPError: HTTP Error 429: Too Many Requests (sleep 6s)
08:27:44   retry 2/7 after HTTPError: HTTP Error 429: Too Many Requests (sleep 6s)
08:27:50 n3_b154: 181 accounts (0.12MB)
08:27:51 n3_b155: 157 accounts (0.10MB)
08:27:51 n3_b156: 190 accounts (0.13MB)
08:27:51 n3_b157: 183 accounts (0.12MB)
08:27:51 n3_b158: 136 accounts (0.09MB)
08:27:51   retry 1/7 after HTTPError: HTTP Error 429: Too Many Requests (sleep 3s)
08:27:52   retry 1/7 after HTTPError: HTTP Error 429: Too Many Requests (sleep 3s)
08:27:52   retry 1/7 after HTTPError: HTTP Error 429: Too Many Requests (sleep 3s)
08:27:52   retry 1/7 after HTTPError: HTTP Error 429: Too Many Requests (sleep 3s)
08:27:55   retry 2/7 after HTTPError: HTTP Error 429: Too Many Requests (sleep 6s)
08:27:55   retry 2/7 after HTTPError: HTTP Error 429: Too Many Requests (sleep 6s)
08:27:55   retry 2/7 after HTTPError: HTTP Error 429: Too Many Requests (sleep 6s)
08:27:55   retry 2/7 after HTTPError: HTTP Error 429: Too Many Requests (sleep 6s)
08:28:02   retry 3/7 after HTTPError: HTTP Error 429: Too Many Requests (sleep 12s)
08:28:02   retry 3/7 after HTTPError: HTTP Error 429: Too Many Requests (sleep 12s)
08:28:02   retry 3/7 after HTTPError: HTTP Error 429: Too Many Requests (sleep 12s)
08:28:03 n3_b161: 207 accounts (0.14MB)
08:28:03   retry 5/7 after HTTPError: HTTP Error 429: Too Many Requests (sleep 48s)
08:28:03   retry 5/7 after HTTPError: HTTP Error 429: Too Many Requests (sleep 48s)
08:28:04   retry 1/7 after HTTPError: HTTP Error 429: Too Many Requests (sleep 3s)
08:28:08 n3_b163: 164 accounts (0.11MB)
08:28:10 n3_b164: 164 accounts (0.11MB)
08:28:11 n3_b165: 185 accounts (0.12MB)
08:28:13 n3_b166: 176 accounts (0.12MB)
08:28:15 n3_b167: 162 accounts (0.11MB)
08:28:17 n3_b168: 160 accounts (0.11MB)
08:28:17 n3_b160: 172 accounts (0.11MB)
08:28:17 n3_b159: 169 accounts (0.11MB)
08:28:17 n3_b162: 179 accounts (0.12MB)
08:28:18   retry 1/7 after HTTPError: HTTP Error 429: Too Many Requests (sleep 3s)
08:28:18   retry 1/7 after HTTPError: HTTP Error 429: Too Many Requests (sleep 3s)
08:28:19 n3_b169: 160 accounts (0.11MB)
08:28:19 n3_b170: 167 accounts (0.11MB)
08:28:19   retry 1/7 after HTTPError: HTTP Error 429: Too Many Requests (sleep 3s)
08:28:19   retry 1/7 after HTTPError: HTTP Error 429: Too Many Requests (sleep 3s)
08:28:22   retry 2/7 after HTTPError: HTTP Error 429: Too Many Requests (sleep 6s)
08:28:22   retry 2/7 after HTTPError: HTTP Error 429: Too Many Requests (sleep 6s)
08:28:25 n3_b174: 185 accounts (0.12MB)
08:28:26 n3_b173: 194 accounts (0.13MB)
08:28:26   retry 1/7 after HTTPError: HTTP Error 429: Too Many Requests (sleep 3s)
08:28:27 n3_b175: 168 accounts (0.11MB)
08:28:28   retry 3/7 after HTTPError: HTTP Error 429: Too Many Requests (sleep 12s)
08:28:29 n3_b177: 168 accounts (0.11MB)
08:28:29 n3_b172: 157 accounts (0.10MB)
08:28:30   retry 1/7 after HTTPError: HTTP Error 429: Too Many Requests (sleep 3s)
08:28:30   retry 1/7 after HTTPError: HTTP Error 429: Too Many Requests (sleep 3s)
08:28:30   retry 2/7 after HTTPError: HTTP Error 429: Too Many Requests (sleep 6s)
08:28:36 n3_b179: 170 accounts (0.11MB)
08:28:36 n3_b178: 165 accounts (0.11MB)
08:28:39 n3_b176: 190 accounts (0.13MB)
08:28:40 n3_b180: 174 accounts (0.12MB)
08:28:40 n3_b181: 191 accounts (0.13MB)
08:28:42 n3_b182: 194 accounts (0.13MB)
08:28:42 n3_b183: 195 accounts (0.13MB)
08:28:42 n3_b184: 145 accounts (0.10MB)
08:28:43   retry 1/7 after HTTPError: HTTP Error 429: Too Many Requests (sleep 3s)
08:28:43   retry 1/7 after HTTPError: HTTP Error 429: Too Many Requests (sleep 3s)
08:28:43 n3_b171: 174 accounts (0.12MB)
08:28:43 n3_b185: 167 accounts (0.11MB)
08:28:43   retry 1/7 after HTTPError: HTTP Error 429: Too Many Requests (sleep 3s)
08:28:44   retry 1/7 after HTTPError: HTTP Error 429: Too Many Requests (sleep 3s)
08:28:46   retry 2/7 after HTTPError: HTTP Error 429: Too Many Requests (sleep 6s)
08:28:46   retry 2/7 after HTTPError: HTTP Error 429: Too Many Requests (sleep 6s)
08:28:47   retry 2/7 after HTTPError: HTTP Error 429: Too Many Requests (sleep 6s)
08:28:47   retry 2/7 after HTTPError: HTTP Error 429: Too Many Requests (sleep 6s)
08:28:52   retry 6/7 after HTTPError: HTTP Error 429: Too Many Requests (sleep 60s)
08:28:53   retry 3/7 after HTTPError: HTTP Error 429: Too Many Requests (sleep 12s)
08:28:53 n3_b145: 179 accounts (0.12MB)
08:28:54   retry 3/7 after HTTPError: HTTP Error 429: Too Many Requests (sleep 12s)
08:28:54   retry 1/7 after HTTPError: HTTP Error 429: Too Many Requests (sleep 3s)
08:28:54 n3_b186: 170 accounts (0.11MB)
08:28:54   retry 3/7 after HTTPError: HTTP Error 429: Too Many Requests (sleep 12s)
08:28:55   retry 1/7 after HTTPError: HTTP Error 429: Too Many Requests (sleep 3s)
08:28:57   retry 2/7 after HTTPError: HTTP Error 429: Too Many Requests (sleep 6s)
08:28:59 n3_b191: 180 accounts (0.12MB)
08:29:01 n3_b192: 170 accounts (0.11MB)
08:29:04 n3_b193: 189 accounts (0.13MB)
08:29:06 n3_b190: 183 accounts (0.12MB)
08:29:06 n3_b194: 172 accounts (0.11MB)
08:29:08 n3_b187: 185 accounts (0.12MB)
08:29:08 n3_b195: 184 accounts (0.12MB)
08:29:09 n3_b196: 169 accounts (0.11MB)
08:29:09 n3_b188: 194 accounts (0.13MB)
08:29:09 n3_b189: 160 accounts (0.11MB)
08:29:09   retry 1/7 after HTTPError: HTTP Error 429: Too Many Requests (sleep 3s)
08:29:09   retry 1/7 after HTTPError: HTTP Error 429: Too Many Requests (sleep 3s)
08:29:10   retry 1/7 after HTTPError: HTTP Error 429: Too Many Requests (sleep 3s)
08:29:10   retry 1/7 after HTTPError: HTTP Error 429: Too Many Requests (sleep 3s)
08:29:10 n3_b198: 182 accounts (0.12MB)
08:29:11   retry 1/7 after HTTPError: HTTP Error 429: Too Many Requests (sleep 3s)
08:29:13   retry 2/7 after HTTPError: HTTP Error 429: Too Many Requests (sleep 6s)
08:29:13   retry 2/7 after HTTPError: HTTP Error 429: Too Many Requests (sleep 6s)
08:29:13   retry 2/7 after HTTPError: HTTP Error 429: Too Many Requests (sleep 6s)
08:29:14   retry 2/7 after HTTPError: HTTP Error 429: Too Many Requests (sleep 6s)
08:29:14   retry 2/7 after HTTPError: HTTP Error 429: Too Many Requests (sleep 6s)
08:29:20   retry 3/7 after HTTPError: HTTP Error 429: Too Many Requests (sleep 12s)
08:29:21   retry 3/7 after HTTPError: HTTP Error 429: Too Many Requests (sleep 12s)
08:29:21   retry 3/7 after HTTPError: HTTP Error 429: Too Many Requests (sleep 12s)
08:29:21 n3_b197: 175 accounts (0.12MB)
08:29:21 n3_b201: 153 accounts (0.10MB)
08:29:21   retry 1/7 after HTTPError: HTTP Error 429: Too Many Requests (sleep 3s)
08:29:22   retry 1/7 after HTTPError: HTTP Error 429: Too Many Requests (sleep 3s)
08:29:25   retry 2/7 after HTTPError: HTTP Error 429: Too Many Requests (sleep 6s)
08:29:25   retry 2/7 after HTTPError: HTTP Error 429: Too Many Requests (sleep 6s)
08:29:33 n3_b203: 181 accounts (0.12MB)
08:29:33 n3_b204: 171 accounts (0.11MB)
08:29:34 n3_b199: 177 accounts (0.12MB)
08:29:34   retry 1/7 after HTTPError: HTTP Error 429: Too Many Requests (sleep 3s)
08:29:35 n3_b200: 171 accounts (0.11MB)
08:29:35 n3_b205: 178 accounts (0.12MB)
08:29:35   retry 1/7 after HTTPError: HTTP Error 429: Too Many Requests (sleep 3s)
08:29:35 n3_b202: 195 accounts (0.13MB)
08:29:36   retry 1/7 after HTTPError: HTTP Error 429: Too Many Requests (sleep 3s)
08:29:36   retry 1/7 after HTTPError: HTTP Error 429: Too Many Requests (sleep 3s)
08:29:36   retry 1/7 after HTTPError: HTTP Error 429: Too Many Requests (sleep 3s)
08:29:38   retry 2/7 after HTTPError: HTTP Error 429: Too Many Requests (sleep 6s)
08:29:39   retry 2/7 after HTTPError: HTTP Error 429: Too Many Requests (sleep 6s)
08:29:39   retry 2/7 after HTTPError: HTTP Error 429: Too Many Requests (sleep 6s)
08:29:40   retry 2/7 after HTTPError: HTTP Error 429: Too Many Requests (sleep 6s)
08:29:41   retry 2/7 after HTTPError: HTTP Error 429: Too Many Requests (sleep 6s)
08:29:46 n3_b206: 175 accounts (0.12MB)
08:29:47 n3_b207: 185 accounts (0.12MB)
08:29:47 n3_b208: 176 accounts (0.12MB)
08:29:48   retry 1/7 after HTTPError: HTTP Error 429: Too Many Requests (sleep 3s)
08:29:48 n3_b209: 169 accounts (0.11MB)
08:29:48   retry 1/7 after HTTPError: HTTP Error 429: Too Many Requests (sleep 3s)
08:29:48   retry 3/7 after HTTPError: HTTP Error 429: Too Many Requests (sleep 12s)
08:29:48 n3_b211: 188 accounts (0.13MB)
08:29:48   retry 1/7 after HTTPError: HTTP Error 429: Too Many Requests (sleep 3s)
08:29:49   retry 1/7 after HTTPError: HTTP Error 429: Too Many Requests (sleep 3s)
08:29:51   retry 2/7 after HTTPError: HTTP Error 429: Too Many Requests (sleep 6s)
08:29:51   retry 2/7 after HTTPError: HTTP Error 429: Too Many Requests (sleep 6s)
08:29:52   retry 2/7 after HTTPError: HTTP Error 429: Too Many Requests (sleep 6s)
08:29:52   retry 2/7 after HTTPError: HTTP Error 429: Too Many Requests (sleep 6s)
08:29:53   retry 7/7 after HTTPError: HTTP Error 429: Too Many Requests (sleep 60s)
08:30:03 n3_b213: 180 accounts (0.12MB)
08:30:03 n3_b212: 181 accounts (0.12MB)
08:30:04 n3_b214: 172 accounts (0.11MB)
08:30:04 n3_b210: 176 accounts (0.12MB)
08:30:05 n3_b215: 166 accounts (0.11MB)
08:30:06 n3_b217: 175 accounts (0.12MB)
08:30:06 n3_b216: 150 accounts (0.10MB)
08:30:06 n3_b218: 181 accounts (0.12MB)
08:30:06 n3_b219: 176 accounts (0.12MB)
08:30:06 n3_b220: 160 accounts (0.11MB)
08:30:07   retry 1/7 after HTTPError: HTTP Error 429: Too Many Requests (sleep 3s)
08:30:07   retry 1/7 after HTTPError: HTTP Error 429: Too Many Requests (sleep 3s)
08:30:07   retry 1/7 after HTTPError: HTTP Error 429: Too Many Requests (sleep 3s)
08:30:07 n3_b221: 149 accounts (0.10MB)
08:30:07   retry 1/7 after HTTPError: HTTP Error 429: Too Many Requests (sleep 3s)
08:30:07   retry 1/7 after HTTPError: HTTP Error 429: Too Many Requests (sleep 3s)
08:30:11   retry 2/7 after HTTPError: HTTP Error 429: Too Many Requests (sleep 6s)
08:30:11   retry 2/7 after HTTPError: HTTP Error 429: Too Many Requests (sleep 6s)
08:30:11   retry 2/7 after HTTPError: HTTP Error 429: Too Many Requests (sleep 6s)
08:30:12   retry 2/7 after HTTPError: HTTP Error 429: Too Many Requests (sleep 6s)
08:30:12   retry 2/7 after HTTPError: HTTP Error 429: Too Many Requests (sleep 6s)
08:30:19 n3_b223: 168 accounts (0.11MB)
08:30:19 n3_b224: 198 accounts (0.13MB)
08:30:20 n3_b225: 171 accounts (0.11MB)
08:30:20 n3_b222: 164 accounts (0.11MB)
08:30:20 n3_b226: 199 accounts (0.13MB)
08:30:21   retry 1/7 after HTTPError: HTTP Error 429: Too Many Requests (sleep 3s)
08:30:21   retry 1/7 after HTTPError: HTTP Error 429: Too Many Requests (sleep 3s)
08:30:21   retry 1/7 after HTTPError: HTTP Error 429: Too Many Requests (sleep 3s)
08:30:22 n3_b228: 190 accounts (0.13MB)
08:30:22 n3_b227: 185 accounts (0.12MB)
08:30:22   retry 1/7 after HTTPError: HTTP Error 429: Too Many Requests (sleep 3s)
08:30:23   retry 1/7 after HTTPError: HTTP Error 429: Too Many Requests (sleep 3s)
08:30:24   retry 2/7 after HTTPError: HTTP Error 429: Too Many Requests (sleep 6s)
08:30:25   retry 2/7 after HTTPError: HTTP Error 429: Too Many Requests (sleep 6s)
08:30:26   retry 2/7 after HTTPError: HTTP Error 429: Too Many Requests (sleep 6s)
08:30:26   retry 2/7 after HTTPError: HTTP Error 429: Too Many Requests (sleep 6s)
08:30:27   retry 2/7 after HTTPError: HTTP Error 429: Too Many Requests (sleep 6s)
08:30:31   retry 3/7 after HTTPError: HTTP Error 429: Too Many Requests (sleep 12s)
08:30:32 n3_b229: 167 accounts (0.11MB)
08:30:32   retry 1/7 after HTTPError: HTTP Error 429: Too Many Requests (sleep 3s)
08:30:32   retry 3/7 after HTTPError: HTTP Error 429: Too Many Requests (sleep 12s)
08:30:33   retry 3/7 after HTTPError: HTTP Error 429: Too Many Requests (sleep 12s)
08:30:34   retry 3/7 after HTTPError: HTTP Error 429: Too Many Requests (sleep 12s)
08:30:37 n3_b234: 169 accounts (0.11MB)
08:30:38 n3_b235: 154 accounts (0.10MB)
08:30:40 n3_b236: 162 accounts (0.11MB)
08:30:41 n3_b237: 183 accounts (0.12MB)
08:30:44 n3_b238: 162 accounts (0.11MB)
08:30:45 n3_b230: 196 accounts (0.13MB)
08:30:46 n3_b231: 167 accounts (0.11MB)
08:30:47 n3_b239: 185 accounts (0.12MB)
08:30:47 n3_b240: 148 accounts (0.10MB)
08:30:47 n3_b233: 171 accounts (0.11MB)
08:30:47   retry 1/7 after HTTPError: HTTP Error 429: Too Many Requests (sleep 3s)
08:30:47   retry 1/7 after HTTPError: HTTP Error 429: Too Many Requests (sleep 3s)
08:30:47   retry 1/7 after HTTPError: HTTP Error 429: Too Many Requests (sleep 3s)
08:30:47 n3_b232: 180 accounts (0.12MB)
08:30:48 n3_b241: 185 accounts (0.12MB)
08:30:48   retry 1/7 after HTTPError: HTTP Error 429: Too Many Requests (sleep 3s)
08:30:49   retry 1/7 after HTTPError: HTTP Error 429: Too Many Requests (sleep 3s)
08:30:51   retry 2/7 after HTTPError: HTTP Error 429: Too Many Requests (sleep 6s)
08:30:51   retry 2/7 after HTTPError: HTTP Error 429: Too Many Requests (sleep 6s)
08:30:51   retry 2/7 after HTTPError: HTTP Error 429: Too Many Requests (sleep 6s)
08:30:52   retry 2/7 after HTTPError: HTTP Error 429: Too Many Requests (sleep 6s)
08:30:52   retry 2/7 after HTTPError: HTTP Error 429: Too Many Requests (sleep 6s)
08:30:53 TASK FAILED n3_b146: gPA failed after 7 attempts: HTTP Error 429: Too Many Requests
08:30:53   retry 1/7 after HTTPError: HTTP Error 429: Too Many Requests (sleep 3s)
08:30:58   retry 3/7 after HTTPError: HTTP Error 429: Too Many Requests (sleep 12s)
08:30:58   retry 3/7 after HTTPError: HTTP Error 429: Too Many Requests (sleep 12s)
08:30:58 n3_b247: 192 accounts (0.13MB)
08:30:58   retry 3/7 after HTTPError: HTTP Error 429: Too Many Requests (sleep 12s)
08:30:59   retry 1/7 after HTTPError: HTTP Error 429: Too Many Requests (sleep 3s)
08:30:59 n3_b242: 182 accounts (0.12MB)
08:30:59   retry 3/7 after HTTPError: HTTP Error 429: Too Many Requests (sleep 12s)
08:30:59   retry 1/7 after HTTPError: HTTP Error 429: Too Many Requests (sleep 3s)
08:31:04 n3_b248: 164 accounts (0.11MB)
08:31:05 n3_b249: 167 accounts (0.11MB)
08:31:05 n3_b250: 181 accounts (0.12MB)
08:31:06 n3_b251: 154 accounts (0.10MB)
08:31:07 n3_b252: 170 accounts (0.11MB)
08:31:08 n3_b253: 183 accounts (0.12MB)
08:31:09 n3_b254: 168 accounts (0.11MB)
08:31:10 n3_b255: 185 accounts (0.12MB)
08:31:11 n3_b243: 165 accounts (0.11MB)
08:31:11 n3_b244: 155 accounts (0.10MB)
08:31:13 n3_b245: 190 accounts (0.13MB)
08:31:13 n3_b246: 189 accounts (0.13MB)
08:31:13 nonce 3: chunks done sum=44395 fails=1
08:31:44 n4_full: 22490 accounts (15.02MB)
08:31:45 nonce 4: single=22490
08:32:00 n5_full: 10947 accounts (7.31MB)
08:32:01 nonce 5: single=10947
08:32:13 n6_full: 5505 accounts (3.68MB)
08:32:14 nonce 6: single=5505
08:32:18 n7_full: 2670 accounts (1.78MB)
08:32:19 nonce 7: single=2670
08:32:20 nonce 8: single=1431
08:32:22 n9_full: 729 accounts (0.49MB)
08:32:23 nonce 9: single=729
08:32:26 n10_full: 365 accounts (0.24MB)
08:32:27 nonce 10: single=365
08:32:28 n11_full: 175 accounts (0.12MB)
08:32:29 nonce 11: single=175
08:32:30 n12_full: 81 accounts (0.05MB)
08:32:31 nonce 12: single=81
08:32:32 n13_full: 41 accounts (0.03MB)
08:32:32 nonce 13: single=41
08:32:32 n14_full: 17 accounts (0.01MB)
08:32:33 nonce 14: single=17
08:32:33 n15_full: 10 accounts (0.01MB)
08:32:34 nonce 15: single=10
08:32:34 n16_full: 2 accounts (0.00MB)
08:32:35 nonce 16: single=2
08:32:36 n17_full: 2 accounts (0.00MB)
08:32:36 nonce 17: single=2
08:32:37 n18_full: 3 accounts (0.00MB)
08:32:37 nonce 18: single=3
08:32:38 n19_full: 0 accounts (0.00MB)
08:32:39 nonce 19: single=0
08:32:39 n20_full: 0 accounts (0.00MB)
08:32:40 nonce 20: single=0
08:32:40 n21_full: 0 accounts (0.00MB)
08:32:41 nonce 21: single=0
08:32:41 stop: 3 consecutive empty nonces at n=21
08:32:41 end slot: 453190151
08:32:42 === done in 2143s ===
09:12:06 === enumerate start workers=6 ===
09:12:08 start slot: 453199014
09:12:09 nonce 0: chunks done sum=370903 fails=0
09:12:11 n1_b79: 698 accounts (0.47MB)
09:12:11 n2_b60: 341 accounts (0.23MB)
09:12:11 n1_b42: 674 accounts (0.45MB)
09:12:11 n3_b146: 188 accounts (0.13MB)
09:12:11 nonce 1: chunks done sum=178011 fails=0
09:12:11 nonce 2: chunks done sum=89196 fails=0
09:12:11 nonce 3: chunks done sum=44583 fails=0
09:12:12 nonce 4: single=22490
09:12:13 nonce 5: single=10947
09:12:14 nonce 6: single=5505
09:12:15 nonce 7: single=2670
09:12:16 nonce 8: single=1431
09:12:17 nonce 9: single=729
09:12:18 nonce 10: single=365
09:12:19 nonce 11: single=175
09:12:20 nonce 12: single=81
09:12:21 nonce 13: single=41
09:12:22 nonce 14: single=17
09:12:23 nonce 15: single=10
09:12:24 nonce 16: single=2
09:12:25 nonce 17: single=2
09:12:26 nonce 18: single=3
09:12:27 nonce 19: single=0
09:12:28 nonce 20: single=0
09:12:29 nonce 21: single=0
09:12:29 stop: 3 consecutive empty nonces at n=21
09:12:30 end slot: 453199094
09:12:30 === done in 24s ===
09:53:20 === enumerate start workers=4 ===
09:53:21 start slot: 453208242
09:53:26   retry 1/7 after IncompleteRead: IncompleteRead(634343 bytes read) (sleep 3s)
09:53:26   retry 1/7 after IncompleteRead: IncompleteRead(701043 bytes read) (sleep 3s)
09:53:26 n0_b3: 1382 accounts (0.92MB)
09:53:27 n0_b0: 1434 accounts (0.96MB)
09:53:31 n0_b5: 1438 accounts (0.96MB)
09:53:31 n0_b4: 1441 accounts (0.96MB)
09:53:32 n0_b1: 1436 accounts (0.96MB)
09:53:32 n0_b2: 1358 accounts (0.91MB)
09:53:34 n0_b6: 1409 accounts (0.94MB)
09:53:34 n0_b7: 1503 accounts (1.00MB)
09:53:35 n0_b8: 1442 accounts (0.96MB)
09:53:37 n0_b9: 1517 accounts (1.01MB)
09:53:38 n0_b10: 1469 accounts (0.98MB)
09:53:38 n0_b11: 1405 accounts (0.94MB)
09:53:40 n0_b12: 1443 accounts (0.96MB)
09:53:40   retry 1/7 after HTTPError: HTTP Error 429: Too Many Requests (sleep 3s)
09:53:41 n0_b13: 1540 accounts (1.03MB)
09:53:41 n0_b14: 1439 accounts (0.96MB)
09:53:42   retry 1/7 after HTTPError: HTTP Error 429: Too Many Requests (sleep 3s)
09:53:42 n0_b15: 1385 accounts (0.93MB)
09:53:42   retry 1/7 after HTTPError: HTTP Error 429: Too Many Requests (sleep 3s)
09:53:42   retry 1/7 after HTTPError: HTTP Error 429: Too Many Requests (sleep 3s)
09:53:44   retry 2/7 after HTTPError: HTTP Error 429: Too Many Requests (sleep 6s)
09:53:45   retry 2/7 after HTTPError: HTTP Error 429: Too Many Requests (sleep 6s)
09:53:45   retry 2/7 after HTTPError: HTTP Error 429: Too Many Requests (sleep 6s)
09:53:46   retry 2/7 after HTTPError: HTTP Error 429: Too Many Requests (sleep 6s)
09:53:52 n0_b16: 1460 accounts (0.98MB)
09:53:53   retry 1/7 after HTTPError: HTTP Error 429: Too Many Requests (sleep 3s)
09:53:54 n0_b17: 1494 accounts (1.00MB)
09:53:54 n0_b18: 1430 accounts (0.96MB)
09:53:55   retry 1/7 after HTTPError: HTTP Error 429: Too Many Requests (sleep 3s)
09:53:55 n0_b19: 1458 accounts (0.97MB)
09:53:56   retry 1/7 after HTTPError: HTTP Error 429: Too Many Requests (sleep 3s)
09:53:56   retry 2/7 after HTTPError: HTTP Error 429: Too Many Requests (sleep 6s)
09:53:57 n0_b21: 1443 accounts (0.96MB)
09:53:57   retry 1/7 after HTTPError: HTTP Error 429: Too Many Requests (sleep 3s)
09:53:58   retry 2/7 after HTTPError: HTTP Error 429: Too Many Requests (sleep 6s)
09:53:59   retry 2/7 after HTTPError: HTTP Error 429: Too Many Requests (sleep 6s)
09:54:01   retry 2/7 after HTTPError: HTTP Error 429: Too Many Requests (sleep 6s)
09:54:03   retry 3/7 after HTTPError: HTTP Error 429: Too Many Requests (sleep 12s)
09:54:10 n0_b22: 1464 accounts (0.98MB)
09:54:11 n0_b23: 1444 accounts (0.96MB)
09:54:12 n0_b24: 1443 accounts (0.96MB)
09:54:14 n0_b25: 1456 accounts (0.97MB)
09:54:14 n0_b26: 1503 accounts (1.00MB)
09:54:15 n0_b27: 1506 accounts (1.01MB)
09:54:17 n0_b28: 1419 accounts (0.95MB)
09:54:17 n0_b29: 1458 accounts (0.97MB)
09:54:19 n0_b20: 1443 accounts (0.96MB)
09:54:19 n0_b30: 1370 accounts (0.92MB)
09:54:20 n0_b31: 1481 accounts (0.99MB)
09:54:21 n0_b32: 1449 accounts (0.97MB)
09:54:21   retry 1/7 after HTTPError: HTTP Error 429: Too Many Requests (sleep 3s)
09:54:21   retry 1/7 after HTTPError: HTTP Error 429: Too Many Requests (sleep 3s)
09:54:22 n0_b33: 1466 accounts (0.98MB)
09:54:22   retry 1/7 after HTTPError: HTTP Error 429: Too Many Requests (sleep 3s)
09:54:22 n0_b34: 1483 accounts (0.99MB)
09:54:23   retry 1/7 after HTTPError: HTTP Error 429: Too Many Requests (sleep 3s)
09:54:24   retry 2/7 after HTTPError: HTTP Error 429: Too Many Requests (sleep 6s)
09:54:25   retry 2/7 after HTTPError: HTTP Error 429: Too Many Requests (sleep 6s)
09:54:26   retry 2/7 after HTTPError: HTTP Error 429: Too Many Requests (sleep 6s)
09:54:27   retry 2/7 after HTTPError: HTTP Error 429: Too Many Requests (sleep 6s)
09:54:33 n0_b35: 1392 accounts (0.93MB)
09:54:35 n0_b36: 1466 accounts (0.98MB)
09:54:35 n0_b37: 1477 accounts (0.99MB)
09:54:36 n0_b38: 1403 accounts (0.94MB)
09:54:36 n0_b39: 1457 accounts (0.97MB)
09:54:37   retry 1/7 after HTTPError: HTTP Error 429: Too Many Requests (sleep 3s)
09:54:39 n0_b40: 1414 accounts (0.94MB)
09:54:40 n0_b41: 1464 accounts (0.98MB)
09:54:41   retry 2/7 after HTTPError: HTTP Error 429: Too Many Requests (sleep 6s)
09:54:41 n0_b42: 1420 accounts (0.95MB)
09:54:42   retry 1/7 after HTTPError: HTTP Error 429: Too Many Requests (sleep 3s)
09:54:42 n0_b44: 1512 accounts (1.01MB)
09:54:43   retry 1/7 after HTTPError: HTTP Error 429: Too Many Requests (sleep 3s)
09:54:44 n0_b45: 1459 accounts (0.97MB)
09:54:47 n0_b46: 1517 accounts (1.01MB)
09:54:48 n0_b48: 1448 accounts (0.97MB)
09:54:50 n0_b47: 1406 accounts (0.94MB)
09:54:52 n0_b49: 1438 accounts (0.96MB)
09:54:52 n0_b43: 1433 accounts (0.96MB)
09:54:55   retry 1/7 after IncompleteRead: IncompleteRead(668696 bytes read) (sleep 3s)
09:54:55 n0_b51: 1456 accounts (0.97MB)
09:54:57 n0_b52: 1446 accounts (0.97MB)
09:54:57 n0_b53: 1436 accounts (0.96MB)
09:54:58 n0_b54: 1412 accounts (0.94MB)
09:55:00 n0_b55: 1410 accounts (0.94MB)
09:55:00 n0_b56: 1441 accounts (0.96MB)
09:55:01 n0_b50: 1403 accounts (0.94MB)
09:55:01 n0_b57: 1475 accounts (0.99MB)
09:55:03 n0_b58: 1429 accounts (0.95MB)
09:55:03 n0_b59: 1368 accounts (0.91MB)
09:55:07 n0_b60: 1491 accounts (1.00MB)
09:55:07 n0_b61: 1504 accounts (1.00MB)
09:55:08 n0_b62: 1464 accounts (0.98MB)
09:55:08 n0_b63: 1384 accounts (0.92MB)
09:55:09 n0_b64: 1506 accounts (1.01MB)
09:55:10 n0_b65: 1498 accounts (1.00MB)
09:55:11 n0_b66: 1433 accounts (0.96MB)
09:55:11 n0_b67: 1364 accounts (0.91MB)
09:55:12   retry 1/7 after HTTPError: HTTP Error 429: Too Many Requests (sleep 3s)
09:55:12 n0_b68: 1458 accounts (0.97MB)
09:55:13   retry 1/7 after HTTPError: HTTP Error 429: Too Many Requests (sleep 3s)
09:55:13 n0_b69: 1456 accounts (0.97MB)
09:55:14   retry 1/7 after HTTPError: HTTP Error 429: Too Many Requests (sleep 3s)
09:55:14 n0_b71: 1497 accounts (1.00MB)
09:55:15   retry 1/7 after HTTPError: HTTP Error 429: Too Many Requests (sleep 3s)
09:55:15   retry 2/7 after HTTPError: HTTP Error 429: Too Many Requests (sleep 6s)
09:55:17   retry 2/7 after HTTPError: HTTP Error 429: Too Many Requests (sleep 6s)
09:55:18   retry 2/7 after HTTPError: HTTP Error 429: Too Many Requests (sleep 6s)
09:55:18   retry 2/7 after HTTPError: HTTP Error 429: Too Many Requests (sleep 6s)
09:55:27 n0_b70: 1449 accounts (0.97MB)
09:55:29 n0_b72: 1443 accounts (0.96MB)
09:55:30 n0_b73: 1385 accounts (0.93MB)
09:55:30 n0_b74: 1396 accounts (0.93MB)
