address,name,flags,deprecated,vault_usd,coin_symbol,coin_mint,coin_vault_amount,coin_deposits_total,coin_fees_accrued,pc_symbol,pc_mint,pc_vault_amount,pc_deposits_total,pc_fees_accrued,coin_lot_size,pc_lot_size,fee_rate_bps,referrer_rebates_accrued,vault_signer_nonce,market_lamports,coin_vault,pc_vault,coin_vault_lamports,pc_vault_lamports,coin_vault_minus_accounted,pc_vault_minus_accounted
9wFFyRfZBsuAha4YcuxcXLKwMxJR43S7fPfQLusDBzvT,SOL/USDC,3,False,4998763.23,SOL,So11111111111111111111111111111111111111112,20290100161330,20290000000000,0,usdc,EPjFWdd5AufqSSqeM2qN1xzybapC8G4wEGGkZwyTDt1v,2546686997865,956741257330,1518550981004,100000000,100,0,71391339780,1,1003601387,36c6YqAwyGKQG66XEp2dJc5JqjaBNv7sVghEtJv4c7u6,8CFo8bL8mZQK8abbFyypFMwEDd8tVJjHTTojMLgQTUSZ,20290112200619,2039280,100161330,71394759531
8Gmi2HhZmwQPVdCwzS7CM66MGstMXPcTVHA7jF19cLZz,ETH/USDC,3,False,2365019.1,WETH,7vfCXTUXx5WJV5JADk17DUJ4ksgau7utNKj4b963voxs,82269410327,82269410000,0,usdc,EPjFWdd5AufqSSqeM2qN1xzybapC8G4wEGGkZwyTDt1v,143818925760,21855960725,117212379977,10000,100,0,4750585058,0,3591360,8cCoWNtgCL7pMapGZ6XQ6NSyD1KC9cosUEs4QgeVq49d,C7KrymKrLWhCsSjFaUquXU3SYRmgYLRmMjQ4dyQeFiGE,2039280,2039280,327,4750585058
HXBi8YBwbh4TXF6PjVw81m8Z3Cc4WBofvauj5SBFdgUs,SBR/USDC,3,False,542261.2,SBR,Saber2gLauYim4Mvftnrasomsv6NvAuncvMEZwcLpD1,7431435680555,7431435670000,0,usdc,EPjFWdd5AufqSSqeM2qN1xzybapC8G4wEGGkZwyTDt1v,541667005617,535562516772,258747593,10000,1,0,5845741252,1,1007550065,38r5pRYVzdScrJNZowNyrpjVbtRKQ5JMcQxn7PgKE45L,4YqAGXQEQTQbn4uKX981yCiSjUuYPV8aCajc9qQh3QPy,2039280,2039280,10555,5845741252
HWHvQhFmJB3NUcu1aihKmrKegfVxBEHzwVX6yZCKEsi1,SOL/USDT,3,False,496893.35,SOL,So11111111111111111111111111111111111111112,1671600000000,1669900000000,0,usdt,Es9vMFrzaCERmJfrF4H2FYD4KCoNkY11McCe8BenwNYB,294908465940,181388272019,94070478208,100000000,100,0,19449715713,1,106591381,29cTsXahEoEBwbHwVc59jToybFpagbBMV6Lh45pWEmiK,EJwyNJJPbHH4pboWQf1NxegoypuY48umbfkhyfPew4E,1671602039281,2039280,1700000000,19449715713
2xiv8A5xrJ7RnGdxXB42uFEkYHJjszEhaJyKKt4WaLep,RAY/USDC,3,False,382699.28,ray,4k3Dyjzvzp8eMZWUXbBCjEvwSkkk59S5iCNLY3QrkX6R,25003724105,25000200000,0,usdc,EPjFWdd5AufqSSqeM2qN1xzybapC8G4wEGGkZwyTDt1v,329250944549,305705688477,6047880481,100000,100,0,17497375591,0,3591360,GGcdamvNDYFhAXr93DWyJ8QmwawUHLCyRqWL3KngtLRa,22jHt5WmosAykp3LPGSAKgY45p7VGh4DFWSwp21SWBVe,2039280,2039280,3524105,17497375591
DFdcGFcAVWZ3UgVgpbBChFKen3URZdZ8dmju8GTXQgCE,RLB/USDC,3,,349107.44,RLB,RLBxxFkseAZ4RgJH3Sqn8jXxhmGoz9jWxDNJMh8pL7a,391956770,391949000,0,usdc,EPjFWdd5AufqSSqeM2qN1xzybapC8G4wEGGkZwyTDt1v,33295504652,32336711064,924949557,100,10,0,33844031,0,3591360,6YpcMmanweNSgWo6b18JeemotCeY3g4CW32K76ahMKbu,4TmGW66uZjFuJQ2E2hpS6AWkKBxep3iq49q4Po7Jx2cA,2039280,2039280,7770,33844031
49vwM54DX3JPXpey2daePZPmimxA4CrkXLZ6E1fGxx2Z,IN/USDC,3,,343515.24,inL8PM,inL8PMVd6iiW3RCBJnr5AsrRN6nqr4BTrcNuQWQSkvY,122464859013180,122464859000000,0,usdc,EPjFWdd5AufqSSqeM2qN1xzybapC8G4wEGGkZwyTDt1v,343516887473,340938871921,31505065,1000000,1,0,2546510487,3,16003591364,De4wrN3UtHs783VTZjqoFZtP2v95pMWFx1KCqmkWBXqU,DiiAfxX3J5apQ8SJ42Z4z2USTK3QbhksTzniAugLaG91,2039280,2039280,13180,2546510487
A8YFbxQYFVqKZaoYJLLUVcQiWP7G2MeEgW5wsAQgMvFw,BTC/USDC,3,False,334509.2,BTC,9n4nbM75f5Ui33ZbPYXn59EwSgE8CGsHtAeTH5YFeJ9E,4739316,4739300,0,usdc,EPjFWdd5AufqSSqeM2qN1xzybapC8G4wEGGkZwyTDt1v,334233464639,158492119405,162091726838,100,10,0,13649618396,0,3591360,GZ1YSupuUq9kB28kX9t1j9qCpN67AMMwn4Q72BzeSpfR,7sP9fug8rqZFLbXoEj8DETF81KasaRA1fr6jQb6ScKc5,2039280,2039280,16,13649618396
Aubv1QBFh4bwB2wbP1DaPW21YyQBLfgjg8L4PHTaPzRc,SUNNY/USDC,3,,278993.27,SUNNYW,SUNNYWgPQmFxe9wTZzNK7iPnJ3vYDrkgnxJRJm1s3ag,67116760680825,67116760680000,0,usdc,EPjFWdd5AufqSSqeM2qN1xzybapC8G4wEGGkZwyTDt1v,278994613614,275023978449,110028627,10000,1,0,3860606538,0,3591360,2y6J7uT5eie5es3Wbh9fWitAuYbLDswXVsJmjMZxbuA6,98FiovcJNn4LmxTViKXLExBRgP9dGVwNacAZssrFVAv6,2039280,2039280,825,3860606538
6oGsL2puUgySccKzn9XA9afqF217LfxP5ocq4B3LWsjy,MSOL/USDC,3,False,210837.32,msol,mSoLzYCxHdYgdzU16g5QSh3i5K3z3KZK7ytfqcJm7So,97771000000,97771000000,0,usdc,EPjFWdd5AufqSSqeM2qN1xzybapC8G4wEGGkZwyTDt1v,194261503038,12205849141,175534560514,1000000,1,0,6520693381,0,3591360,2y3BtF5oRBpLwdoaGjLkfmT3FY3YbZCKPbA9zvvx8Pz7,6w5hF2hceQRZbaxjPJutiWSPAFWDkp3YbY2Aq3RpCSKe,2039280,2039280,,6521093383
DYfigimKWc5VhavR4moPBibx9sMcWYVSjVdWvPztBPTa,DXL/USDC,3,False,194335.65,DXL,GsNzxJfFn6zQdJGeYsupJWzUAm57Ba7335mfhWvFiE9Z,1796513130606,1796513120000,0,usdc,EPjFWdd5AufqSSqeM2qN1xzybapC8G4wEGGkZwyTDt1v,193893636754,191497517845,838575771,10000,1,0,1557543138,0,6591360,9ZaKDVrjCaPRZTqnuteGc8iBmJhdaGVf8JV2HBT67wbX,5Y65XyuJemmRU7G1AQQTvWKSge8WDVYhb2knd7htJHoh,2039280,2039280,10606,1557543138
8GufnKq7YnXKhnB3WNhgy5PzU9uvHbaaRrZWQK6ixPxW,TULIP/USDC,3,,187881.61,TULIP,TuLipcqtGVXP9XR62wM8WWCm6a9vhLs7T1uoWBk6FDs,2686945400,2686945400,0,usdc,EPjFWdd5AufqSSqeM2qN1xzybapC8G4wEGGkZwyTDt1v,187803874710,185707371926,461322356,100,1,0,1635180428,4,3591360,6qH3FNTSGKw34SEEj7GXbQ6kMQXHwuyGsAAeV5hLPhJc,6AdJbeH76BBSJ34DeQ6LLdauF6W8fZRrMKEfLt3YcMcT,2039280,2039280,,1635180428
FR3SPJmgfRSKKQ2ysUZBu7vJLpzTixXnjzb84bY3Diif,SAMO/USDC,3,,161993.16,samo,7xKXtg2CW87d97TXJSDpbD5jBkheTqA83TZRuJosgAsU,31635849000010218,31635849000000000,0,usdc,EPjFWdd5AufqSSqeM2qN1xzybapC8G4wEGGkZwyTDt1v,151250365999,147995990661,1476951966,1000000000,10,0,1777423372,1,3591360,HgKq27kVsH6bFdHru5p3ohnrL2d4D776Yiptkzv2ntwX,JzkBGgCZLSzuZrC2XAmq5F4BRHmvhZtiUrbxsMP2BP6,2042080,2039280,10218,1777423372
8x8jf7ikJwgP9UthadtiGFgfFuyyyYPHL3obJAuxFWko,PORT/USDC,3,,159426.56,PORT,PoRTjZMPXb9T7dyU7tpLEZRQj7e6ssfAE62j2oQuc6y,57417700000,57417700000,0,usdc,EPjFWdd5AufqSSqeM2qN1xzybapC8G4wEGGkZwyTDt1v,159346189178,157695030540,578567398,10000,1,0,1072591240,0,3591360,8rNKJFsd9yuGx7xTTm9sb23JLJuWJ29zTSTznGFpUBZB,5Vs1UWLxZHHRW6yRYEEK3vpzE5HbQ8BFm27PnAaDjqgb,2039280,2039280,,1072591240
97qCB4cAVSTthvJu3eNoEx6AY6DLuRDtCoPm5Tdyg77S,STEP/USDC,3,,150330.38,STEP,StepAscQoEioFxxWGnh2sLBDFp9d8rvKz2Yp39iDpyT,87663370001554,87663370000000,0,usdc,EPjFWdd5AufqSSqeM2qN1xzybapC8G4wEGGkZwyTDt1v,150319818662,145341474351,3115005012,10000000,1,0,1863339299,0,3591360,CVNye3Xr9Jv26c8TVqZZHq4F43BhoWWfmrzyp1M9YA67,AnGbReAhCDFkR83nB8mXTDX5dQJFB8Pwicu6pGMfCLjt,2039280,2039280,1554,1863339299
C1EuT9VokAKLiW7i2ASnZUvxDoKuKkCpDDeNxAptuNe4,BTC/USDT,3,False,137800.57,BTC,9n4nbM75f5Ui33ZbPYXn59EwSgE8CGsHtAeTH5YFeJ9E,4102700,4102700,0,usdt,Es9vMFrzaCERmJfrF4H2FYD4KCoNkY11McCe8BenwNYB,137574672449,23360226527,108953294975,100,10,0,5261150947,1,3591360,DSf7hGudcxhhegMpZA1UtSiW4RqKgyEex9mqQECWwRgZ,BD8QnhY2T96h6KwyJoCT9abMcPBkiaFuBNK9h6FUNX2M,2039280,2039280,,5261150947
7KQpsp914VYnh62yV6AGfoG9hprfA14SgzEyqr6u9NY1,UXP/USDC,3,,135799.99,UXPhBo,UXPhBoR3qG4UCiGNJfV7MqhHyFqKN68g45GoYvAeL2M,1097553820000000,1097553820000000,0,usdc,EPjFWdd5AufqSSqeM2qN1xzybapC8G4wEGGkZwyTDt1v,135800640878,134356245466,490516871,10000000,1,0,953878541,0,3591360,9QGayBN3ycectkhLKiTPcfM9iFVtFpefSGWRr3XUoLwk,EiVf38NCvDFVJQqF5FgX1zeQ26Mzr88iELFugUSMJzu9,2039280,2039280,,953878541
77quYg4MGneUdjgXCunt9GgM1usmrxKY31twEy3WHwcS,USDT/USDC,3,False,128399.78,usdt,Es9vMFrzaCERmJfrF4H2FYD4KCoNkY11McCe8BenwNYB,10275000061,10275000000,0,usdc,EPjFWdd5AufqSSqeM2qN1xzybapC8G4wEGGkZwyTDt1v,118126412454,78433904341,8549721626,1000000,100,0,31142786487,2,188189682,H61Y7xVnbWVXrQQx3EojTEqf3ogKVY5GfGjEn5ewyX7B,9FLih4qwFMjdqRAGmHeCxa64CgjP1GtcgKJgHHgz44ar,2043281,2043281,61,31142786487
ByRys5tuUWDgL73G8JBAEfkdFf8JWBzPBDHsBVQ5vbQA,SRM/USDC,3,False,127436.73,srm,SRMuApVNdxXokk5GT7XD5cUUgXMBCoAz2LHeuAoKWRt,31374700000,31374600000,0,usdc,EPjFWdd5AufqSSqeM2qN1xzybapC8G4wEGGkZwyTDt1v,127232783762,36457017354,81148955289,100000,100,0,9626244019,0,8591360,Ecfy8et9Mft9Dkavnuh4mzHMa2KWYUbBTA5oDZNoWu84,hUgoKy5wjeFbZrXDW4ecr42T4F5Z1Tos31g68s5EHbP,2039280,2039280,100000,9626811119
9aruV2p8cRWxybx6wMsJwPFqeN7eQVPR74RrxdM3DNdu,SDOGE/USDC,3,,121960.62,SDOGE,8ymi88q5DtmdNTn2sPRNFkvMkszMHuLJ1e3RVdWjPa3s,336620050,336620050,0,usdc,EPjFWdd5AufqSSqeM2qN1xzybapC8G4wEGGkZwyTDt1v,121303866981,121114786943,18643573,1,1,0,170436465,1,1003591367,F9PPDzsBCb87sCnQrVGweYErPuxExx965eJGFjKx8QZk,Eci9BKxCKgAXZbkFgFkwzT8Xs3i1ewiaBAGYUVMd7WrL,2039280,2039280,,170436465
7MpMwArporUHEGW7quUpkPZp5L5cHPs9eKUfKCdaPHq2,xCOPE/USDC,3,False,90143.52,XCOPE,3K6rftdAaQYMPunrtNRHgnK2UAtjm2JwyT2oCiTDouYE,17918,17918,0,usdc,EPjFWdd5AufqSSqeM2qN1xzybapC8G4wEGGkZwyTDt1v,90107956695,90032570048,16369382,1,10000,0,59017265,1,1403591362,6LtcYXZVb7zfQG33F5dCDKZ29hyQaUh6BBhWjdHp8moy,FCqm5xfy8ZvMxifVFfSz9Gxv1CTRABVMyLXuJrWvzAq7,2039280,2039280,,59017265
Di66GTLsV64JgCCYGVcY21RZ173BHkjJVgPyezNN7P1K,ATLAS/USDC,3,False,87349.73,ATLAS,ATLASXmbPQxBUYbxPsV97usA3fPQYEqzQBUHgiFCUsXx,206235990000000,206235990000000,0,usdc,EPjFWdd5AufqSSqeM2qN1xzybapC8G4wEGGkZwyTDt1v,87027070718,79397914583,3852558496,10000000,1,0,3776597639,1,3591360,22a8dDQwHmmnW4M4WuSXHC9NdQAufZ2V8at3EtPzBqFj,5Wu76Qx7EoiR79zVVV49cZDYZ5csZaKFiHKYtCjF9FNU,2039280,2039280,,3776597639
8N1KkhaCYDpj3awD58d85n973EwkpeYnRp84y1kdZpMX,ORCA/USDC,3,,85123.64,orca,orcaEKTdK7LKz57vaAYr9QeNsVEPfiu6QeMU1kektZE,21653000000,21653000000,0,usdc,EPjFWdd5AufqSSqeM2qN1xzybapC8G4wEGGkZwyTDt1v,45217793477,44102549116,15044659,1000000,10000,0,1100199702,0,503591371,4noUQEJF15yMVWHc7JkWid5EKoE6XLjQEHfdN3pT43NZ,38DxyYjp4ZqAqjrvAPvDhdALYd4y91jxcpnj28hbvyky,2040280,2039280,,1100199702
teE55QrL4a4QSfydR9dnHF97jgCfptpuigbb53Lo95g,RAY/USDT,3,False,82973.34,ray,4k3Dyjzvzp8eMZWUXbBCjEvwSkkk59S5iCNLY3QrkX6R,7751700000,7751700000,0,usdt,Es9vMFrzaCERmJfrF4H2FYD4KCoNkY11McCe8BenwNYB,66409552940,52705572394,11822734092,100000,100,0,1881246454,1,3591360,2kVNVEgHicvfwiyhT2T51YiQGMPFWLMSp8qXc1hHzkpU,5AXZV7XfR7Ctr6yjQ9m9dbgycKeUXWnWqHwBTZT6mqC7,2039280,2039280,,1881246454
6fc7v3PmjZG9Lk2XTot6BywGyYLkBQuzuFKd4FpCsPxk,COPE/USDC,3,False,78023.87,COPE,8HGyAAB1yoM1ttS7pXjHMa3dukTFGQggnFFH3hJZgzQh,57473451000,57373451000,0,usdc,EPjFWdd5AufqSSqeM2qN1xzybapC8G4wEGGkZwyTDt1v,77908788867,75720575364,847778905,1000,1,0,1340434598,0,3591360,2ShBow4Bof4dkLjx8VTRjLXXvUydiBNF7bHzDaxPjpKq,EFdqJhawpCReiK2DcrbbUUWWc6cd8mqgZm5MSbQ3TR33,2039280,2039280,100000000,1340434598
CwK9brJ43MR4BJz2dwnDM7EXCNyHhGqCJDrAdsEts8n5,WOOF/USDC,3,,73705.6,WOOF,9nEqaUcb16sQ3Tn1psbkWqyhPdLmfHWjKGymREjsAgTE,257983283000000,257983283000000,0,usdc,EPjFWdd5AufqSSqeM2qN1xzybapC8G4wEGGkZwyTDt1v,68963763303,67638756472,223751223,1000000,1,0,1101255608,5,5034591373,2VcGBzs54DWCVtAQsw8fx1VVdrxEvX7bJz3AD4j8EBHX,3rfTMxRqmtoVvVsZXnvf2ifpFweeKSWxuFkYtyQnN9KG,2039280,5815000,,1101255608
4zffJaPyeXZ2wr4whHgP39QyTfurqZ2BEd4M5W6SEuon,SOLAPE/USDC,3,,66399.51,GHvFFS,GHvFFSZ9BctWsEc5nujR1MTmmJWY7tgQz2AXE6WVFtGN,14807510000000023,14807510000000000,0,usdc,EPjFWdd5AufqSSqeM2qN1xzybapC8G4wEGGkZwyTDt1v,66399832637,65530589714,106699345,1000000000,1,0,762543578,0,34772960,AsZ34rEBBCNgK5qff4bgtLKXbYeiUWrNFiyUViTpsEmn,255VNSLW3p77tfPfMZUixVxTC2AUaK3QHrYnKiANCPdP,2039280,2039280,23,762543578
4Sg1g8U2ZuGnGYxAhc6MmX9MX7yZbrrraPkCQ9MdCPtF,ROPE/USDC,3,,61361.79,ROPE,8PMHT4swUMtBzgHnh5U564N5sjPSiUz2cjEQzFnnP1Fo,122969342160079,122714320000000,0,usdc,EPjFWdd5AufqSSqeM2qN1xzybapC8G4wEGGkZwyTDt1v,61191501676,60589848688,9603006,10000000,100,0,592049982,1,1800641367,F8PdvS5QFhSqgVdUFo6ivXdXC4nDEiKGc4XU97ZhCKgH,61zxdnLpgnFgdk9Jom5f6d6cZ6cTbwnC6QqmJag1N9jB,2039280,2039280,255022160079,592049982
4tSvZvnbyzHXLMTiFonMyxZoHmFqau1XArcRCVHLZ5gX,soETH/USDC,3,False,56939.97,soETH,2FPyTwcZLUg1MDrwsyoP4D6s1tM7hAkHYRjkNb5w6Pxk,15801000,15801000,0,usdc,EPjFWdd5AufqSSqeM2qN1xzybapC8G4wEGGkZwyTDt1v,52264815622,15854287619,21046806345,1000,10,0,15363721658,1,3591360,7Nw66LmJB6YzHsgEGQ8oDSSsJ4YzUkEVAvysQuQw7tC4,EsDTx47jjFACkBhy48Go2W7AQPk4UxtT4765f3tpK21a,2039282,2039280,,15363721658
HxFLKUAmAMLz1jtT3hbvCMELwH5H9tpM2QugP8sKyfhW,POLIS/USDC,3,False,56716.95,POLIS,poLisWXnNRwC6oBu1vHiuKQzFjGL4XDSu4g9qjz9qVk,3683400000000,3683400000000,0,usdc,EPjFWdd5AufqSSqeM2qN1xzybapC8G4wEGGkZwyTDt1v,56207319825,51080554757,2975107545,10000000,10,0,2151657523,0,3591360,5XQ7xYE3ujVA21HGbvFGVG4pLgqVHSfR9anz2EfmZ3nA,ArUDWPwzGQFfa7t7nSdkp1Dj6tYA3icXEq8K7goz9WoG,2039280,2039280,,2151657523
3d4rzwpy9iGdCZvgxcu7B1YocYffVLsQXPXkBZKt2zLc,MNGO/USDC,3,False,56448.79,MNGO,MangoCzJ36AjZyKwVj3VnYU4GTonjfVEnJmvvWaxLac,117070000000,117070000000,0,usdc,EPjFWdd5AufqSSqeM2qN1xzybapC8G4wEGGkZwyTDt1v,52482073957,49137074522,1287159247,1000000,100,0,2057840188,0,3591360,7Ex7id4G37HynuiCAv5hTYM4BnPB9y4NU85QcaNWZy3G,9UB1NhGeDuV1apHdtK5LeAEjP7kZFH8vVYGdh2yGFRi8,2039280,2039280,,2057840188
ch7kmPrtoQUSEPBggcNAvLGiMQkJagVwd3gDYfd8m7Q,ETH/USDT,3,False,53891.68,WETH,7vfCXTUXx5WJV5JADk17DUJ4ksgau7utNKj4b963voxs,0,0,0,usdt,Es9vMFrzaCERmJfrF4H2FYD4KCoNkY11McCe8BenwNYB,53897240460,7865500,51882719562,10000,100,0,2006564456,0,3591360,97iAGa4qBfatayN359ttEfJxwG118WJgKSro5AP1CtRP,67fDzSS1pCHXyVaQNV526oGgJbAfPbsUu7VoD76weQiM,2039280,2039280,,2006655398
A1Q9iJDVVS8Wsswr9ajeZugmj64bQVCYLZQLra2TMBMo,soSUSHI/USDC,3,False,51976.56,soSUSHI,AR1Mtgh7zAtxuxGd2XPovXPVjcSdY3i4rQYisNadjfKy,2627490000,2627490000,0,usdc,EPjFWdd5AufqSSqeM2qN1xzybapC8G4wEGGkZwyTDt1v,51299703707,50697773512,44932863,10000,10,0,556997332,2,3591360,BJfPQ2iKTJknyWo2wtCVEpRGWVt8sgpvmSQVNwLioQrk,2UN8qfXzoUDAxZMX1KqKut93frkt5hFREL8xcw6Hgtsg,2039280,2039280,,556997332
G4LcexdCzzJUKZfqyVDQFzpkjhB1JoCNL8Kooxi9nJz5,MER/USDC,3,False,50330.7,MERt85,MERt85fc5boKw3BW1eYdxonEuJNvXbiMbs6hvheau5K,69598459557,69598400000,0,usdc,EPjFWdd5AufqSSqeM2qN1xzybapC8G4wEGGkZwyTDt1v,50330945303,48922687721,206409293,100000,100,0,1201848289,2,3591360,4ctYuY4ZvCVRvF22QDw8LzUis9yrnupoLQNXxmZy1BGm,DovDds7NEzFn493DJ2yKBRgqsYgDXg6z38pUGXe1AAWQ,2039280,2039280,59557,1201848289
CVJVpXU9xksCt2uSduVDrrqVw6fLZCAtNusuqLKc5DhW,SHDW/USDC,3,,49492.09,SHDW,SHDWyBxihqiCj6YekG2GUr7wqKLeLAMK1gHZck9pL6y,55419980000000,55419980000000,0,usdc,EPjFWdd5AufqSSqeM2qN1xzybapC8G4wEGGkZwyTDt1v,47967773172,37286703527,10306377795,10000000,1,0,374691850,1,3591360,F3cScQ9u1EGLVGJwuHWxT5RG2ivQFTxLvPqRwjnKxAU6,2baMnjbNw7cTarrJPnaWckxv28RyVMbZRUoL4aGUmVzA,2039280,2039280,,374691850
7gZNLDbWE73ueAoHuAeFoSu7JqmorwCLpNTBXHtYSFTa,RIN/USDC,3,,47807.41,E5ndSk,E5ndSkaB17Dm7CsD22dvcjfrYSDLCxFcMd6z8ddCk5wp,81828109000000,81828109000000,0,usdc,EPjFWdd5AufqSSqeM2qN1xzybapC8G4wEGGkZwyTDt1v,47807639774,43917006733,2929395977,1000000,1,0,961237064,4,3591360,5JCpfGbNdFhXWxMFR4xefBfLEd2qxYgovEggS6wxtmQe,FQfVJz7STBGMheiAAuZdF8ndyvbJhJZWJvpKhFKqSqYh,2039280,2316963,,961237064
5WVBCaUPZF4HP3io9Z56N71cPMJt8qh3c4ZwSjRDeuut,CHEEMS/USDC,3,,46756.62,CHEEMS,3FoUAsGDbvTD6YZ4wVKJgTB76onJUKz7GPEBNiR5b8wc,429499829030,429489790000,0,usdc,EPjFWdd5AufqSSqeM2qN1xzybapC8G4wEGGkZwyTDt1v,43555983754,43357323318,36299597,10000,1,0,162360839,0,3591360,Go4BzzEPsDYhyVbrkL15NfKwGHoc29PgD7z1gHoCQAdW,6uB47XDXVYQ7FCEDoNJZHxfGfDx2hy4725NsRy15sPZt,2039280,2039280,10039030,162360839
94CZWJMy7Jmc7gSM288WmFfse596H12KCKgwMARkyvhw,ACM/USDC,3,,43253.65,ACUMEN,ACUMENkbnxQPAsN8XrNA11sY3NmXDNKVCqS82EiDqMYB,14240000000000,14240000000000,0,usdc,EPjFWdd5AufqSSqeM2qN1xzybapC8G4wEGGkZwyTDt1v,43253852827,43047890749,186654271,1000000000,10,0,19307807,2,3591360,3hsn7v1F1q8UEiiq76JvGT376yMNgdh5ajG7BWFMpjXs,HAsHLymNrKXh2HRV59F6v2Pi3bgf2wtzihHRgLEzuBwe,2039280,2039280,,19307807
jyei9Fpj2GtHLDDGgcuhDacxYLLiSyxU4TY7KxB2xai,SRM/SOL,3,False,39943.56,srm,SRMuApVNdxXokk5GT7XD5cUUgXMBCoAz2LHeuAoKWRt,8628100000,8628100000,0,SOL,So11111111111111111111111111111111111111112,330052348028,301775348910,4640997064,100000,100000,0,23636002054,0,3591360,EhAJTsW745jiWjViB7Q4xXcgKf6tMF7RcMX9cbTuXVBk,HFSNnAxfhDt4DnmY9yVs2HNFnEMaDJ7RxMVNB9Y5Hgjr,2039280,330054387336,,23636002054
AU8VGwd4NGRbcMz9LT6Fu2LP69LPAbWUJ6gEfEgeYM33,REAL/USDC,3,,39440.54,AD27ov,AD27ov5fVU2XzwsbvnFvb1JpCBaCB5dRXrczV9CqSVGb,15186900000000,15186900000000,0,usdc,EPjFWdd5AufqSSqeM2qN1xzybapC8G4wEGGkZwyTDt1v,39440732088,38729846628,534014176,100000000,100,0,176871284,0,3591360,3VnrHq1JWSD4DRdT1TAW4qG7nBVUFSh8mVRnkCtzV4Ry,6mSGzi7P2mM4tE6hkEsjXfZ4zR2LjctrNA3DwBvULrJU,2039280,2039280,,176871284
FwZ2GLyNNrFqXrmR8Sdkm9DQ61YnQmxS6oobeH3rrLUM,GENE/USDC,3,,39380.12,GENE,GENEtH5amGSi8kHAtQoezp1XEXwZJ8vcuePYnXdKrMYz,9067900000013,9067900000000,0,usdc,EPjFWdd5AufqSSqeM2qN1xzybapC8G4wEGGkZwyTDt1v,39354457141,36696763929,2052230630,100000000,10,0,605462582,3,3591360,AjKhS74QWgcatcJvHDS3fdCJq8BdAsrHxzcoNyT738Hy,3xtHLByKqJzyvu3TbtDW8cnzJTbdRLKRjihWo1fVM5Fp,2039280,2039280,13,605462582
E14BKBhDWD4EuTkWj1ooZezesGxMW8LPCps4W5PuzZJo,FIDA/USDC,3,False,37101.29,fida,EchesyfXePKdLtoiZSL8pBe8Myagyy8ZRqsACNCFGnvp,14781300000,14781300000,0,usdc,EPjFWdd5AufqSSqeM2qN1xzybapC8G4wEGGkZwyTDt1v,36776831018,33123971913,2069006038,100000,10,0,1583853067,1,3591360,9orp82njuopbWUzrGH417wvp2mED5h5hJdNGbKLaYxzJ,7YpRpKkjwpTxT42pda4TjPjm2JzMq7ZtfAAB3aQypBQ7,2039280,2039280,,1583853067
2MvXnxngd1gKp6gE8Q63wiPHSpveWcx8x4wf43VpyiA6,PRISM/USDC,3,,36463.95,PRISM,PRSMNsEPqhGVCH1TtWiJqPjJyh2cKrLostPZTNy1o5x,305476810000,305476810000,0,usdc,EPjFWdd5AufqSSqeM2qN1xzybapC8G4wEGGkZwyTDt1v,36300082188,36020938295,48253742,10000,1,0,230890151,0,3591360,pLX8sCH4jNJVS57goC6Y7ujzLH1gG88Mej5UWwc3eFo,4mBaTptwEPRwdBzBfLu2SixTAawqqrP6UsoFgfUcfZr9,2039280,2039280,,230890151
E8JQstcwjuqN5kdMyUJLNuaectymnhffkvfg1j286UCr,AVAX/USDC,3,False,36244.73,AVAX,KgV1GvrHQmRBY8sHQQeUKwTm2r2h8t4C8qt12Cw1HVE,2157000000,2157000000,0,usdc,EPjFWdd5AufqSSqeM2qN1xzybapC8G4wEGGkZwyTDt1v,36006719466,14815579,35786104962,1000000,100,0,205798925,0,3591360,GCy2YwPXnK8XSaTzekBXqk7QM39obxA4uASsC316KpZ5,8PDzWsq8J4AWBk1YSnS5NHSpZWhXxaM5dvGQLxgWxAX6,2039280,2039280,,205798925
2Gx3UfV831BAh8uQv1FKSPKS9yajfeeD8GJ4ZNb2o2YP,SLRS/USDC,3,False,35119.75,SLRS,SLRSSpSLUTP7okbCUBYStWCo1vUgyt775faPqz8HUMr,152951700000,152951700000,0,usdc,EPjFWdd5AufqSSqeM2qN1xzybapC8G4wEGGkZwyTDt1v,35096878506,34122269595,135240094,100000,10,0,839368817,1,3591360,6B527pfkvbvbLRDgjASLGygdaQ1fFLwmmqyFCgTacsKH,Bsa11vdveUhSouxAXSYCE4yXToUP58N9EEeM1P8qbtp3,2039280,2039280,,839368817
5FpKCWYXgHWZ9CdDMHjwxAfqxJLdw2PRXuAmtECkzADk,renDOGE/USDC,3,False,35104.67,ArUkYE,ArUkYE2XDKzqy77PRRGjo4wREWwqk6RXTfM9NeqzPvjU,705000000000,705000000000,0,usdc,EPjFWdd5AufqSSqeM2qN1xzybapC8G4wEGGkZwyTDt1v,35104841607,25258511521,9615098607,100000000,10,0,231231479,4,3591360,5UbUbaVLXnZq1eibQSUxdsk6Lp38bgdTjbjQPssXGgwW,4KMsmK7gPdKMAKmEcHqtBB5EhNnWVRd71v3a5uBwhQ2T,2039280,2039280,,231231479
Bn6NPyr6UzrFAwC4WmvPvDr2Vm8XSUnFykM2aQroedgn,KIN/USDC,3,False,31100.29,KIN,kinXdEcpDQeHPEuQnqmUgtYykqKGVFq6CeVX5iAHJq6,270425415310000,270425400000000,0,usdc,EPjFWdd5AufqSSqeM2qN1xzybapC8G4wEGGkZwyTDt1v,27689369024,27338456908,30482970,100000000,100,0,320429146,1,3591360,J9XnUu66fDCQgcfBbG1Ro7B8H6zKmt9sao7xvev7YeJV,8PPR4xbmXMkjEyBX6UDJ1jVU4dZfgEnegiabeuLRFky8,2039280,2039280,15310000,320429146
FfiqqvJcVL7oCCu8WQUMHLUC2dnHQPAPjTdSzsERFWjb,MEDIA/USDC,3,,29559.97,MEDIA,ETAtLmCmsoiEEKfNrHKJ2kYy3MoABhU6NQvpSfij5tDs,1618640000,1618640000,0,usdc,EPjFWdd5AufqSSqeM2qN1xzybapC8G4wEGGkZwyTDt1v,29402088009,28714416840,356084273,10000,10,0,331586896,2,3591360,D8ToFvpVWmNnfJzjHuumRJ4eoJc39hsWWcLtFZQpzQTt,6RSpnBYaegSKisXaJxeP36mkdVPe9SP3p2kDERz8Ahhi,2039280,2039280,,331586896
9fe1MWiKqUdwift3dEpxuRHWftG72rysCRHbxDy6i9xB,CATO/USDC,3,,29417.67,CATO,5p2zjqCd1WJzAVgcEnjhb9zWDU7b9XVhFhx4usiyN7jB,7878191000000000,7878191000000000,0,usdc,EPjFWdd5AufqSSqeM2qN1xzybapC8G4wEGGkZwyTDt1v,27317946831,27089841673,9025728,1000000000,10,0,219079430,1,403591368,26h5i4vYPinyUZ6kUp8tzhzvQtP3cNzhzaBMqySybNMF,7E5CzVnTFsTnwPqoJ8uUA8RNqCgsYy6ZEnRVmz7LURaA,2039280,2039280,,219079430
G3Bss3a2tif6eHNzWCh14g5k2H4rwBAmE42tbckUWG5T,INU/USDC,3,,28239.34,5jFnsf,5jFnsfx36DyGk8uVGrbXnVUMTsBkPXGpx6e69BiGFzko,19920637000000000,19920636000000000,0,usdc,EPjFWdd5AufqSSqeM2qN1xzybapC8G4wEGGkZwyTDt1v,28239474463,27831523575,20896955,1000000000,1,0,387053933,1,3591360,8X13R4qM2mXqZY6ikvpTwP1JywmzhoaWxzjiGSiwQ9o8,AwHZQTt6iq6quGurDoV174oQEFS1gmK2QQQojG1md6XU,2039280,2039280,1000000000,387053933
FJMjxMCiDKn16TLhXUdEbVDH5wC6k9EHYJTcrH6NcbDE,LINK/USDC,3,False,26636.41,LINK,2wpTofQ8SkACrkZWrZDjXPitYa8AwWgX8AfxdeBRRVLX,0,0,0,usdc,EPjFWdd5AufqSSqeM2qN1xzybapC8G4wEGGkZwyTDt1v,26636534455,101340000,26485079350,1000000,100,0,50115105,0,3591360,6MmVHqQbqibv3ZDQs8eaikth8nCYortanX8Q6HsHzgMY,3CJdkf2ssTCLQTVnJ9sYvaWgFmix7tCpojSnS6eDYqiR,2039280,2039280,,50115105
9UBuWgKN8ZYXcZWN67Spfp3Yp67DKBq1t31WLrVrPjTR,DFL/USDC,3,,26496.87,DFL,DFL1zNkaGPWm1BqAVqRjCZvHmwTFrEaJtbzJWgseoNJh,423882000000000,423882000000000,0,usdc,EPjFWdd5AufqSSqeM2qN1xzybapC8G4wEGGkZwyTDt1v,26491212650,25056701038,148463440,1000000000,100,0,1286048172,0,3591360,CvCsGEAe3Lxwo7zQ5Acqd34jjpS1iFWKp9h9Vt2KExpj,EGiCYaiiL65yx8uHkQKAmCv8U1fuDN4su6pSdsL3tQqB,2039280,2039280,,1286048172
2Pbh1CvRVku1TgewMfycemghf6sU9EyuFDcNXqvRmSxc,soFTT/USDC,3,False,26043.79,soFTT,AGFEad2et2ZJif9jaGpdMixQqvW5i81aBdvKe7PHNfz3,703600000,703600000,0,usdc,EPjFWdd5AufqSSqeM2qN1xzybapC8G4wEGGkZwyTDt1v,25864532737,19431328368,2455778408,100000,100,0,3943537461,0,3591360,4LXjM6rptNvhBZTcWk4AL49oF4oA8AH7D4CV6z7tmpX3,2ycZAqQ3YNPfBZnKTbz2FqPiV7fmTQpzF95vjMUekP5z,2039280,2039280,,3977425961
HxkQdUnrPdHwXP5T9kewEXs3ApgvbufuTfdw9v1nApFd,mSOL/USDT,3,,25889.09,msol,mSoLzYCxHdYgdzU16g5QSh3i5K3z3KZK7ytfqcJm7So,12262000000,12262000000,0,usdt,Es9vMFrzaCERmJfrF4H2FYD4KCoNkY11McCe8BenwNYB,23812561267,5307599504,16513485418,1000000,1,0,1991126601,0,3591360,FgVVda2Wnp2PuDpuh23B341qZx2cnArqVNSgxsU877Y,2PtdrUGJd7aYoMKXpQ5d19r5Aa1z8dkRj6NNRCNGTE3D,5039280,2039280,,1991476345
3uWVMWu7cwMnYMAAdtsZNwaaqeeeZHARGZwcExnQiFay,SUSHI/USDC,3,False,24767.0,sushi,ChVzxWRmrTeSgwd3Ui3UumcN8KX7VK3WaD4KGeSKpypj,1500000000,1500000000,0,usdc,EPjFWdd5AufqSSqeM2qN1xzybapC8G4wEGGkZwyTDt1v,24763254176,0,24497455352,1000000,10,0,265798824,1,3591360,2DiofKbhznosm6ngnVXZY9r6j3WypkK6PXZu4XVhrUwS,FwRAP48S9kwXFgiBDHU4NvuGkFnqctXEurgLFZFqdt2Z,2039280,2039280,,265798824
Cud48DK2qoxsWNzQeTL5D8sAiHsGwG8Ev1VMNcYLayxt,FAB/USDC,3,False,24705.55,EdAhkb,EdAhkbj5nF9sRM7XN7ewuW8C9XEUMs8P7cnoQ57SYE96,28435513800000000,28435513800000000,0,usdc,EPjFWdd5AufqSSqeM2qN1xzybapC8G4wEGGkZwyTDt1v,24705668671,24099895448,63229797,100000000,10,0,542543426,2,3591360,71E7dr2Rodeneu6wPn8oofCpLQJjfDHr6r76HGCDv491,8gU7HWyk3X41ebNkMH44JhEWq1nzRGdWwGgZaJfr4zGR,2039280,2039280,,542543426
F9y9NM83kBMzBmMvNT18mkcFuNAPhNRhx7pnz9EDWwfv,SLND/USDC,3,,22686.68,SLND,SLNDpmoWTVADgEdndyvWzroNL7zSi1dF9PC3xHGtPwp,1845340000,1845340000,0,usdc,EPjFWdd5AufqSSqeM2qN1xzybapC8G4wEGGkZwyTDt1v,22275452489,20151453189,1524349619,10000,100,0,599649681,1,3591360,5JDR5i3wqrLxoZfaytoW14hti9pxVEouRy5pUtyhisYD,6ktrwB3FevRNdNHXW7n6ufk2h1jwKnWFtjhHgNwYaxJb,2039280,2039280,,599649681
J4oPt5Q3FYxrznkXLkbosAWrJ4rZLqJpGqz7vZUL4eMM,NINJA/USDC,3,,21920.56,NINJA,FgX1WD9WzMU3yLwXaFSarPfkgzjLb2DZCqmkx9ExpuvJ,246125910000,246125910000,0,usdc,EPjFWdd5AufqSSqeM2qN1xzybapC8G4wEGGkZwyTDt1v,21776806825,21533493034,40536312,10000,10,0,202777479,3,53591363,Drh2Snft94Ubw1ATW3bY6QJq8SHkWUiL7A8NSpie8nNs,2ot6efxFgLAKL6WkTP1hmND7aMmsmMB4j4ELNrTxNWm4,2039280,2039280,,202777479
5WRoQxE59966N2XfD2wYy1uhuyKeoVJ9NBMH6r6RNYEF,MATICpo/USDC,3,False,21630.11,Gz7VkD,Gz7VkD4MacbEB6yC5XD3HcumEiYx2EtDYYrfikGsvopG,200000000,200000000,0,usdc,EPjFWdd5AufqSSqeM2qN1xzybapC8G4wEGGkZwyTDt1v,21630210606,0,21574709441,10000000,100,0,55501165,0,3591360,72iQBpo1GqVTMonBjU9GYGramzFxSdvtktoRAMgJ8Mp3,6R3qoi9pBeyDbsoPMNUBA29H47rHpywyDHKXoXmggv1V,2039280,2039280,,55501165
4UPUurKveNEJgBqJzqHPyi8DhedvpYsMXi7d43CjAg2f,BNB/USDC,3,False,20803.35,BNB,9gP2kCy3wA1ctvYWQk75guqXuHfrEomqydHLtcTCqiLa,235630000,235600000,0,usdc,EPjFWdd5AufqSSqeM2qN1xzybapC8G4wEGGkZwyTDt1v,18954414453,862695,18696774719,100000,100,0,256777039,0,3591360,7SjACG2xPdt9ur1Shdav6SwBnr58wRZPxLegJX3e2vhT,HrxG4K4xSpRfPxSGtMQnnbKRo3r6F2Qj1eyDZXFvP7pe,2039280,2039280,30000,256777039
4RZ27tjRnSwrtRqsJxDEgsERnDKFs7yx6Ra3HsJvkboy,SOLA/USDC,3,,19431.94,FYfQ9u,FYfQ9uaRaYvRiaEGUmct45F9WKam3BYXArTrotnTNFXF,3598272008504159,3598272000000000,0,usdc,EPjFWdd5AufqSSqeM2qN1xzybapC8G4wEGGkZwyTDt1v,19432031310,19120039626,6459400,1000000000,1000,0,305532284,0,3591360,DahZDkfEeXwx6F4EKP93tDBBXtnverKpgyrJ8moGaZhy,EzDEuxQUFAj6f1Z8AgG6ByNeP37AUx1hGW3QKgZsHks,2039280,2039280,8504159,305532284
DByPstQRx18RU2A8DH6S9mT7bpT6xuLgD2TTFiZJTKZP,UPS/USDC,3,,18515.29,EwJN2G,EwJN2GqUGXXzYmoAciwuABtorHczTA5LqbukKXV1viH7,756075410000,756075410000,0,usdc,EPjFWdd5AufqSSqeM2qN1xzybapC8G4wEGGkZwyTDt1v,18515375822,18492059142,8127992,10000,100,0,15188688,2,3591360,SnDuSUVuEnNPBhn2wPVNrAQz92Ri2hZB9ixZEHhWGCE,DRyGXiW5c8SAq3c8oYt4aViY8rqL6BQrozMqw1yZSQAV,2039280,2039280,,15188688
7dLVkUfBVfCGkFhSXDCq1ukM9usathSgS716t643iFGF,soETH/USDT,3,False,18105.28,soETH,2FPyTwcZLUg1MDrwsyoP4D6s1tM7hAkHYRjkNb5w6Pxk,5809000,5809000,0,usdt,Es9vMFrzaCERmJfrF4H2FYD4KCoNkY11McCe8BenwNYB,16388127799,8689335666,1541319682,1000,10,0,6157327341,4,3591360,2CZ9JbDYPux5obFXb9sefwKyG6cyteNBSzbstYQ3iZxE,D2f4NG1NC1yeBM2SgRe5YUF91w3M4naumGQMWjGtxiiE,2039280,2039280,,6157472451
GcoKtAmTy5QyuijXSmJKBtFdt99e6Buza18Js7j9AJ6e,soALEPH/USDC,3,False,17899.06,soALEPH,CsZ5LZkDS7h9TDKjrbL7VAwQZ9nsRu8vJLhRYfmGaN8K,8517200000,8517200000,0,usdc,EPjFWdd5AufqSSqeM2qN1xzybapC8G4wEGGkZwyTDt1v,17753376712,17066014685,482426408,100000,10,0,204935619,0,3591360,EBRqW7DaUGFBHRbfgRagpSf9jTSS3yp9MAi3RvabdBGz,9QTMfdkgPWqLriB9J7FcYvroUEqfw6zW2VCi1dAabdUt,2039280,2039280,,204935619
AtNnsY1AyRERWJ8xCskfz38YdvruWVJQUVXgScC1iPb,SRM/USDT,3,False,17720.58,srm,SRMuApVNdxXokk5GT7XD5cUUgXMBCoAz2LHeuAoKWRt,2022500000,2022500000,0,usdt,Es9vMFrzaCERmJfrF4H2FYD4KCoNkY11McCe8BenwNYB,17709225310,7596084535,8690202671,100000,100,0,1422938104,0,3591360,GxPFMyeb7BUnu2mtGV2Zvorjwt8gxHqwL3r2kVDe6rZ8,149gvUQZeip4u8bGra5yyN11btUDahDVHrixzknfKFrL,2039280,2039280,,1422938104
G3uhFg2rBFunHUXtCera13vyQ5KCS8Hx3d4HohLoZbT5,SOL/soUSDT,3,True,16413.39,SOL,So11111111111111111111111111111111111111112,125700000000,125700000000,0,soUSDT,BQcdHdAQW1hczDbBi9hiegXAR7A98Q9jx3X3iBBBDiq4,1222484715,1104799003,2204920,100000000,100,0,115480792,4,3591360,HuP4UQVHyrFntRCJJhVSCMidxNAn445hAEW1GGwcMDL9,5WfiHbMXJvqkceoRvq1yfqGuV8RL8SgfPoLWQ6wZBCxM,125702039280,2039280,,115480792
DNxn3qM61GZddidjrzc95398SCWhm5BUyt8Y8SdKYr8W,ALM/USDC,3,,16104.08,ALMmmm,ALMmmmbt5KNrPPUBFE4dAKUKSPWTop5s3kUGCdF69gmw,599611929775875,599611929000000,0,usdc,EPjFWdd5AufqSSqeM2qN1xzybapC8G4wEGGkZwyTDt1v,16104153250,15917990232,13069416,1000000,100,0,173093602,0,3591360,3aDrVRbqFBRRXMJHjmjR9RUHNboR88EVyYWTqGTMA9fh,Awt7FWxhwXVTVsj7AkNQ1Gw1jDrphngpWtfwS9z3wo7v,2039280,2039280,775875,173093602
7MmPwD1K56DthW14P1PnWZ4zPCbPWemGs3YggcT1KzsM,BOP/USDC,3,,15189.42,BLwTnY,BLwTnYKqf7u4qjgZrrsKeNs2EzWkMLqVCu6j8iHyrNA3,60779700000000,60779700000000,0,usdc,EPjFWdd5AufqSSqeM2qN1xzybapC8G4wEGGkZwyTDt1v,15189493980,14897576005,46216906,100000000,1000,0,245701069,3,18849350,8a73K53T4H6Grvxe2yaNGk2jNr9zUaDDUzm7NvcdN8Lr,5cuUphe5U9FDdTFNsdJmpqpTnVzRnsdb2HVHC4cX1gAd,2039280,2039280,,245701069
DPfj2jYwPaezkCmUNm5SSYfkrkz8WFqwGLcxDDUsN3gA,SNY/USDC,3,False,14791.28,4dmKkX,4dmKkXNHdgYsXqBHCuMikNQWwVomZURhYvkkX5c4pQ7y,11838450000,11838450000,0,usdc,EPjFWdd5AufqSSqeM2qN1xzybapC8G4wEGGkZwyTDt1v,14791347714,14122711057,86196681,10000,1,0,582439976,1,3591360,CddTJJj2tDWUk6Kteh3KSBJJh4HvkoWMXcQjZuXaaAzP,BGr1LWgHKaekkmScogSU1SYSRUaJBBPFeBAEBvuwf7CE,2039280,2039280,,582439976
BxcuT1p8FK9cFak4Uuf5nmoAZ7nQGu7FerCMESGqxF7b,FLOOF/USDC,3,,14597.1,3jzdrX,3jzdrXXKxwkBk82u2eCWASZLCKoZs1LQTg87HBEAmBJw,43345615099,43342165000,0,usdc,EPjFWdd5AufqSSqeM2qN1xzybapC8G4wEGGkZwyTDt1v,14597175024,14445310094,13783197,1000,1,0,138081733,2,6591360,2wJeyoXYLAEDZckhgLJGkESVeTjvk2aqksgS7g9DZFK5,3uCVHmSVvh8MnXCPmRFbojxXWrcX78k11vDUE2YXKUj9,2039280,2039280,3450099,138081733
AYXTVttPfhYmn3jryX5XbRjwPK2m9445mbN2iLyRD6nq,DOI/USDC,3,,13898.14,HAWy8k,HAWy8kV3bD4gaN6yy6iK2619x2dyzLUBj1PfJiihTisE,249,249,0,usdc,EPjFWdd5AufqSSqeM2qN1xzybapC8G4wEGGkZwyTDt1v,13898206444,13868904680,8662816,1,10000,0,20638948,4,3591360,3kAsuAo1HUDp4iBoP3BURihz3xiq13RSXzcsGbcm91Kf,34ehC7fryjmP7fLzUnR3s3ze6wa59i7oZGVojeXr1F5U,2039280,2039280,,20638948
GZ3WBFsqntmERPwumFEYgrX2B7J7G11MzNZAy7Hje27X,OXY/USDC,3,False,12341.43,OXY,z3dn17yLaGMKffVogeFHQ9zWVcXgqgf3PQnDsNs2g6M,5199000000,5199000000,0,usdc,EPjFWdd5AufqSSqeM2qN1xzybapC8G4wEGGkZwyTDt1v,12337369508,10875596607,33200938,1000000,100,0,1428571963,1,3591360,BtYaTetdr4vQQk6tVpQiJW6bBVVLn4HE6EnhFwFvcE4K,GzjhGTxG3FcCgG9oJsmEJ6KTqnffSwSWUZYpGieejEvN,2039280,2039280,,1428571963
42QVcMqoXmHT94zaBXm9KeU7pqDfBuAPHYN9ADW8weCF,ISOLA/USDT,3,,12036.51,333iHo,333iHoRM2Awhf9uVZtSyTfU8AekdGrgQePZsKMFPgKmS,195545000000,195545000000,0,usdt,Es9vMFrzaCERmJfrF4H2FYD4KCoNkY11McCe8BenwNYB,12037752737,11834228426,9880462,1000000,100,0,193643849,0,3591360,FaRw8KMqoiuRAjunz2tDnJBVbPxeKKg8z4FNrHQtpnzu,59c3uxz4qgKonm48oBHuwqrL1SdMV4WudQAsjrgw39kv,2039280,2039280,,193643849
FjkwTi1nxCa1S2LtgDwCU8QjrbGuiqpJvYWu3SWUHdrV,PUFF/USDC,3,,11370.75,PUFF,G9tt98aYSznRk7jWsfuz9FnTdokxS6Brohdo9hSmjTRB,381003900000709,381003900000000,0,usdc,EPjFWdd5AufqSSqeM2qN1xzybapC8G4wEGGkZwyTDt1v,11218848053,10994013201,192578537,10000000,1,0,32256315,0,3591360,6RYTMFBaof4HaMbZUHEBZ1BybBFKFC7YsMnSJ43AwQoW,8tUZUUrQ36nvjy2xqHK5AaXzQ48h15JdkgyQZ4UTAjW6,2039280,2039280,709,32256315
3WptgZZu34aiDrLMUiPntTYZGNZ72yT1yxHYxSdbTArX,LIKE/USDC,3,False,11214.37,LIKE,3bRTivrVsitbmCTGtqwp7hxXPsybkjn4XLNtPsHqa3zR,129608000000000,129608000000000,0,usdc,EPjFWdd5AufqSSqeM2qN1xzybapC8G4wEGGkZwyTDt1v,11144336120,10271678866,287481280,1000000000,10,0,585175974,0,3591360,Dd9F1fugQj2xtduyNvFS5TtxP9vKnuxVMcrPsHFnLyqp,BnXXu8kLUXrwg3MpcVRVPLZw9bpX2mLd95qtCMnSUtu7,2039280,2039280,,585175974
5cLrMai1DsLRYc1Nio9qMTicsWtvzjzZfJPXyAoF4t1Z,MSOL/SOL,3,False,10395.11,msol,mSoLzYCxHdYgdzU16g5QSh3i5K3z3KZK7ytfqcJm7So,7310000000,7310000000,0,SOL,So11111111111111111111111111111111111111112,75760119675,9047608335,54864361185,10000000,1,0,11848150155,4,3591360,2qmHPJn3URkrboLiJkQ5tBB4bmYWdb6MyhQzZ6ms7wf9,A6eEM36Vpyti2PoHK8h8Dqk5zu7YTaSRTQb7XXL8tcrV,2039280,75762158968,,11848150155
DXPv2ZyMD6Y2mDenqYkAhkvGSjNahkuMkm4zv6DqB7RF,TCW/USDC,3,,10143.66,36s6AF,36s6AFRXzE9KVdUyoJQ5y6mwxXw21LawYqqwNiQUMD8s,142,142,0,usdc,EPjFWdd5AufqSSqeM2qN1xzybapC8G4wEGGkZwyTDt1v,10143711491,10095287516,7836762,1,10000,0,40587213,1,3591360,DGWettPNPa8bWpEwkRBYQNfW2GVyUiFr7JE3VrKcxMbN,FzBNuRUWNpvYoxjiefMDNsgDxZhnuYMCM2BGwBqjcpLD,2039280,2039280,,40587213
74Ciu5yRzhe8TFTHvQuEVbFZJrbnCMRoohBK33NNiPtv,renBTC/USDC,3,False,9592.25,renBTC,CDJWUqTcYTVAKXAVXoQZFes5JUFc7owSeq7eMQcDSbo5,24790000,24790000,0,usdc,EPjFWdd5AufqSSqeM2qN1xzybapC8G4wEGGkZwyTDt1v,5375192381,5188259552,30352359,10000,1,0,156580470,0,3591360,EqnX836tGG4PYSBPgzzQecbTP47AZQRVfcy4RqQW8F3D,7yiA6p6BXxZwcm38St3vTzyGNEmZjw8x7Ko2nyTfvVx3,2039280,2039280,,156580470
2Si6XDdpv5zcvYna221eZZrsjsp5xeYoz9W1TVdMdbnt,FROG/USDC,3,,9481.64,Amt5wU,Amt5wUJREJQC5pX7Z48YSK812xmu4j3sQVupNhtsEuY8,26715281600653762,26604252285000000,0,usdc,EPjFWdd5AufqSSqeM2qN1xzybapC8G4wEGGkZwyTDt1v,9481688866,9427154218,4144666,1000000,1,0,50389982,1,53591363,ADhWQdFbXNA1vhxUJ4SiUzKeXhWDB72HfEUtQjQky1jz,CFS8g6HL3A6XmoDcKRFghpGAhsgzyCUR2kqniFTdmWRv,2039280,2039280,111029315653762,50389982
5Erzgrw9pTjNWLeqHp2sChJq7smB7WXRQYw9wvkvA59t,HOSA/USDC,3,,9257.1,ATSPo9,ATSPo9f9TJ3Atx8SuoTYdzSMh4ctQBzYzDiNukQDmoF7,252,252,0,usdc,EPjFWdd5AufqSSqeM2qN1xzybapC8G4wEGGkZwyTDt1v,9257145316,9232389901,11684830,1,10000,0,13070585,1,20709180821,B2Lekpqnq51s9r5gBEAGRsJ9oMN1EMPsHtSLgc2EawKN,A25KGGCVCUm127Dccy5rNx5kBbpam8LKBeKZNgoYUa6X,2039280,2039280,,13070585
ANUCohkG9gamUn6ofZEbnzGkjtyMexDhnjCwbLDmQ8Ub,OOGI/USDC,3,,8789.43,H7Qc9A,H7Qc9APCWWGDVxGD5fJHmLTmdEgT9GFatAKFNg6sHh8A,23026108000000000,23026108000000000,0,usdc,EPjFWdd5AufqSSqeM2qN1xzybapC8G4wEGGkZwyTDt1v,8789469325,8693811730,4209920,1000000000,10,0,91447675,0,3591360,GsS5TtqoqKXRfQG8qXMRvMeirFSJHUqWce9FnQwXsEoH,7arP9vQchDd5SRDp6bKekaftY8rKV14swEwgT8Jbk3NR,2039280,2039280,,91447675
2wgi2FabNsSDdb8dke9mHFB67QtMYjYa318HpSqyJLDD,GOFX/USDC,3,,8542.69,GFX1Zj,GFX1ZjR2P15tmrSwow6FjyDYcEkoFb4p4gJCpLBjaxHD,47902810000000,47902810000000,0,usdc,EPjFWdd5AufqSSqeM2qN1xzybapC8G4wEGGkZwyTDt1v,8542731662,8476268406,9613209,10000000,100,0,56850047,0,3591360,DckgBxFNQNQA796Jg12dRpCZZ1nBqus4PDbKQhfmJraf,2jZJzfVGgHdzVq1e3HpRz9U5HnByoazyMzQ3jexn4jUE,2039280,2039280,,56850047
3SGeuz8EXsyFo4HHWXQsoo8r4r5RdZkt7TuuTZiVbKc8,SWOLE/USDC,3,,7059.57,4BzxVo,4BzxVoBQzwKoqm1dQc78r42Yby3EzAeZmMiYFdCjeu5Z,138435836000000000,138435836000000000,0,usdc,EPjFWdd5AufqSSqeM2qN1xzybapC8G4wEGGkZwyTDt1v,7059607348,7017910491,8983854,1000000000,1,0,32713003,1,3591361,F9DvjHxe2ofJJxXB2oJRrURLiZsuM6r3wui9FFcyDzuj,4oSd4gMskeV6cTHqJuhvvBXamnHhwQ3MCVLpJMbXhC9d,2039280,2039280,,32713003
6b51zj1C78Tn7R3nd9j4GvyShbMNxxufbU3mqPmbDRcz,SPKL/USDC,3,,6586.13,31tCNE,31tCNEE6LiL9yW4Bu153Dq4vi2GuorXxCA9pW9aA6ecU,37191490000000000,37191490000000000,0,usdc,EPjFWdd5AufqSSqeM2qN1xzybapC8G4wEGGkZwyTDt1v,6586160472,6574489283,1940732,1000000000,10,0,9730457,0,3591360,HuUKj5Vg27Q5GeGcWmPeBbxgQ9JMoGPRpZgFiCqEEcZa,5RzLyHc9us1DDVcH9pd5conahe8teBHSzJaKBNjnVvYt,2039280,2039280,,9730457
73d9N7BbWVKBG6A2xwwwEHcxzPB26YzbMnRjue3DPzqs,LOST/USDC,3,,6524.06,BgiTVx,BgiTVxW9uLuHHoafTd2qjYB5xjCc5Y1EnUuYNfmTwhvp,18,18,0,usdc,EPjFWdd5AufqSSqeM2qN1xzybapC8G4wEGGkZwyTDt1v,6524092998,6505356444,6655185,1,10000,0,12081369,0,3591360,2HJVZTgMtC7aBD7zy8rBogPiWu8uWTD77dyZ1HgQKVDf,4AxhPoUuBPtpofmmxiK5bM4o6aVfkbpuozCZ7xx9jZK3,2039280,2039280,,12081369
D7p7PebNjpkH6VNHJhmiDFNmpz9XE7UaTv9RouxJMrwb,LIQ/USDC,3,,6287.18,LIQ,4wjPQJ6PrkC4dHhYghwJzGBVP78DkBzA2U3kHoFNBuhj,818627106000,818627106000,0,usdc,EPjFWdd5AufqSSqeM2qN1xzybapC8G4wEGGkZwyTDt1v,6198718943,5619403909,25928567,1000,1,0,553386467,2,3591360,GuivK7Kd7aiJT9gTnhDskqUpbUD5Yur3f2NyygvwhA9B,ZKoVkBhZ9DJvuCMLvuPvZnhFTCQFAoF1BmVZZ1SqgPg,2039280,2039280,,553386467
3hwH1txjJVS8qv588tWrjHfRxdqNjBykM1kMcit484up,soLINK/USDC,3,False,5856.48,soLINK,CWE8jPTUYhdCTZYWPTe1o5DFqfdjzWKc9WKz6rSjQUdG,288140000,288140000,0,usdc,EPjFWdd5AufqSSqeM2qN1xzybapC8G4wEGGkZwyTDt1v,1810356473,665595171,596955859,10000,10,0,547805443,1,3591360,9BswoEnX3SN7YUnRujZa5ygiL8AXVHXE4xqp8USX4QSY,9TibPFxakkdogUYizRhj9Av92fxuY2HxS3nrmme81Sma,2039280,2039280,,547805443
HCE4wQXApNyFBTK7gYa98QCYbshCz7EkH8axNz3ahvKc,HIMA/USDC,3,,5855.17,72hgmv,72hgmvS5zFxaFJfMizq6Gp4gjBqXjTPyX9GDP38krorQ,60712122000000000,60712122000000000,0,usdc,EPjFWdd5AufqSSqeM2qN1xzybapC8G4wEGGkZwyTDt1v,5855193535,5766948753,9761317,1000000000,1,0,78483465,2,3591361,BqrTCss5juV27E7ifk526axDwnzu3QfrcXBCHTVwV4NH,6LMhwdVMo9xF9fgMNzmKFWzy2kkWzL9pHeYcxiDUN2yf,2039280,2039280,,78483465
6hwK66FfUdyhncdQVxWFPRqY8y6usEvzekUaqtpKEKLr,SAIL/USDC,3,,5792.74,6kwTqm,6kwTqmdQkJd8qRr9RjSnUX9XJ24RmJRSrU1rsragP97Y,497763042000,497763042000,0,usdc,EPjFWdd5AufqSSqeM2qN1xzybapC8G4wEGGkZwyTDt1v,5792762854,5542925795,14900925,100,1,0,234936134,1,3591360,HM1P5PFgUA5dGdwKfCARv8FUR5rEFxUPxe1h1XhEDMbq,CsAiyJ7DkDc8ZSzoJY2Sc97o1zGZon8ueyuxnCDnwN5L,2039280,2039280,,234936134
4nCFQr8sahhhL4XJ7kngGFBmpkmyf3xLzemuMhn6mWTm,KIN/USDT,3,False,5698.51,KIN,kinXdEcpDQeHPEuQnqmUgtYykqKGVFq6CeVX5iAHJq6,8126600000000,8126600000000,0,usdt,Es9vMFrzaCERmJfrF4H2FYD4KCoNkY11McCe8BenwNYB,5596583491,5546998551,13325383,100000000,100,0,36259557,0,3591360,FNVsFSnPSJeFqrDWwhyJGaQ2w8WWSKtsfZoeccU6J1az,EQuFCDQLrh7noMLCxCBZog6my3MtDYF4GiLyYF9ksyXx,2039280,2039280,,36259557
3M8uZhLZMxFUedsEgPzywZr9qbGTv3kKNMCEfAmg8iyK,SHIBA/USDC,3,,5175.27,Dhg9Xn,Dhg9XnzJWzSQqH2aAnhPTEJHGQAkALDfD98MA499A7pa,125880986000000000,125880986000000000,0,usdc,EPjFWdd5AufqSSqeM2qN1xzybapC8G4wEGGkZwyTDt1v,5175296847,5138790097,714001,1000000000,1,0,35792749,1,43591361,FMjUvgaL4EjyokpbsPVyJTARjfNQRpu694eH8S6kHfAE,9B6xoxBvxjJYXvvQaWW619Ugc6UT3gJS11V3pBJGfHJH,2039280,2039280,,35792749
AM9sNDh48N2qhYSgpA58m9dHvrMoQongtyYu2u2XoYTc,LOVE/USDC,3,,5163.76,4G85c5,4G85c5aUsRTrRPqE5VjY7ebD9b2ktTF6NEVGiCddRBDX,17,17,0,usdc,EPjFWdd5AufqSSqeM2qN1xzybapC8G4wEGGkZwyTDt1v,5163781778,5136805700,8810608,1,10000,0,18165470,4,3591360,g3thk7cafax6UcbKPJoh623MweuYz5U8NBeXBarLyWp,7opZ7tWeHPgAgMno58YQzZDYSQV4YeBc8eSTQ8KVPBfg,2039280,2039280,,18165470
2wteg25ch227n4Rh1CN4WNrDZXBpRBpWJ48mEC2K7f4r,FTT/USDC,3,False,5021.82,Ezfgjv,EzfgjvkSwthhgHaceR3LnKXUoRkP6NUhfghdaHAj1tUv,18987000000,18987000000,0,usdc,EPjFWdd5AufqSSqeM2qN1xzybapC8G4wEGGkZwyTDt1v,5021842451,3942392900,540285297,1000000,100,0,539164254,0,3591360,3JTjTByokXo9VinZmWdSUwgCayr6UpGsd4KGSVDQFbxK,BzJXrrfmGoZYfR8Gi4NXFntzMAqmz2Y9baerPWGt4BAD,2039280,2039280,,539164254
Ec1aq54XKH9o5fe169cU2sCcxxTP54eeQCe77SpizKuc,soUSDT/USDC,3,True,4929.72,soUSDT,BQcdHdAQW1hczDbBi9hiegXAR7A98Q9jx3X3iBBBDiq4,3289000000,3289000000,0,usdc,EPjFWdd5AufqSSqeM2qN1xzybapC8G4wEGGkZwyTDt1v,1641065523,1479888687,17778126,1000000,100,0,143398710,1,3591360,648kz2PXcnUwDWHqhu1k38gFLbnRMV88J9ByLtcesE2a,4mUqteKDfc7GM9iFwRiRUqrvv8NLZgp6QTw58qCTyVGL,2039280,2039280,,143398710
3A8XQRWXC7BjLpgLDDBhQJLT5yPCzS16cGYRKHkKxvYo,MAPS/USDC,3,False,4914.78,MAPS,MAPS41MDahZ9QdKXhVa4dWB9RuyfV4XqhyAZ8XcYepb,13757000000,13757000000,0,usdc,EPjFWdd5AufqSSqeM2qN1xzybapC8G4wEGGkZwyTDt1v,4866326341,4477063552,10414011,1000000,100,0,378848778,2,3591360,5m151dijN5oGc4cTPUaP4ge17syYXG7nVZEEDMgZfpsN,9q5c8tN2bgqQYfjX3oaSseDjcJ6gwtNHXfa6GE3dGA4p,2039280,2039280,,378848778
7xy4r55rLu2QYeSGwTGDCBKEYERDX98f6kQLn9Zre6S3,SLX/USDC,3,,4892.8,AASdD9,AASdD9rAefJ4PP7iM89MYUsQEyCQwvBofhceZUGDh5HZ,145012000000000,145012000000000,0,usdc,EPjFWdd5AufqSSqeM2qN1xzybapC8G4wEGGkZwyTDt1v,4892827015,4714344245,6806464,1000000000,1000,0,171676306,0,3591360,ARXq6h8irTLEXDL59B3QpvUZMEA28yBDXB8UKMinq9Q5,EFpryovbaWpChMLwKo6ZxeuC3jEe3LN88d1F1HkDRmdY,2039280,2039280,,171676306
6dn7tgTHe5rZEAscMWWY3xmPGVEKVkM9s7YRV11z399z,POTATO/USDC,3,,4665.04,GEYrot,GEYrotdkRitGUK5UMv3aMttEhVAZLhRJMcG82zKYsaWB,57218267000000,57218267000000,0,usdc,EPjFWdd5AufqSSqeM2qN1xzybapC8G4wEGGkZwyTDt1v,4665062960,4548714140,4493594,1000000,1,0,111855226,2,83651370,APF2x2zyyJegwSbURhJ4sYr84MpN4UhEjcPuux12yWoZ,6vfGHr2SgmkN7Pdb8McenvD8eqCuSqpVwfUJeaN3xcQy,2039280,2039280,,111855226
CnUV42ZykoKUnMDdyefv5kP6nDSJf7jFd7WXAecC6LYr,soHNT/USDC,3,False,4557.43,soHNT,HqB7uswoVg4suaQiDP3wjxob1G5WdZ144zhdStwMCq7e,94200000,94200000,0,usdc,EPjFWdd5AufqSSqeM2qN1xzybapC8G4wEGGkZwyTDt1v,4509568579,4359718796,71623923,100000,10,0,78225860,0,3591360,8tQReSDRJkKMrCyqoLqRpN6drEkKXZhRfvX67LU1TL75,61xkDfSVo7srJPmgXx3AVZ9TidQchtFqi3x21mjdEQiD,2039280,2039280,,78225860
DvmDTjsdnN77q7SST7gngLydP1ASNNpUVi4cNfU95oCr,SLC/USDC,3,,4491.32,METAmT,METAmTMXwdb8gYzyCPfXXFmZZw4rUsXX58PNsDg7zjL,13736500000,13736500000,0,usdc,EPjFWdd5AufqSSqeM2qN1xzybapC8G4wEGGkZwyTDt1v,4491342731,4413425683,34914388,100000,100,0,43002660,2,3591360,7HPWx59RQLAbEFYegMC1sepdTo86i9d5pg5c5yiXqPSC,DeUNDMfX7G6kXaaK5ZsaCFBoSwuJDErqK8hJzz2pdhDk,2039280,2039280,,43002660
3rgacody9SvM88QR83GHaNdEEx4Fe2V2ed5GJp2oeKDr,soKEEP/USDC,3,False,4295.31,soKEEP,GUohe4DJUA5FKPWo3joiPgsB7yzer7LpDmt1Vhzy3Zht,871000000,871000000,0,usdc,EPjFWdd5AufqSSqeM2qN1xzybapC8G4wEGGkZwyTDt1v,4272793897,4192896860,63596356,1000000,100,0,16300681,1,3591360,EBv4PKDEFS5U2A81JYFXL1twyzKVQpvm8AGx8egJWJZa,B38EoNuJeZL96GbffNCDchZCAgYYZT9rQjx5vAYYx7sv,2039280,2039280,,16300681
DR8V2wUCSFKCGjML6AZvUB2eYWDPVQ5xju3DeXGgpSaB,SCY/USDC,3,,4170.99,SCYfrG,SCYfrGCw8aDiqdgcpdGjV6jp4UVVQLuphxTDLNWu36f,1463079500000000,1463079500000000,0,usdc,EPjFWdd5AufqSSqeM2qN1xzybapC8G4wEGGkZwyTDt1v,4171007025,4114733219,43214219,100000000,1,0,13059587,1,3591360,2NBPDsvGfkihebZapZKqCi4MN4MGf1AwQ8ydvn1yTmCf,CFXDVnwwz6fXMwVVT5kgRdNfLc8FnQGyKCi9zf9hzaLq,2039280,2039280,,13059587
6Pn1cSiRos3qhBf54uBP9ZQg8x3JTardm1dL3n4p29tA,soHXRO/USDC,3,False,3867.37,soHXRO,DJafV9qemGp7mLMEn5wrfqaFwxsbLgUsGVS16zKRk9kc,50546030000,50546030000,0,usdc,EPjFWdd5AufqSSqeM2qN1xzybapC8G4wEGGkZwyTDt1v,3667922537,3012860477,563720927,10000,1,0,91341133,2,3591360,DjCXRDEZb7KesT4JQznWiHjx8UrQ3f6yjp2EUWaEJhQQ,G8qoKLtfSCiZDQLLSxWXzrMhycn6p5oLVYb8abNnQRNp,2039280,2039280,,91341133
5F7LGsP1LPtaRV7vVKgxwNYX4Vf22xvuzyXjyar7jJqp,stSOL/USDC,3,False,3843.86,stSOL,7dHbWXmci3dT8UFYWYZweBLXgycu7Y3iL6trKn1Y7ARj,7520000000,7520000000,0,usdc,EPjFWdd5AufqSSqeM2qN1xzybapC8G4wEGGkZwyTDt1v,2842334795,1081451100,1625121847,10000000,100,0,135761848,0,3591360,4gqecEySZu6SEgCNhBJm7cEn2TFqCMsMNoiyski5vMTD,6FketuhRzyTpevhgjz4fFgd5GL9fHeBeRsq9uJvu8h9m,2039280,2039280,,135761848
6HwcY27nbeb933UkEcxqJejtjWLfNQFWkGCjAVNes6g7,MER/USDT,3,False,3798.36,MERt85,MERt85fc5boKw3BW1eYdxonEuJNvXbiMbs6hvheau5K,9134300000,9134300000,0,usdt,Es9vMFrzaCERmJfrF4H2FYD4KCoNkY11McCe8BenwNYB,3798754631,3513890015,96295245,100000,1,0,188569371,2,3591360,GpaSFJdugwds4248cMSQymVn6GzBrTn5R29obBoTZYWV,8bCnx4rqoFU7eeeTt7Px1JBgYVG4tjXYENzQtQwK2zXA,2039280,2039280,,188569371
BJiV2gCLwMvj2c1CbhnMjjy68RjqoMzYT8brDrpVyceA,MRDR/USDC,3,,3487.04,7dr7jV,7dr7jVyXf1KUnYq5FTpV2vCZjKRR4MV94jzerb8Fi16Q,5,5,0,usdc,EPjFWdd5AufqSSqeM2qN1xzybapC8G4wEGGkZwyTDt1v,3487060813,3472000000,8354240,1,10000,0,6706573,3,3591360,A1EzwwXMBpruHGWYBrRPq3jN3WFAbqZmDUZfQyshG5f6,94fjkXF2NmEAzdFQSdW7GHCDYGx3KKLDSsS1vp2L37F5,2039280,2039280,,6706573
93mtNf4qzvytwp5sWrSC7JNUccPAomEE39ztErUq5V3F,CRP/USDC,3,,3437.12,DubwWZ,DubwWZNWiNGMMeeQHPnMATNj77YZPZSAz2WVR5WjLJqz,27999300000000,27999300000000,0,usdc,EPjFWdd5AufqSSqeM2qN1xzybapC8G4wEGGkZwyTDt1v,3437133133,3141986914,3933187,100000000,10,0,291213032,0,3591360,5P3thVSnx1rwhZnrXs8GHFLP5tCABjCt3jQqyGVVqx4V,GEtKdDB6DBpsptKtx1uZtYgD7GbAbfPCfAteGzUTAsRj,2039280,2039280,,291213032
3WXrxhrj4PXYUwW4ozBjxdSxwEp9ELKf3vETxXTqdiQJ,MEAN/USDC,3,,3368.47,MEAN,MEANeD3XDdUmNMsRGjASkSWdC8prLYsoRJ61pPeHctD,4333827584,4333820000,0,usdc,EPjFWdd5AufqSSqeM2qN1xzybapC8G4wEGGkZwyTDt1v,3368319417,3355900986,5721377,10000,1,0,6697054,1,3591360,3cHFVJ4uh8Pwmybd4XF3iU3VdJwREG91DCfNXjm9prHy,Ec2bq25kJZf9gMh2XX5zwFukPcWNtT3HBAHhGYh2tyWc,2039280,2039280,7584,6697054
8yQzsbraXJFoPG5PdX73B8EVYFuPR9aC2axAqWearGKu,AVE/USDC,3,,3254.5,6bD8mr,6bD8mr8DyuVqN5dXd1jnqmCL66b5KUV14jYY1HSmnxTE,2,2,0,usdc,EPjFWdd5AufqSSqeM2qN1xzybapC8G4wEGGkZwyTDt1v,3254510760,3243010000,4904040,1,10000,0,6596720,0,3591360,5tGWqrZSAQv2dpFoqgBZdsmsQhUTuju7u73p3WmzYZLu,FvJcHNMGiLvtbt4DdWs97XjSGgMmhHGh7Vbv2kjZN81e,2039280,2039280,,6596720
7QpJAiwGmqY1SiucjfPXvgeWwCobyV6hZSgzMysZX6Ww,FIDA/soUSDT,3,True,3200.54,fida,EchesyfXePKdLtoiZSL8pBe8Myagyy8ZRqsACNCFGnvp,582000000,582000000,0,soUSDT,BQcdHdAQW1hczDbBi9hiegXAR7A98Q9jx3X3iBBBDiq4,3188088445,3165696986,8147429,100000,10,0,14244030,1,3591360,tLdrvmgZdPonqbN3xdCvVBDeMLSBhsRw4wrYkUVbSVG,FT41uEVNpYvpF2c2D5PdYdAXnP2BeXLPXoym8YTBfr68,2039280,2039280,,14244030
N99ngemA29qSKqdDW7kRiZHS7h2wEFpdgRvgE3N2jy6,KEKW/USDC,3,,3131.33,2QK9vx,2QK9vxydd7WoDwvVFT5JSU8cwE9xmbJSzeqbRESiPGMG,264983062000000000,264983062000000000,0,usdc,EPjFWdd5AufqSSqeM2qN1xzybapC8G4wEGGkZwyTDt1v,3131347483,3088076913,4987053,1000000000,1,0,38283517,0,3591360,7UxQE7PF6PGagRFY7y2qrBcMfgyRp5RBG8ZkhoknzSuj,5Dsxhz4tTdyuZpNR3n5ANSE8BEw5fZhjKwNfqfJs3B1t,2039280,2039280,,38283517
GCmfmqvNbY9LXWJ39fD8wNDn1HLj4sF2m9WAoNVVYaFt,SBABYDOGE/USDC,3,,3125.82,BABYso,BABYsocP6cB95xvBDXnjXKX96VBNC37dmNWUtaV9Jk6v,11899203960000,11899203960000,0,usdc,EPjFWdd5AufqSSqeM2qN1xzybapC8G4wEGGkZwyTDt1v,3125834827,3122762740,2577138,10000,1,0,494949,0,3591360,Eo9yjZ22wwbQ8NW5CwXBAch8EdfikcydTHjdd8Ga5scR,6XoeVfRbe1xbyDhHpk6adudhC568ti1jNvsjv4CxPKqp,2039280,2039280,,494949
HBTu8hNaoT3VyiSSzJYa8jwt9sDGKtJviSwFa11iXdmE,LUNA/USDC,3,False,2988.4,LUNA,F6v4wfAdJB8D8p77bMXZgYt8TDKsYxLYxH5AFhUkYx9W,495353800000,495353800000,0,usdc,EPjFWdd5AufqSSqeM2qN1xzybapC8G4wEGGkZwyTDt1v,2961926024,265855277,2440272417,10000,100,0,255798330,1,3591360,9dD8MeSMELY9baaZP2vky6F64JDqhti6XA2DqpNSFdyj,3TJ7qaP1YZ7V2hSKkcK8Ne1G5upHRsZNhnpB2p4jsxFJ,2039280,2039280,,255798330
71CtEComq2XdhGNbXBuYPmosAjMCPSedcgbNi5jDaGbR,soETH/soUSDT,3,True,2861.37,soETH,2FPyTwcZLUg1MDrwsyoP4D6s1tM7hAkHYRjkNb5w6Pxk,246000,246000,0,soUSDT,BQcdHdAQW1hczDbBi9hiegXAR7A98Q9jx3X3iBBBDiq4,2788868139,2666271363,834382,1000,10,0,121762394,4,3591360,Eh79Mi95JQYh4hWKjqZWzXLS4fBm4mvd7gKPQLWrZywc,3vRD58zHN2ePbKWAmzT9yZrpqjuxDo1hzyYNU8oHi83c,2039280,2039280,,121762394
9tr5uMYHgtJ5yG4SeqHA6kJUdzXrK6QCNGYgewQevuuS,BIP/USDC,3,,2805.13,FoqP7a,FoqP7aTaibT5npFKYKQQdyonL99vkW8YALNPwWepdvf5,1090280000000000,1090280000000000,0,usdc,EPjFWdd5AufqSSqeM2qN1xzybapC8G4wEGGkZwyTDt1v,2805142630,2786933486,2633626,10000000000,1,0,15575518,0,3591360,3ZHPeJBaQCywfgpK2WNMHKNZ3UGcYsPDBLeZnqFN6CfZ,35ZhfZWVZuLhaSYUeCL2iwkPeuwa3DXX7jYHa4V7MRF2,2039280,2039280,,15575518
4jN1R453Acv9egnr7Dry3x9Xe3jqh1tqz5RokniaeVhy,PBA/USDC,3,,2687.35,CAjoJe,CAjoJeGCCRae9oDwHYXzkeUDonp3dZLWV5GKHysLwjnx,0,0,0,usdc,EPjFWdd5AufqSSqeM2qN1xzybapC8G4wEGGkZwyTDt1v,2687360000,2687360000,0,1,10000,0,0,0,3591360,En7QzTnnqEEnK1pHxnT8admYwncByGA3JCX1VJTETs44,AkKYars9HTfv3BhGFsJHKEY1zUGZL6Z8XZNYeAvrasz7,2039280,2039280,,
HdvXMScwAQQh9pEvLZjuaaeJcLTmixxYoMFefeqHFn2E,OMPH/USDC,3,,2652.74,DB76ai,DB76aiNQeLzHPwvFhzgwfpe6HGHCDTQ6snW6UD7AnHid,0,0,0,usdc,EPjFWdd5AufqSSqeM2qN1xzybapC8G4wEGGkZwyTDt1v,2652750031,2652750000,0,1,10000,0,0,1,3591360,BoVBDYmig1S5iLQHouFRSH9ZxAkE9JGoywBQHPd5RaNt,48JzZUWxBTbmanATXwDBLGzhXZNThpoAkPFNYptRkCiA,2039280,2039280,,31
3yEZ9ZpXSQapmKjLAGKZEzUNA1rcupJtsDp5mPBWmGZR,soLINK/USDT,3,False,2596.34,soLINK,CWE8jPTUYhdCTZYWPTe1o5DFqfdjzWKc9WKz6rSjQUdG,157410000,157410000,0,usdt,Es9vMFrzaCERmJfrF4H2FYD4KCoNkY11McCe8BenwNYB,385986655,24753302,187654250,10000,10,0,173579103,0,3591360,EmS34LncbTGs4yU4GM9bESRYMCFL3JBW6mnAeKB4UtEb,AseZZ8ZRqyvkZMMGAAG8dAqM9XFf2xGX2tWWbko7a4hC,2039280,2039280,,173579103
Dvm8jjdAy8uyXn9WXjS2p1mcPeFTuYS6yW2eUL9SJE8p,BOKU/USDC,3,,2520.19,CN7qFa,CN7qFa5iYkHz99PTctvT4xXUHnxwjQ5MHxCuTJtPN5uS,11347000000000,11347000000000,0,usdc,EPjFWdd5AufqSSqeM2qN1xzybapC8G4wEGGkZwyTDt1v,2520200253,2472409081,21809288,1000000000,1,0,25981884,4,3591360,As6NSizcseTTvFStf5tAv3eitxDNo2djKE36AVsHvVCW,BqwG61kV7Wi1ZAsL2KRBqaFoczJFCjGXL5bveN6gr9xR,2039280,2039280,,25981884
GsWX1FgWP35jchi5R9uiNys2g6GftruEiHVpPS2b7Vq8,BET/USDC,3,,2506.5,3UMYcB,3UMYcByZNQVHHyyqVfXMKr8XWP64omYBFVvf7bD6wBiA,2071858000000000,2071858000000000,0,usdc,EPjFWdd5AufqSSqeM2qN1xzybapC8G4wEGGkZwyTDt1v,2506516808,2497604976,7858754,1000000000,10000,0,1053078,6,18591360,5gYpHm29EYhpX3JBgwP4fwdWsz9FXUBXuMzmUf88gQ9C,HgHJ5zZgi8dyv5xPPKU66wRhkci9dHqusmzMkjbUSCUD,2039280,2039280,,1053078
2zkPyHgQkKG6qJED6MTbjfCfUbZeT9VFwLm1Ld9nKxRp,gSAIL/USDC,3,,2452.74,Gsai2K,Gsai2KN28MTGcSZ1gKYFswUpFpS7EM9mvdR9c8f6iVXJ,21563600000000,21563600000000,0,usdc,EPjFWdd5AufqSSqeM2qN1xzybapC8G4wEGGkZwyTDt1v,2452751851,2376892458,34879478,10000000,1,0,40979915,0,3591360,GDCY1JhhzYY6ERVD9gKa288HBniGCamSXGX8ZdGHPgTY,GiTJMS3fWeQaFqLNeCekzShJbqZic9xDC9ZcFCaZpACY,2039280,2039280,,40979915
J99HsFQEWKR3UiFQpKTnF11iaNiR1enf2LxHfgsbVc59,UWB/USDC,3,,2421.09,FPnwwN,FPnwwNiL1tXqd4ZbGjFYsCw5qsQw91VN79SNcU4Bc732,0,0,0,usdc,EPjFWdd5AufqSSqeM2qN1xzybapC8G4wEGGkZwyTDt1v,2421100000,2421100000,0,1,10000,0,0,0,3591360,9B8G7MyFVYN5n5AXMLK5voqHi7JqpH41RmcsyBx9Kszj,94b9Wo3mRDTygWEyPqhU1MR6KcHnxJt868mEH9PDD21c,2039280,2039280,,
EbV7pPpEvheLizuYX3gUCvWM8iySbSRAhu2mQ5Vz2Mxf,FIDA/USDT,3,False,2298.13,fida,EchesyfXePKdLtoiZSL8pBe8Myagyy8ZRqsACNCFGnvp,817000000,817000000,0,usdt,Es9vMFrzaCERmJfrF4H2FYD4KCoNkY11McCe8BenwNYB,2280420309,1257511886,749728042,100000,10,0,273180381,1,3591360,5Rm6YyqS619mM3gn7jhG4mv8P6ojYRD61sE7wQbYcZ8j,8byRiEaX18QM1YqyCMTY9TqX7WvDL3hbg9U12ZeRPv6j,2039280,2039280,,273180381
2dKHkfJGKNxmtwdLcsqXFGcb8Xppw5RP6YVWEWjSfAHm,TRTLS/USDC,3,,2273.61,q4bpaR,q4bpaRKw3fJB1AJBeeBaKv3TjYzWsmntLgnSB275YUb,13298000000000,13298000000000,0,usdc,EPjFWdd5AufqSSqeM2qN1xzybapC8G4wEGGkZwyTDt1v,2273619109,2254751380,4193621,1000000000,10,0,14674108,0,3591360,Gc1EBNUQYi5ksiE9ks9wFUEpRnPVocBvTPngmcqwAt1,SSytjVTaMjh5xvbBYZK9juxov41C5BYSFmEUiLX2Bfa,2039280,2039280,,14674108
eju5JDyaf29jYNfq7VrVAocVxGayDEHVHHiM7MYc331,WAGMI/USDC,3,,2154.61,3m7A2A,3m7A2A8HHdqmiDrjAfaddj7Hxd88FrBHA1KSoqjoELtu,482170305134384,482111287400000,0,usdc,EPjFWdd5AufqSSqeM2qN1xzybapC8G4wEGGkZwyTDt1v,2154622748,2094649999,256004,100000,1,0,59716745,1,3591360,CsBcAK2LDkbEmvyreCBArHsX7NJE7fvatrG2oUBtsy3p,2MvsftfbDnbqDLoQ2P3Z2gWf5BcE5aQEK2avSgxedSWG,2039280,2039280,59017734384,59716745
H8GSFzSZmPNs4ANW9dPd5XTgrzWkta3CaT57TgWYs7SV,CRWNY/USDC,3,,2083.78,CRWNY,CRWNYkqdgvhGGae9CKfNka58j6QQkaD5bLhKXvUYqnc1,4252000000,4252000000,0,usdc,EPjFWdd5AufqSSqeM2qN1xzybapC8G4wEGGkZwyTDt1v,2082548611,2071378558,9632344,1000000,1,0,1537709,1,3591360,B4n994TDxFeAz35YMEQZJvkhVtHmab5PRQUjgtigScAi,2LAVDjbCkDPY4B3aLzgWs3VCEA2Rq6SJPjCqgBcB2N2L,2039280,2039280,,1537709
5r8FfnbNYcQbS1m4CYmoHYGjBtu6bxfo6UJHNRfzPiYH,BTC/soUSDT,3,True,2047.57,BTC,9n4nbM75f5Ui33ZbPYXn59EwSgE8CGsHtAeTH5YFeJ9E,63900,63900,0,soUSDT,BQcdHdAQW1hczDbBi9hiegXAR7A98Q9jx3X3iBBBDiq4,2044040887,1930891528,1602701,100,10,0,111546658,1,3591360,9Hgpa1h9prGRLj157nT7EsWPKfe7ebvmyvzNihzhCi4P,A4WSAFFDcwyQZPqnyABEYijD6GWZAdbn51SV7beuCL6e,2039280,2039280,,111546658
Ak1UDskYAjztX5YkxW8dmERjLwS9fYmk1b3G6fpWDxp6,POLE/USDC,3,,2009.51,PoLEXM,PoLEXM5xikzieXENFvP7WwHJPorcFiCUVuMo9BAGZT3,1648719000426,1648719000000,0,usdc,EPjFWdd5AufqSSqeM2qN1xzybapC8G4wEGGkZwyTDt1v,2009515588,1991590839,1985794,1000000,1,0,15938955,2,3591360,7r114n35R7mjPDHuDnSFpb3x7aAPkxah5GtGPiFETsUt,GsWxxJ6T713QHRVPpQeKe7HULTDnBcEk16UFASLP75uE,2039280,2039280,426,15938955
FZ9xhZbkt9bKKVpWmFxRhEJyzgxqU5w5xu3mXcF6Eppe,SPT/USDC,3,,1966.75,8EXX5k,8EXX5kG7qWTjgpNSGX7PnB6hJZ8xhXUcCafVJaBEJo32,0,0,0,usdc,EPjFWdd5AufqSSqeM2qN1xzybapC8G4wEGGkZwyTDt1v,1966760000,1966760000,0,1,10000,0,0,5,3591360,3mbXTLgdxoRcM6NyDGejGZuoaAr9zDwnVB8fWfwAYqUM,Cv9kt2EkCpAUisVKZ5yamKYzjtP73Xorjb51mVPaPdEg,2039280,2039280,,
6V6y6QFi17QZC9qNRpVp7SaPiHpCTp2skbRQkUyZZXPW,CYS/USDC,3,False,1898.14,BRLsMc,BRLsMczKuaR5w9vSubF4j8HwEGGprVAyyVgS4EX7DKEg,13260712000,13260712000,0,usdc,EPjFWdd5AufqSSqeM2qN1xzybapC8G4wEGGkZwyTDt1v,1898153245,896475236,10414544,1000,1,0,991263465,1,3591360,4PfqVvYg6tshSnMBMrXUwzYdS9gZvoxWFwGeLEx6BKow,81WG3s7xWe8aT6nf3r3t6sBuoMFb4QPiEZ2caENXQuKr,2039280,2039280,,991263465
7PX2k66ecaUJHJweNbdCocR4kvPotvDn2FPu69svCsnu,SAMU/USDC,3,,1855.08,SAMUmm,SAMUmmSvrE8yqtcG94oyP1Zu2P9t8PSRSV3vewsGtPM,8103816000000000,8103816000000000,0,usdc,EPjFWdd5AufqSSqeM2qN1xzybapC8G4wEGGkZwyTDt1v,1855091101,1809131810,7061270,1000000000,10,0,38898021,1,3591360,9u8Qscqtt3H6THyyWr53f49wRHei7zvYGYPEpxegEjCU,4f34wFbrUetDok9xYfCSwUzUwt3rYhCAnCTLL25nyyPG,2039280,2039280,,38898021
Hr3wzG8mZXNHV7TuL6YqtgfVUesCqMxGYCEyP3otywZE,soFTT/USDT,3,False,1839.47,soFTT,AGFEad2et2ZJif9jaGpdMixQqvW5i81aBdvKe7PHNfz3,71800000,71800000,0,usdt,Es9vMFrzaCERmJfrF4H2FYD4KCoNkY11McCe8BenwNYB,1821357164,417223763,594876196,100000,100,0,809257205,0,3591360,H1VJqo3piiadyVAUQW6yfZq4an8pgDFvAdqHJkRXMDbq,9SQ4Sjsszt59X3aLwRrTqa5SLxonEdXk5jF7KUfAxc8Z,2039280,2039280,,809257205
Gyp1UGRgbrb6z8t7fpssxEKQgEmcJ4pVnWW3ds2p6ZPY,soALEPH/USDT,3,False,1800.71,soALEPH,CsZ5LZkDS7h9TDKjrbL7VAwQZ9nsRu8vJLhRYfmGaN8K,5072200000,5072200000,0,usdt,Es9vMFrzaCERmJfrF4H2FYD4KCoNkY11McCe8BenwNYB,1714074194,1602415251,68131864,100000,10,0,43527079,1,3591360,CqMZXs2s69uPXD1wEFfp7W3p2DoeeFzCHwFLXUszkJKq,FrHXxx7TxLyReKeiLhJjZAizeQGwvwVDbbs72ntm8M3P,2039280,2039280,,43527079
3mhrhTFrHtxe7uZhvzBhzneR3bD3hDyWcgEkR8EcvNZk,MIT/USDC,3,,1777.29,ERPueL,ERPueLaiBW48uBhqX1CvCYBv2ApHN6ZFuME1MeQGTdAi,15049463200000000,15049463200000000,0,usdc,EPjFWdd5AufqSSqeM2qN1xzybapC8G4wEGGkZwyTDt1v,1777295893,1774733116,1768347,100000000,1,0,794430,0,3591360,8TxzzY8PvvwvXaUyoLjzAhQh4BiL58WRNwHFfMTTZRme,GcrQmbPw82nWtzAbKwEq4Kaot1dLkvXbgDiYrcHffztD,2039280,2039280,,794430
7JzaEAuVfjkrZyMwJgZF5aQkiEyVyCaTWA3N1fQK7Y6V,PFP/USDC,3,,1758.61,G1bE9g,G1bE9ge8Yoq43hv7QLcumxTFhHqFMdcL4y2d6ZdzMG4b,4,4,0,usdc,EPjFWdd5AufqSSqeM2qN1xzybapC8G4wEGGkZwyTDt1v,1758617168,1752200000,2127600,1,10000,0,4289568,0,3591360,6TacpmagUBL5ySLyUQmiuJLAyAfCYiaTSwt62mCQ3HDx,63wsRep9Sbsv9VXLs3b5ntS3KUt68KVizwaxpxu1L5vh,2039280,2039280,,4289568
56ZFVzqMqtDmyry9bK7vi1szUV2nuQ4kT6CzFAB649wE,ASH/USDC,3,,1699.61,FY6XDS,FY6XDSCubMhpkU9FAsUjB7jmN8YHYZGezHTWo9RHBSyX,449680986000,449680986000,0,usdc,EPjFWdd5AufqSSqeM2qN1xzybapC8G4wEGGkZwyTDt1v,1699613757,1666086696,7500088,1000,1,0,26026973,0,3591360,63En3KJkh4DjrGCYCwmhVznGksRNBb55nuQLjsUYwKJh,9xkHoGYqHwsbq2M4oY6abb6H2BpPKEu4X6xVTn6pumXM,2039280,2039280,,26026973
6aRwQtvTcHeRTtGxQRhqViwMF1XPEn271CgGEx3YAyEY,USH/USDC,3,,1655.75,9iLH8T,9iLH8T7zoWhY7sBmj1WK9ENbWdS1nL8n9wAxaeRitTa6,0,0,0,usdc,EPjFWdd5AufqSSqeM2qN1xzybapC8G4wEGGkZwyTDt1v,1655762026,0,1493289307,1000000,1,0,162472719,2,3591360,3wN7BdbxdiNmfyLpCoBiunBQ1WPFvpX6ZgHum85cKDfJ,6amD1NoJa6g1UQ8PqcKNWuQS6TXUPybUdKY5x5wZ7AH,2039280,2039280,,162472719
AVHndcEDUjP9Liz5dfcvAPAMffADXG6KMPn8sWB1XhFQ,TLS/USDC,3,,1568.99,Hfjgcs,Hfjgcs9ix17EwgXVVbKjo6NfMm2CXfr34cwty3xWARUm,0,0,0,usdc,EPjFWdd5AufqSSqeM2qN1xzybapC8G4wEGGkZwyTDt1v,1569000058,1569000000,0,1,10000,0,0,0,3591360,BpXPXCSjeDKnqj7naqEgEjmE64S4Akh3fj1B96UkzkyE,ALMJWeSoWF3DteXD6qfvv7LrbeSQyBZFu3ZNrynVhV1,2039280,2039280,,58
6KKRzEedDY1dybdrfFzjDzTxCVuxdHgaiQFYUfoupigK,LLAMA/USDC,3,,1533.05,9nusLQ,9nusLQeFKiocswDt6NQsiErm1M43H2b8x6v5onhivqKv,278372530,278372530,0,usdc,EPjFWdd5AufqSSqeM2qN1xzybapC8G4wEGGkZwyTDt1v,1533058635,1526159800,2807629,10,100,0,4091206,2,18591360,AxKBbACKsQadcssShnDm17rvoxJo671BmxNqrNxALVXJ,14ctKRGGqhPnG4CXngWhr6Hvi9yVZnjogSaf4AxRLSE2,2039280,2039280,,4091206
88vztw7RTN6yJQchVvxrs6oXUDryvpv9iJaFa1EEmg87,soHGET/USDC,3,False,1493.16,soHGET,BtZQfWqDGbk9Wf2rXEiWyQBdBY1etnUUn6zEphvVS7yN,45500000,45500000,0,usdc,EPjFWdd5AufqSSqeM2qN1xzybapC8G4wEGGkZwyTDt1v,1492203977,1482245449,3856580,100000,100,0,6101948,1,3591360,ggGG6hCcAkbpWbyy3KgbPGPEm2micmcAto3j9mgwYmF,DDETtvCxWgfJd1zjfvam98RFWbBB6thrQfZ2XScFTWPv,2039280,2039280,,6101948
Fw4mvuE7KZmTjQPxP2sRpHwPDfRMWnKBupFZGyW9CAQH,ALEPH/USDC,3,False,1349.69,ALEPH,3UCMiSnkcnkPE1pgQ5ggPCBv6dXgVUy16TmMUe1WpG9x,1000000000,1000000000,0,usdc,EPjFWdd5AufqSSqeM2qN1xzybapC8G4wEGGkZwyTDt1v,1349516181,780000,1330445744,100000000,100,0,18290437,1,3591360,67wWyLE2SXdBb8coJd8fiVYuQfndCW7o2Ft5JeUPo1BN,Bo1EXCsE4kM6B7qedSqSpp22U9AupZt39LGsYkE5rM6v,2039280,2039280,,18290437
HBfdGEMeQQpGogC3Li4uhRqZxGZAVLM9zimt31vdtSdA,TICKET/USDC,3,,1320.81,AymKzS,AymKzSDznoLT7Vhsb4wSRnCj1gjcG3zkgYFY8fxsHHer,332957900000000,332957900000000,0,usdc,EPjFWdd5AufqSSqeM2qN1xzybapC8G4wEGGkZwyTDt1v,1320813481,1312202128,5918923,100000000,1,0,2692430,0,3591360,3FFve1WPdewF1f8LgduoY1UH6fCZ9ReNsQBX88D6UYDM,AeH4K3JkNWrPssCuJchrjadgX3NXbhvSxMT7uCzpZp9V,2039280,2039280,,2692430
CGC4UgWwqA9PET6Tfx6o6dLv94EK2coVkPtxgNHuBtxj,soFRONT/USDT,3,False,1293.36,soFRONT,9S4t2NEAiJVMvPdRYKVrfJpBafPBLtvbvyS3DecojQHw,893700000,893700000,0,usdt,Es9vMFrzaCERmJfrF4H2FYD4KCoNkY11McCe8BenwNYB,1278606274,1264649890,10004056,100000,10,0,3952328,0,3591360,9XQWCKKLdwrPjR7XjiHBpsCGB81m82coiBoq1qWnj9a3,34ipxZTLYuLQZEuULoBE8DzGgfFRcJVQku12PBqhub68,2039280,2039280,,3952328
BHfFJM36MirbBtLCcnZokwRvxUPxk7Ez6EAT6k44q6Go,Solar/USDC,3,,1244.7,2wmKXX,2wmKXX1xsxLfrvjEPrt2UHiqj8Gbzwxvffr9qmNjsw8g,96339000000000,96329000000000,0,usdc,EPjFWdd5AufqSSqeM2qN1xzybapC8G4wEGGkZwyTDt1v,1244703723,1229591568,13660625,1000000000,1,0,1451530,0,3591360,6GEzQjXwNWGdB1kxXxvo8DYt2kJddREnpQqS7rVn15yT,5WU7xsa3jiFj4HDtjcCXxDXfM5WqSFgHdJpQEh1HC5Gt,2039280,2039280,10000000000,1451530
BoHojHESAv4McZx9gXd1bWTZMq25JYyGz4qL1m5C3nvk,FTT/USDT,3,False,1240.87,Ezfgjv,EzfgjvkSwthhgHaceR3LnKXUoRkP6NUhfghdaHAj1tUv,140000000,140000000,0,usdt,Es9vMFrzaCERmJfrF4H2FYD4KCoNkY11McCe8BenwNYB,1241000279,5098600,1003863532,1000000,100,0,232038147,1,3591360,6fiZLieJd1XFEhooFD3YhyGtKpYJKA4nPftqEaNYsucq,LpCHpWuMdG5KcxEwsP11pdb2jDMPjubTNhSRsG2gTRc,2039280,2039280,,232038147
9Zx1CvxSVdroKMMWf2z8RwrnrLiQZ9VkQ7Ex3syQqdSH,soFRONT/USDC,3,False,1168.97,soFRONT,9S4t2NEAiJVMvPdRYKVrfJpBafPBLtvbvyS3DecojQHw,680800000,680800000,0,usdc,EPjFWdd5AufqSSqeM2qN1xzybapC8G4wEGGkZwyTDt1v,1157641829,1125750851,3614197,100000,10,0,28276781,2,3591360,WfWCsn3yc7WYgx8arvfK6PwugkpCpB4Gkkm4NqBdWGy,CxKDehxANRbNPouvgY7YsmN7yHATFPD7xZ7rBZGtQZe6,2039280,2039280,,28276781
FjbKNZME5yVSC1R3HJM99kB3yir3q3frS5MteMFD72sV,BNB/USDT,3,False,1148.36,BNB,9gP2kCy3wA1ctvYWQk75guqXuHfrEomqydHLtcTCqiLa,33300000,33300000,0,usdt,Es9vMFrzaCERmJfrF4H2FYD4KCoNkY11McCe8BenwNYB,887146409,79879000,689685181,100000,100,0,117582228,0,3591360,5o89At2p9QNQv5oHycyDXaCM3JRi7sREDFsPexMXNf5,CV2CaM7FQLs2EQVXNk9RwdTCdQsPNXcB3FUhakToNGgX,2039280,2039280,,117582228
HchZzqewgC4pfsJU9uxFsrP4sLDqLsDntYRzE5RgrBak,SOLBERRY/USDC,3,,1090.85,EWS2AT,EWS2ATMt5fQk89NWLJYNRmGaNoji8MhFZkUB4DiWCCcz,1720502000000,1720502000000,0,usdc,EPjFWdd5AufqSSqeM2qN1xzybapC8G4wEGGkZwyTDt1v,1090858751,1043013462,2946590,1000000,100,0,44898699,1,3591360,7jMC3ZYQtRQycDwSTVKxyXhvpoU5C1T4ENJoYNjWLJ6T,GjKZHWYCikFFMLUozYLzCnR5kJp61LqQkLPEtv5aJB4k,2039280,2039280,,44898699
6bxuB5N3bt3qW8UnPNLgMMzDq5sEH8pFmYJYGgzvE11V,soAAVE/USDT,3,False,1049.5,soAAVE,dK83wTVypEpa1pqiBbHY3MNuUnT3ADUZM4wk9VZXZEc,5180000,5180000,0,usdt,Es9vMFrzaCERmJfrF4H2FYD4KCoNkY11McCe8BenwNYB,105161552,50727771,24959794,10000,100,0,29473987,0,3591360,ALoAyamq2M22NzPXPKT7Q2MbgdnXkLuWZrWc2eYEqHRV,3tDextjEzbKMTF7DGYm5Gd8U4H6SRcQzvJccUXw424iU,2039280,2039280,,29473987
bNbYoc2KawipbXj76BiXbUdf2NcGKWkdp4S9uDvWXB1,AUSS/USDC,3,,1046.32,Djoz8b,Djoz8btdR7p6xWHoVtPYF3zyN9LU5BBfMoDk4HczSDqc,314577884000000,314327884000000,0,usdc,EPjFWdd5AufqSSqeM2qN1xzybapC8G4wEGGkZwyTDt1v,1046329557,1039448062,5346053,1000000,1,0,1535442,0,3591360,2WTdJVAbMRsynj3NNy94jo3vA4PSQAvjj6SkfnEsLKRP,Bgx27Y12r1xtk1XdK3ik3pppCNo8nvTrYTFkDv7xCv7V,2039280,2039280,250000000000,1535442
GKLev6UHeX1KSDCyo2bzyG6wqhByEzDBkmYTxEdmYJgB,OXY/USDT,3,False,1006.78,OXY,z3dn17yLaGMKffVogeFHQ9zWVcXgqgf3PQnDsNs2g6M,2229000000,2229000000,0,usdt,Es9vMFrzaCERmJfrF4H2FYD4KCoNkY11McCe8BenwNYB,1005116979,774424346,6695193,1000000,100,0,223997440,1,3591360,AhQLbtvmca4VUZBCpjEeSWwrNBTE6ZskjrFSTUqWJwDp,D7fucyQzUwPr2JgnnR9SyV3B8n3yrjkqGGizqoX3EN3G,2039280,2039280,,223997440
HyERWE8TEQmDX157oLEpwaTc59ECzmvjUgZhZ2RNtNdn,INO/USDC,3,,980.86,E1PvPR,E1PvPRPQvZNivZbXRL61AEGr71npZQ5JGxh4aWX7q9QA,15202080000000000,15201900000000000,0,usdc,EPjFWdd5AufqSSqeM2qN1xzybapC8G4wEGGkZwyTDt1v,980869538,975440780,2979369,100000000000,1,0,2449389,0,3591360,Fb8KdP2rb7q1pCskwbULLDi1tBuqip1ARCi3X87RucDw,D8RS2iL1KzVLtuiwoD5h5RdrToaAhCzskckTUcGhCX2z,2039280,2039280,180000000000,2449389
HkYJ3dX8CLSGyGZzfuqYiuoDjDmrDiu1vZhPtFJZa5Vt,SKEM/USDC,3,,967.2,3x7UeX,3x7UeXDF4imKSKnizK9mYyx1M5bTNzpeALfPeB8S6XT9,267814246000000,267814246000000,0,usdc,EPjFWdd5AufqSSqeM2qN1xzybapC8G4wEGGkZwyTDt1v,967209499,957862391,7632686,1000000,1,0,1714422,3,3591360,APHWaJSc3VSmnyqrE5eGiUkGwmenDm8wvmaa5JjLcA93,9D8ipUumTaf3GzxKq8odeAadpzwP8x2FpXT8n5DvPggx,2039280,2039280,,1714422
HhvDWug3ftYNx5148ZmrQxzvEmohN2pKVNiRT4TVoekF,MER/USDC,3,True,930.78,MERt85,MERt85fc5boKw3BW1eYdxonEuJNvXbiMbs6hvheau5K,1621700000,1621700000,0,usdc,EPjFWdd5AufqSSqeM2qN1xzybapC8G4wEGGkZwyTDt1v,930784444,926385367,4168150,100000,1,0,230927,0,3591360,AXcwWVH1etaUozPKmZUpqYsMNm32iptmSJCyfwBzdnZZ,G6tMJu4pWUWQ1M9NxBr21uWZ2vogwwjAN2yiS3UmPbLz,2039280,2039280,,230927
4k4WXdmrWjCG71E4pxMs6SQRRB5cypGNYatKb2iMnqN4,OTR/USDC,3,,927.42,6TgvYd,6TgvYd7eApfcZ7K5Mur7MaUQ2xT7THB4cLHWuMkQdU5Z,58778281000000000,58778281000000000,0,usdc,EPjFWdd5AufqSSqeM2qN1xzybapC8G4wEGGkZwyTDt1v,927427274,917280501,5431845,1000000000,10,0,4714928,0,3591360,7dvyE5EeZ4TxXMR7mWM6dFCKAtkPZPKzHcyWA3AJfEov,4yNnF8JqG8WLi55o3cfq65ahSER1ceeiakVAeS8CGp4U,2039280,2039280,,4714928
GsWEL352sYgQC3uAVKgEQz2TtA1RA5cgNwUQahyzwJyz,PEOPLE/USDC,3,,878.42,PEOPLE,CobcsUrt3p91FwvULYKorQejgsm5HoQdv5T8RUZ6PnLA,3231700000000,3231700000000,0,usdc,EPjFWdd5AufqSSqeM2qN1xzybapC8G4wEGGkZwyTDt1v,590112803,584801000,964418,100000000,10,0,4347385,0,3591360,CGNexJSnAQFYZRUWj5cqtb9QN2wHNo1WxuGLErbHmxxU,4i1ZsFFcVQG1Ufmeak8ibU4ur88t4QFLonyh9kR7Eh8m,2039280,2039280,,4347385
3kuUc5eTZyi7qajuFfDMMUUkqreEkUKtxQbVCjdriKVz,WIPE/USDC,3,,871.46,9ae76z,9ae76zqD3cgzR9gvf5Thc2NN3ACF7rqqnrLqxNzgcre6,12305655000000000,12305655000000000,0,usdc,EPjFWdd5AufqSSqeM2qN1xzybapC8G4wEGGkZwyTDt1v,871466526,858766452,3180457,1000000000,10,0,9519617,0,3591360,F3y1Akx91BBPHDudcBr28vF7KUZHUUvKCbAyt1RGie3s,TAQBfCYbCqwLwHMX3ZN5HZTQfz7hnxipchYNGmD4KhQ,2039280,2039280,,9519617
8zPVSrun5AnePjXWjC4EgMdBaLdHtkSUtYbFNobzQHRN,SWAN/USDC,3,,855.13,SWANaZ,SWANaZUGxF82KyVsbxeeNsMaVECtimze5VyCdywkvkH,405680200000000,405680200000000,0,usdc,EPjFWdd5AufqSSqeM2qN1xzybapC8G4wEGGkZwyTDt1v,855129886,818648009,4601704,10000000,100,0,31880173,0,3591360,BXAX2HyzHhrK3QAH3WtQmVJ8rv4d1EVnAQgM9yuANKuZ,HUbXvN7CR8feUgtZRCttDA4XV52ru4KnTZjafu7KGEuT,2039280,2039280,,31880173
HdBhZrnrxpje39ggXnTb6WuTWVvj5YKcSHwYGQCRsVj,OXY/soUSDT,3,False,841.95,OXY,z3dn17yLaGMKffVogeFHQ9zWVcXgqgf3PQnDsNs2g6M,377000000,377000000,0,soUSDT,BQcdHdAQW1hczDbBi9hiegXAR7A98Q9jx3X3iBBBDiq4,841736792,829652855,5295801,1000000,100,0,6788136,0,3591360,DiWf38LwTWin98N5F3mZ85Ag4m5s9sJWPGd9DMjyvaCM,846eBj5mJgfXUW4WxoSAZkpYWh97RHPH4y2mLPuF4hW9,2039280,2039280,,6788136
36wb7iVPv5Rn5Q1ppqVmtJaxLdwgUYkr6U3SGa9iL3W1,DSC/USDC,3,,841.94,DogscQ,DogscQVvNVj7ndEnhWiCXPVPKKwNy9fJd4ATF7mVi5J,52072510000000000,52072510000000000,0,usdc,EPjFWdd5AufqSSqeM2qN1xzybapC8G4wEGGkZwyTDt1v,841946063,834819162,3769010,1000000000,1,0,3357891,0,3591360,6AEvV8Lpi95yWQocZdkjhbChUh9Ar6rSVihzJzNXcDQ,2UL8WzSnNTjpQgSUG8miDka3Ncqa171Lxjcn2xaHzrU9,2039280,2039280,,3357891
Ci3wLTY3X9iuMxDGErSNwfWKcrhwPMugk8yWTGBvEzF,AGTE/USDC,3,,825.95,4QV4wz,4QV4wzDdy7S1EV6y2r9DkmaDsHeoKz6HUvFLVtAsu6dV,85368900000000,85368900000000,0,usdc,EPjFWdd5AufqSSqeM2qN1xzybapC8G4wEGGkZwyTDt1v,825956591,816857938,2361932,100000000,1000,0,6736721,2,3591360,CL9D2xZPAsh8o7j9VftmgB1GUetGxeuhoeE19ZkcrRLF,4nftC6U4ZbgLng8Bd7u1UiVuwuMWhiagJwgktCMYngLA,2039280,2039280,,6736721
9SQcpBFAs6ZiLAGUC9azYCN1kv89uTRmFR83sX1FTeh4,PAXG/USDT,3,,790.24,PAXG,C6oFsE8nXRDThzrMEQ5SxaNFGKoyyfWDDVPw37JKvPTe,15230000,15230000,0,usdt,Es9vMFrzaCERmJfrF4H2FYD4KCoNkY11McCe8BenwNYB,158752667,4147500,140269957,10000,100,0,14335210,0,3591360,8BmCvi22ajRmxS1zagoSXXgPzgp59r8eKpR1B1CbedRy,o49tt2zkBNCj2mPWWuhh42xFXaL3aHXA5GH35dPTFeA,2039280,2039280,,14335210
9yGqsboBtvztDgGbGFEaBBT2G8dUMhxewXDQpy6T3eDm,BOLE/USDC,3,,768.8,7uv3Zv,7uv3ZvZcQLd95bUp5WMioxG7tyAZVXFfr8JYkwhMYrnt,980613473,980493000,0,usdc,EPjFWdd5AufqSSqeM2qN1xzybapC8G4wEGGkZwyTDt1v,768807951,758270630,5184093,1000,1,0,5353228,0,3591360,6EiF23znMzMei4Df4NLfF78pAVMGkA1JCQRX436j9D7U,BJt95cDLUoKeHNnVPntYCW3BBPk3V2jh3sERFASCQTRd,2039280,2039280,120473,5353228
7cknqHAuGpfVXPtFoJpFvUjJ8wkmyEfbFusmwMfNy3FE,MAPS/USDT,3,False,743.07,MAPS,MAPS41MDahZ9QdKXhVa4dWB9RuyfV4XqhyAZ8XcYepb,2408000000,2408000000,0,usdt,Es9vMFrzaCERmJfrF4H2FYD4KCoNkY11McCe8BenwNYB,734664403,685448453,2043259,1000000,100,0,47172691,0,3591360,VKxT1Po1Z6B38AT2AVyVM5CeZ2dZEBbBdaWGiU46np4,847rgEkqWwoaC7jGBbuRrGmCV9LnteormUoVPYYWh3AB,2039280,2039280,,47172691
G2j5zKtfymPcWMq1YRoKrfUWy64SZ6ZxDVscHSyPQqmz,HOLD/USDC,3,,742.22,8GQsW3,8GQsW3f7mdwfjqJon2myADcBsSsRjpXmxHYDG8q1pvV6,160082592000000000,160082592000000000,0,usdc,EPjFWdd5AufqSSqeM2qN1xzybapC8G4wEGGkZwyTDt1v,742226028,725191508,9262725,1000000000,1,0,7771795,0,3591360,GV5b49kEmAf64wMbihn3UjrikjxtFnJEFf7pk5SV8ztb,QHb7oaTGWLn699u89AeASxa5tHj3PcV9EpmMgZNyUEB,2039280,2039280,,7771795
6uH2rvVUySwnVFw7CMNV4HTzuxHTUNC7pK22pXcqgSey,THECA/USDC,3,,711.05,D3cm6W,D3cm6WRnyBct3p7vFqyTt2CaynsGPuVQT2zW6WHSTX6q,7389516000,7389516000,0,usdc,EPjFWdd5AufqSSqeM2qN1xzybapC8G4wEGGkZwyTDt1v,711053063,708453785,2111823,1000,1,0,487455,0,3591360,4VyzZruyi9wtj47ofZSnkUHDb7YdGVZkUwrk2W1ryxNE,Fzxsqxab2HUWdiALxPyDFtEQ4auS5eN2F9mTduJPhJgp,2039280,2039280,,487455
7h3Pda8GwRg83NifksuZNx9xBS6voe1DyxGrQb6JqfB7,JESUS/USDC,3,,710.16,5xq71U,5xq71UHmPSZ5s68DkXL8wrBVsWCh4zXgcn4wTWkqFdxa,76883862000000000,76883862000000000,0,usdc,EPjFWdd5AufqSSqeM2qN1xzybapC8G4wEGGkZwyTDt1v,710165595,705889593,3193999,1000000000,1,0,1082003,1,3591360,BWvdZEVfDinfdn8MMESndjxYxJV9rmRpnmphgRMLeeWd,FjTyNFiP6Mx9n8qzcByNCP1V17e3j4Uw1ExETXP6okig,2039280,2039280,,1082003
8DKD5dKmmwparxCkpV2BQFTxt164rfadK8kX3at6hWUB,FRIES/USDC,3,,635.21,FriCEb,FriCEbw1V99GwrJRXPnSQ6su2TabHabNxiZ3VNsVFPPN,194704000000000,194704000000000,0,usdc,EPjFWdd5AufqSSqeM2qN1xzybapC8G4wEGGkZwyTDt1v,635216003,591125834,1744226,1000000000,100,0,42345943,1,3591360,He8xLLRJ765aitD7NK9J6DpqBmRjkxDgwqwvXzrUdxBb,2zReMPh4XPV1rbHDjnGjheLcwhZDESiCXm7hu3HE3cXN,2039280,2039280,,42345943
FAHa34qbNbvtEBHgjuALk4WLJMwxJTtV6Z3V3p79XLWG,KITTY/USDC,3,,612.58,6XWfky,6XWfkyg5mzGtKNftSDgYjyoPyUsLRf2rafj95XSFSFrr,12250436000000000,12247436000000000,0,usdc,EPjFWdd5AufqSSqeM2qN1xzybapC8G4wEGGkZwyTDt1v,612585523,602104045,7096206,1000000000,10,0,3385272,1,3591360,DmoptcnfWpC9FuhpEis1EUw8TyuwQaHrSyX8pWHNn4pL,Bgpmnkeng32uYJMAdSYc41wWZuVDWCj6pKnVRodVqFd4,2039280,2039280,3000000000000,3385272
4xyWjQ74Eifq17vbue5Ut9xfFNfuVB116tZLEpiZuAn8,soLUA/USDC,3,False,577.53,EqWCKX,EqWCKXfs3x47uVosDpTRgFniThL9Y8iCztJaapxbEaVX,32460000000,32460000000,0,usdc,EPjFWdd5AufqSSqeM2qN1xzybapC8G4wEGGkZwyTDt1v,577528397,565492637,7555396,10000000,100,0,4480364,1,3591360,ASztG6ecUjr11ieCpbHSdApsNvYr1m24R6gueLEUWTmS,AFYcDw8toamQK8hgSed76TjUNHCvMuZWXmedhGGAEHwt,2039280,2039280,,4480364
63PTn92SL43vSdNSbKRvPxhvNr2vzsoXT2aakz1JNpCb,GAMESHIB/USDC,3,,536.66,AMzb4T,AMzb4Tc7gDGHrsz1zUQzjtmQS2AXWuejveAKXKSpsoPU,39474874000000000,39474874000000000,0,usdc,EPjFWdd5AufqSSqeM2qN1xzybapC8G4wEGGkZwyTDt1v,536659305,533964398,1484157,1000000000,1,0,1210750,0,3591360,HspdnWVXM3sowSMQqcWC4XsFvfW264Eq45SsxMSeuBRq,2TwUrBqzpGPCDfZFXXS9SRcQxwMgq5Gugde7LekwcSqi,2039280,2039280,,1210750
DTEmm1nC7n8vb3KmVabT6dEEnSNeDXNu1jWN4u2DfD7Z,LEONIDAS/USDC,3,,478.83,7puG5H,7puG5H5Mc6QpvaXjAVLr6GnL5hhUMnpLcUm8G3mEsgHQ,4566370000000000,4566220000000000,0,usdc,EPjFWdd5AufqSSqeM2qN1xzybapC8G4wEGGkZwyTDt1v,478832301,472459961,3311631,1000000000,10,0,3060709,0,3591360,6cfYDzyFTswjE1P1oyGQ3xuLraBJCmeLJoe2KbNMpEwZ,5SZM6Yei6hRbmWDqoT654LHW3soA4nFfN8ybVy4xRYss,2039280,2039280,150000000000,3060709
HuFKVQNyB177c9DiocQksYzBCtHMRUP5bBXZJzuLvYQm,SVT/USDC,3,,477.83,svtMpL,svtMpL5eQzdmB3uqK9NXaQkq8prGZoKQFNVJghdWCkV,789278000,789278000,0,usdc,EPjFWdd5AufqSSqeM2qN1xzybapC8G4wEGGkZwyTDt1v,477830418,461532197,11792678,1000,1,0,4505543,0,3591360,2PwrP5xB816jePXPpwXFFqpLf73AHm7CrzJDzVovwJAG,FHCBp7UvkD2ppoHAec5A8VLYobSqxFmRvrKWB31CjcEY,2039280,2039280,,4505543
8srnqriKDYXQNSiNh3F5qhkEt8USwWcJyeR65TxavoAf,STVA/USDC,3,,477.39,qXu8Tj,qXu8Tj65H5XR8KHuaKKoyLCWj592KbTG3YWJwsuFrPS,709187400,709187400,0,usdc,EPjFWdd5AufqSSqeM2qN1xzybapC8G4wEGGkZwyTDt1v,477396875,471084771,4562447,100,1,0,1749657,0,3591360,57XCDi2mhjzVyJi6LXcXUsmp4fqAAvKxnuPZbCgDLFzx,C5M9w3YJm3f95Wnx2jwNqBbaKKMLwHm5ipeHKXbJw3fG,2039280,2039280,,1749657
FyVdsZs15c38b6vBjiYYfq9fPrcrZJjvMgjHtEB2T9Sa,SNJ/USDC,3,,473.18,Hj4sTP,Hj4sTP4L4rvR9WBR6KyK99sxPptBQQczNWe4y15mxhRD,484000000000,484000000000,0,usdc,EPjFWdd5AufqSSqeM2qN1xzybapC8G4wEGGkZwyTDt1v,473179483,468054197,4296127,1000000000,1000,0,829159,0,3591360,8nyYtVhusz5oSoYh6p9NaW9K8diCyzDZSyAqhT55FPUy,5yTMw67hdaTzXGxzUpcLG7C1xMsaNY6KpsuyfzbnvP4S,2039280,2039280,,829159
E9XAtU18PXeSMcz5gkAkZ6yfj1E5nzY21x576ZvEg9VA,SHROOMZ/USDC,3,,458.86,2vRgBS,2vRgBSJEVPXxayrhXoazQyCKSGFYQG3ZdfT2Gv5gZykL,6786928000000,6786928000000,0,usdc,EPjFWdd5AufqSSqeM2qN1xzybapC8G4wEGGkZwyTDt1v,458863985,453003093,4293032,1000000,10,0,1567860,0,3591360,32ssu1y54EZiPC9oPfN7nnLtDPWBFigLzaDJAxVwULra,HxALUpNnbvR6muL3hinMjD7iBoxCjUinXtuTxL3kY7Au,2039280,2039280,,1567860
9sue9TZAeUhNtNAPPGb9dke7rkJeXktGD3u8ZC37GWnQ,YFI/USDT,3,False,455.91,YFI,BXZX2JRJFjvKazM1ibeDFxgAngKExb74MRXzXKvgikxX,0,0,0,usdt,Es9vMFrzaCERmJfrF4H2FYD4KCoNkY11McCe8BenwNYB,455957470,450048200,1852373,1000,100,0,4056897,0,3591360,6MqfJES43k7TedhxWunFDRSV9qm43J1LAWan4JMFhC3q,7fWw6Cn28oEYFavVSpVHe9FCVbW389yz21GUVJJfvNHG,2039280,2039280,,4056897
FFmE1patBuqcjRZ1TMrokrefnpMqzmLZMecLGhvnWb3b,DGOD/USDC,3,,449.62,DpcmtJ,DpcmtJniwGRPqU6A8shdcV812uddwoxDCMfXUz2SkLVJ,0,0,0,usdc,EPjFWdd5AufqSSqeM2qN1xzybapC8G4wEGGkZwyTDt1v,449620731,0,440824935,1000000,100,0,8795796,0,3591360,97tftgWuPxK7eVvzZayYXBraSaqbMePo54JswaTufG3f,613dPMrH2UJbJj67SKzFGphrVu6YvNrfENvCq2efgeyB,2039280,2039280,,8795796
6JYHjaQBx6AtKSSsizDMwozAEDEZ5KBsSUzH7kRjGJon,soUNI/USDC,3,False,435.95,soUNI,DEhAasscXF4kEGxFgJ3bq4PpVGp5wyUxMRvn6TzGVHaw,3100000,3100000,0,usdc,EPjFWdd5AufqSSqeM2qN1xzybapC8G4wEGGkZwyTDt1v,407874538,198579004,100841728,10000,1,0,108453806,0,3591360,Fj5eDXDHjcfrXEY5LbNRauhpWTioXDtMYierp8Dyup21,F2hVpyhkU9aYYtbD6MXw2qftoq4cEWZ5XnQjRr8htkzb,2039280,2039280,,108453806
4wqFtfechUSNW1nJ3WK5ogy478GTa66H99RrKnz45fa9,ARTE/USDC,3,,423.78,6Dujew,6Dujewcxn1qCd6rcj448SXQL9YYqTcqZCNQdCn3xJAKS,4587000000,4587000000,0,usdc,EPjFWdd5AufqSSqeM2qN1xzybapC8G4wEGGkZwyTDt1v,423780707,413897111,8563418,1000000,10,0,1320178,1,3591360,3QpuynDqRnyhGVtQcaYDyLxXV2X8qEm3t4vNES8DwyMR,DCBBzkKmZFAkHgSAvC9vnmSNy4trBAXnPKDqUjXCm4pN,2039280,2039280,,1320178
BHHvygk9aQ6P48uitEHk1eTGtXxX2Q9dh3W9U3VZhGWj,FOSSIL/USDC,3,,419.61,6xcfmg,6xcfmgzPgABAuAfGDhvvLLMfMDur4at7tU7j3NudUviK,591000000000,591000000000,0,usdc,EPjFWdd5AufqSSqeM2qN1xzybapC8G4wEGGkZwyTDt1v,419611945,417181677,2277717,1000000000,10,0,152551,0,3591360,CmpzDsoej9PRc1T4VDEzQ6EGY6zMBc6KeYLkXcY8LhPe,H9tVsFAC1pQzgYzC3jDCBe8xkatFVa4quDbCNTt1L6Jk,2039280,2039280,,152551
8bjQ8XvzrDxKxHhTccpLkqGLbBrCAAPuv6KHrgN95nDW,ECHO/USDC,3,,418.88,6JdcMd,6JdcMdhqgCtcP4U9tieRqmKLhPLxRMLC67QfmdXAJBvZ,251731798000000,251731798000000,0,usdc,EPjFWdd5AufqSSqeM2qN1xzybapC8G4wEGGkZwyTDt1v,418883000,387159451,9274572,1000000,10,0,22448977,0,3591360,3LRhDqJxUBUiVvAEpHhGwU4HKgRMFEEpmFg1ccj38AE1,ESH4DyaFrxs5AaoWZ5hYSxrNLH6sHYbnbKKCdsTXTWrj,2039280,2039280,,22448977
9UJ3AhPZjpBCupqj3Ch32MEB6RJgyYKAC8zvWLNpx5nn,ThugShiba/USDC,3,,408.02,8Au2Wc,8Au2WcQrgn1oTKfnnaFfb3iMjfdXYp7Y7CrHi8JaNSUZ,331063793000000000,331063793000000000,0,usdc,EPjFWdd5AufqSSqeM2qN1xzybapC8G4wEGGkZwyTDt1v,408026687,407115608,768241,1000000000,1,0,142838,0,3591360,3MX4MZSpwu9r9ALLDmxAqMqdN8Zrpd1BhKCQgGLWAm7n,Ee3t2ZvEsX9hrRAjKtNZUHiUfQLibupFqg7R9hkMosDP,2039280,2039280,,142838
Gr2KmhK7Upr4uW56B1QQrJuhhgmot6zAHJeZALTMStiX,LINK/USDT,3,False,398.91,LINK,2wpTofQ8SkACrkZWrZDjXPitYa8AwWgX8AfxdeBRRVLX,8000000,8000000,0,usdt,Es9vMFrzaCERmJfrF4H2FYD4KCoNkY11McCe8BenwNYB,397831053,0,329071318,1000000,100,0,68759735,2,3591360,HfKPsq7Gg9uPWDwMTqPRWGssmShJseTpXEV1uPUJVvpt,3yNqj1Qr4SCzpRqbVvQ8pPxhVVpP4FT5yLb3UyGXnW3L,2039280,2039280,,68759735
7GSn6KQRasgPQCHwCbuDjDCsyZ3cxVHKWFmBXzJUUW8P,MANA/USDC,3,,398.43,MANA,7dgHoN8wBZCc5wbnQ2C47TDnBMAxG4Q5L3KjP67z8kNi,6800000000,6800000000,0,usdc,EPjFWdd5AufqSSqeM2qN1xzybapC8G4wEGGkZwyTDt1v,391160540,116767000,245197465,100000000,100,0,29196075,2,3591360,3mmhhvfLeHMtTMm17r477rcnbVUtRusqVgQ3wZh8hepV,9FgALLcqFUn1o3tn5NPiEhh7HRPYr1n25cAXhcDjfGNJ,2039280,2039280,,29196075
6KtErANtAw4oXGhF1LJhKk2f8xomCwo4bwLcntZYJBVt,SMBD/USDC,3,,398.35,smbdJc,smbdJcLBrtKPhjrWCpDv5ABdJwz2vYo3mm6ojmePL3t,0,0,0,usdc,EPjFWdd5AufqSSqeM2qN1xzybapC8G4wEGGkZwyTDt1v,398352610,0,372458934,1000000,100,0,25893676,2,3591360,Asr8bsWisArAQmBwEmdickWXzvami3FvdHLpugH7dNDB,BNjBJDhKhqwHipX8EwHeg8wrXmSpATRALnE2yEvL4BFg,2039280,2039280,,25893676
B7b5rjQuqQCuGqmUBWmcCTqaL3Z1462mo4NArqty6QFR,UNI/USDC,3,False,395.3,UNI,8FU95xFJhUUkyyCLU13HSzDLs7oC4QZdXQHL6SCeab36,0,0,0,usdc,EPjFWdd5AufqSSqeM2qN1xzybapC8G4wEGGkZwyTDt1v,395303818,3000000,298830355,1000000,100,0,93473463,0,3591360,4c4EMg5rPDx4quJdo3tL1uvQVpnoLLPKzMDn224NtER7,8MCzvWSskaoJpcXNVMui9GfzYMaMBQKPvE9GpqVZWtxq,2039280,2039280,,93473463
7qcCo8jqepnjjvB5swP4Afsr3keVBs6gNpBTNubd1Kr2,soYFI/USDC,3,False,393.16,soYFI,3JSf5tPeuscJGtaCp5giEiDhv51gQ4v3zWg8DGgyLfAB,100,100,0,usdc,EPjFWdd5AufqSSqeM2qN1xzybapC8G4wEGGkZwyTDt1v,392889268,26403857,46799913,100,100,0,319685498,0,3591360,2N59Aig7wqhfffAUjMit7T9tk4FmSRzmByMD7mncTesq,FcDTYePeh2KJts4nroCghgceiJmSBRgq2Xd3PfpernZm,2039280,2039280,,319685498
KHw8L2eE6kpp8ziWPghBTtiAVCUvdSKMvGtT1e9AuJd,SATM/USDC,3,,388.07,9vi6PT,9vi6PTKBFHR2hXgyjoTZx6h7WXNkFAA5dCsZRSi4higK,39,39,0,usdc,EPjFWdd5AufqSSqeM2qN1xzybapC8G4wEGGkZwyTDt1v,388074264,383550000,4239572,1,10000,0,284692,1,3591360,84UTMrMQBaC2sgm5jrJjkNjqpphbaVdbgWJHesePhgCF,6U2W7Au72QbxBBjM5Vx6uRozcEEMW1TizW7u1A9U2A3J,2039280,2039280,,284692
7nZP6feE94eAz9jmfakNJWPwEKaeezuKKC5D1vrnqyo2,soCREAM/USDC,3,False,362.64,soCREAM,5Fu5UUgbjpUvdBveb3a1JTNirL8rXtiYeSMWvKjtUNQv,5940000,5940000,0,usdc,EPjFWdd5AufqSSqeM2qN1xzybapC8G4wEGGkZwyTDt1v,359794585,349468384,360184,10000,100,0,9966017,1,3591360,DqPhnwjC1Qk6G7XGUFuBPxSxnhfzMgc1Wqs3zztSnP6G,8emqoAdiayycLeXg88guaN9HRd9Y9YqyjmBdZ9zKgN4s,2039280,2039280,,9966017
FoCuWt4KboucUg2PwmQ3dbkvLqYPLnAo1Rsm8p7QPyf,soALEPH/soUSDT,3,True,361.74,soALEPH,CsZ5LZkDS7h9TDKjrbL7VAwQZ9nsRu8vJLhRYfmGaN8K,0,0,0,soUSDT,BQcdHdAQW1hczDbBi9hiegXAR7A98Q9jx3X3iBBBDiq4,361772650,358558275,2576112,100000,10,0,638263,1,3591360,3TivGQ2LLVjAgofWku1nKqFHNkKLuyn4U1WCvnMhi9zT,CxTfuZwCKSkBT2wKi8zhxoiKXY8ZpchrMjm4v145LeEt,2039280,2039280,,638263
FxquLRmVMPXiS84FFSp8q5fbVExhLkX85yiXucyu7xSC,AUDIO/USDC,3,,350.41,AUDIO,9LzCMqDgTKYz9Drzqnpgee3SGa89up3a247ypMj2xrqM,717703000000,717703000000,0,usdc,EPjFWdd5AufqSSqeM2qN1xzybapC8G4wEGGkZwyTDt1v,227877662,160833677,58914940,1000000,1,0,8129045,3,3591360,G7zZ6ckemdo3BnktA2UKbChZ2sPrY9C2MSEQjk8oFGoi,DJ1NitJTAfkHeyE1cp7mwyE4ygJ9DfgxU4YE4W3Vx7YR,2039280,2039280,,8129045
97tCGtxWywJXkudCtderXZoQpTWXyWDQoLq13dqexScH,SOLX/USDC,3,,347.23,CH74tu,CH74tuRLTYcxG7qNJCsV9rghfLXJCQJbsu7i52a8F1Gn,0,0,0,usdc,EPjFWdd5AufqSSqeM2qN1xzybapC8G4wEGGkZwyTDt1v,347232435,0,312304830,100000000,1,0,34927605,2,3591360,Bm2SCrDALWCQ8ypxeWZ8AhhddjqpG8bpHe8p9NusL6jW,4mULg721RAZKp5mM2GntWCaJPgg9ViPwhiyjoK2rBrR2,2039280,2039280,,34927605
3XRsg7YRVcvZme9rHpATL55WPHrnGXvVL8E7ycNNFu4f,PSK/USDC,3,,281.8,pskJRU,pskJRUNzJbVu4RaZSUJYfvaTNXmFdRCutegL6P2Y9tG,4359000000,4359000000,0,usdc,EPjFWdd5AufqSSqeM2qN1xzybapC8G4wEGGkZwyTDt1v,281802597,242968000,27309368,1000000,100,0,11525229,0,3591360,9F6CcWXa6DigNVDbK7MFUpZYnLR2VwwHUPhg3Q1a3Xas,Eamd1RejoH5uT8VbZokgEMzy5aFpS3x6Wvccq5hATEdh,2039280,2039280,,11525229
5m7CdEhV6Tq5KnSCy5Cg4w6ug5DFCcHrUJ8JMzKVDdav,SOLAB/USDC,3,,275.0,GLmaRD,GLmaRDRmYd4u3YLfnj9eq1mrwxa1YfSweZYYZXZLTRdK,3240044000000000,3190044000000000,0,usdc,EPjFWdd5AufqSSqeM2qN1xzybapC8G4wEGGkZwyTDt1v,275001500,258170138,6680101,1000000000,10,0,10151261,0,3591360,BPup5tqrSqji3k3mi3xNWiNMcT7u1nT2xYNyWgswaBwZ,CEp4s6mKK1V18uznqmtNJy3aQw3F3vxh2hUnebreRDTr,2039280,2039280,50000000000000,10151261
8VD5vFACkFyR5G1Nz7xievERN4bjQE7YdLhiDKBMTFxV,CRAT/USDC,3,,266.96,7aohFK,7aohFKctcbgaSzNTtfL1999hUy4tgDeUC7wLU1ozNmxc,496333000000000,496333000000000,0,usdc,EPjFWdd5AufqSSqeM2qN1xzybapC8G4wEGGkZwyTDt1v,266960854,265715112,610847,1000000000,10,0,634895,3,3591360,EaVp77DaXW6yDx21YsrTwQEn5uNbHHRz8Csz7vBxRnNv,4J3DcudPYjkcomrBM2M3oAWKq8gNSt4fv8dN8wXBUE8X,2039280,2039280,,634895
H1Ywt7nSZkLDb2o3vpA5yupnBc9jr1pXtdjMm4Jgk1ay,DOGA/USDC,3,,260.08,EdGAZ8,EdGAZ8JyFTFbmVedVTbaAEQRb6bxrvi3AW3kz8gABz2E,128476600000000000,128476600000000000,0,usdc,EPjFWdd5AufqSSqeM2qN1xzybapC8G4wEGGkZwyTDt1v,260083068,255319649,703414,1000000000,1,0,4060005,0,3591360,4V1KCRXifo2QtrSVXPi9jz9bfRQJAqruXeE6QMhtPzxX,FmAocgm7hbQiJJSq3LnQcdmGLxaQf6ZPeLRa5hpPPfyQ,2039280,2039280,,4060005
EZyQ9zyqQsw3QcsLksoWyd1UFVjHZkzRx8N4ZMnZQrS2,SRM/soUSDT,3,True,258.37,srm,SRMuApVNdxXokk5GT7XD5cUUgXMBCoAz2LHeuAoKWRt,16000000,16000000,0,soUSDT,BQcdHdAQW1hczDbBi9hiegXAR7A98Q9jx3X3iBBBDiq4,258287512,185734787,18326300,100000,100,0,54226425,0,3591360,9bRSsWDR8DZqSJt1MKCdzSgpL3T5cFuw8kwtVZnCnTUs,6wseWQ1z3UsExRGUSWKaf8iaL9zwatEVrfppahbFtGio,2039280,2039280,,54226425
3Xg9Q4VtZhD4bVYJbTfgGWFV5zjE3U7ztSHa938zizte,soYFI/USDT,3,False,250.8,soYFI,3JSf5tPeuscJGtaCp5giEiDhv51gQ4v3zWg8DGgyLfAB,900,900,0,usdt,Es9vMFrzaCERmJfrF4H2FYD4KCoNkY11McCe8BenwNYB,248378139,1838091,224458624,100,100,0,22081424,0,3591360,5KgKdCWVyWi9YJ6GipzozhWxAvnbQPpUtaxuMXXEn3Zs,29CnTKiFKwGPFfLBXDXGRX6ywGz3ToZfqZuLkoa33dbE,2039280,2039280,,22081424
5WDPUdgNUUiQ83TXubV8q1CdSnNg8WvAH7YDXwTvdct7,FFF/USDC,3,,249.99,2Kc91q,2Kc91qK5tA1df2P9BWrjNrJfdQCbCx95iUY8H27aNuWa,0,0,0,usdc,EPjFWdd5AufqSSqeM2qN1xzybapC8G4wEGGkZwyTDt1v,249995612,1000000,244588411,1000000,100,0,4407201,1,3591360,7LNPVLmqVTnXBvq52NVEJp26sac9ibXvMvySzupo2ATt,5yAm7w24WoBhwm9kJCf5K9nLiavDuY6KwytHeW9HWdnu,2039280,2039280,,4407201
GNmTGd6iQvQApXgsyvHepDpCnvdRPiWzRr8kzFEMMNKN,DYDX/USDC,3,,240.54,DYDX,4Hx6Bj56eGyw8EJrrheM6LBQAvVYRikYCWsALeTrwyRU,5780000000,5780000000,0,usdc,EPjFWdd5AufqSSqeM2qN1xzybapC8G4wEGGkZwyTDt1v,238995959,222917000,6319447,10000000,100,0,9759512,1,3591360,CXxN6hGatd5nK7uPwxvxHYmqvM4b88eKb9fcHapRhtda,NMWKX4jfzkKvRBYkcvurus8aofaHZ8MwMNYqudztWZh,2039280,2039280,,9759512
5CZXTTgVZKSzgSA3AFMN5a2f3hmwmmJ6hU8BHTEJ3PX8,soAKRO/USDC,3,False,240.09,soAKRO,6WNVCuxCGJzNjmMZoKyhZJwvJ5tYpsLyAtagzYASqBoF,11213000000,11213000000,0,usdc,EPjFWdd5AufqSSqeM2qN1xzybapC8G4wEGGkZwyTDt1v,240033970,192991158,7269841,1000000,1,0,39772971,0,3591360,GawUKeb5HQPMHFqAaBnZSqdiHQTNn7ttgsV37ksE6TiM,AYCeAWhK5Stx63SSSyysSuVj95Jph3KGvtdrXEdZ72TL,2039280,2039280,,39772971
T3aC6qcPAJtX1gqkckfSxBPdPWziz5fLYRt5Dz3Nafq,SUSHI/USDT,3,False,222.11,sushi,ChVzxWRmrTeSgwd3Ui3UumcN8KX7VK3WaD4KGeSKpypj,0,0,0,usdt,Es9vMFrzaCERmJfrF4H2FYD4KCoNkY11McCe8BenwNYB,222129848,0,155020107,1000000,10,0,67109741,0,3591360,HUg1S9E8ULBiWP5thhxgiH5mdeW2e32x5NcxuvDTxLtY,7wmZxiyMmaFwQpPacexLvcJnxF31UUC721N1fvu8nSzW,2039280,2039280,,67109741
GnKPri4thaGipzTbp8hhSGSrHgG4F8MFiZVrbRn16iG2,soTOMO/USDT,3,False,222.01,soTOMO,GXMvfY2jpQctDqZ9RoU3oWPhufKiCcFEfchvYumtX7jd,100000000,100000000,0,usdt,Es9vMFrzaCERmJfrF4H2FYD4KCoNkY11McCe8BenwNYB,221609370,72560820,145632253,100000,10,0,3416297,1,3591360,P6qAvA6s7DHzzH4i74CUFAzx5bM4Yj3xk5TKmF7eWdb,8zFodcf4pKcRBq7Zhdg4tQeB76op7kSjPC2haPjPkDEm,2039280,2039280,,3416297
3Mf3bxVS2zLW3bbr9BNbqdiizaUwCGwoi3xhrAXfbFnW,CMFI/USDC,3,,215.73,CMFI,5Wsd311hY8NXQhkt9cWHwTnqafk7BGEbLu8Py3DSnPAr,439347000000,439347000000,0,usdc,EPjFWdd5AufqSSqeM2qN1xzybapC8G4wEGGkZwyTDt1v,192448226,119323426,69488903,1000000,100,0,3635897,1,3591360,4q3tUtzzSATZWeJjgVUuqXazwWeNAevub2mWdck93xhM,135MoxVhmZR6dHS2a1ipRqwYtxp56ctvbQAhrMnrBtRV,2039280,2039280,,3635897
H3e7YziokpHJfFAMAy2PK6sNph72f38P1ELd5TUQaocv,CRY/USDC,3,,211.21,Hbrmyo,HbrmyoumgcK6sDFBi6EZQDi4i4ZgoN16eRB2JseKc7Hi,12134960000000,12134960000000,0,usdc,EPjFWdd5AufqSSqeM2qN1xzybapC8G4wEGGkZwyTDt1v,211214739,208866228,1616076,10000000,100,0,732435,1,3591360,3LTZSGwfow1tqrrvjsRJHctNeJGWrWp963udbvYozxPz,BdkX34nKCDzDPwqwZV83M3Po6pdeyEWz8vEBsJC2W1T7,2039280,2039280,,732435
6DgQRTpJTnAYBSShngAVZZDq7j9ogRN1GfSQ3cq9tubW,soSUSHI/USDT,3,False,204.97,soSUSHI,AR1Mtgh7zAtxuxGd2XPovXPVjcSdY3i4rQYisNadjfKy,5310000,5310000,0,usdt,Es9vMFrzaCERmJfrF4H2FYD4KCoNkY11McCe8BenwNYB,203621992,26302892,26556312,10000,10,0,150762788,1,3591360,5LmHe3x8VwGzWZ6rooARZJNMo6AaN1P73478AuhBUjUr,iLCNUheHbq3bE1868XwWXs8enoTvjFnwpnmLFmBQGi3,2039280,2039280,,150762788
8BdpjpSD5n3nk8DQLqPUyTZvVqFu6kcff5bzUX5dqDpy,soTOMO/USDC,3,False,199.97,soTOMO,GXMvfY2jpQctDqZ9RoU3oWPhufKiCcFEfchvYumtX7jd,25500000,25500000,0,usdc,EPjFWdd5AufqSSqeM2qN1xzybapC8G4wEGGkZwyTDt1v,199858443,10010000,182062402,100000,10,0,7786041,0,3591360,9tQtmWT3LCbVEoHFK5WK93wmDXv4us5s7NRYhficg9ih,HRFqUnxuegNbAf2auxqRwECyDijkVGDw25BCJkf5ohM5,2039280,2039280,,7786041
HnLKrfMN64ccSbYCj4DxjgPYveSkFujYrnMr4cvPfL8,HIPPO/USDC,3,,198.52,3EkHye,3EkHyexJLGCvSxzn5umbtd9N69GoT4p5pfdLTFqCNP9Y,72549914000000267,72049914000000000,0,usdc,EPjFWdd5AufqSSqeM2qN1xzybapC8G4wEGGkZwyTDt1v,198518991,189653172,8533247,1000000000,1,0,332572,1,3591360,7qmBK4WL6pNQEX6oVkcFfsK75bpg8YV7dhtvh7VVtek,EY31Je6KDbCVPKBUNVVyc6WYmYFHuhcZdhr6WmmejX1e,2039280,2039280,500000000000267,332572
2SSnWNrc83otLpfRo792P6P3PESZpdr8cu2r8zCE6bMD,soUNI/USDT,3,False,188.58,soUNI,DEhAasscXF4kEGxFgJ3bq4PpVGp5wyUxMRvn6TzGVHaw,5690000,5690000,0,usdt,Es9vMFrzaCERmJfrF4H2FYD4KCoNkY11McCe8BenwNYB,137064058,28922976,8891715,10000,1,0,99249367,0,3591360,EhSc4pZUqjY79y47rG6gTdajUPfCHKJbQjHTwuKEzooF,DG3f5MEW97R5T8vkuYcxFS1BLKP9sYJTKqXRp4t5Zb2V,2039280,2039280,,99249367
Er7Jp4PADPVHifykFwbVoHdkL1RtZSsx9zGJrPJTrCgW,SHIB/USDC,3,False,187.07,SHIB,CiKu4eHsVrc1eueVQeHn7qhXTcVu95gSQmBpX4utjL9z,420000000000000,420000000000000,0,usdc,EPjFWdd5AufqSSqeM2qN1xzybapC8G4wEGGkZwyTDt1v,163165671,85258573,73269468,10000000000000,1000,0,4637630,1,3591360,7nbNVNdhzZoD3KdjKnGRXbb9pPnDP2CSK1tPoRNvq94m,6ovLsr9T6754PrgH3QwFCPtjizWEh6H3DDpc3QXnMsqi,2039280,2039280,,4637630
ErQXxiNfJgd4fqQ58PuEw5xY35TZG84tHT6FXf5s4UxY,soHGET/USDT,3,False,179.7,soHGET,BtZQfWqDGbk9Wf2rXEiWyQBdBY1etnUUn6zEphvVS7yN,2800000,2800000,0,usdt,Es9vMFrzaCERmJfrF4H2FYD4KCoNkY11McCe8BenwNYB,179655507,176919130,787587,100000,100,0,1948790,0,3591360,FK4Xjimx1GqxvikrTi1BfizhfyGJreXrNEUnBnzsEW9j,Fhzvww444FnKBYCaPsCbEhys9iD3yPq73H2465uNcVj7,2039280,2039280,,1948790
F1T7b6pnR8Pge3qmfNUfW6ZipRDiGpMww6TKTrRU4NiL,soUBXT/USDT,3,False,170.79,873KLx,873KLxCbz7s9Kc4ZzgYRtNmhfkQrhfyWGZJBmyCbC3ei,20459000000,20459000000,0,usdt,Es9vMFrzaCERmJfrF4H2FYD4KCoNkY11McCe8BenwNYB,170806831,168680507,44607,1000000,1,0,2081717,1,3591360,98537dK23H5t1RxjtHWGDYy7hNkTiejETNpuxRMtGcjX,GDNTVenm4p7GPcYiyJa2Vvtx72QJ9evQayJw3v1TsXza,2039280,2039280,,2081717
AdmfUBJ64BTsjaZdtu1iQHAtxJ4Ge7Zw5bNMsrLGdZu7,IVN/USDC,3,,170.49,iVNcrN,iVNcrNE9BRZBC9Aqf753iZiZfbszeAVUoikgT9yvr2a,0,0,0,usdc,EPjFWdd5AufqSSqeM2qN1xzybapC8G4wEGGkZwyTDt1v,170490448,157040000,2511564,100000000,10000,0,10938884,1,3591360,EHiqZhT99p2PhA7SsohnPjfkR4AkUKuEAeUWDByecHG8,wdgvn2SqsR7nmNBJZWP2bDFHJA2q1D8zQti59Xv11du,2039280,2039280,,10938884
CQQAHgfsu5uFTPzwewZ7QrLLSPk1K9MmqnuxiwmPDBzN,DAPE/USDC,3,,157.52,dapeM1,dapeM1DJj3xf2rC5o3Gcz1Cg3Rdu2ayZae9nGcsRRZT,0,0,0,usdc,EPjFWdd5AufqSSqeM2qN1xzybapC8G4wEGGkZwyTDt1v,157518837,25436876,125180300,1000000,100,0,6901661,0,3591360,7H2vbvJST4pUdPe5VSdzaVNCq5ziTXiCeUprCbeAHzHE,4BGmn3S7Uh7j9HwA3myw21mW5SvSWTbP14EeCdtSWfqC,2039280,2039280,,6901661
GZeHR8uCTVoHVDZFRVXTgm386DK1EKehy9yMS3BFChcL,ALEPH/USDT,3,False,153.25,ALEPH,3UCMiSnkcnkPE1pgQ5ggPCBv6dXgVUy16TmMUe1WpG9x,0,0,0,usdt,Es9vMFrzaCERmJfrF4H2FYD4KCoNkY11McCe8BenwNYB,153269279,0,149090793,100000000,100,0,4178486,0,3591360,EquXWHttUW3bKwD3fFgjnbZxPUz5AgCToHJFMpxauvdn,62NXoEKmAa7gYnGoHVKATLHUR4hSUCxBTykMzeW8k9qj,2039280,2039280,,4178486
BQBGTapjYAYa9bY46GCByW2tjQtbHHvEMwGCDYpN3kTR,HEXAGON/USDC,3,,149.27,DVhia9,DVhia9KmzYCP1URf4s8DrPsE46A5PuT5TPyVRgr4c895,2582000000000,2582000000000,0,usdc,EPjFWdd5AufqSSqeM2qN1xzybapC8G4wEGGkZwyTDt1v,149267741,148663300,426779,1000000000,1,0,177662,1,3591360,EahidtSEk7Tq1Pe3rqAQjvqTz9G7q224cBCWLATMtVNj,AnGcqVHzQNaMefv9t5bSEqz8v64WdMVNZaVDsfGSGKGM,2039280,2039280,,177662
AVC5hkVjWqRzD9RXXwjcNiVAAR2rUvDGwhqoCd2TQNY8,KLB/USDC,3,,144.87,4NPzwM,4NPzwMK2gfgQ6rTv8x4EE1ZvKW6MYyYTSrAZCx7zxyaX,1038951,1038951,0,usdc,EPjFWdd5AufqSSqeM2qN1xzybapC8G4wEGGkZwyTDt1v,144868782,132846073,7908655,1,10,0,4114054,0,3591360,6LatREk4Qe4mFAiiq1Q3qTzurxKDL8M9ynto5PRRBPzM,86L3D7AeNXY6oVd9UqqavMDGfhtNy7j4MHBAXdAD6dN1,2039280,2039280,,4114054
4MUhHF5K9simSLXuaUKMaU8nMHSCRPzPMe7UtJRXi4HZ,SLB/USDC,3,,144.5,SLB,2uRFEWRBQLEKpLmF8mohFZGDcFQmrkQEEZmHQvMUBvY7,1000000000,1000000000,0,usdc,EPjFWdd5AufqSSqeM2qN1xzybapC8G4wEGGkZwyTDt1v,144493047,139108955,3328308,1000000000,100,0,2055784,0,3591360,HzYJRJVWc7YwURs51pyV28QDX8higLY5KbsfkFfyGBWx,FmZKugMrhDYtBe9o4BtJT8kEqrqYSniSshX6XvTStBVz,2039280,2039280,,2055784
Hd5uEsj4fnEYsdPdY8ReptKoXGkUZYM9ZC5GHZcHkCBY,AUR/USDC,3,,141.54,GUtWHT,GUtWHTy9N5Av4LTB5PJPn4ZTfxCB2tGiK7DJpS7y8F8S,0,0,0,usdc,EPjFWdd5AufqSSqeM2qN1xzybapC8G4wEGGkZwyTDt1v,141542429,0,139853494,1000000,100,0,1688935,3,3591360,GkSi88rxx1TpWYqxmmMGBFhXkbTJUUn4jVAPEFfvfeJa,BMLJVunmHf4TXoE9Hsax8dK57773uZJPvDtmmFLke4ao,2039280,2039280,,1688935
5GAPymgnnWieGcRrcghZdA3aanefqa4cZx1ZSE8UTyMV,soMAPS/USDT,3,False,139.44,MAPS,MAPS41MDahZ9QdKXhVa4dWB9RuyfV4XqhyAZ8XcYepb,1000000,1000000,0,usdt,Es9vMFrzaCERmJfrF4H2FYD4KCoNkY11McCe8BenwNYB,139449622,138641910,742429,1000000,100,0,65283,1,3591360,54UVaHvCL9i3vJXQTH1bz9dT2XwYbDTUPZfZVbYc6nup,21V1T7Y4gGH3iLwnVfFfrDrmNQ1oo293rQf61UC8PLqd,2039280,2039280,,65283
35tV8UsHH8FnSAi3YFRrgCu4K9tb883wKnAXpnihot5r,soLUA/USDT,3,False,136.87,EqWCKX,EqWCKXfs3x47uVosDpTRgFniThL9Y8iCztJaapxbEaVX,6970000000,6970000000,0,usdt,Es9vMFrzaCERmJfrF4H2FYD4KCoNkY11McCe8BenwNYB,136881717,128350207,7801150,10000000,100,0,730360,0,3591360,AYL32Pwo3FMiussnJhtMwgBGEaZwEX4fKRYgLiVvvFz2,HXxEBpBizVwVPGfUwmxT26LuswR5aPkekYapzVEZ1ayu,2039280,2039280,,730360
aGyXAmV1QBESopcEgmr52qtaQ4DuEBg7WJARh1ojSPx,KROOK/USDC,3,,133.09,AfARcL,AfARcLLqRHsZc4xPWHE9nXZAswZaW294Ff1xcYQbjkLq,62408000000000,62408000000000,0,usdc,EPjFWdd5AufqSSqeM2qN1xzybapC8G4wEGGkZwyTDt1v,133088066,129490215,3384525,1000000000,1000,0,213326,0,3591360,8SmZnpvoWWG9Fe3M2vVJLTgxmjLuA23d2gzdGwyBt4u3,4Jvur4mEycRohG257qhUXGjWXdWzXiUcAu7q75n9v1GU,2039280,2039280,,213326
GN2TTgnWm7WyMEFZjbtzZL2d7NxhBk4QMZtDdLZUkcqv,MARIO/USDC,3,,130.02,7rmV64,7rmV64vLfbrbS5rTFvojYWzCVEn8dnJ9RfSRx3nD6C5E,511086290000,511086290000,0,usdc,EPjFWdd5AufqSSqeM2qN1xzybapC8G4wEGGkZwyTDt1v,130017105,119427057,9189870,10000,10,0,1400178,0,3591360,8i7LH7p9VPYBEKs6CYjCiQMHnjPhgfAWRFfHcw68wDef,Gn1LZJT9r9yv5pPPvQRiXYgPse6jsctNiBgwuNZ4GiMQ,2039280,2039280,,1400178
4absuMsgemvdjfkgdLQq1zKEjw3dHBoCWkzKoctndyqd,soHXRO/USDT,3,False,111.88,soHXRO,DJafV9qemGp7mLMEn5wrfqaFwxsbLgUsGVS16zKRk9kc,7361950000,7361950000,0,usdt,Es9vMFrzaCERmJfrF4H2FYD4KCoNkY11McCe8BenwNYB,82839817,47591428,25655107,10000,1,0,9593282,0,3591360,B4pPrfLnuQdeuTVivKaejnnkDNT1vgA9GV5hf7GpnRkX,6xnprXsaNxgcLu1JmUbEyhDnqkcDeKTNyqpfr5gQqQHs,2039280,2039280,,9593282
2wr3Ab29KNwGhtzr5HaPCyfU1qGJzTUAN4amCLZWaD1H,soUBXT/USDC,3,False,111.34,873KLx,873KLxCbz7s9Kc4ZzgYRtNmhfkQrhfyWGZJBmyCbC3ei,17365000000,17365000000,0,usdc,EPjFWdd5AufqSSqeM2qN1xzybapC8G4wEGGkZwyTDt1v,111340586,100289907,2988305,1000000,1,0,8062374,0,3591360,Hz4sxELQ8JmTbJsaty5q8dqPHw3AfnVSmrUR5BsyjYFd,9a7gWP81bDZ1pXPB2kcSWTDPz1zwfscsE3KpwVPeQNvW,2039280,2039280,,8062374
CBb5zXwNRB73WVjs2m21P5prcEZa6SWmej74Vzxh8dRm,HXRO/USDC,3,False,107.14,HXRO,HxhWkVpk5NS4Ltg5nij2G671CKXFRKPK8vy271Ub4uEK,0,0,0,usdc,EPjFWdd5AufqSSqeM2qN1xzybapC8G4wEGGkZwyTDt1v,107141686,15657600,88473489,100000000,100,0,3010597,0,3591360,FDqzJeVTWiLWVHKhhY1ihiPeLbxKxdJhnZXQS5qkPGU6,FGbGS3GqLVkuWL1pTskyygHW9CpD6TwvzJ61fMKdqbpN,2039280,2039280,,3010597
4VKLSYdvrQ5ngQrt1d2VS8o4ewvb2MMUZLiejbnGPV33,MSRM/USDC,3,False,106.78,MSRMco,MSRMcoVyrFxnSgo5uXwone5SKcGhT1KEJMFEkMEWf9L,0,0,0,usdc,EPjFWdd5AufqSSqeM2qN1xzybapC8G4wEGGkZwyTDt1v,106777601,106777601,0,1,1,0,0,1,3591360,HgEQLDJZ5ymGHvKgkmQNeV9JRWwszPwf3XriZspP5hji,Bs4Rc3H5XX1y6Lk7wM7bgMizD56t7cyeHqu1ATy3DtHn,2039280,2039280,,
ALgq4dHm4bypcsg1JRDc6VPurwDtUsdsbpYB8kDxyZ9o,PUSSY/USDC,3,,103.78,BjTUmZ,BjTUmZjNUUAPKHVdTs8yZsCmecW5isSK4AbuFihXoUwa,181965464000000000,181965464000000000,0,usdc,EPjFWdd5AufqSSqeM2qN1xzybapC8G4wEGGkZwyTDt1v,103785368,102928953,113708,1000000000,10,0,742707,1,3591360,4HVgC14YU4nd2MgSgQSeFpm6BLyxTNTVAAJrTkPyZTjL,3oEKwDWuWCDNhzvfozidf9uczH89i8anhVC6i3rkSFFa,2039280,2039280,,742707
FrKM6kJtAjXknHPEpkrQtJSXZwUxV5dq26wDpc4YjQST,UNI/USDT,3,False,101.09,UNI,8FU95xFJhUUkyyCLU13HSzDLs7oC4QZdXQHL6SCeab36,0,0,0,usdt,Es9vMFrzaCERmJfrF4H2FYD4KCoNkY11McCe8BenwNYB,101099395,0,80658843,1000000,100,0,20440552,0,3591360,AW7JD7f3tEF7eDaRS5zkhQTncdL8uvDX3nLDAXF4veyA,AoinDQzS24agLyoV4ge63eXuj1mN614PYSf4A8wNjScd,2039280,2039280,,20440552
FcAadXjF1bYQxnjFDMN6igivSYeLbabXDKjx284pagBy,PLD/USDC,3,,100.4,2cJgFt,2cJgFtnqjaoiu9fKVX3fny4Z4pRzuaqfJ3PBTMk2D9ur,17110504999,17110504999,0,usdc,EPjFWdd5AufqSSqeM2qN1xzybapC8G4wEGGkZwyTDt1v,100402769,100352837,45393,1,1,0,4539,0,3591360,68b6d2HNxpRPjbHAaDEwbaig3nYgw8JkaehBeajGpryq,88NMch1Uc4MGsKZQLypCNcSdgGMC5VFhTGGyU9iEP3c8,2039280,2039280,,4539
DcKJGNX3rAiEgEFKQiaYx9qydhy2z5vHdHTFjLa4KvGq,DEEZ/USDC,3,,100.1,97d6kj,97d6kj4itu6cqCNbxwmxjHxUD4QD1wicEi2jFw2Fm5vi,152136737500000000,152136737500000000,0,usdc,EPjFWdd5AufqSSqeM2qN1xzybapC8G4wEGGkZwyTDt1v,100096934,87961990,2097175,100000000,1,0,10037769,2,3591360,9rAea5P4u3VBxue8pByesJUWA9wCpg7g2HWCErpjJc9h,3UPM7zAEMMfosQ8ScTBitn57sjdGHaddA6QqLqGR2pns,2039280,2039280,,10037769
E8CLGjBzJD7TPgjfcWm8dvpXhz5pvdjcPxhG7qi7Y5un,CWM/USDC,3,,96.93,cwmkTP,cwmkTPCxDkYpBjLQRNhcCKxuxnAQW6ahS7JQLeXrsXt,0,0,0,usdc,EPjFWdd5AufqSSqeM2qN1xzybapC8G4wEGGkZwyTDt1v,96932609,0,92996731,1000000,100,0,3935878,0,3591360,63u7bSnqWRZx4bhuPwkcxCjKhce4pMys8sPSYKjDcgPf,3dqiKzRXuTEvrwiE2tMkY4L8FbpYQ2ZGpqufB47EkM4U,2039280,2039280,,3935878
G5jqZNo2UVCTnJxgEhKCYvqFRs3MxsnH8Bervq3rfLoL,soFTT/soUSDT,3,True,95.34,soFTT,AGFEad2et2ZJif9jaGpdMixQqvW5i81aBdvKe7PHNfz3,11800000,11800000,0,soUSDT,BQcdHdAQW1hczDbBi9hiegXAR7A98Q9jx3X3iBBBDiq4,92345956,68971315,8720556,100000,100,0,14654085,0,3591360,E863tre4Daj6qNEhAz7cK8yVJZHaFpLnjE1XbWkzwkuj,6bNwt4WfaXBFK2sR6V4XG1cZy4g62Sa8phzSwcz3ZSn6,2039280,2039280,,14654085
CUttKiPJyu3dsfNwzaEHusGqY36qNkuWcZrVGrnPe9KQ,SOLNUT/USDC,3,,88.02,Fv3ZG5,Fv3ZG56M2cWvF8sy9VWzWyvtHPhugNc1BAzpyoAPvL7r,41756060000,41756060000,0,usdc,EPjFWdd5AufqSSqeM2qN1xzybapC8G4wEGGkZwyTDt1v,88017958,84756830,2314076,10000,10,0,947052,0,3591360,7JLWVwm7iX5c5Cts41HwKbFvbkeA8q6zXSAfXmpm6U3k,3UtXSAXUZtp7avbmBWPzuzrzSGVkwXydvyYz7zpBELoN,2039280,2039280,,947052
5GjhBAYx8pYeCeUQt7rt93KQZnoQFuDq9Jx4iqq97Mip,soLINK/soUSDT,3,True,84.95,soLINK,CWE8jPTUYhdCTZYWPTe1o5DFqfdjzWKc9WKz6rSjQUdG,0,0,0,soUSDT,BQcdHdAQW1hczDbBi9hiegXAR7A98Q9jx3X3iBBBDiq4,84963426,82937122,1532216,10000,10,0,494088,0,3591360,CofdXsMM9QYMPLnr8HDtJZutsPRB2x3RG6GqyDsi2Lj4,4XSSgWcmsFiesuaYZyvr3nCaCoBik75jnPd34L48H853,2039280,2039280,,494088
8FpuMGLtMZ7Wt9ZvyTGuTVwTwwzLYfS5NZWcHxbP1Wuh,soHNT/USDT,3,False,84.93,soHNT,HqB7uswoVg4suaQiDP3wjxob1G5WdZ144zhdStwMCq7e,34600000,34600000,0,usdt,Es9vMFrzaCERmJfrF4H2FYD4KCoNkY11McCe8BenwNYB,67354536,13932344,24258925,100000,10,0,29163267,2,3591360,3QXg9WGUbKpakVmsQBFehpfXThurhLAFt76JwXX2VP2N,HAw5CYQn1zAqevXvKrWC5Nbi4f56EC76cwMamD3Z129f,2039280,2039280,,29163267
H8VLs7VYaBg3rg1NvVNJKb1QWMf3kzieTPkgPmVffXTx,KITTY/USDT,3,,83.39,6XWfky,6XWfkyg5mzGtKNftSDgYjyoPyUsLRf2rafj95XSFSFrr,209267000000000,209267000000000,0,usdt,Es9vMFrzaCERmJfrF4H2FYD4KCoNkY11McCe8BenwNYB,83400779,74239924,9106689,1000000000,10,0,54166,4,3591360,8C1Mp76L5dNwb4uyfoTJtcXSNum2Fq1ce1Zm6U2M6DVm,72AxMM3FXhJWtgJ3sj7EFreAfZhhqrrc2oZ4uPZqetXd,2039280,2039280,,54166
HZCheduA4nsSuQpVww1TiyKZpXSAitqaXxjBD2ymg22X,AXSet/USDC,3,False,82.93,HysWcb,HysWcbHiYY9888pHbaqhwLYZQeZrcQMXKQWRqS7zcPK5,51000000,51000000,0,usdc,EPjFWdd5AufqSSqeM2qN1xzybapC8G4wEGGkZwyTDt1v,82926403,50699990,20904387,1000000,100,0,11322026,0,3591360,69bNeKy1gM4xDfSfjCaVeGpoBR2hPeXioJMNShu1BjdS,Gzbck4nwKYEEmwHxJxBpBpGhuMZaDhL1UqVBVFTrReki,2039280,2039280,,11322026
J7cPYBrXVy8Qeki2crZkZavcojf2sMRyQU7nx438Mf8t,soMATH/USDC,3,False,82.86,soMATH,GeDS162t9yGJuLEHPWXXGrb1zwkzinCgRwnT8vHYjKza,293000000,284000000,0,usdc,EPjFWdd5AufqSSqeM2qN1xzybapC8G4wEGGkZwyTDt1v,75290759,65183519,2520294,1000000,10,0,7586946,1,3591360,DxAr8uTULFR1UewRM4z3hwQthGzdeeNhqcVmsuaDThXm,CQp2rSKur292spMp5f8n1xsTf3moAxPffQCspUewqkVo,2039280,2039280,9000000,7586946
2B6CxvMS91eNyQ1FPyEqybvjFiZtKaBqHWKfXAKn1jij,SHIBMOON/USDC,3,,81.73,9VH6kT,9VH6kTELjTFd1RunKZJsCvtzAVLTTsb44kQzWywixLbX,74290497000000000,74290497000000000,0,usdc,EPjFWdd5AufqSSqeM2qN1xzybapC8G4wEGGkZwyTDt1v,81726751,80023997,1585334,1000000000,1,0,117420,0,3591360,5oe13bcyEdUrtNwNN1HA42bmh8pzoKnKCar2XhP8kUWU,9hx2W2Rt5pD8F2Wsm1FvdgwqNh7WCU8N676JtnuRdHyV,2039280,2039280,,117420
79ESpYSb2hM14KTRXPZUwDkxUGC5irE2esd1vxdXfnZz,CEL/USDC,3,False,81.64,nRtfwU,nRtfwU9G82CSHhHGJNxFhtn7FLvWP2rqvQvje1WtL69,0,0,0,usdc,EPjFWdd5AufqSSqeM2qN1xzybapC8G4wEGGkZwyTDt1v,81639628,0,77047028,10000000,100,0,4592600,0,3591360,8y95CmCMs3TaYXvkW6SVGypg3Dzgr73LYKCvWC5RdRLQ,6DVcro2S5QsDHNc9nvpL1Fsg9UqpdHyhbkMyZGGwPQJi,2039280,2039280,,4592600
4LUro5jaPaTurXK737QAxgJywdhABnFAMQkXX4ZyqqaZ,soSXP/USDC,3,False,79.27,soSXP,SF3oTvfWzEP3DTwGSvUXRrGTvr75pdZNnBLAH9bzMuX,518400000,518400000,0,usdc,EPjFWdd5AufqSSqeM2qN1xzybapC8G4wEGGkZwyTDt1v,77148215,38222397,5936412,100000,100,0,32989406,0,3591360,3hUMPnn3WNUbhTBoyXH3wHkWyq85MEZx9LWLTdEEaTef,HEArHmgm9mnsj2u98Ldr4iWSwWvPPUUg8L9fwxT1cTyv,2039280,2039280,,32989406
BeyB6W2iNsH9qSfb7icLTmSPDu8oUGkarMZed4Unrnsr,PAXG/USDC,3,,78.4,PAXG,C6oFsE8nXRDThzrMEQ5SxaNFGKoyyfWDDVPw37JKvPTe,60000,60000,0,usdc,EPjFWdd5AufqSSqeM2qN1xzybapC8G4wEGGkZwyTDt1v,75910750,0,62876097,10000,100,0,13034653,3,3591360,3hVdCMumhRohrvuXBCb3a5m8nQhjnY5SFXskH7k6dX2a,BdZSvFqHRVPtdSbyTrxugMKDziDnNishPDUR9GK9s9Lg,2039280,2039280,,13034653
DsSz9KWT97T4RewRTqTNDpNFQyxMPcuYNAJw2xHAzSiZ,soUBXT/soUSDT,3,True,74.83,873KLx,873KLxCbz7s9Kc4ZzgYRtNmhfkQrhfyWGZJBmyCbC3ei,0,0,0,soUSDT,BQcdHdAQW1hczDbBi9hiegXAR7A98Q9jx3X3iBBBDiq4,74836939,73145433,1655122,1000000,1,0,36384,1,3591360,AGG8buF89E8scnQ2SVUyrN3GLVVUKT7MK16LMYKwqfgA,D5LPYvu92uouLmejLjF9csBrDtyKMCEEj8PU6xqKi1qU,2039280,2039280,,36384
J9ww1yufRNDDbUbDXmew2mW2ozkx7cme7dMvKjMQVHrL,CEL/USDT,3,False,69.13,nRtfwU,nRtfwU9G82CSHhHGJNxFhtn7FLvWP2rqvQvje1WtL69,0,0,0,usdt,Es9vMFrzaCERmJfrF4H2FYD4KCoNkY11McCe8BenwNYB,69133989,0,64328373,10000000,100,0,4805616,0,3591360,44dZX3HjEiQuyKwyMB1EiREKMntnQLcZ1Whkw5CCMxin,6yd93osRqYJpFq1ATEAdnfsXSQGJi7Hb3ZskbQoLDMcc,2039280,2039280,,4805616
CmLhvXARncLncE1949XBfQWeJh6Zvw3FE5A3Z5ecPYQH,KIN/soUSDT,3,True,67.9,KIN,kinXdEcpDQeHPEuQnqmUgtYykqKGVFq6CeVX5iAHJq6,1340900000000,1340900000000,0,soUSDT,BQcdHdAQW1hczDbBi9hiegXAR7A98Q9jx3X3iBBBDiq4,50987213,45686891,2906398,100000000,100,0,2393924,0,3591360,12GkA5tUQJXGrceQVSxHRxJiNAX1vYJqYYY8m6HdYcfv,CcWcLh4fB2WVGaYjNV7CCNvLS4tTQa3NuJhg8TDoBXhm,2039280,2039280,,2393924
Ccgq4UV9sFtXp9yMGXwJRcJz9UsgQFEjF3Fmui2Z6Xhm,PLWAV/USDC,3,,65.6,FQkm6b,FQkm6bACFuJpGDmnkvYoq2Luhcc65oam2dg1tXfnKWAY,0,0,0,usdc,EPjFWdd5AufqSSqeM2qN1xzybapC8G4wEGGkZwyTDt1v,65601819,0,64921105,1000000,100,0,680714,0,3591360,ABw5vRm5QJ9WL2TVTwUEnqPv2B6B8AcxmaATbkX5NB9R,2aYTk7d4Gm2PXvWrjFXnWSvtKtJkTsfJh4PwmRMy12xp,2039280,2039280,,680714
6FSr3WhrLCdetbfr75JizgHsc3EDxmUxdKq6gTQwbefn,DRUGS/USDC,3,,64.39,DcqWM1,DcqWM1BdgfUFktSKw8XC6qLAo2Ki2dUFXc1YYe67c8kD,24479560000,24479560000,0,usdc,EPjFWdd5AufqSSqeM2qN1xzybapC8G4wEGGkZwyTDt1v,64390085,63421865,950158,10000,100,0,18062,0,3591360,3vZUZ1xHEjMUTxsaV3XcRfVt6zK8Gy8C8xbauJ6ZRsDX,5NnGJEjcWEfbj2WbyJX7mBTbaffmAvC6jU7N7PoRhwJJ,2039280,2039280,,18062
3FE2g3cadTJjN3C7gNRavwnv7Yh9Midq7h9KgTVUE7tR,SAND/USDC,3,False,61.26,SAND,49c7WuCZkQgc3M4qH8WuEUNXfgwupZf1xqWkDQ7gjRGt,1300000000,1300000000,0,usdc,EPjFWdd5AufqSSqeM2qN1xzybapC8G4wEGGkZwyTDt1v,60349238,10417221,43429059,100000000,100,0,6502958,0,3591360,2t3MMN5FLMqsieeUsQK8nfM4YKQobK5ZvDgjNV6hn7SW,55SiYWMEP7XrMvP31YhZQE1YTkypv6yeDe7Z3663pMfb,2039280,2039280,,6502958
J2XSt77XWim5HwtUM8RUwQvmRXNZsbMKpp5GTKpHafvf,soSWAG/USDT,3,False,60.83,9F9fNT,9F9fNTT6qwjsu4X4yWYKZpsbw5qT7o6yR2i57JF2jagy,721000000,721000000,0,usdt,Es9vMFrzaCERmJfrF4H2FYD4KCoNkY11McCe8BenwNYB,60831410,58317952,1619971,1000000,10000,0,893487,3,3591360,92fVuRxVLsu6NhEEo5WUB21hFdavArsRAFTbrPgU4fSS,DmB2qmpTt5UVJpX6TuPR1Ca32gc4jjRKLUUGWGtws5Ww,2039280,2039280,,893487
7myaZEGZf9m72T1Mqm8GTx5MnmSFS5NCXSwRP18W4EA3,soUNI/soUSDT,3,True,58.2,soUNI,DEhAasscXF4kEGxFgJ3bq4PpVGp5wyUxMRvn6TzGVHaw,2000000,2000000,0,soUSDT,BQcdHdAQW1hczDbBi9hiegXAR7A98Q9jx3X3iBBBDiq4,40095980,40019980,76000,10000,1,0,0,0,3591360,EgddrCcRyPWbGD2Lu4c5fe3qpoPE3H6ZrcakPj6WmTMp,6tJLWtwar8jDSaH2pxr1YfBwhJUTm7WSqhL8Z4wPhkH8,2039280,2039280,,
Bm6GpVJsSfhmLEwJqQxGRLBvq4Gf5ERCsY8Xp1TZzPAk,NinjaDoge/USDC,3,,57.31,9dwrdi,9dwrdifAVWZsyEPxi15D8LcLsdrvTbpabrGw5EVzc7pp,59050785000000000,59050785000000000,0,usdc,EPjFWdd5AufqSSqeM2qN1xzybapC8G4wEGGkZwyTDt1v,57312837,49979988,6827877,1000000000,10,0,504972,0,3591360,4hd8rWFLavtQqLweKeCuBtDtB9xM7EB4AZ1CJJcc6g5F,AwiVyqWREqX87puDXbTZrbUYdgmqgENZe3YjmWCc84Ei,2039280,2039280,,504972
Aa8mN8bXAobmcuHDpbbZh55SoadUry6WdsYz2886Ymqf,CRT/USDC,3,,57.24,9Y8NT5,9Y8NT5HT9z2EsmCbYMgKXPRq3h3aa6tycEqfFiXjfZM7,24705294000000,24625294000000,0,usdc,EPjFWdd5AufqSSqeM2qN1xzybapC8G4wEGGkZwyTDt1v,57241556,52000382,5198279,1000000,1,0,42895,2,3591360,8tP9pzikTnmNh6HPdkJjJrDUN8ii6CB9pye4ixgekGeA,3CAv3Td25fuCEfmkYReG4oW3dLrXT9YYaVgKHpi7NzUg,2039280,2039280,80000000000,42895
H8sjxDJWVxC3kP5uZ3p9eZncc4Czn9pTWEA6bH2XX7rM,SAFU/USDC,3,,56.99,GWgwUU,GWgwUUrgai3BFeEJZp7bdsBSYiuDqNmHf9uRusWsf3Yi,1597276819,1597276819,0,usdc,EPjFWdd5AufqSSqeM2qN1xzybapC8G4wEGGkZwyTDt1v,56989953,46070872,10161238,1,1,0,757843,0,3591360,7C85EnGK3nGJ1oxHT5Uoup2zKq9cyxBr35TcibFu83qM,2uQKbsqAFf254SaUwcCnJARGmSnnFAYCY6R6unfBKSdt,2039280,2039280,,757843
46jD4hpmvUAbhKaoAjdzFkY82VW1j9SMTEYFGcTor8Ww,SLB/USDT,3,,51.66,SLB,2uRFEWRBQLEKpLmF8mohFZGDcFQmrkQEEZmHQvMUBvY7,5298000000000,5298000000000,0,usdt,Es9vMFrzaCERmJfrF4H2FYD4KCoNkY11McCe8BenwNYB,7416661,4741128,476493,1000000000,10000,0,2199040,0,3591360,G5PWpBDPTX48zbD7jL8gheuFCm5LdgXda4VwAMij4iMh,5qL5jnXZJUPTY5UjShFPpAQs2sSfmVrKPaFSS8Bv7681,2039280,2039280,,2199040
DhmedYCzs57hspLjP3SKd3NRcsvDbuPSQdooSQof4vek,SLT/USDC,3,,51.65,SLT3iS,SLT3iSYKeBuCyxvnfij4RUhMfKxZCY3s12Z5pfkTXhV,239406976000000,239406976000000,0,usdc,EPjFWdd5AufqSSqeM2qN1xzybapC8G4wEGGkZwyTDt1v,51645747,35220701,9512874,1000000,1,0,6912172,0,3591360,B9ESQ4w9WmjBcSKF4aPBBUf774WW2wt5bWUr2howwwnt,CnEhDttg13gHodMqE98tt12xkv93Q54r5QH8v4DVnNMm,2039280,2039280,,6912172
HrgkuJryyKRserkoz7LBFYkASzhXHWp9XA6fRYCA6PHb,ETHV/USDT,3,False,51.54,EL3yFe,EL3yFeyHezeNugdKgNWmtSXGgRyCLhczcndm8HR8NCK2,150000,150000,0,usdt,Es9vMFrzaCERmJfrF4H2FYD4KCoNkY11McCe8BenwNYB,51548530,51300000,248530,10000,100,0,0,1,3591360,HvugmzVMRXALvFshHD6dBo1eJeMzo3oY62pCVQCaLfCP,FGHTMA9wbusL5xsDFbyQaMLppsjXifKb66j1SN2kTfEH,2039280,2039280,,
HEGnaVL5i48ubPBqWAhodnZo8VsSLzEM3Gfc451DnFj9,soKEEP/USDT,3,False,48.71,soKEEP,GUohe4DJUA5FKPWo3joiPgsB7yzer7LpDmt1Vhzy3Zht,0,0,0,usdt,Es9vMFrzaCERmJfrF4H2FYD4KCoNkY11McCe8BenwNYB,48714084,8426,43127231,1000000,100,0,5578427,0,3591360,DQBf6Svivev7aJZD3MXZxFuaLyFKnNjDsDZw5UCRKUdX,73mv3h7uWczrMxg6SRiJEpvvNWT1hWcLC2AMJq9oQguW,2039280,2039280,,5578427
DoL5SXaax9LwQM9JfqFBymiUfSxH9A9cwPugPuHvNTDM,TBK/USDC,3,,46.13,2mDJPc,2mDJPcvv7vigZo9ZPxhHLpKQSixCkbohVY35eX6NkN6m,56719000000000,56719000000000,0,usdc,EPjFWdd5AufqSSqeM2qN1xzybapC8G4wEGGkZwyTDt1v,46129938,39363465,4998152,1000000000,1000,0,1768321,0,3591360,8QGhKMbknFh5WVhG3Cb2MKHsiMHNVWzDGVzbcaRFaprP,Dk6qmq8rZ4YhUePLReazQw4u2oe5xqcCYfkcfXCSUrtF,2039280,2039280,,1768321
5aoLj1bySDhhWjo7cLfT3pF2gqNGd63uEJ9HMSfASESL,IETHV/USDT,3,False,43.79,HZzCWP,HZzCWPqGNmDoyL5Q2SxTVTMWgv2LsCaogvzkXa5Lhyi,180000,180000,0,usdt,Es9vMFrzaCERmJfrF4H2FYD4KCoNkY11McCe8BenwNYB,43794102,42720960,1073142,10000,100,0,0,2,3591360,FZ8UcP2VpySfahifmCAgePLbtfaj6CDRTWHtfA1EJkuC,8hGGyyiWUKhPfE3sSaZvph9iwUksTg4PdHa4jbRKpPd5,2039280,2039280,,
6pQMoHDC2o8eeFxyTKtfnsr8d48hKFWsRpLHAqVHH2ZP,JET/USDC,3,False,43.23,JET6zM,JET6zMJWkCN9tpRT2v2jfAmm5VnQFDpUBCyaKojmGtz,10483000000000,10483000000000,0,usdc,EPjFWdd5AufqSSqeM2qN1xzybapC8G4wEGGkZwyTDt1v,43225857,1523712,13873742,1000000000,10000,0,27828403,2,3591360,ARxrXhztC2oN9mHAFZhJkHpPnzu82CMvnYBN4aYxJdQR,9RPU2dxBRisma1wHRXWtccEtGmxenNeYj2HmzuaB4Zfz,2039280,2039280,,27828403
LghsMERQWQFK3zWMTrUkoyAJARQw2wSmcYZjexeN3zy,AAVE/USDT,3,False,42.69,AAVE,3vAs4D1WE6Na4tCgt4BApgFfENbm8WY7q4cSPD1yM4Cg,15100000,15100000,0,usdt,Es9vMFrzaCERmJfrF4H2FYD4KCoNkY11McCe8BenwNYB,15160642,0,8645729,100000,100,0,6514913,1,3591360,FKSqVuh8qwhBR2vkDeWASLixrct8ndjbaDnUsSdTwNaE,bnRPHGkuRMT4KkqmeqibC4wmVWRuwNtt1qiZri9L6Pd,2039280,2039280,,6514913
2x6dmFevT3MGCZYPE2eagautjyQFVq4YwHsKow5bCVCs,GGSG/USDC,3,,42.08,ggsgHD,ggsgHDoX6tACq25XhQPUmbza8Fzwp9WdAzTU1voTwDi,614939802,614000000,0,usdc,EPjFWdd5AufqSSqeM2qN1xzybapC8G4wEGGkZwyTDt1v,42077851,0,35975187,1000000,100,0,6102664,0,3591360,4vRzGvd38yyAbh7DMxXp48Sr9A6t6BY4CT34QF28p4dL,46VaWPetMnBFNBYw5BcQSmdQcunDxGsomV9nFrkyk1Yj,2039280,2039280,939802,6102664
CxDhLbbM9uAA2AXfSPar5qmyfmC69NLj3vgJXYAsSVBT,renLUNA/USDC,3,,39.85,8wv2KA,8wv2KAykQstNAj2oW6AHANGBiFKVFhvMiyyzzjhkmGvE,28991323000,28991323000,0,usdc,EPjFWdd5AufqSSqeM2qN1xzybapC8G4wEGGkZwyTDt1v,39852677,22470275,8682047,1000,1,0,8700355,0,3591360,ExiQX7XECp4gHhdcCrkvGrzaRPCuVfhnc5UjvZFHPZ5Z,9bebFZGyq1EyAi3nx1F93eNpV8D9GoMM31xK6DUdhx4U,2039280,2039280,,8700355
DRSZihtHpPkMqivKdwcdunGC3Z4aSfQFPiUCh3Nb4HPW,SCTT/USDC,3,,37.35,GGFNWQ,GGFNWQ2oEzYVPu1kGSjXZWfyTibnCGJfqZ7uPx8Jkj7B,7867921000000,7867921000000,0,usdc,EPjFWdd5AufqSSqeM2qN1xzybapC8G4wEGGkZwyTDt1v,37354447,36630862,664653,1000000,10,0,58932,0,3591360,UwLJE4Unhikn1LDyso6Ed8YLSWrZ1pYhDMbF1zopi83,2133SeCETiLxH1BummX3pWMyrGsZzza3iKHECTMSVJhU,2039280,2039280,,58932
B791G8UCahfmABVcR2wPAMK6LJnuqxSAqiG6wX3mmVVM,soFRONT/soUSDT,3,True,36.69,soFRONT,9S4t2NEAiJVMvPdRYKVrfJpBafPBLtvbvyS3DecojQHw,0,0,0,soUSDT,BQcdHdAQW1hczDbBi9hiegXAR7A98Q9jx3X3iBBBDiq4,36692885,29478224,7120399,100000,10,0,94262,2,3591360,4Cg2zbeWkYyW3fYbcLaqi4m3inKs82iMdx4JvYNZfh8j,D6LLVC7TkQSXk9RbtR7aUC9zsqYU8i1sgZ6eGjTSMQUp,2039280,2039280,,94262
AYbybZJN533vgPdZrJga6Zw7WtZCnUofNLiMjneWUP6V,LIFL/USDC,3,,35.52,5aGsu5,5aGsu5hASnsnQVXV58fN8Jw9P8BVyfDnH2eYatmFLGoQ,0,0,0,usdc,EPjFWdd5AufqSSqeM2qN1xzybapC8G4wEGGkZwyTDt1v,35524242,0,33787982,1000000,100,0,1736260,1,3591360,2s3Lfn9S8rDaZACy7abbKqT67pksmajRqP9L3wH8B73C,FCpmXwBKY3uBtWjUoCkWbigGTTruhkLFJEWfHCb8YPnM,2039280,2039280,,1736260
G5F84rfqmWqzZv5GBpSn8mMwW8zJ2B4Y1GpGupiwjHNM,SXP/USDC,3,False,35.07,SXP,3CyiEDRehaGufzkpXJitCP5tvh7cNhRqd9rPBxZrgK5z,0,0,0,usdc,EPjFWdd5AufqSSqeM2qN1xzybapC8G4wEGGkZwyTDt1v,35072220,0,21675248,10000000,100,0,13396972,0,3591360,MoQhEsrxuJwdp83qGPqT1jMidmSrD5Hx1YSr1X8XhJJ,vW3t1U5EcawaXpadUtw4hnYtC1YSnScLdM3tRNtvdNc,2039280,2039280,,13396972
9hBhJZEcXi7PBBv2fPLsaTjKEcwtcCkYVfmgxAdZBFd3,OKCT/USDC,3,,33.39,HuwsCq,HuwsCqtiosGwxiqpd51DMn8y7FBkJSvrLV2DFa2dpoHD,0,0,0,usdc,EPjFWdd5AufqSSqeM2qN1xzybapC8G4wEGGkZwyTDt1v,33386650,33386650,0,1,10,0,0,1,3591360,HjouaGcvPKZcwUgKyzEiS6hqyYN8h7PJECDWTF7iUFGJ,BW5FCvSrYzhqT5UnGnZUQFki7DHKXjoC4Ygif5jNUtrN,2039280,2039280,,
6KFs2wUzME8Z3AeWL4HfKkXbtik5zVvebdg5qCxqt4hB,SODA/USDC,3,,32.34,sodaNX,sodaNXUbtjMvHe9c5Uw7o7VAcVpXPHAvtaRaiPVJQuE,369985394,369985394,0,usdc,EPjFWdd5AufqSSqeM2qN1xzybapC8G4wEGGkZwyTDt1v,32335414,26281066,1714672,1,1,0,4339676,1,3591360,7cchcXKrrzLoCadjSPGjdsaJsKbuEWejteVxMdRP8BzG,CKqoVqmDdEs5swSf1NVvbNSa2S2S49Yb4uZEKhGR3tyN,2039280,2039280,,4339676
FcPet5fz9NLdbXwVM6kw2WTHzRAD7mT78UjwTpawd7hJ,soRSR/USDT,3,False,29.65,soRSR,7ncCLJpP3MNww17LW8bRvx8odQQnubNtfNZBL5BgAEHW,4610000000,4610000000,0,usdt,Es9vMFrzaCERmJfrF4H2FYD4KCoNkY11McCe8BenwNYB,21595157,12982439,6831321,10000000,100,0,1781397,1,3591360,F4Eo7s25GmNdbrqjz41PTgrpYzJZhH8FZpm5YXQKsi49,26WRHscnq7vuNw3UvQ4Dv6yWXwyRSTNdz9k3XGyEFZgT,2039280,2039280,,1781397
HLvRdctRB48F9yLnu9E24LUTRt89D48Z35yi1HcxayDf,soAKRO/USDT,3,False,28.38,soAKRO,6WNVCuxCGJzNjmMZoKyhZJwvJ5tYpsLyAtagzYASqBoF,5573000000,5573000000,0,usdt,Es9vMFrzaCERmJfrF4H2FYD4KCoNkY11McCe8BenwNYB,28352611,24840319,823383,1000000,1,0,2688909,0,3591360,47MjKB35uMqy3crdYkNnmSRP9gSpHVMeTz2UbNrRBJ71,JBMpLbDwPQLNJUqL4gSMqWCecJX3DVQpFWADozse7sej,2039280,2039280,,2688909
2FQbPW1ticJz2SMMbEXxbKWJKmw1wLc6ggSP2HyzdMen,SXP/USDT,3,False,27.83,SXP,3CyiEDRehaGufzkpXJitCP5tvh7cNhRqd9rPBxZrgK5z,0,0,0,usdt,Es9vMFrzaCERmJfrF4H2FYD4KCoNkY11McCe8BenwNYB,27837708,0,17305274,10000000,100,0,10532434,0,3591360,79TmsjAH8ofZonEfxB4anwPmy7fY6rKdbthhFJRSjfS8,5UmubCCbwhXtiwYdNMpuLhaHwbtYK5tGSBe4p1vZKCW6,2039280,2039280,,10532434
2QxNtz8xeSZeY5kmFsGUbsqwqE5zQXdMfeHYUac1KvuT,EPOCH/USDC,3,,24.32,epchej,epchejN2prm44RwMfWetBkbMr4wnEXHmMN9nmKyx2TQ,0,0,0,usdc,EPjFWdd5AufqSSqeM2qN1xzybapC8G4wEGGkZwyTDt1v,24323723,0,22147895,1000000,100,0,2175828,0,3591360,6Zrdotr1PNy6uHAGNxNEQvkex7vhLj3SwMhM3EcoPaEZ,DusEQaQ4sa8QKPfeMH73LXobBLdt4xFWLxp24LVEU2os,2039280,2039280,,2175828
8WZrmdpLckptiVKd2fPHPjewRVYQGQkjxi9vzRYG1sfs,AAVE/USDC,3,False,23.91,AAVE,3vAs4D1WE6Na4tCgt4BApgFfENbm8WY7q4cSPD1yM4Cg,0,0,0,usdc,EPjFWdd5AufqSSqeM2qN1xzybapC8G4wEGGkZwyTDt1v,23905376,13085700,4073003,100000,100,0,6746673,2,3591360,J16qfWGCDKrBWiEmSg3u8kMkUMCe38oyfJ9WTH5wnaZG,8FUx47Gz8dsNCNSVGHMk6jKBAVFgaHrM8dp6pKAvEQ37,2039280,2039280,,6746673
8WmckvEoVGZvtN8knjdzFGbWJ3Sr4BcWdyzSYuCrD4YK,UST/USDC,3,False,23.73,USDC,9vMJfxuKxXBoEa7rM12mYLMwTacLMLDJqHozw96WQL8i,1000000,1000000,0,usdc,EPjFWdd5AufqSSqeM2qN1xzybapC8G4wEGGkZwyTDt1v,23722338,16509,10754094,1000000,1,0,12951735,0,3591360,HnWhVtYy1jamCZQHCeRQWmvyyUEejezfJLZStoUxHeqH,DxA4WZdWNAphrWykNfshfWmrZUGDwMppFpn3EQqnAmjg,2039280,2039280,,12951735
Hq2tZzrdNrMtDsdXeCf9CrN3aS3geJTEqtLRPyiYRZc,BST/USDC,3,,23.69,EYDEQW,EYDEQW4xQzLqHcFwHTgGvpdjsa5EFn74KzuqLX5emjD2,2046441000000000,1763717000000000,0,usdc,EPjFWdd5AufqSSqeM2qN1xzybapC8G4wEGGkZwyTDt1v,23691078,18955170,2835449,1000000000,10000,0,1900459,0,3591360,8yWXkDRBUTqdYKsoY334tmJoyCFrApspnkrMwnJKvuF6,2t8kFqWGAY6Btot5VZz2KCLwPBNLdtVMMB62X6zm8PPz,2039280,2039280,282724000000000,1900459
2WghiBkDL2yRhHdvm8CpprrkmfguuQGJTCDfPSudKBAZ,soMATH/USDT,3,False,21.7,soMATH,GeDS162t9yGJuLEHPWXXGrb1zwkzinCgRwnT8vHYjKza,27000000,27000000,0,usdt,Es9vMFrzaCERmJfrF4H2FYD4KCoNkY11McCe8BenwNYB,21004569,10944267,8016476,1000000,10,0,2043826,1,3591360,9zPg4vXy5wcQkurVjpTYaknBGYL3E6ohRHXNWt6FfZQ9,3yzADvxQ9QRH5y1ZSGmjuH5Ak4ddAKmR7cTi6zQbWGVC,2039280,2039280,,2043826
cgani53cMZgYfRMgSrNekJTMaLmccRfspsfTbXWRg7u,soCEL/USDT,3,False,20.42,soCEL,DgHK9mfhMtUwwv54GChRrU54T2Em5cuszq2uMuen1ZVE,350000,350000,0,usdt,Es9vMFrzaCERmJfrF4H2FYD4KCoNkY11McCe8BenwNYB,20211467,12597529,6064979,10000,100,0,1548959,1,3591360,9dzWktLQCDZF4dD6bPyhb74p4XjdY5BcPsBwH6ADsoDE,9q9sTHNw4SyvRpf5wdPN21o7XQfCTRNGwadoAcD4PNzd,2039280,2039280,,1548959
4ztJEvQyryoYagj2uieep3dyPwG2pyEwb2dKXTwmXe82,soCREAM/USDT,3,False,18.65,soCREAM,5Fu5UUgbjpUvdBveb3a1JTNirL8rXtiYeSMWvKjtUNQv,2250000,2250000,0,usdt,Es9vMFrzaCERmJfrF4H2FYD4KCoNkY11McCe8BenwNYB,17574996,13209904,3757649,10000,100,0,607443,1,3591360,FpJq2BUNkWrTWgfofy1oNvJwHcWiopq8X9hzpmiC6mRR,Efm2GbcrSFmKF4vNdwvLM4oSaTReYQTFHzPaHVaLp3zX,2039280,2039280,,607443
B3UpqhaGZc9yXhELknAAXuAoKzCk4QAoqaiVUffgMQBH,1INCH/USDT,3,,18.64,1INCH,AjkPkq3nsyDe1yKcbyZT7N4aK4Evv9om9tzhQD3wsRC,0,0,0,usdt,Es9vMFrzaCERmJfrF4H2FYD4KCoNkY11McCe8BenwNYB,18646261,15281300,2970332,10000000,100,0,394629,1,3591360,3DWZ5b74qxTFF5k6bL9LUXJDA1im4W4UgBeoMYNuke1b,5ot8mLKNLoYxC2YPVQz2fhWmSgVzKJT4JhBnw4Ujfbj4,2039280,2039280,,394629
3BScwNxtMrEcQ5VTHyXHYQR98dTaxfyXGaLkuSjBY1dW,HXRO/USDT,3,False,17.95,HXRO,HxhWkVpk5NS4Ltg5nij2G671CKXFRKPK8vy271Ub4uEK,0,0,0,usdt,Es9vMFrzaCERmJfrF4H2FYD4KCoNkY11McCe8BenwNYB,17947508,0,16894316,100000000,100,0,1053192,0,3591360,4Ead9tbNcT9VHx4o5obCEyNE8NgEaMS9ok1tW4eCSrju,5arDvQcJTkJ1Cm3qDEYqdErrgMQ76eoZbKWNm2EqRmQN,2039280,2039280,,1053192
5eFBFqATo93NZd1FGVFv59ewDPEqeGoEgFipB2kGmJVP,SOLALAND/USDC,3,,17.58,FoxHUb,FoxHUbcgZGU4ozFG8iH9tpivGPaHkxusvxSSuWTDNPEZ,4721324700000,4721324700000,0,SOL,So11111111111111111111111111111111111111112,145455252,142977756,2367464,100000,1,0,110032,0,3591360,C7C22k69SW5XwFLa3vM88zX1ZNFByVfirBizC19bLHJk,Gy5VrsPQivDBsTLv1Av3zqpSsDQJ5fT2kRLfRmMBb5mK,2039280,147494532,,110032
GXnDRNRB3SeAKnAKAZX9WCE5LEvXpjUvFYyvmUsUQDUZ,NQUACK/USDC,3,,15.75,GgF2MB,GgF2MBgxNSLJSyTLPnib3zpwFTtpdTmRfFhQ9mUuqdNm,9390771000000,9390771000000,0,usdc,EPjFWdd5AufqSSqeM2qN1xzybapC8G4wEGGkZwyTDt1v,15746270,15588760,144226,1000000,1,0,13284,0,3591360,FxdeWX6a1jiNQPcEaqYNyAjLrC4sDrtnDAAbNgZwcZh6,Cb6MQXmtpBmaUVXNXHyZRoX8QMqLfzRrMtBx95zp4vSo,2039280,2039280,,13284
5Rcqv6qXRFFnK3dzYu96sKqf6wtC8hEA1ivRdMwFHEH2,THUGZ/USDC,3,,15.73,FFBnqa,FFBnqafsjrvvxxf5n3Tzba8V7vWPb8wr5DPEog1VAwff,0,0,0,usdc,EPjFWdd5AufqSSqeM2qN1xzybapC8G4wEGGkZwyTDt1v,15727292,0,14532511,1000000,100,0,1194781,0,3591360,GFr1zj2Utk9KbTUQQHVYuXJyqJQ8EK1zfvP9bJHhgz3T,7bm6x3g6DTdoJdZBNJGbgQwtAKb4crZWqgqvtyZdscxQ,2039280,2039280,,1194781
BxTfmxEQf6FQ6F1cQ3fi6o6FPG52hiZXi4DTGYRhsmPo,CREAMY/USDC,3,,15.53,CREAMp,CREAMpdDimXxj2zTCwP5wMEtba4NYaKCrTBEQTSKtqHe,0,0,0,usdc,EPjFWdd5AufqSSqeM2qN1xzybapC8G4wEGGkZwyTDt1v,15529311,14106759,1218503,1000000000,218,0,204049,1,3591360,dMUpkoSauUsZtgQ95tKTxX8H9pWnK6SsLjQnKMcdobB,ERh9AaNCBdeGfDmQJEQEksLMqSm6JLsk4YBpw5z2QU6v,2039280,2039280,,204049
8AjdxXSvZ5Cu7FGsoMa6Y8hu1ZS1iCy3gaoNggNCmqML,GENO/USDC,3,,15.49,GknXZX,GknXZXR3Y84wgmDUxtsoR9FBHEZovqXFuDK2jczi1ydz,0,0,0,usdc,EPjFWdd5AufqSSqeM2qN1xzybapC8G4wEGGkZwyTDt1v,15491921,0,14688526,1000000,100,0,803395,2,3591360,Hvz4LTARQXN3P8mUeiYCJjrGCn994ZS9BBeriiBrU9Rc,2i4QhP8Vmc3FbE9yHxt2kFCxrkUtxHLbpDJi79B1W6Rj,2039280,2039280,,803395
6ERBjj692XHLWwWSRAUpiKenXshcwmPqhMy7RMapeoKa,soSUSHI/soUSDT,3,True,15.35,soSUSHI,AR1Mtgh7zAtxuxGd2XPovXPVjcSdY3i4rQYisNadjfKy,0,0,0,soUSDT,BQcdHdAQW1hczDbBi9hiegXAR7A98Q9jx3X3iBBBDiq4,15354370,6028298,114590,10000,10,0,9211482,1,3591360,8vL21jAY2pCX1XeBbGT4vCCXZd7gG74jWQ94ZWkvhpJU,C49jaGaAuLR7zFSxLCGdCXcyuPsve5EQUCaBSZcusNHQ,2039280,2039280,,9211482
5ZeNLrduGi3WkH9CPwv2Zpbkh38MH8v63aSi2aBUW23g,soLUA/soUSDT,3,True,14.89,EqWCKX,EqWCKXfs3x47uVosDpTRgFniThL9Y8iCztJaapxbEaVX,0,0,0,soUSDT,BQcdHdAQW1hczDbBi9hiegXAR7A98Q9jx3X3iBBBDiq4,14895677,10916073,3974583,10000000,100,0,5021,2,3591360,5DeEbuxzY1J9Xv6fEc1YpgKn3D1niFfNseA1BU1r5x7y,F2T8wU3A8RLwLvcrGWnvtEctaJmVS4EJFvskRCX3GYrE,2039280,2039280,,5021
7HrUmsVM7poJdjgoteTVzx3VMFyLcAhdR8JMbuFD6VNq,HDG/USDC,3,,14.4,5PmpMz,5PmpMzWjraf3kSsGEKtqdUsCoLhptg4yriZ17LKKdBBy,13336632800000,13336632800000,0,usdc,EPjFWdd5AufqSSqeM2qN1xzybapC8G4wEGGkZwyTDt1v,14399677,2295953,11271331,100000,1,0,832393,1,3591360,H7zTjR5nQXATcjep625G4d3dw8JEXgTcrDbcxYxt7Gsr,39sEwbtyacyUyiNVKw2Y8AbyjDyfNm2D2jrcmfsgCw2q,2039280,2039280,,832393
5nLJ22h1DUfeCfwbFxPYK8zbfbri7nA9bXoDcR8AcJjs,MSRM/USDT,3,False,14.22,MSRMco,MSRMcoVyrFxnSgo5uXwone5SKcGhT1KEJMFEkMEWf9L,0,0,0,usdt,Es9vMFrzaCERmJfrF4H2FYD4KCoNkY11McCe8BenwNYB,14222266,14222266,0,1,1,0,0,0,3591360,8kqDW1PCaNTs5PTDB2znMzC4cyDZ562ZWtiKfJyovou6,mEG1TinMKwkCDeTPZvUWqtpz5jHmuEdGA8am2Utnf7K,2039280,2039280,,
FuhKVt5YYCv7vXnADXtb7vqzYn82PJoap86q5wm8LX8Q,ETHBULL/USDT,3,,14.11,CwChm6,CwChm6p9Q3yFrjzVeiLTTbsoJkooscof5SJYZc2CrNqG,2499900,2499900,0,usdt,Es9vMFrzaCERmJfrF4H2FYD4KCoNkY11McCe8BenwNYB,14112566,0,8742430,100,100,0,5370136,0,3591360,d6UFftw9u4jNnsQiGEgKJfPGBzcaB7tnkFjvSboGH5W,21yfzZoKdmE1LxxdoY5JpT3BzHhLZzSw6ueVQuwWMNyo,2039280,2039280,,5370136
CBaYZDJktoYTrSc38Qd2dq3Kko9bzVKMx6i31nBRVSd4,SamoShib/USDC,3,,12.49,BDCyYh,BDCyYhw4zvf8wx3e8rXcrcYnmsX5BxF7R6g5ooXqu3uL,251693490000,251643490000,0,usdc,EPjFWdd5AufqSSqeM2qN1xzybapC8G4wEGGkZwyTDt1v,12491749,11627453,790421,10000,1,0,73875,0,3591360,3AmitPDPCXNBvYcRRRZmFVpmHSJMU52gbT4t24ALnVr3,DpnT4LKMhA59Uc51zCsJCnuABytAtrg5afME28ivc9Q8,2039280,2039280,50000000,73875
AcnAbXbc5YqEyYUksPbGuHR21SGFNDUdRm3xEvWHFN1Y,LANA/USDC,3,,11.74,7bJMr1,7bJMr1AtyCewq5QKRPJHVKTQZVKoSRN6ekiuJTe93cdN,65634600000,65634600000,0,usdc,EPjFWdd5AufqSSqeM2qN1xzybapC8G4wEGGkZwyTDt1v,11741383,11115613,607764,100000,1,0,18006,0,3591360,5kg9qj1b3bVji6Uk1X2LiGFo1EaUQkg5gK1Z9whggyoN,HnCKD2ZNe96bvoccPquFj11MA7cCvBsYLV3BheKN7NGd,2039280,2039280,,18006
J6ih6rFbwkx7bMRZYjaFzkAUcsLrCMxZ9CCEbtyEAJbS,OOAH/USDC,3,,11.58,D8Fc2H,D8Fc2HLd9L9V2mJnEUpnys6muJUawKYFnJWcUiaGKnyP,161976271000000000,161976271000000000,0,usdc,EPjFWdd5AufqSSqeM2qN1xzybapC8G4wEGGkZwyTDt1v,11579445,2029332,9150435,1000000000,1,0,399678,0,3591360,6dLKjGp9BYU69ovG6kPKoMBUz8gbJTuyYkJjdD4r7BV4,5WAZLkRAtEYZF4opMHMvyxdSZZgNVWwUBtf7AV8JobYq,2039280,2039280,,399678
3qXkLj4vAT4B2dMJQgtKSrNxLfrSQawMZtAzKVEsMyYT,NARWHAL/USDC,3,,11.42,8TjgDM,8TjgDMv2Esb7YRKu1ESZv5vtgD1WqFKmzhPBgsLqwEGG,63493000000000,63493000000000,0,usdt,Es9vMFrzaCERmJfrF4H2FYD4KCoNkY11McCe8BenwNYB,11417783,11034440,359420,1000000000,10,0,23923,0,3591360,v17A5JpxhAHdFzyCuPRjmUkKNP5h7kV2i2PMyAZrcFL,ANmEUU9sTgheqK9riYx2RE1dSLs9VZizNAfpcMsd1DF2,2039280,2039280,,23923
B8L7mjHL3xm6iYo8n7r7SigvFYqg6pwQdJdeGSuPQTfD,GOON/USDC,3,,10.62,goonVP,goonVPLC3DARhntpoE56nrsybwMnP76St5JoywzCmMw,0,0,0,usdc,EPjFWdd5AufqSSqeM2qN1xzybapC8G4wEGGkZwyTDt1v,10624796,0,10062685,1000000,100,0,562111,0,3591360,3kHnsgo2PJAAVSZ6FPYUPmDRne7coBPrZLz82rFc9oKE,Cbc98ycro7ww24KmN89Apjp4x47Ma8NUeSJWjHDFKaNM,2039280,2039280,,562111
AUYZV5BbKePrAkMiWCMhc1EbZCPNHDrK7Jf8jYy8noF6,PKR2/USDT,3,,10.38,A1C9Sh,A1C9Shy732BThWvHAN936f33N7Wm1HbFvxb2zDSoBx8F,55900000000,55900000000,0,usdt,Es9vMFrzaCERmJfrF4H2FYD4KCoNkY11McCe8BenwNYB,10377403,5674831,4655550,100000000,1000,0,47022,3,3591360,9mjxpQMQ7Cb8nhndQP4vYaZAVZEyPCt9mXZ5U7Rzhi18,BzBZnZF2fB2sJdv5PLACypqPT7deU9Wi8m1D6XMzBEYx,2039280,2039280,,47022
FiJzMSWGzG5kwumYeYZNuRm9ByPj8mF1cFMeks5kRMhg,ThugPandas/USDC,3,,10.31,JBK72y,JBK72yMfskz6tkaDCSM6bmaTf6ub7zDZUgBNxTWRAx8p,271458751000000000,271458751000000000,0,usdc,EPjFWdd5AufqSSqeM2qN1xzybapC8G4wEGGkZwyTDt1v,10305401,9996000,272466,1000000000,10,0,36935,0,3591360,85VSBDLNsSdao1n14gkF7CuAVe9sx7ggNuBz9H47936X,7fgQLcqdgaYAnGHRxhC3W5ReFjW2zcMcG7HKTyc5snrQ,2039280,2039280,,36935
FhP3X2ptdi7L1RtWK9Vfow5dyzD92gfXiA57e8eqxvka,MAPS/soUSDT,3,True,10.04,MAPS,MAPS41MDahZ9QdKXhVa4dWB9RuyfV4XqhyAZ8XcYepb,0,0,0,soUSDT,BQcdHdAQW1hczDbBi9hiegXAR7A98Q9jx3X3iBBBDiq4,10043426,4773285,238783,1000000,100,0,5031358,2,3591360,8UimCuepdaK8nN184DoSwU6yEfJybch4NrCVJGgKrQq7,G1vNniXqPuTjwp46YaDiQThWgJkSfRpkcD68z5DDzNKh,2039280,2039280,,5031358
AgUSpr5zSppSY3Gdz8j1HeKZuyntd3Q9KkjkT2KcYsj,ThugMonkey/USDC,3,,9.94,BzY2yo,BzY2yoAPi3tD5xqVqEzrSPu5CSv9Vk7V2fsjJAQLqLv8,253295987000000000,253295987000000000,0,usdc,EPjFWdd5AufqSSqeM2qN1xzybapC8G4wEGGkZwyTDt1v,9935342,8696520,1137884,1000000000,1,0,100938,0,3591360,GPeajjL1hrP5WZotQKUys6VNvHTDbV8aREAzSj2RyGG7,7ufMkqMFVwLPLY8wAeuHqwxZAisRgQNfFT4cFbEVPbKS,2039280,2039280,,100938
5tVUY9id5G6tPBu5C6hFZ9f6As3A4eopf7QTApt5owAy,BV/USDC,3,,9.85,AgBQSK,AgBQSKgZPJPmsMz8qkHbyZdEU4JrRpoNHYh2kxE5TcD1,0,0,0,usdc,EPjFWdd5AufqSSqeM2qN1xzybapC8G4wEGGkZwyTDt1v,9849421,0,9252959,1000000,100,0,596385,0,3591360,2tRnzPK1PHZLJYcthPxVfsELtC2x8gQxnkqjoqE6rHUs,4TMy5TrFZp3iP8fwvnAwL4qn9rpEkv6epsR5PTNdCMFA,2039280,2039280,,596462
B95oZN5HCLGmFAhbzReWBA9cuSGPFQAXeuhm2FfpdrML,FRONT/USDC,3,False,9.77,A9ik2N,A9ik2NrpKRRG2snyTjofZQcTuav9yH3mNVHLsLiDQmYt,0,0,0,usdc,EPjFWdd5AufqSSqeM2qN1xzybapC8G4wEGGkZwyTDt1v,9769603,0,9531518,10000000,100,0,238085,0,3591360,3gociVwayUfJFSGuCkdBgZmhwu8tpn8K5LjjJYLjHXM3,HGmkR3mKZ3YdPJY7Ygo6nCkE53fHgHdVFmtFdDr5aWbh,2039280,2039280,,238085
AaMLXcwYYi5fA41JNCB2ukAmQyKHitYx5NnpsiWWev6R,soTOMO/soUSDT,3,True,9.66,soTOMO,GXMvfY2jpQctDqZ9RoU3oWPhufKiCcFEfchvYumtX7jd,0,0,0,soUSDT,BQcdHdAQW1hczDbBi9hiegXAR7A98Q9jx3X3iBBBDiq4,9665101,0,9665101,100000,10,0,0,6,3591360,9WJ9xkdrgt6kXyoyrTkCCxzw2wJrdceHPe2Biaj4WiMr,HzBwJiohovaCctcfb2GaSfrzh5De89yeuduMVdgrdyEL,2039280,2039280,,
8afKwzHR3wJE7W7Y5hvQkngXh6iTepSZuutRMMy96MjR,soSXP/USDT,3,False,9.61,soSXP,SF3oTvfWzEP3DTwGSvUXRrGTvr75pdZNnBLAH9bzMuX,17200000,17200000,0,usdt,Es9vMFrzaCERmJfrF4H2FYD4KCoNkY11McCe8BenwNYB,9543655,378821,2381241,100000,100,0,6783593,0,3591360,3zVysq29xocWTcRyXdUy2qE9a1ULbSUMi6hP2tBVGkW1,85stZA53DZ1SK7mXFFA2zKLr9TpZ6k27Uep1dWSr4UJ2,2039280,2039280,,6783593
Crxw1bdPQ549BfZs6iwZScmN2zZmuCA7wPvMqWWGihUM,VIDI/USDC,3,,9.07,ELADrK,ELADrKrvyv7mtQ5DbCvPDGogn4fcApH3jDeTy2qpfhsA,1734120000000,1734120000000,0,usdc,EPjFWdd5AufqSSqeM2qN1xzybapC8G4wEGGkZwyTDt1v,9071640,8859306,190374,10000000,1,0,21960,5,3591360,qHXDusVWjdB4PX6eDbPgZUDrjmPqao9dFRg9BtHQexk,HaGR8qBPf9uyXXyNAb22qtXKdQkXxvrQy9h2r54gnz8E,2039280,2039280,,21960
BiJXGFc1c4gyPpv9HLRJoKbZewWQrTCHGuxYKjYMQJpC,YFI/USDC,3,False,8.98,YFI,BXZX2JRJFjvKazM1ibeDFxgAngKExb74MRXzXKvgikxX,0,0,0,usdc,EPjFWdd5AufqSSqeM2qN1xzybapC8G4wEGGkZwyTDt1v,8983379,0,1587447,1000,100,0,7395932,0,3591360,5y25yMahCXeXv2vE6V8cJeBaWS8h9X6kA3oiovX3R56U,FxP4L3TtWtVeJpckkaHQVrFNGyPKC4uQBDPypAnD3szM,2039280,2039280,,7395932
FFJpw24jsFWgjcJKffjBc9FzAeoMpzedHBn9WhwwtcmD,CATOMIAOU/USDC,3,,8.76,4ZEDNm,4ZEDNmqoLbzwJVAJZNhRgz31Da8DauDkpSfH9iU2vXA4,318745262000000000,318745262000000000,0,usdc,EPjFWdd5AufqSSqeM2qN1xzybapC8G4wEGGkZwyTDt1v,8762845,7205,8173829,1000000000,1,0,581811,1,3591360,EmHGQUniVRBnZKDX26SEi2AenCg3LtqGyAbbjwQBkAyM,BzewDhasR9tTLsTHpyRaLu632YbUKRSip53ATtFkarx3,2039280,2039280,,581811
yzKcpbgRmwE5ULL72C4JPUZYQ2S8ZHRFJnrXgQrKyvB,DoggyStyle/USDC,3,,8.64,3in9a9,3in9a9yHtdjDFRjDyGTTpGUwJpT9zZBcyjQ8J7nqqNtq,275689657000000000,275689657000000000,0,usdc,EPjFWdd5AufqSSqeM2qN1xzybapC8G4wEGGkZwyTDt1v,8640991,4411162,4087083,1000000000,1,0,142746,0,3591360,Bw5ZdL73n65SGSE8DDFbLJqjXvHn9ZZDDLsJFzAxExHP,8a8UZjWusuhjBchBeQsDAT9kZuJittYNoyHjZr1A9bx6,2039280,2039280,,142746
4PD799gihM2SdM8g7PxfSWgQR8cWGNiuzmNzcL2RgpSu,GRT/USDC,3,,7.91,GRT,HGsLG4PnZ28L8A4R5nPqKgZd86zUUdmfnkTRnuFJ5dAX,0,0,0,usdc,EPjFWdd5AufqSSqeM2qN1xzybapC8G4wEGGkZwyTDt1v,7914713,0,4323643,100000000,100,0,3591070,0,3591360,4KNLp8PtKQB285XmtckbANucGjAWhBqJWLAi6mZvZ3Nd,GE54J9SMpHxQSZ1JJ41gHaHWJr4ntBR67h8QTnnWdA28,2039280,2039280,,3591070
EQcNRGwogvYJDizG9Ek1qf6syi5UghkYDcUwgmycawYU,1INCH/USDC,3,,7.68,1INCH,AjkPkq3nsyDe1yKcbyZT7N4aK4Evv9om9tzhQD3wsRC,0,0,0,usdc,EPjFWdd5AufqSSqeM2qN1xzybapC8G4wEGGkZwyTDt1v,7678700,0,6935757,10000000,100,0,742943,0,3591360,DDw6N24x9vChoKAFnDdzh14B4CGNQQpkgd8TJ8yMcNPz,FJSAKNRCFBJbsC8AQwdWWFnK5SRqWdF63wAHRBhwKe2q,2039280,2039280,,742943
9e63hJZ1HUNDeBwmzJy9VsRT4kzqJ92Xk24htAwjTCeQ,SOLJAV/USDC,3,,7.65,Dypr2g,Dypr2gWcVuqt3z6Uh31YD8Wm2V2ZCqWVBYEWhZNF9odk,116587000000,116587000000,0,usdc,EPjFWdd5AufqSSqeM2qN1xzybapC8G4wEGGkZwyTDt1v,7645691,60000,7248983,1000000,10000,0,336708,1,3591360,ECiU5eY6vmariNupz4YZaovmFEXGQPLS4cJv9bQqGnRf,F5XRBxYjEV8zNC7AbYm9HewmYXwMDpXUUCjUYG6wdjYL,2039280,2039280,,336708
5bzmeSmiCzeyDQvaSsQhEega7e2jhH39cFCkT4eqSDSx,GRT/USDT,3,,7.61,GRT,HGsLG4PnZ28L8A4R5nPqKgZd86zUUdmfnkTRnuFJ5dAX,0,0,0,usdt,Es9vMFrzaCERmJfrF4H2FYD4KCoNkY11McCe8BenwNYB,7612642,0,3230447,100000000,100,0,4382195,0,3591360,CfmbznEDZWGFXxamLXvAYYrxH2fcWi9Nbr3ZaEzNsRrm,9Ju1srnGJjkqpNZTQN6x7RcBvUT9Saj5qFT8isKojJZC,2039280,2039280,,4382195
3N4UgbUHUkwMU5DKFYRvz3HASbFjs3q9JLAYVRdEQvbp,TRPY/USDC,3,,6.3,Fse2oF,Fse2oFDfbwT89CqtuoFaHCBnGTMFLartDYDjPLZyc7e,254399000000,254399000000,0,usdc,EPjFWdd5AufqSSqeM2qN1xzybapC8G4wEGGkZwyTDt1v,6300915,1583580,4240256,1000000,10,0,477079,1,3591360,7KPeSrbcYq2TGvhNgD1mFdbnruvH9BoPvdF51btTVKwa,6cYyGxJmnnANdJ4PDnNf52fXpNLhcmLDSAzJ7RVhW8ur,2039280,2039280,,477079
H4RxtmQ4P3TYPt78G3DuHgaGzyFct6MfaeYneLB5PyeG,soHXRO/soUSDT,3,True,6.26,soHXRO,DJafV9qemGp7mLMEn5wrfqaFwxsbLgUsGVS16zKRk9kc,0,0,0,soUSDT,BQcdHdAQW1hczDbBi9hiegXAR7A98Q9jx3X3iBBBDiq4,6255715,0,3694706,10000,1,0,2561009,0,3591360,EN2sUjnLsqQyFYtd8Wdnj86wgSBM3GkxpAKmZVUkjwZH,FoRY9C2h7h3ByB4PpjPeg2ajHNToPUSd6L4FEFbtH1o9,2039280,2039280,,2561009
DvbiPxKzuXZPcmUcYDqBz1tvUrXYPsNrRAjSeuwHtmEA,AKRO/USDT,3,False,5.91,AKRO,12uHjozDVgyGWeLqQ8DMCRbig8amW5VmvZu3FdMMdcaG,0,0,0,usdt,Es9vMFrzaCERmJfrF4H2FYD4KCoNkY11McCe8BenwNYB,5913619,0,4026685,1000000000,100,0,1886934,0,3591360,F1rBLyVPAvfF1fQe9ebaMd4qYkB1YK6LhxRykFKLQQfF,CvZWaZMtm11FCxdiH1SiZg2eGj3Pbv5FU7WwaDXuJqoy,2039280,2039280,,1886934
G3h8NZgJozk9crme2me6sKDJuSQ12mNCtvC9NbSWqGuk,AKRO/USDC,3,False,5.85,AKRO,12uHjozDVgyGWeLqQ8DMCRbig8amW5VmvZu3FdMMdcaG,0,0,0,usdc,EPjFWdd5AufqSSqeM2qN1xzybapC8G4wEGGkZwyTDt1v,5850245,0,3914902,1000000000,100,0,1935343,0,3591360,GA47B6SfF4AohsUZmWio5Y9HZWwTjeBiEfdF6y27nEMg,7CCFQE5V4wxVCypWsPvGg6WFPbhwjH3m7SSFKpmvdL6j,2039280,2039280,,1935343
AADohBGxvf7bvixs2HKC3dG2RuU3xpZDwaTzYFJThM8U,TRYB/USDT,3,False,5.58,6ry4WB,6ry4WBDvAwAnrYJVv6MCog4J8zx6S3cPgSqnTsDZ73AR,0,0,0,usdt,Es9vMFrzaCERmJfrF4H2FYD4KCoNkY11McCe8BenwNYB,5580288,2392117,2986610,10000000,100,0,201561,0,3591360,5cb8YjUYsExwcY3RfY4rSyK6Knz1iTg1RkBWWZY13DbW,3LV59EjAMXqZubGHBJdJDoRwxdpKijkwEqqQ5Ni4oTc8,2039280,2039280,,201561
76d1Gv8649Fhn7HtZTxaPCMFA4fYxaQ3jbna7pGMGA6,HOTTO/USDC,3,,5.37,Bqd2uj,Bqd2ujCTEzpKzfjb1FHL7FKrdM6n1rZSnRecJK57EoKz,100000000000,100000000000,0,usdc,EPjFWdd5AufqSSqeM2qN1xzybapC8G4wEGGkZwyTDt1v,5366478,0,4833545,1000000000,10000,0,532933,2,3591360,9xgGG8UqS8AkpoKQnLh8KyUqtZ27LxNQjBJA86xAkERK,B6T4vXvievtxFoZ8R7mV6LD5r2ENXThRoW4iitsPVThm,2039280,2039280,,532933
CU5L8JC83hyYZdf1phzy6a7X58eTtPjs7mHL3QKCcLfh,COMP/USDC,3,,5.19,COMP,AwEauVaTMQRB71WeDnwf1DWSBxaMKjEPuxyLr1uixFom,0,0,0,usdc,EPjFWdd5AufqSSqeM2qN1xzybapC8G4wEGGkZwyTDt1v,5190527,3000000,1939184,100000,100,0,251343,2,3591360,77K35UWb5joXPv1ZojV8a1XWgKPgaYCuxbyPpnY78TUn,86VfEhpPyyCByzpFDzJW2MsvvYZ4e4NYsmo89RE3Qu1a,2039280,2039280,,251343
ENetSmU7WTBTcTXC7Q4WcYYw3WjgwmSFTaTECBtY1Wz9,SMBT/USDC,3,,5.06,2FkuyF,2FkuyFr3N9RzvVahPqzXKfa8H9KhYpChwQZSeMKkkVPJ,60544000000000,60544000000000,0,usdc,EPjFWdd5AufqSSqeM2qN1xzybapC8G4wEGGkZwyTDt1v,5057907,355729,4684718,1000000000,10000,0,17460,0,3591360,8zK4zCg4KuMWQjXcN7Gphw24kzMqNF5pwbzxiVNXhAW8,AdFLjDeM89X6w7sfD6Qj7msuBrTKbRkKbGyUksBd97SL,2039280,2039280,,17460
EhABxYSBodQF7vz6D633cxCG7BSK1S6NrNNPVMSpKLct,HP/USDC,3,,4.58,BmLvq5,BmLvq52WKMb5MYKLScay5V9C4Sh4E67zxvwLbU6i2vTR,14,14,0,usdc,EPjFWdd5AufqSSqeM2qN1xzybapC8G4wEGGkZwyTDt1v,4575154,4301905,164724,1,10000,0,108525,2,3591360,74EDGkqSraADnpikaPJ5wfJHTmjovp5Q5xc5YJkzgYsu,3QiK6PzSgcbmACBJTsCZTgJ6btysoyyT9imJ6Xtdtms1,2039280,2039280,,108525
D52sefGCWho2nd5UGxWd7wCftAzeNEMNYZkdEPGEdQTb,scnSOL/USDC,3,False,4.46,inf,5oVNBeEEQvYi1cX3ir8Dx5n1P7pdxydbGF2X4TxVusJm,0,0,0,usdc,EPjFWdd5AufqSSqeM2qN1xzybapC8G4wEGGkZwyTDt1v,4457943,0,1561548,10000000,1,0,2896395,0,3591360,HDxbowL8Xmf6eFxm4EhWqqtCeMbGko1AfeLHz5s8YF4E,37NwDEqUHhn7n2Sj876fdwgTpAn7fwi3W82cMhHSNh7u,2039280,2039280,,2896395
DQY2Sjm3bEbrXhyGgHsXqLHU2EybBPVPLDTCrEHq9KpL,WOOP/USDC,3,,4.42,WOOP,A3HyGZqe451CBesNqieNPfJ4A9Mu332ui8ni6dobVSLB,0,0,0,usdc,EPjFWdd5AufqSSqeM2qN1xzybapC8G4wEGGkZwyTDt1v,4422179,0,3541253,1000,10,0,880926,0,3591360,EzB2qzzEvjCsrTuozy1tzPdLitPh2yihgs2MrMmhDAtp,EWaYowHEPMSbooYvjoybFvFHaKZjwRXbFGs2xzrZJoXK,2039280,2039280,,880926
GQQKuYXvdDV8qYMAaZDMuXYdhk1cokWhtSqULWnHZ6Gy,PUPPY/USDC,3,,4.41,puppy8,puppy8Lhckjh768j7vCPLr4244a64ZqioskcXxyb4rC,25864747000000000,25864747000000000,0,usdc,EPjFWdd5AufqSSqeM2qN1xzybapC8G4wEGGkZwyTDt1v,4406489,4,3848722,1000000000,1,0,557763,1,3591360,EzDBy6eMya9iEhdTxDe8WSgj9wi7krZ6PBW6GACUnxc8,7zGXtjnxRKiyUBhPhP1n9oB48AfraVJJimAU8NJ1NLG9,2039280,2039280,,557763
6fspxMfBmYFTGFBDN5MU33A55i2MkGr7eSjBLPCAU6y9,CREAM/USDT,3,False,4.21,HihxL2,HihxL2iM6L6P1oqoSeiixdJ3PhPYNxvSKH9A2dDqLVDH,0,0,0,usdt,Es9vMFrzaCERmJfrF4H2FYD4KCoNkY11McCe8BenwNYB,4210314,0,3619150,100000,10,0,591164,0,3591360,4o7RoZ98884WcBHTcSRwcs5fGwNVpTFMJRauxeyv8n6F,EKE7hnJ1CervDFNqgLXpuG8vWQo8G7459ddT2tj7tW2U,2039280,2039280,,591164
4pdQ2D4gehMhGu4z9jeQbEPUFbTxB5qcPr3zCynjJGyp,CREAM/USDC,3,False,3.87,HihxL2,HihxL2iM6L6P1oqoSeiixdJ3PhPYNxvSKH9A2dDqLVDH,0,0,0,usdc,EPjFWdd5AufqSSqeM2qN1xzybapC8G4wEGGkZwyTDt1v,3871575,0,3138474,100000,10,0,733101,1,3591360,9axx5vYHyczp6gjxHPeWtmvWRGQ9TwZYogatQdScBZDw,9BLmMdNgn8QgXxZRKvH5DEYtYd2R6YPvJHTg8pT1ksqK,2039280,2039280,,733101
9gA6T3HRCMTVTULte5pJsXjMDUGRtygTKLbMny6eRcyM,COMP/USDT,3,,3.61,COMP,AwEauVaTMQRB71WeDnwf1DWSBxaMKjEPuxyLr1uixFom,0,0,0,usdt,Es9vMFrzaCERmJfrF4H2FYD4KCoNkY11McCe8BenwNYB,3609566,2000000,1480087,100000,100,0,129479,0,3591360,BWQrVLUJEoJmWXKE2kUf1FgFw8dL3WoiftLWaWQSa3Zm,HamP1W3m2NS4TQc1jteN21FVtBb83rMJP3CKxXUSD742,2039280,2039280,,129479
FJwGJFcu47vgGHEM6y124HxFuCeg9o5UAgA5skgWsSUv,Gangsta/USDC,3,,3.45,Gh6jp5,Gh6jp5U3yfcJwkZ7RoY6Ak2tgd752dSqBSYwHnfK3gft,306197933000000000,306197933000000000,0,usdc,EPjFWdd5AufqSSqeM2qN1xzybapC8G4wEGGkZwyTDt1v,3450842,999600,1996267,1000000000,10,0,454975,1,3591360,8He9n56x3J1DdMr3jn34o46X6FBL48b4JBq2T28SNaTh,GkzCEfmiQrSKgpNpWaV2H6tpXUkLiHoSvSbzCiAnaaxo,2039280,2039280,,454975
2N78M8HZj2R9rSHxVXx6QWSvFvvnmhoEbsNPfrBdtdGo,BITCH/USDC,3,,2.66,AMNoi4,AMNoi4727tzy7adu4wnx3cN2VQbQdG71DqaPoSm7isJ3,64100267000000000,64100267000000000,0,usdc,EPjFWdd5AufqSSqeM2qN1xzybapC8G4wEGGkZwyTDt1v,2664204,220480,2241399,1000000000,1,0,202325,0,3591360,4XPHoZbbPXCpZfDVupUqKpZ4RAcbiacU4K1RJMUQvL3f,6ucoKrKqPmFvmVFhcVfA934PCGeyAARdH5kTc2aq9DTm,2039280,2039280,,202325
Ao8HgYFCT2BJHxSusZbpJCPhvFMFXZApqN2uy2trbQRa,PERP/USDC,3,,2.59,PERP,9BsnSWDPfbusseZfnXyZ3un14CyPMZYvsKjWY3Y8Gbqn,0,0,0,usdc,EPjFWdd5AufqSSqeM2qN1xzybapC8G4wEGGkZwyTDt1v,2587661,0,2457617,1000000,10,0,130044,2,3591360,GEkLTUUh8oRbv2UeoeHb21jLtx7SJLQ2LdYn3SzvLdPm,CDhZuusAVMLohoFWkzeQ2jqn5rx35tSAgYKQE7FDnEqu,2039280,2039280,,130044
8s6vNyWzCynmXV8tpKfsRZFy2qRYwFA9uR31nA5d61mz,HNYG/USDC,3,,2.57,GuRdDY,GuRdDYCNuykG28e77aFVD7gvwdeRqziBfQYdCdRqSVVS,0,0,0,usdc,EPjFWdd5AufqSSqeM2qN1xzybapC8G4wEGGkZwyTDt1v,2566556,0,2473056,1000000,10000,0,93500,0,3591360,DC9TxFGDc2Dye1E3KS1nk61qAtUjnnxHXWqhXdBNqAco,3Thry5hCLGnaFAU7KSA5ti3We4i7TCipJE9Rx1VGXFV4,2039280,2039280,,93500
5EoZqJZrmKmq1yeRkYAerbJhcs92DZbCtW86EhPYCio2,PERP/USDT,3,,2.22,PERP,9BsnSWDPfbusseZfnXyZ3un14CyPMZYvsKjWY3Y8Gbqn,0,0,0,usdt,Es9vMFrzaCERmJfrF4H2FYD4KCoNkY11McCe8BenwNYB,2221743,0,2108608,1000000,10,0,113135,1,3591360,5jcwyKrGBttozy93JxsWF41w8nFiN1Lm8QAu7QjmksWD,3sRUHMk8t4pg1TDXnn68NQtkFMSsWh4Sag7qG6MqxUUi,2039280,2039280,,113135
91WiupLKLjP8ENihdgiZ53j49aosNm1EYXdLbRD6GAY4,SHIBETOSHI/USDC,3,,2.15,BKGp1A,BKGp1At3yLDK1NE2gfMuwv1QMAHBwnqgSdULsyzjUagA,23199676000000000,23199676000000000,0,usdc,EPjFWdd5AufqSSqeM2qN1xzybapC8G4wEGGkZwyTDt1v,2145550,0,2012038,1000000000,1,0,133512,4,3591360,FHE1Memfbbu8iyzKbqzXGwtnGCtn7D9hfTbnDkLUwdNq,2JFqYMxqVyojBfyPAntjpBbuSDGigMHnrBJb8YZxB3fR,2039280,2039280,,133512
CQ3kAGxPmpBbak2RSHWyMeRhyLYbH6oVZHJxgjzDLpLW,soSXP/soUSDT,3,True,2.12,soSXP,SF3oTvfWzEP3DTwGSvUXRrGTvr75pdZNnBLAH9bzMuX,0,0,0,soUSDT,BQcdHdAQW1hczDbBi9hiegXAR7A98Q9jx3X3iBBBDiq4,2125150,0,2125150,100000,100,0,0,3,3591360,6pYQmUef4K43ebYJECgYTGJh2ztKeN5nLzc5dR9scXxn,2SaMGbAfbBKh2MEMwFUQreHJpDbf31mXybhkCFRrAdMt,2039280,2039280,,
8pQRoGRYnJaxQ33WyaXajMQP3XR4Kw6Tf1PeVHQewoJC,UNISOL/USDC,3,,2.1,9TcgiN,9TcgiNyRYyTusbQKS7nXuWY9QajdBk4YQphoUCqesAFD,0,0,0,usdc,EPjFWdd5AufqSSqeM2qN1xzybapC8G4wEGGkZwyTDt1v,2100000,2100000,0,10000,10,0,0,2,3591360,yaWy3b6burTg1FiZKGPUGbq4CQVumgPqn3pmuJJFVfX,DHLjocHSuh3LA4MJnK3y88btYJWPekTuSNUtzE4YboQS,2039280,2039280,,
21eq7jsx59jPFo2gt4npreKu1voURzcjyPniBdgupuQC,RAC/USDC,3,,2.08,EH49zi,EH49ziLeKhJtzUzdys5238pSKpvrgJvmi3EStrZ9QaY7,252260130000,252260130000,0,usdc,EPjFWdd5AufqSSqeM2qN1xzybapC8G4wEGGkZwyTDt1v,2076355,546520,1453091,10000,10,0,76744,5,3591360,4HmyNrZr95NJjXkKWQaQZCfwq1ChRp7duAhFmR5aRW6P,Cc6Qu8QG3FXDAPvackJKsQfdB8xkzz7kbgCo14xBabv4,2039280,2039280,,76744
GV9fYzdwipoaagXFxe5tzDMPcmSVQati5CUvBPsEZThH,soMATH/soUSDT,3,True,1.45,soMATH,GeDS162t9yGJuLEHPWXXGrb1zwkzinCgRwnT8vHYjKza,0,0,0,soUSDT,BQcdHdAQW1hczDbBi9hiegXAR7A98Q9jx3X3iBBBDiq4,1451014,941646,424189,1000000,10,0,85179,0,3591360,MKZq8PFNXWgEdMuTUT585hyjJp7EhCWyiTsFUzgUaCi,FePBsXjXC4jXGAh9hi7hfcHXbG9WAHsLA8qoCYrcPPRn,2039280,2039280,,85179
BTtbWNAVB3eYfPUBuztYpxwNQVWYKN7TKU5e8HDPXCd9,PIKA/USDC,3,,1.45,Pika2w,Pika2wSYzve4njHBwcqzp2QZPr8w18hRwAkugf13BxK,41692866000,41692866000,0,usdc,EPjFWdd5AufqSSqeM2qN1xzybapC8G4wEGGkZwyTDt1v,1451054,99900,1201366,1000,100,0,149788,0,3591360,FzLfmebptN8e4aSS2kG3FJZuAB6N5FnYibZYfJcdbLPF,8CMqJtfa6TSxfaqiM77wypYvyLnumHvyZeQG5tAYWYx8,2039280,2039280,,149788
95f7fxfUh8WqUTrdjorHRXm6rTfkWqr23ioGMmKMjedP,soAKRO/soUSDT,3,True,1.39,soAKRO,6WNVCuxCGJzNjmMZoKyhZJwvJ5tYpsLyAtagzYASqBoF,0,0,0,soUSDT,BQcdHdAQW1hczDbBi9hiegXAR7A98Q9jx3X3iBBBDiq4,1391180,10199,1291566,1000000,1,0,89415,1,3591360,4bqMLBrdBuHzwY6BQnMSvrgSQya2Z4NJWN2kMjUSWgtH,9pJ2fSU7doBup5dPnLFVPPj3jxEVfHtw4S7RA9AfoCAE,2039280,2039280,,89415
DukWnNjNS1qQYUNGYj5NJViEfQW793mHwxij3wi9dazM,PSOL/USDC,3,,1.27,Hmatmu,Hmatmu1ktLbobSvim94mfpZmjL5iiyoM1zidtXJRAdLZ,0,0,0,usdc,EPjFWdd5AufqSSqeM2qN1xzybapC8G4wEGGkZwyTDt1v,1273091,0,1150409,100000,100,0,122682,1,3591360,cZeGkEZBfxFrjHcPtzE5FTpVwQngkufRz92zaSZrYcW,AAgz39HnuT4fjJ47h9twzm7GamCZ1aFVPNZcu4QqBb36,2039280,2039280,,122682
G8L1YLrktaG1t8YBMJs3CwV96nExvJJCSpw3DARPDjE2,MATH/USDC,3,False,1.22,math,CaGa7pddFXS65Gznqwp42kBhkJQdceoFVT7AQYo8Jr8Q,0,0,0,usdc,EPjFWdd5AufqSSqeM2qN1xzybapC8G4wEGGkZwyTDt1v,1220765,0,1179733,10000000,100,0,41032,3,3591360,BzaeLMcXoNjr4kwHg4EverS2UdTNuq8MRMFb2RBmPzcw,DiQcLCcgBRwVF44xMPCizJGZY21DFn3TMno6C2wbzyGk,2039280,2039280,,41032
GqgkxEswUwHBntmzb5GpUhKrVpJhzreSruZycuJwdNwB,RSR/USDC,3,False,1.16,RSR,DkbE8U4gSRuGHcVMA1LwyZPYUjYbfEbjW8DMR3iSXBzr,0,0,0,usdc,EPjFWdd5AufqSSqeM2qN1xzybapC8G4wEGGkZwyTDt1v,1162141,0,1072225,1000000000,100,0,89916,0,3591360,B61G9QbQmaKvz8sr6vfv8uC1kDZ4GnCNqVPLXSDhcG7a,uJFVLSTdLVmYG4YzBYKUPFbevuw46DcQLvjfpQcsBaC,2039280,2039280,,89916
9MZKfgZzPgeidAukYpHtsLYm4eAdJFnR7nhPosWT8jiv,LOTTO/USDC,3,,1.14,7Csho7,7Csho7qjseDjgX3hhBxfwP1W3LYARK3QH3PM2x55we14,8820000,8820000,0,usdc,EPjFWdd5AufqSSqeM2qN1xzybapC8G4wEGGkZwyTDt1v,1137868,1136685,910,10000,100,0,273,0,3591360,AkvPwpyNM6aAMxEsxTdDV1yTaprDTVs7eC69ew1Jw6gK,6D3eqmviF56SnQ9iKhcGoswsQYoM8zsaVzw1QAr2W9Le,2039280,2039280,,273
EybAYkmRKCyD4w8AErTG1bqmnvT85LFuPQPMCc8J3yD,ROSE/USDC,3,False,1.12,ROSE,S3SQfD6RheMXQ3EEYn1Z5sJsbtwfXdt7tSAVXPQFtYo,0,0,0,usdc,EPjFWdd5AufqSSqeM2qN1xzybapC8G4wEGGkZwyTDt1v,1122309,1049580,61237,10000000,1,0,11492,0,3591360,HxCk19Fw3P4LpQzr1tK2Qd3zBFU3RSNBjsaTZsz1sYBa,AajxEc4db29xfCgGShWJDbzVmwTESjvyATQtXyiS8zhE,2039280,2039280,,11492
2j2or38X2FUbpkK4gkgvjDtqN3ibkKw3v5yn7o2gHqPc,RSR/USDT,3,False,1.06,RSR,DkbE8U4gSRuGHcVMA1LwyZPYUjYbfEbjW8DMR3iSXBzr,0,0,0,usdt,Es9vMFrzaCERmJfrF4H2FYD4KCoNkY11McCe8BenwNYB,1062272,0,1000695,1000000000,100,0,61577,0,3591360,UAzUzSA9ZvqcFWkZwgPDoheYKT7cbb2op4FeHeVtvPu,7LyYTu953iYGP6n8QxTG1Z1a571FB6p3TTL5xrNmD6AG,2039280,2039280,,61577
VEwPVH2AzoqQb35DP8gvY3B6hj5mwRzGhfee977b27Z,ISS/USDC,3,,1.04,1SSBwC,1SSBwC8hxB4GXzKKU4ENNpST7zgpTmucDe9NoAopWXX,224406748000000000,224406748000000000,0,usdc,EPjFWdd5AufqSSqeM2qN1xzybapC8G4wEGGkZwyTDt1v,1040766,4222,948459,1000000000,10,0,88085,0,3591360,Hvi2zYqjH6jGPWiE1DbN4Dncgsu5vy82VJVbxPafAKPP,EkRJkq2D5LKiKKJ5TCYXiFNwJgn6mxnRs49a2A8Qvqwe,2039280,2039280,,88085
8BBtLkoaEyavREriwGUudzAcihTH9SJLAPBbgb7QZe9y,MIDBULL/USDC,3,,1.03,EL1aDT,EL1aDTnLKjf4SaGpqtxJPyK94imSBr8fWDbcXjXQrsmj,0,0,0,usdc,EPjFWdd5AufqSSqeM2qN1xzybapC8G4wEGGkZwyTDt1v,1033535,0,681068,1000,100,0,352467,1,3591360,CjCFotZq4WE8tq1CxGrmvd7NtstaxLTU5TryKv6oYNdr,9sFQzwD8WG91drmZMRghd9PufERpydKjJXFYnVh2fwVW,2039280,2039280,,352467
9mJLgcpgwQtSSFixeUAbqw6JGiP8Px1CpbMzhuG6NCdk,XSGD/USDC,3,,0.89,7BjGUz,7BjGUzsCJBXuT21QS4tkEdWf4DyFbJz4wAZRbkoCVizm,1000000,1000000,0,usdc,EPjFWdd5AufqSSqeM2qN1xzybapC8G4wEGGkZwyTDt1v,885593,0,863837,10000,1,0,21756,2,3591360,F1LjgM8kXvh7UFK3dELC5j2k3ojSQAY7bP3yR5pW81YG,5kfRVJxAr19Tv5AkD16jZGJLpx8PcqHjmZGnHMP2RzyL,2039280,2039280,,21756
CkvNfATB7nky8zPLuwS9bgcFbVRkQdkd5zuKEovyo9rs,MATH/USDT,3,False,0.88,math,CaGa7pddFXS65Gznqwp42kBhkJQdceoFVT7AQYo8Jr8Q,0,0,0,usdt,Es9vMFrzaCERmJfrF4H2FYD4KCoNkY11McCe8BenwNYB,882332,0,832205,10000000,100,0,50127,0,3591360,65CjHnsQXurUdFE7BLjeWL79P64MXvucQwKEuKQF7Umy,Dy932c74dTi8tD68b5hoGezouYjMNmCt5hAXVU2jRfBK,2039280,2039280,,50127
HKYrwWJEhv7yTKFtraNtMWptirAPHsriMVDuUYiGgC4v,ThugPenguin/USDC,3,,0.86,6MpQes,6MpQesMjehBwJzgDRDsbUXqjHetf1LGE94H7FDzRVL9Y,388923545000000000,388923545000000000,0,usdc,EPjFWdd5AufqSSqeM2qN1xzybapC8G4wEGGkZwyTDt1v,858481,0,810720,1000000000,1,0,47761,0,3591360,8xND7pksmCSGH5acLnpRwEvbtZhEJ8ahfyNZBKAqjeM7,9D3zLzmfUFjRuG5bLcpx7N4H8whe36Q4StmDPXnZZQz6,2039280,2039280,,47761
FoUNnH6RTVFrL92PsvgLbwTZbFHK1PUe1rb2ZWfF3VGK,GMP/USDT,3,,0.85,DbRA7J,DbRA7Jp8p3tztoPWrDQeJqpKLKXJpotUzJoeiiCdxewz,495346800000000,495346800000000,0,usdt,Es9vMFrzaCERmJfrF4H2FYD4KCoNkY11McCe8BenwNYB,851387,450,734228,100000000,1,0,116709,0,3591360,AS1THAnRGpkCTrzCSKP5DrYxBghnKmVRgBZkqyg2kW5V,Fn3pAYh3CHf4TRonfmP3w4FpMossnPWf6WpG3gFNkLCq,2039280,2039280,,116709
DnBj2xqxwjDYCNnegpFuaFqiYktvZpz9a7gvdbodjTU,TENKAI/USDC,3,,0.83,TKDrcm,TKDrcm3n4mfXFfPKZoLp5soRSdFQSmyWLdomdKL3ktU,0,0,0,usdc,EPjFWdd5AufqSSqeM2qN1xzybapC8G4wEGGkZwyTDt1v,829222,0,777060,1,10,0,52162,0,3591360,9pqDmG921TuMprrf9696fYhphdyzoK7Vxm7jdCYo4Rx6,74ZJPdd9CiToLRxYXtsg29NCTxGifwM7LsCyX9dmK7MB,2039280,2039280,,52162
8nTQLcukiGQEQ1zguvmtLx95VJmZm5WxRsdBneaTGVmN,SPKL/USDC,3,,0.81,EFYKDd,EFYKDdppK1FjixaxExpVhoTd8gtAmncbhQYruzWyG6Cx,0,0,0,usdc,EPjFWdd5AufqSSqeM2qN1xzybapC8G4wEGGkZwyTDt1v,814800,0,788400,10000000000,10000000,0,26400,0,3591360,S7ZAyjWAfcw6nAqaCpXE5EmmnrcL9UYzCSBAKfdFFnZ,RDpy56PkddRAxBVRn2Lm7SsmBYTcJQhPvQgKtJfzqbV,2039280,2039280,,26400
9wmsybKvBWKatj7FxkYhauna6z4mcMDXQrjNvdy2kdgE,PRMD/USDC,3,,0.63,Ghj7ib,Ghj7ib4VJC592ybwpMK75vaX3fRu1SqtkXYMd2pNywtK,0,0,0,usdc,EPjFWdd5AufqSSqeM2qN1xzybapC8G4wEGGkZwyTDt1v,626834,0,596283,100000000,1,0,30551,0,3591360,DqnKswN1NmLYUzNt9huwdRWEKPjmFDQj9NnwensX8krJ,4uB4FscuHdgbfGtM42MgJXMXVYcKx7CYmiU8DyUD4Q45,2039280,2039280,,30551
CbwtTHEpfTnCyLw4GoTbKk7WyrXkuATLfLadY2odBSsY,soYFI/soUSDT,3,True,0.6,soYFI,3JSf5tPeuscJGtaCp5giEiDhv51gQ4v3zWg8DGgyLfAB,0,0,0,soUSDT,BQcdHdAQW1hczDbBi9hiegXAR7A98Q9jx3X3iBBBDiq4,596334,0,0,100,100,0,596334,2,3591360,FfqLBhRUzBjFmbVHDycFbPWK5H41sLC1CpvzP5KVtUi5,FVGem7QNYZRmy8eZiS8ez6YyJrykjnLyKYh1j3gCT9rk,2039280,2039280,,596334
2BQrJP599QVKRyHhyJ6oRrTPNUmPBgXxiBo2duvYdacy,EOSBEAR/USDC,3,,0.6,5ddiFx,5ddiFxh3J2tcZHfn8uhGRYqu16P3FUvBfh8WoZPUHKW5,1759000000,1759000000,0,usdc,EPjFWdd5AufqSSqeM2qN1xzybapC8G4wEGGkZwyTDt1v,601684,791,473025,1000000,100,0,127868,2,3591360,EfauTQ29VU2ff1JDwGe8tVcr5kXi6UZqyFs6KRJd28Lo,HEC5YyRYajeGCAMJQKpiE7S7Jiq5zJMnVeo3q1jzRGFS,2039280,2039280,,127868
9jMPV9E23pTirMjC7vz5suRNkd25311G3Httg7jTib8R,soCREAM/soUSDT,3,True,0.52,soCREAM,5Fu5UUgbjpUvdBveb3a1JTNirL8rXtiYeSMWvKjtUNQv,0,0,0,soUSDT,BQcdHdAQW1hczDbBi9hiegXAR7A98Q9jx3X3iBBBDiq4,524461,0,520683,10000,100,0,3778,0,3591360,Esay7WB9ARh99X6wjr49DSPCKsozusuKdmma6Ta3uaah,6cpjUkkqDqtKWZMMLeWPPF9pk7cUZxB6x5HfXAGt8nDV,2039280,2039280,,3778
GL2M3XXPxA3BxpbMTy7j7ajTfRUreJNEvQhUnjU1r9fF,METARARITY/USDC,3,,0.52,H36ykN,H36ykN443TZ6pC8oryicCYr5YB1em4fuSyezu5aoskNv,4787825010000000,4787825010000000,0,usdc,EPjFWdd5AufqSSqeM2qN1xzybapC8G4wEGGkZwyTDt1v,522632,0,501428,1000000,1,0,21204,1,3591360,1r5xufQNnngUW5QoRAuzMbUefBK4eBap2Ysk5gu1xuj,BurC6UT1Sg3kLhu27W4cHDKdbSfrJHGhgmgVv1aGysUr,2039280,2039280,,21204
2NMTG7tFZidRpQk9Sf4dgQyJb9HxKCyXjQdiuXww3sKm,soSWAG/soUSDT,3,True,0.46,9F9fNT,9F9fNTT6qwjsu4X4yWYKZpsbw5qT7o6yR2i57JF2jagy,0,0,0,soUSDT,BQcdHdAQW1hczDbBi9hiegXAR7A98Q9jx3X3iBBBDiq4,455945,0,455945,1000000,10000,0,0,0,3591360,DWgYw1QRaivJYV6sZRiFbUMHuG3YNUHvPzDpoBH7ZEdz,2MYHxBoTkF7yBdphz7yHTmym1VnXn4actsnSAien6gH7,2039280,2039280,,
F1jBaKCMrxZpEgn79uduxpF2qHeqwiTQ3BwKdT6yqckd,DOGETH/USDC,3,,0.39,ArhMyF,ArhMyF2N8XpaujYUxTTDt9EuaBCaGaccxfwaZmkm9XeF,31072694000000000,31072694000000000,0,usdc,EPjFWdd5AufqSSqeM2qN1xzybapC8G4wEGGkZwyTDt1v,388304,9,39793,1000000000,10,0,348502,0,3591360,Ccb7eKCN4neQ4MrEF5P5Bm44Fuo8Kx5DfWpWrnjskuzV,Hc1bgBwLqsPYcHfEu9hXSXwABYQSUf4sFZq7snssfTjX,2039280,2039280,,348502
DZTYyy1L5Pr6DmTtYY5bEuU9g3LQ4XGvuYiN3zS25yG7,FRONT/USDT,3,False,0.22,A9ik2N,A9ik2NrpKRRG2snyTjofZQcTuav9yH3mNVHLsLiDQmYt,0,0,0,usdt,Es9vMFrzaCERmJfrF4H2FYD4KCoNkY11McCe8BenwNYB,221735,0,1172,10000000,100,0,220563,0,3591360,7qJvrHNvjiNNtH63FUgoUyX3fg6Gp5QCY1kBJuRLb9iC,B6cZkfzJeJcmpqgndz3ZcMyzeHwLMzB7LQy6KSz3FhX5,2039280,2039280,,220563
EHCty8rwVcE1T8Ccd6Emrd1oB2yNeMXz6kcgmE1Qa6sG,PIPANA/USDC,3,,0.19,8tbAqS,8tbAqS4dFNEeC6YGWpNnusc3JcxoFLMiiLPyHctgGYFe,0,0,0,usdc,EPjFWdd5AufqSSqeM2qN1xzybapC8G4wEGGkZwyTDt1v,194603,0,150366,100000,1,0,44237,0,3591360,9wy7soPbJA7uK5A5nYZqBb4iq4nxdSoMKRfyWFkK4EFX,Ef3Vyg4xM7Toc4iopjum2ANkCsAK7q1k5bFLQiYLKfYr,2039280,2039280,,44237
DE7xJE2EkaV81wLabDMuhBzUwFhhwfURLdz1aXBBQZQ1,soKEEP/soUSDT,3,True,0.18,soKEEP,GUohe4DJUA5FKPWo3joiPgsB7yzer7LpDmt1Vhzy3Zht,0,0,0,soUSDT,BQcdHdAQW1hczDbBi9hiegXAR7A98Q9jx3X3iBBBDiq4,176178,0,172290,1000000,100,0,3888,0,3591360,48PpA9jfgWHHqRzWH4uzVWfAdfJ2p8Lnj3C4TjfD3MC3,6PyKqfxzGHJGJ8TVHMnYRzDkCKcQ1gCwZ3R7F2SH8hoc,2039280,2039280,,3888
Dujraambe9WWEtgswwccoJWMtE4Rnz2Ue4X2cGJB7keB,RPC/USDC,3,,0.16,EAefyX,EAefyXw6E8sny1cX3LTH6RSvtzH6E5EFy1XsE2AiH1f3,1629184620032,1629184620032,0,usdc,EPjFWdd5AufqSSqeM2qN1xzybapC8G4wEGGkZwyTDt1v,164036,0,163956,1,1,0,80,3,3591360,E2zciFtHMvUv4tmm5jRGTkG1Y6AzBfgjjBSre9h2pp8G,GNNt23ZXR6n4mF1BonSqtYg59Ty52Zjb2JQ1zUNV4X7B,2039280,2039280,,80
27e1mB6UoPohbc3MmwMXu5QM7b2E3k5Mbhwv6JguwyXg,HGET/USDC,3,False,0.15,HGET,2ueY1bLcPHfuFzEJq7yN1V2Wrpu8nkun9xG2TVCE1mhD,0,0,0,usdc,EPjFWdd5AufqSSqeM2qN1xzybapC8G4wEGGkZwyTDt1v,145245,0,129272,10000000,100,0,15973,2,3591360,FN8ddFUxT2knoKJbhgRoKfuHNxAuHzSkQJ2UZqhUjHkj,B2DSqnzYJttt3Q4sTFg9fMeMzgcBgHr1YXoxpSPjroEm,2039280,2039280,,15973
F7WJsoxTWQRmAwAyFe9APmuVv4HqmhchFtdbR9dvAUDm,GALA/USDC,3,False,0.11,GALA,AuGz22orMknxQHTVGwAu7e3dJikTJKgcjFwMNDikEKmF,0,0,0,usdc,EPjFWdd5AufqSSqeM2qN1xzybapC8G4wEGGkZwyTDt1v,111000,111000,0,100000000,10,0,0,2,3591360,37vjQZqtp6hnxbJ7B9oB5uFXwvXTzU6jH5Z2Kq8GtFwH,9qcEQgFJTLPMUhiTbYwHnMNsEi9XTCKHPD5nLdWCtY3g,2039280,2039280,,
BdRzTEKb7Qdu4tWts5zXjwcpQErZxEzvShKZ5QcthMag,HGET/USDT,3,False,0.1,HGET,2ueY1bLcPHfuFzEJq7yN1V2Wrpu8nkun9xG2TVCE1mhD,0,0,0,usdt,Es9vMFrzaCERmJfrF4H2FYD4KCoNkY11McCe8BenwNYB,98769,0,90876,10000000,100,0,7893,1,3591360,7B5nWRzdiBUBqcEKtKVovuFYQo7LZADar2Q4m4cTRSFF,FDAuRz4iGFBFNP22Tw1kz8SrBGXa3pJZFKVfWZ48w8z3,2039280,2039280,,7893
7cRKzNoqjF9VtzvdnP129VYP3izivk9iY3jMJBMzREVT,soHGET/soUSDT,3,True,0.07,soHGET,BtZQfWqDGbk9Wf2rXEiWyQBdBY1etnUUn6zEphvVS7yN,0,0,0,soUSDT,BQcdHdAQW1hczDbBi9hiegXAR7A98Q9jx3X3iBBBDiq4,72837,0,0,100000,100,0,72837,0,3591360,DeFfL9pPTa6JfDSsUH5hHRv3ohy1BRgTWcSAfd9BdZVX,38ATSj5XRF2UC5YUz4fCZM3rbTxV7ZNuXC8iKsH1Aw1H,2039280,2039280,,72837
AMqKRL1M3rh83CZgvQquELCoZRasfr58ZiQVAQXZEerM,WUR/USDC,3,,0.04,Wurx1C,Wurx1CQEpuo8ExhWaMYrz9KErXBrKAdz64ZoRKSjuXy,0,0,0,usdc,EPjFWdd5AufqSSqeM2qN1xzybapC8G4wEGGkZwyTDt1v,40385,0,32308,100000,1,0,8077,3,3591360,ACs75pPpXeuyMAgNYG7VFpHuhboXXaZJw6UA6ZuoFSbN,GVLY9nUGFN9po53ScJ779BeLAqhf3T6Q58E71hFiyAqe,2039280,2039280,,8077
HRgYivDbGrJGGS4Uw8HxQnSKJRAb6EU1wncbsSGXP8M5,TGR/USDC,3,,0.03,9XVR3R,9XVR3R8K2qVsyRRuP4Y6edLqmmmGAMHgcqcnoWR7MyCL,0,0,0,usdc,EPjFWdd5AufqSSqeM2qN1xzybapC8G4wEGGkZwyTDt1v,25148,0,25068,10000000,1,0,80,1,3591360,39hYWpEmriycbn3evg8U891JUJxvaRePpxm9zrWH1yYr,4Tim9teavJeFrq4uhnmPUScinLjk5XQPXFxoZ5Df313i,2039280,2039280,,80
Cc2K7Ao4FtgoquT2ua7zvRuYnQMBSz2s83A5zTyR8h2z,FLW/USDC,3,,0.02,7tE99R,7tE99RKS4RwQxEjvZfh4CQMoQMMTRdL5KQbugsfhNYPg,0,0,0,usdc,EPjFWdd5AufqSSqeM2qN1xzybapC8G4wEGGkZwyTDt1v,16907,0,14644,1000000000,10,0,2263,1,3591360,14uDu7ndU8i98Ge1ShWBLTxfdGxXixQq9yeSCs27KEGe,FuhnC7cEyj1CpU7xT1cCPG1NQ9QbixskmTps5yJJ5bQA,2039280,2039280,,2263
GPa4iZhDPJfGUj3RAdpuR1EZ4Xgmstn2CC7E9QVDukKC,POOS/USDC,3,,0.02,FdDEak,FdDEakNRY4k3orJuBXUcm9VkcXd8YXVPjuG5WuRN2tWH,105540318020000,105540318020000,0,usdc,EPjFWdd5AufqSSqeM2qN1xzybapC8G4wEGGkZwyTDt1v,16546,0,16297,10000,1,0,249,1,3591360,2HdqMTonPas44MzbweGLp4vtJz2Rymm2JWBP5rf1EFtq,4LoRSpdDyy8mmytMEPo3A8WLU439sxPznFgc2FaWSuUv,2039280,2039280,,249
5SWZF5PpQcMhVDFduXVGApmvdHNPJRhzYEq3EgbtkvkZ,TRIT/USDC,3,,0.02,48FCZm,48FCZmKZw3iJcvuAMMShWRSimJ9DN2BBN4exgRpTp5WG,0,0,0,usdc,EPjFWdd5AufqSSqeM2qN1xzybapC8G4wEGGkZwyTDt1v,22213,0,17771,10000000,1,0,4442,0,3591360,6T5crnVYTpFf6d3ifK3rqZV6rDkXkXJTa6GLWGjBQb6w,A9HECvSUiKrvosknbXaGEyhoRReBQrz6tWy85KSczR4E,2039280,2039280,,4442
3k1sURztjxhjYczjyioQ7y2UkMB6K5Ksi3SWvLeLx6Ex,soHNT/soUSDT,3,True,0.01,soHNT,HqB7uswoVg4suaQiDP3wjxob1G5WdZ144zhdStwMCq7e,0,0,0,soUSDT,BQcdHdAQW1hczDbBi9hiegXAR7A98Q9jx3X3iBBBDiq4,12750,0,12750,100000,10,0,0,0,3591360,HB6pMHNRonVGVFGg49srEpaBPK1kd2SjfxXNAAi2U6wz,ARVDWWYaJ39CAG1TihxVnkCY5LFXCFSm1qvPxopEczrX,2039280,2039280,,
Gjxg4x8BturwnABaTeHvasgHPXvgLDVnu927ttu7BsAg,CUBE/USDC,3,,0.01,KUPoVb,KUPoVbJmipJb1M7xzQEND5w7u1BbmBytu9wZ2QPjQx4,10240000000000,10240000000000,0,usdc,EPjFWdd5AufqSSqeM2qN1xzybapC8G4wEGGkZwyTDt1v,12760,0,10844,1000000000,1,0,1916,0,3591360,6da4TigyU6P9j7jcdCR9ogVUf8KcArr8yeiNqDvbFD3Q,EZpakFzxCcVTx51Cyf9oE82torZHqfyceWxa8eQRc2Fs,2039280,2039280,,1916
2Hqn46jhwaQMQ3zEnHtxrWxQZom6qwLXAgdsFJM1Srwh,MSRM/soUSDT,3,True,0.0,MSRMco,MSRMcoVyrFxnSgo5uXwone5SKcGhT1KEJMFEkMEWf9L,0,0,0,soUSDT,BQcdHdAQW1hczDbBi9hiegXAR7A98Q9jx3X3iBBBDiq4,0,0,0,1,1,0,0,1,3591360,7EujPvf9GVebcSe9ick7AXUh1iVoGZVtLsZAD2gcSc7f,Ea5Rnw6f2XXzBX83JDJeX4RNDQEF46BJDLYyuECJjcwS,2039280,2039280,,
J9imTcEeahZqKuaoQaPcCeSGCMWL8qSACpK4B7bC8NN4,LUA/USDC,3,False,0.0,5Wc4U1,5Wc4U1ZoQRzF4tPdqKQzBwRSjYe8vEf3EvZMuXgtKUW6,0,0,0,usdc,EPjFWdd5AufqSSqeM2qN1xzybapC8G4wEGGkZwyTDt1v,0,0,0,1000000000,100,0,0,3,3591360,5PyHefUBtMaQL9ZZEHL23AaGCwuH3NhCpRR1tmrhDaGT,6dPHCywkTRQ4cX67gnBBkhf6Y1sTUeWxqo1DuyWkTrVn,2039280,2039280,,
BMJ3CvQZ57cNnuc3Lz5Pb6cW6Sr9kZGz3qz2bJQTE24A,LUA/USDT,3,False,0.0,5Wc4U1,5Wc4U1ZoQRzF4tPdqKQzBwRSjYe8vEf3EvZMuXgtKUW6,0,0,0,usdt,Es9vMFrzaCERmJfrF4H2FYD4KCoNkY11McCe8BenwNYB,0,0,0,1000000000,100,0,0,2,3591360,tA511YFnLdqCqbnNne3588NHSpJ3j52PxEMbySuiDYz,DJT8dLGKdKbvVU7NLeE31FbPFatPmMhNZMMg6wHogt2N,2039280,2039280,,
wSkeLMv3ktJyLm51bvQWxY2saGKqGxbnUFimPxbgEvQ,SWAG/USDC,3,False,0.0,5hcdG6,5hcdG6NjQwiNhVa9bcyaaDsCyA1muPQ6WRzQwHfgeeKo,0,0,0,usdc,EPjFWdd5AufqSSqeM2qN1xzybapC8G4wEGGkZwyTDt1v,0,0,0,1000000000,100,0,0,1,3591360,7CLApq1jWMULHmX6wtvNU7AudeHyj8A9VXV5uGwaTWAW,AWmXEqb55zZxuXimsGHw1fwg4PJ3YnHJDWnZDaCejGiH,2039280,2039280,,
6URQ4zFWvPm1fhJCKKWorrh8X3mmTFiDDyXEUmSf8Rb2,SWAG/USDT,3,False,0.0,5hcdG6,5hcdG6NjQwiNhVa9bcyaaDsCyA1muPQ6WRzQwHfgeeKo,0,0,0,usdt,Es9vMFrzaCERmJfrF4H2FYD4KCoNkY11McCe8BenwNYB,0,0,0,1000000000,100,0,0,0,3591360,3vBSKBCWZC4hfYoUtXuVsw5obAKLwN5HdE6osxKMt6hE,DzXdWvecqP6yzPzuVexiMkkzE43T2HaxvU8j4QyGKp4i,2039280,2039280,,
Hh4p7tJpqkGW6xsHM2LiPPMpJg43fwn5TbmVmfrURdLY,UBXT/USDC,3,False,0.0,FTtXEU,FTtXEUosNn6EKG2SQtfbGuYB4rBttreQQcoWn1YDsuTq,0,0,0,usdc,EPjFWdd5AufqSSqeM2qN1xzybapC8G4wEGGkZwyTDt1v,0,0,0,1000000000,100,0,0,0,3591360,38MotHjGL9oe5qgJptJyLzr4et7MNdAgCsNwMAXcS8oT,ESLNSk4cXr2UeGXHoNhrzrqmMqbEZd27ca95K83DKNy4,2039280,2039280,,
5xhjc3ZtAwnBK3qsaro28VChL7WrxY9N4SG6UZpYxpGc,UBXT/USDT,3,False,0.0,FTtXEU,FTtXEUosNn6EKG2SQtfbGuYB4rBttreQQcoWn1YDsuTq,0,0,0,usdt,Es9vMFrzaCERmJfrF4H2FYD4KCoNkY11McCe8BenwNYB,0,0,0,1000000000,100,0,0,2,3591360,C8ciGD5juM6tCzfUidnESVWrAPkBqyv1avavnLvDTFtW,FHbrNtmQ1uxkwaCuig3QWbqyA3c6VhNCntTtgj1iaswt,2039280,2039280,,
526WW289h5wibg1Q55sK16CGoNip8H5d2AXVbaAGcUMb,DWT/USDC,3,,0.0,cREsCN,cREsCN7KAyXcBG2xZc8qrfNHMRgC3MhTb4n3jBnNysv,0,0,0,usdc,EPjFWdd5AufqSSqeM2qN1xzybapC8G4wEGGkZwyTDt1v,0,0,0,1,100,0,0,0,3591360,7W91vZkhewuWeJvteRrbNFsbehasN5wKHYQnNPWghgiK,G8JUhWpm49ZojeXGvD2Nwc5wJD2jUG1teGxG4pTGJtiq,2039280,2039280,,
FS8EtiNZCH72pAK83YxqXaGAgk3KKFYphiTcYA2yRPis,renBCH/USDC,3,,0.0,G1a6jx,G1a6jxYz3m8DVyMqYnuV7s86wD4fvuXYneWSpLJkmsXj,0,0,0,usdc,EPjFWdd5AufqSSqeM2qN1xzybapC8G4wEGGkZwyTDt1v,0,0,0,10000,1,0,0,2,3591360,47ywDzekWfsdRETHRLoB42L449xtbgvKQAaAi7JrXhyb,HNFJrdLu75aAmdqjJRwqJSjkkcJGTqVyp4xRZ1E1dDoX,2039280,2039280,,
2ahbUT5UryyRVxPnELtTmDLLneN26UjBQFgfMVvbWDTb,renZEC/USDC,3,,0.0,E99CQ2,E99CQ2gFMmbiyK2bwiaFNWUUmwz4r8k2CVEFxwuvQ7ue,0,0,0,usdc,EPjFWdd5AufqSSqeM2qN1xzybapC8G4wEGGkZwyTDt1v,0,0,0,100000,1,0,0,0,3591360,FfJWbWSKZwd2EnRMPkENWdeUG3BZMsFm7SsiEpdrDF1u,BC5VNDguTDBrnQM4L85TrhFqpESLpA6acB2g5XqjPqX,2039280,2039280,,
CjBssusBjX4b2UBvMZhiZCQshW1afpQPA1Mv29Chn6vj,CRYN/USDC,3,,0.0,5pXLmR,5pXLmRJyfrTDYMCp1xyiqRDcbb7vYjYiMYzhBza2ht62,0,0,0,usdc,EPjFWdd5AufqSSqeM2qN1xzybapC8G4wEGGkZwyTDt1v,0,0,0,100000,10,0,0,4,3591360,7ezMtcPFfBNVEYADYevsSY1un18bVryFutzNCfrXnVia,L7tXmNTsFt3S1ic63EY5nFza4DXf6Wt8tg1r5PJP1yx,2039280,2039280,,
SyQ4KyF5Y1MPPkkf9LGNA6JpkVmis53HrpPvJ1ZUFwK,UPFI/USDC,3,,0.0,FxjbQM,FxjbQMfvQYMtZZK7WGEJwWfsDcdMuuaee8uPxDFFShWh,0,0,0,usdc,EPjFWdd5AufqSSqeM2qN1xzybapC8G4wEGGkZwyTDt1v,0,0,0,10000,100,0,0,0,3591360,F1sDPQrnGEPuWspQeTnqa9ydthcuqoc13wLXd35EZQF3,9jQmxmKmKjkGpACEWfMPxvSixx4wrsFC5gvibBHRfi9q,2039280,2039280,,
ESmbZckdRFv1F8aJ9CfcAsQ9JQchCVgXMEd2UimcujHU,CRY/USDT,3,,0.0,Hbrmyo,HbrmyoumgcK6sDFBi6EZQDi4i4ZgoN16eRB2JseKc7Hi,10000000000000,10000000000000,0,usdt,Es9vMFrzaCERmJfrF4H2FYD4KCoNkY11McCe8BenwNYB,1512,0,1501,10000000,1000,0,11,1,3591360,3Rz4yBfELk5Xwdj99sm4AGRtbzNK3mEFybmHbyVCCU2m,G3PCT9KkxuZjnsWRth5qz1r6JBW6Wbnbb5pFzKY4i2C9,2039280,2039280,,11
3zyMD67tUqSfuF8XTZjzBjqT6daEUfx2nk6YSVtmzDnD,SAFE/USDC,3,,0.0,SAFE,2ah3bN48SKfRJbV93zEwfWz3FoUh44RUhRxDWFGzeaGL,0,0,0,soUSDC,BXXkv6z8ykpG1yuvUDPgh732wzVHB69RnB9YgSYh3itW,0,0,0,100000000,10000,0,0,0,3591360,4w7SGa5w4fRCoHX1WS49hhnrSzvVHY8mwqqGRRtm8BtL,AqJkcWEeitMdJCiFYJHd4j42fnTNqGHiQHmexi3TgX9G,2039280,2039280,,
2sedHoXJosRteBjP4FEV4U9TJ6JhHaNDgmkzm2dNtSHe,SAFE/USDT,3,,0.0,SAFE,2ah3bN48SKfRJbV93zEwfWz3FoUh44RUhRxDWFGzeaGL,0,0,0,usdt,Es9vMFrzaCERmJfrF4H2FYD4KCoNkY11McCe8BenwNYB,0,0,0,100000000,10000,0,0,6,3591360,FrnnXX137gBh88cpRVb9aQVsZNKvRxDVEFz47BeP5SJR,7Dd7oT1yeFdiJM67x7z1hPtQrxnNAivokadw6GfKJjgQ,2039280,2039280,,
CvSvtVVFywPm6mMA4ZkDT5iMZPSRZTca9LwFLcqqs2FU,LXT/USDC,3,,0.0,LXTW9n,LXTW9ngoMgUnW7dbUSqaS9HCwua6CJbkQ3bhJhh6RxV,0,0,0,usdc,EPjFWdd5AufqSSqeM2qN1xzybapC8G4wEGGkZwyTDt1v,0,0,0,10000000,1,0,0,2,3591360,C3PoDy4sdWj2ABUmLCB8k4Wk5e4z6CbabHdPBeyuYzpr,CRZNEuKYS2wmXe3FDtG2LGgELf5SAAR8dJ5YTGpFDtUu,2039280,2039280,,
3tnNsMhZH5DVnY8bA95H1mQdSJpaA8spHBhsixnDsH2g,SHIP/USDC,3,,0.0,HdYCTH,HdYCTHTSRidRJK8pvnCd6un1kFYAMai85xryhpjmNrz6,0,0,0,usdc,EPjFWdd5AufqSSqeM2qN1xzybapC8G4wEGGkZwyTDt1v,0,0,0,100000000,1,0,0,0,3591360,CkvhnGBMk2TNu5sT2asEkE9uoh8SeEhfbSuVCWAkJZ1j,EFQsGT9PSGcQsoVbcSvmasAfz5chiQ6oGmUKzJXHgsNe,2039280,2039280,,
4kAzx9Raaw4ZThyN7PTVnc82YP2gLu6xNmH4jHWWSR7N,TiP/USDC,3,,0.0,CGBxTQ,CGBxTQNXMmmCXAPm4dC9MQJ1q8JDDxApwFwW188SdtBu,5162050673,5162050673,0,usdc,EPjFWdd5AufqSSqeM2qN1xzybapC8G4wEGGkZwyTDt1v,36,0,36,1,1,0,0,3,3591360,91ruDchktuVnHMSxzt31PYAg7p6XzcMLH5Ry38jz22JD,HX3t2Wep2rwvteQCtzc81dQCWvQjp6VeB26iaGYJmq2c,2039280,2039280,,
7uHeXXknyws9iazNGh5JZjfqFFCKeihAYcgzSW3AfqkN,SFC-BATTERY/USDC,3,,0.0,6GK4nh,6GK4nhV3h2RDKmjY4u43N3HJWNs6nYSB1qSBnsj6a2px,0,0,0,usdc,EPjFWdd5AufqSSqeM2qN1xzybapC8G4wEGGkZwyTDt1v,0,0,0,10000,10,0,0,0,3591360,AtNmKQxDy7t1iKa7bbA3FivbyQYLLa9m6rPxgqbVCuUm,4gfaTbySWgWNeJdE9ekaBCNim6e9eviNNHzwCVKr5uLm,2039280,2039280,,
EHv2AXZuCapqseZCqRwzeJcVDgctzcuGu4JwRZenEv5g,BOOTY/USDC,3,,0.0,7mT2Xb,7mT2XbK3iqQrhzDFoy87r61ewkrDWYLHrm94iMiTf8xJ,34500000000000,34500000000000,0,usdc,EPjFWdd5AufqSSqeM2qN1xzybapC8G4wEGGkZwyTDt1v,3280,0,2624,1000000,1,0,656,0,3591360,9pmVEP4bB57nUwAB1XFyqikd4k2oKksabMtqkNuebcGL,5Jo1UGjFzw8f4EYdHy7GsbfbykpS2i9uPy2qbDuwGFca,2039280,2039280,,656
6cQTBrDUWjSKjeqhAzYE7GA1LjR7QexoSfwGrDEVpLFS,VSNRY/USDC,3,,0.0,8k8nYi,8k8nYi4NSigPgk9CijcDJyoraGr273AggWZFgn8Adk1a,0,0,0,SOL,So11111111111111111111111111111111111111112,0,0,0,1000000,100000,0,0,0,3591360,Asj1SYrb6WfGyTww7MtLAf69cH98JcQsZKiLRqgsDGTq,HQsca1ioKcrtzi3KHkqn6fYATu7GhmfM9eeQN5PmfUA8,2039280,2039280,,
4hvgayPdWGdMeQREv4JGGfs83beV9d4biQV8AUhUMQmT,WEYU/USDC,3,,0.0,EHaEBh,EHaEBhYHWA7HSphorXXosysJem6qF4agccoqDqQKCUge,0,0,0,usdc,EPjFWdd5AufqSSqeM2qN1xzybapC8G4wEGGkZwyTDt1v,2790,0,2233,1000000,1,0,557,3,3591360,82WScYs78BJ8bWekGPXdWdepK4ffMAEPZH1SC4crxkkQ,4jmzLrcHjnGQ8hsDkiWRnmeacvHRWxRB1XsDFLcoWxy9,2039280,2039280,,557
