protocol,chain,comptroller,market,symbol,decimals,cash,totalSupply,totalBorrows,totalReserves,exchangeRateStored,cf,listed,mintPaused,borrowPaused,price,cashUSD,supplyUSD,empty,tinySupply,criticalSupply,directDrain,emptyBorrowAttack,freePullUSD
jax-protocol,taiko,0x8D86d4070b9432863FE9522B2c931C410085E1d4,0xdc1af71e6b9b4572cdf7832496efbea06cbecfc5,jETH,18,89470661112472914,447353908,0,0,199999730666202012926195337,0.0,True,False,False,3940.0,352.51,352.51,False,False,False,False,False,1e-06
minterest,taiko,0xe56c0d4d6A08C05ec42E923EFd06497F115D4799,0xf89b01fa87a3e51bda2da67154ea35a3f84ec373,mUSDC,6,309240450,159696242617523,42260560,None,2109501710737,0.5,True,None,None,None,None,None,False,False,False,False,False,None
minterest,taiko,0xe56c0d4d6A08C05ec42E923EFd06497F115D4799,0xd725efb793e7489d1656456fa5667cc3a26c57bb,mWETH,18,767004781560059770,391317010895,19610601980698425,None,2007833717044800746701257,0.5,True,None,None,None,None,None,False,False,False,False,False,None
minterest,taiko,0xe56c0d4d6A08C05ec42E923EFd06497F115D4799,0xb0cbcce3713e1d14e8ebfd89ebf06b29e51d4ed6,mTAIKO,18,4460357003656644760747,2285600363730727,110974038916833745653,None,2000044480682994059300890,0.5,True,None,None,None,None,None,False,False,False,False,False,None
capyfi,worldchain,0x589d63300976759a0fc74ea6fA7D951f581252D7,0xaad91abe333c4536ffbf02b83dabab49c9aa23ed,caETH,None,29000000000000000,145000000,0,0,200000000000000000000000000,0.8,True,False,False,None,None,None,False,False,False,False,False,None
capyfi,worldchain,0x589d63300976759a0fc74ea6fA7D951f581252D7,0x05350f1fc5d396917a73fce318524551e287d1df,caUSDC,6,14693426199,2477054207832,10806700626,36906093,10279638068270720,0.85,True,False,False,0.99998993,14693.28,25462.96,False,False,False,False,False,0.0
capyfi,worldchain,0x589d63300976759a0fc74ea6fA7D951f581252D7,0xcda6e3bf6e6529cdef7d6be0b133bed79390796d,caWBTC,8,494159,24709250,26,0,20000000000000000,0.8,True,False,False,84632.2225,418.22,418.24,False,False,False,False,False,0.0
capyfi,worldchain,0x589d63300976759a0fc74ea6fA7D951f581252D7,0x03c1cf154d621e0fd7e2b88be3ae60ccf07aca31,caLAC,18,100000000000000000000,500000000000,0,0,200000000000000000000000000,0.5,True,False,False,0.008,0.8,0.8,False,False,False,False,False,0.0
capyfi,worldchain,0x589d63300976759a0fc74ea6fA7D951f581252D7,0xf36749472ad6da1ccf9ede8ff321654990635ffa,caWARS,18,8282903222416697497585181,39953185242439654,49375210300202509245091,30919357180905210486653,207777152814289367892501646,0.0,True,False,False,0.00065592,5432.92,5445.03,False,False,False,False,False,0.0
capyfi,worldchain,0x589d63300976759a0fc74ea6fA7D951f581252D7,0x57dd2468fa18023978804240b503d3ea315efc95,caWLD,18,23030981360145991454,119110529510,793134369453014454,261101760560451,200014681538614926916380224,0.0,True,False,False,0.56795,13.08,13.53,False,False,False,False,False,0.0
capyfi,worldchain,0x589d63300976759a0fc74ea6fA7D951f581252D7,0x90208d4be7f539bd46e0e0847085e672e23b3d9a,caWBRL,18,120981876933801659975912,629908305834496,5040547593347151199849,4054759334715119966,200058276102370590083696629,0.0,True,False,False,0.19195354,23222.9,24189.67,False,False,False,False,False,0.0
bencu,metis,0xC5986Df018D1ff8ecA79fd3f266428616617cDF3,0x2d5f4ffc5d90bc1d636dd29a243ababeec8b5871,bMetis,18,10000000000000000,500000000000000000,0,0,20000000000000000,0.4,True,True,False,1.0,0.01,0.01,False,False,False,False,False,0.0
bencu,metis,0xC5986Df018D1ff8ecA79fd3f266428616617cDF3,0x423d4e3bdb9a796c14c5417a35fd4fae6e8e4ee0,bM.USDT,6,305213856,45992373506273729378,1163888,191497021,2497821,0.8,True,True,True,0.2995609908827521,91.43,34.41,False,False,False,False,False,0.0
bencu,metis,0xC5986Df018D1ff8ecA79fd3f266428616617cDF3,0x8d7de540b1e1ccc6f9c50891d273dff605deb528,bM.USDC,6,1461454387,39473996673820238289574,3283435,403130981,26893,0.8,True,True,True,0.29959822688554455,437.85,318.05,False,False,False,False,False,0.0
bencu,metis,0xC5986Df018D1ff8ecA79fd3f266428616617cDF3,0x4dd0a81942f6374554477dc58777ae741a5faad9,bWETH,18,187870269144481910,5290680610098607729,1645969387948090,72731141780028071,22073737834313398,0.75,True,True,True,803.9461458609852,151.04,93.89,False,False,False,False,False,0.0
bencu,metis,0xC5986Df018D1ff8ecA79fd3f266428616617cDF3,0x4a2d442e01171b80a11dead03930c7461e298d4e,bWBTC,8,92444,43620816027402578,9284,1739,2292231,0.75,True,True,True,25354.4615418156,23.44,25.35,False,False,False,False,False,0.0
bencu,metis,0xC5986Df018D1ff8ecA79fd3f266428616617cDF3,0x718f2e019f8166d81523d959f720ad4a6e379209,bMetis,18,0,0,0,0,20000000000000000,0.0,True,True,False,None,None,None,True,True,True,False,False,None
bencu,metis,0xC5986Df018D1ff8ecA79fd3f266428616617cDF3,0x789c553a39629a1a7c1ecafb730c4accb511535c,bMetis,18,115956427698763704504,4929652286050986877763,192395253224649988,13229293446240278100,20877644818270574,0.4,True,True,True,1.0,115.96,102.92,False,False,False,False,False,0.0
shoebillFinance-v2,metis,0x9f53Cd350c3aC49cE6CE673abff647E5fe79A3CC,0x2b6647f63f6fab5c73e96fbf974f4ed2ab8a4308,sbartMETIS,18,3124391636174953354813,15621958180547,0,0,200000000004196231615485265,0.75,True,False,True,4.537315840568059,14176.35,14176.35,False,False,False,False,False,0.0
shoebillFinance-v2,metis,0x9f53Cd350c3aC49cE6CE673abff647E5fe79A3CC,0x386adca3c7d5c90523287933b05919afcc2883de,sbMETIS,18,20000000000000004,11080823074027,490305514042277886070418,438444523466262920988714,4680248951684380838442085003,0.3,True,False,True,3.33763,0.07,173092.86,False,False,False,False,False,0.0
shoebillFinance-v2,metis,0x9f53Cd350c3aC49cE6CE673abff647E5fe79A3CC,0xb0eee8dac4e8fa3d73d84101b30ae0fb359b7a2f,sbseMETIS,18,5803935376811567663470,29019676884023,0,0,200000000000240101345643724,0.75,True,False,True,6.252673799006816,36290.11,36290.11,False,False,False,False,False,0.0
hover,kava,0x3A4Ec955a18eF6eB33025599505E7d404a4d59eC,0xb51efaf2f7afb8a2f5be0b730281e414fb487636,hKAVA,18,28572172356991289832177,222457523300395,18112992395389052024654,2025244036775555692988,200757070621964832065301177,0.6,True,True,True,None,None,None,False,False,False,False,False,None
hover,kava,0x3A4Ec955a18eF6eB33025599505E7d404a4d59eC,0x1bf92be674483d54a8e3a589e456c39eac4339bd,hATOM,6,179026618,860102346049,5480394,2913,214514121310731,0.35,True,True,True,None,None,None,False,False,False,False,False,None
hover,kava,0x3A4Ec955a18eF6eB33025599505E7d404a4d59eC,0xce86ebc669bbf07a64a0a55bb105cc2b5b5d1961,hUSDT,6,10,33365577866725,12103439938,1781809879,309349657009645,0.85,True,True,True,None,None,None,False,False,False,False,False,None
filda,kava,0xD2CBE89a36df2546eebc71766264e0F306d38196,0xd23ed507ab1f436fd190217ae26f25d9e0e97b3e,fKAVA,18,100000000000000000,3507773223069579940134,328308758110484119441,0,93623144150436382,0.5,True,False,False,1.0,0.1,328.41,False,False,False,False,False,0.0
filda,kava,0xD2CBE89a36df2546eebc71766264e0F306d38196,0xd42374e5d0c53026558bfe59b3270e9e2a30cb98,fUSDC,6,2118,63875750400938195854729,4890408768,541949024,68076,0.8,True,False,False,None,None,None,False,False,False,False,False,None
filda,kava,0xD2CBE89a36df2546eebc71766264e0F306d38196,0x27f994250dcbb07c229a2c2949277db043be6889,fUSDT,6,446258059,125816605182765998832910,2552699034,69866823,23280,0.8,True,False,False,None,None,None,False,False,False,False,False,None
mare-finance-v2,kava,0xFcD7D41D5cfF03C7f6D573c9732B0506C72f5C72,0x350c4a0ac240755bb6432feb907ecafbbbc75770,maWKAVA,18,175891975006451747,146234661601756,660268754624422013840435,113521359583164451954535,3738837050973605634384955888,0.5,True,False,False,None,None,None,False,False,False,False,False,None
mare-finance-v2,kava,0xFcD7D41D5cfF03C7f6D573c9732B0506C72f5C72,0x2f9e61d4e9a9a3694ccdc287c790ea5cc3302e88,maUSDt,6,14158,26821391506427,9828100556,630594574,342917336626478,0.85,True,False,False,0.987547,0.01,9082.98,False,False,False,False,False,0.0
mare-finance-v2,kava,0xFcD7D41D5cfF03C7f6D573c9732B0506C72f5C72,0x8e00102d96b34bef29f3e1e0e5dbd0a611cac312,maATOM,6,40395,10798790757518,2575629651,73224971,231733823831879,0.5,True,False,False,1.9426,0.08,4861.25,False,False,False,False,False,0.0
quantus,monad,0xFc57bF0733e5e65d8549fc2922919Cfb97e62D5f,0x5db70ff3ed9d4b392c065edc983304d2bca56c5b,qMON,None,0,1519653547803460331256849,2552408985523867434488674,102957617115792271940659,1611848550578231758,0.65,True,False,False,None,None,None,False,False,False,False,False,None
quantus,monad,0xFc57bF0733e5e65d8549fc2922919Cfb97e62D5f,0x3d80e853cd928ea2aad7d19161d1e798423123ea,qWMON,18,0,763351993142843976465337,508906674568324243545350,147282686296081806049,666480727701231539,0.65,True,False,True,0.0315168,0.0,16034.47,False,False,False,False,False,0.0
quantus,monad,0xFc57bF0733e5e65d8549fc2922919Cfb97e62D5f,0x9ade494acafb542856e8a08675be59fbbf237924,qWETH,18,0,18437321278922384363,14290930212829662464,684541440826206142,737980781815541262,0.75,True,False,True,2675.7815141,0.0,36407.72,False,False,False,False,False,0.0
quantus,monad,0xFc57bF0733e5e65d8549fc2922919Cfb97e62D5f,0x809f7f36ef2f94322c9f0d34d0a8b28de9a3c450,qUSDC,6,0,50060872198,33755832388,145497178,671389325321079376,0.8,True,False,True,0.99997081,0.0,33609.35,False,False,False,False,False,0.0
quantus,monad,0xFc57bF0733e5e65d8549fc2922919Cfb97e62D5f,0x56e42f81cf97a262c3af1509f70a39aa83ff1de9,qUSDT0,6,0,37388861424,20447559324,2809180,546813927071779344,0.8,True,False,True,0.99986383,0.0,20441.97,False,False,False,False,False,0.0
quantus,monad,0xFc57bF0733e5e65d8549fc2922919Cfb97e62D5f,0xb1381ba513f14b45675a244dd6df81e1daedac6e,qWBTC,8,0,30511238,17062699,2215,559154105775714508,0.75,True,False,True,84642.22546516,0.0,14440.37,False,False,False,False,False,0.0
quantus,monad,0xFc57bF0733e5e65d8549fc2922919Cfb97e62D5f,0x3b04a5bad3e5d37c1d6922dff0eb91b6da9cb8ff,qAUSD,6,0,48585772310,37485511210,5093436,771427847948106436,0.8,True,False,True,0.99996439,0.0,37479.08,False,False,False,False,False,0.0
quantus,monad,0xFc57bF0733e5e65d8549fc2922919Cfb97e62D5f,0x7861819693e86d5c5b9031398f341910c488c14b,qToken,18,1000000000000000000000,1000000000000000000000,0,0,1000000000000000000,0.8,True,False,True,2675.7815141,2675781.51,2675781.51,False,False,False,False,False,0.0
sumer,monad,0x2d9b96648C784906253c7FA94817437EF59Cf226,0x16c7d1f9ea48f7de5e8bc3165a04e8340da574fa,sdrMON,None,14896144865731460830595,18852350133796006224218,14566358911327477604318,3201886357389865395423,1392962534288629753,4e-18,True,None,None,None,None,None,False,False,False,False,False,None
sumer,monad,0x2d9b96648C784906253c7FA94817437EF59Cf226,0x313ba7e5508e3deb17cd5aba9d7a1b15bde77879,sdrsuUSD,18,0,0,0,0,1000000000000000000,1e-18,True,None,None,1.0,0.0,None,True,True,True,False,False,None
sumer,monad,0x2d9b96648C784906253c7FA94817437EF59Cf226,0xe19fd48c972e2db074c4b0b29ff2f0d3e1aefe52,sdrUSDC,6,274436001,316105961,42020300,36629,1000992423550025999,1e-18,True,None,None,9.9997081e-13,0.0,0.0,False,False,False,False,False,0.0
sumer,monad,0x2d9b96648C784906253c7FA94817437EF59Cf226,0xf4db30e806609516d14cdb53d9bc306c99505451,sdrWETH,18,3000000000000000,3000000000000000,0,0,1000000000000000000,2e-18,True,None,None,2675.7815141,8.03,8.03,False,False,False,False,False,0.0
sumer,monad,0x2d9b96648C784906253c7FA94817437EF59Cf226,0xe123f60140f5ace0a76577299cbec4bf93ce10aa,sdraprMON,18,425281228867951017253,357523517167349466604,1493667742490060875,42362270997494135283,1075209341915852861,4e-18,True,None,None,0.034472094042455464,14.66,13.25,False,False,False,False,False,0.0
sumer,monad,0x2d9b96648C784906253c7FA94817437EF59Cf226,0xe4b55045ed14815c7c42eeef8ee431b89422c389,sdrsMON,18,2502698161254953538941,2508989284558302256012,15305836519231694213,2704541867371697702,1002515025228424664,4e-18,True,None,None,0.03510023440756349,87.85,88.29,False,False,False,False,False,0.0
sumer,monad,0x2d9b96648C784906253c7FA94817437EF59Cf226,0x05cb8e47b37f0b1600a92a75a9f5087d7e96a1d5,sdrshMON,18,114256461301107711918,114756456260336514584,500252562091365746,75768627409723,1000001584522919920,4e-18,True,None,None,0.0513613815906305,5.87,5.89,False,False,False,False,False,0.0
sumer,monad,0x2d9b96648C784906253c7FA94817437EF59Cf226,0x9c93423939c4e3d48d99bad147ad808be89b2043,sdrgMON,18,5171602897688541332,6996745016416602628,1862381510515047674,10008260461076700,1003891971375549163,4e-18,True,None,None,0.03472953542316421,0.18,0.24,False,False,False,False,False,0.0
ionise-io,zilliqa,0x5F8B5312636Af3bA626C12327a5d8EE4301A65F8,0xb861959b443b8fb5a7179a97c136c7f5a9d00df3,izUSDT,6,111121,2690180420,5834303082,0,2168781751448477199,0.8,True,False,False,None,None,None,False,False,False,False,False,None
ionise-io,zilliqa,0x5F8B5312636Af3bA626C12327a5d8EE4301A65F8,0x9386c982fcb1aecbd949d04143d8a9e32b4b52bb,iZIL,None,474256758640214110118348,237433167975121738341120,3153405525099207596441,0,2010713870504125958,0.5,True,False,False,None,None,None,False,False,False,False,False,None
enclabs,plasma,0xA3F48548562A30A33257A752d396A20B4413E8E3,0x87c69a8fb7f04b7890f48a1577a83788683a2036,vWETH_Core,18,88587662759830,100000,913061840644241,0,10016495034040710000000000000,0.75,True,None,None,2682.61,0.24,2.69,False,True,False,False,False,2.7e-05
enclabs,plasma,0xA3F48548562A30A33257A752d396A20B4413E8E3,0xc96a4cd13c8fcb9886de0cdf7152b9f930d67e96,vUSDT0_Core,6,184068,16153941531608,162081969357,73690323,10029036120070276,0.0,None,None,None,0.99981003,0.18,161977.69,False,False,False,False,False,0.0
enclabs,plasma,0xA3F48548562A30A33257A752d396A20B4413E8E3,0x172bc36d3f092453ce6f3f9b30f1d6ac365c4ffd,vUSDe_Core,18,799251581632528980,500000000,4203748234675473888,0,10005999632616005736000000000,0.0,True,None,None,0.99980181,0.8,5.0,False,False,False,False,False,0.0
enclabs,plasma,0xA3F48548562A30A33257A752d396A20B4413E8E3,0x4cb42ea31c959618bf8fe50e1a10f768ef1a5a36,vsUSDe_Core,18,0,29482257027,295680642475994345815,165577000471576016,10023488541087223382851759574,0.0,None,None,None,1.2510595445900372,0.0,369.71,False,False,False,False,False,0.0
enclabs,plasma,0xA3F48548562A30A33257A752d396A20B4413E8E3,0xf690a1e115f7a290d228d58a8c0e22b3aa7efd48,vWXPL_Core,18,0,19947281906,200058410938632318341,117102891273780137,10023486357167169731581172551,0.7,True,None,None,0.09279496,0.0,18.55,False,False,False,False,False,0.0
enclabs,plasma,0xA3F48548562A30A33257A752d396A20B4413E8E3,0xbad1e57ebf56bacb7c39e3ddcd8fe4dcc2fd4198,vXUSD_Core,6,146945727330,14694572733000,0,0,10000000000000000,0.0,None,None,None,None,None,None,False,False,False,False,False,None
enclabs,plasma,0xA3F48548562A30A33257A752d396A20B4413E8E3,0xa82846aefcc2de156b61f7f5c35c5a4680d5d297,vplUSD_Core,18,0,500000000,5010928652966160000,2185730593232000,10017485844745856000000000000,0.8,True,None,None,None,None,None,False,False,False,False,False,None
enclabs,plasma,0xA3F48548562A30A33257A752d396A20B4413E8E3,0x213824b154458edb345921bb864d741e285b99f4,vsplUSD_Core,18,0,749545728144,7520257153675808852653,4596641961395406182,10026953966270263467271848770,0.88,True,None,None,None,None,None,False,False,False,False,False,None
jiblend,jbc,0x603122Cdd36abCD164e448e1f3fbd33730edf35a,0xac3e5ad93ddeac9b32772c8a864b5e73820c5d16,jJBC,None,15948955997720396451106,79744720095780,181897314,1139587760243636,200000135920933763216887138,0.0,True,False,True,None,None,None,False,False,False,False,False,None
jiblend,jbc,0x603122Cdd36abCD164e448e1f3fbd33730edf35a,0x1311a233ac2ebfc797ac14b65d54d6e3992b6b78,jUSDC,18,1,1,0,0,1000000000000000000,0.0,True,True,True,1.00007,0.0,0.0,False,True,True,False,False,0.0
jiblend,jbc,0x603122Cdd36abCD164e448e1f3fbd33730edf35a,0xdc4cec2381db8a449daa4f2662d84285ffcc6046,jETH,18,2500000000000000,25000000,2664344191699889,32868838339977,205259014134396480000000000,0.825,True,False,False,3487.01,8.72,17.89,False,False,False,False,False,1e-06
jiblend,jbc,0x603122Cdd36abCD164e448e1f3fbd33730edf35a,0x0c600fce22565071cc45f8816905862637ac2162,jOP,18,10000000000000000000,50000000000,3451351011589382,690270202317875,200055221616185430140000000,0.65,True,False,False,2.0122833333333334,20.12,20.13,False,False,False,False,False,0.0
jiblend,jbc,0x603122Cdd36abCD164e448e1f3fbd33730edf35a,0xc941e68b2283d8fe22e402ed5bf385eed4d4a23a,jBNB,18,310000000000000000,1548643437,12069247584590,3017311896146,200181038791105821216869303,0.75,True,False,False,604.795,187.49,187.49,False,False,False,False,False,0.0
jiblend,jbc,0x603122Cdd36abCD164e448e1f3fbd33730edf35a,0xe5d0d8bd9d2bb91ecd6df7502ab487ad81bd15ba,jUSDT,18,15003735502455460492,46053655725137876609444427,9197129204556373778730,510914584439988256,200019344402366,0.0,True,True,True,0.99955,15.0,9207.48,False,False,False,False,False,0.0
jiblend,jbc,0x603122Cdd36abCD164e448e1f3fbd33730edf35a,0x72094421ec5b586a08504d170d906b03fc63d953,jBTCB,18,190306355575764,950062,0,61271115152,200244915027242432599135635,0.7,True,False,False,58426.8,11.12,11.12,False,True,False,False,False,1.2e-05
jiblend,jbc,0x603122Cdd36abCD164e448e1f3fbd33730edf35a,0x301d20e5f8be95fce5e0469fa2eceb661cc29781,jARB,18,10000000000000000000,50000000000,1490855688697600,521799491044160,200019381123953068800000000,0.7,True,False,False,0.9350166666666667,9.35,9.35,False,False,False,False,False,0.0
jiblend,jbc,0x603122Cdd36abCD164e448e1f3fbd33730edf35a,0xbdae1d20332ab813aa4dbae808bf4c62c78588f3,jUSDC,18,50000000000000001,500000000,50000000000000000,0,200000000000000002000000000,0.825,True,False,False,1.00007,0.05,0.1,False,False,False,False,False,0.0
jiblend,jbc,0x603122Cdd36abCD164e448e1f3fbd33730edf35a,0xf19e92cb2da90f78316defe1544ffde2ebfb4c08,jUSDT,18,324727548564926067371,1623611354813,38691159838734,759594273625640,200002806520907095580401152,0.825,True,False,False,0.99955,324.58,324.58,False,False,False,False,False,0.0
rho-markets,scroll,0x8a67AB98A291d1AEA2E1eB0a79ae4ab7f2D76041,0x639355f34ca9935e0004e30bd77b9ce2ada0e692,rETH,18,10,298946934966282190805,512129140876554449751,50581158602844288599,1543912742660390602,0.8,True,False,False,2673.33,0.0,1233870.07,False,False,False,False,False,0.0
rho-markets,scroll,0x8a67AB98A291d1AEA2E1eB0a79ae4ab7f2D76041,0x855cea8626fa7b42c13e7a688b179bf61e6c1e81,rUSDT,6,1,810720697697,1091252054634,36456182239,1301059508400784694,0.7,True,False,False,0.999827,0.0,1054613.39,False,False,False,False,False,1e-06
rho-markets,scroll,0x8a67AB98A291d1AEA2E1eB0a79ae4ab7f2D76041,0xae1846110f72f2daabc75b7ceee96558289edfc5,rUSDC,6,21417,1540638614851,3292800486926,379467180270,1890990722931320021,0.75,True,False,False,0.999963,0.02,2913225.53,False,False,False,False,False,1e-06
rho-markets,scroll,0x8a67AB98A291d1AEA2E1eB0a79ae4ab7f2D76041,0xad3d07d431b85b525d81372802504fa18dbd554c,rSTONE,18,1,41298371233125681333,211894326747851181880,51131602871750233136,3892713418856387355,0.5,True,False,False,2870.096558197207,0.0,461404.54,False,False,False,False,False,0.0
rho-markets,scroll,0x8a67AB98A291d1AEA2E1eB0a79ae4ab7f2D76041,0xe4fc4c444effb5eca80274c021f652980794eae6,rwstETH,18,1,1501154536782455762444,1899771438850309264856,86455779364489768186,1207947359885041258,0.7,True,False,False,3328.0657757348085,0.0,6034833.79,False,False,False,False,False,0.0
rho-markets,scroll,0x8a67AB98A291d1AEA2E1eB0a79ae4ab7f2D76041,0x8966993138b95b48142f6ecb590427eb7e18a719,rsolvBTC.b,18,0,61766269214128530,65788377464508109,1791705617153850,1036110366735822577,0.4,True,False,False,84582.4410391,0.0,5412.99,False,False,False,False,False,0.0
rho-markets,scroll,0x8a67AB98A291d1AEA2E1eB0a79ae4ab7f2D76041,0x8698fb1093b6dbc345e2aafeb853c602a3582548,rweETH,18,0,267712476506197892,12226332053105,10865614374168,5082757803054,0.0,True,True,True,2953.811966322288,0.0,0.0,False,False,False,False,False,0.0
rho-markets,scroll,0x8a67AB98A291d1AEA2E1eB0a79ae4ab7f2D76041,0x00b49129af3be28d0cdb1e60b155b234d0e19190,rweETH,18,1,1,0,0,1000000000000000000,0.0,True,True,True,2953.811966322288,0.0,0.0,False,True,True,False,False,0.0
rho-markets,scroll,0x8a67AB98A291d1AEA2E1eB0a79ae4ab7f2D76041,0x65a5dbef0d1bff772822e4652aed2829718dc43f,rweETH,18,839167483428,86950100197074830037,168298056116947419578,34302541554025484170,1541062231077190728,0.7,True,False,False,2953.811966322288,0.0,395797.56,False,False,False,False,False,0.0
rho-markets,scroll,0x8a67AB98A291d1AEA2E1eB0a79ae4ab7f2D76041,0x52fef2b9040ba81e40421660335655d70fe8cf03,rwrsETH,18,2230284036128,49546890671496160431,134464568268217496913,38036424306804229490,1946199749062587876,0.6,True,False,False,2889.2101907554475,0.01,278601.18,False,False,False,False,False,0.0
rho-markets,scroll,0x8a67AB98A291d1AEA2E1eB0a79ae4ab7f2D76041,0x5ff1926507f6e71bfbd5f9897fbaef021e2f77ca,rUSDe,18,96003363010491952,1566910362889734351886,2758182044065998585209,242211882155002881573,1605749904310936802,0.7,True,False,False,0.99991561,0.1,2515.85,False,False,False,False,False,0.0
rho-markets,scroll,0x8a67AB98A291d1AEA2E1eB0a79ae4ab7f2D76041,0x76dc94562c89d2820e88d1274d4bb32cee306d4c,WBTC,8,1,1,0,0,1000000000000000000,0.0,True,True,True,84396.29455004,0.0,0.0,False,True,True,False,False,0.000844
rho-markets,scroll,0x8a67AB98A291d1AEA2E1eB0a79ae4ab7f2D76041,0x1d73ead2bbea318344fccd7142f70488bab08f44,WBTC,8,1,1,0,0,1000000000000000000,0.0,True,True,True,2.67333e-07,0.0,0.0,False,True,True,False,False,0.0
rho-markets,scroll,0x8a67AB98A291d1AEA2E1eB0a79ae4ab7f2D76041,0xfe707359517f0d5ad0187a237974d3110a734016,runiETH,18,1001000000041001,1001000000041001,0,0,1000000000000000000,0.5,True,False,True,3054.5314846957904,3.06,3.06,False,False,False,False,False,0.0
rho-markets,scroll,0x8a67AB98A291d1AEA2E1eB0a79ae4ab7f2D76041,0x7ae3c19de353ce163fe81ae3ebfc90709d3868be,rylstETH,18,200000000000000102,200000000000000001,0,0,1000000000000000504,0.4,True,False,True,2874.849216206144,574.97,574.97,False,False,False,False,False,0.0
rho-markets,scroll,0x8a67AB98A291d1AEA2E1eB0a79ae4ab7f2D76041,0xc34721fe52284fab7aec852a48cb45108f8b4aca,rSCR,18,39732460297990552000,99762369766748082740184,394833035569888712137135,73982737476142161405792,3216543786041866751,0.5,True,False,False,0.02661675,1.06,8541.05,False,False,False,False,False,0.0
loanshark,scroll,0xEFB0697700E5c489073a9BDF7EF94a2B2bc884a5,0xf017f9cf11558d143e603d56ec81e4e3b6d39d7f,cETH,18,3643893818173211426,8361909582803406567,631788644540523330,23904203919762865,508469771969063123,0.8,True,False,False,None,None,None,False,False,False,False,False,None
loanshark,scroll,0xEFB0697700E5c489073a9BDF7EF94a2B2bc884a5,0x466da81a766ff502fe8ea318d4d1e044b1bf84c1,cUSDC,6,282775397,7160110861,4840894068,244689866,681411181155732666,0.8,True,False,False,None,None,None,False,False,False,False,False,None
loanshark,scroll,0xEFB0697700E5c489073a9BDF7EF94a2B2bc884a5,0x1829d0c11fde88c109eafb002313b8d9d9d8db85,cUSDT,6,122808587,1601364437,877941597,34190905,603584828454636151,0.8,True,False,False,None,None,None,False,False,False,False,False,None
loanshark,scroll,0xEFB0697700E5c489073a9BDF7EF94a2B2bc884a5,0x8ac2cf7a8c233b056500c509831452632e8ef327,cSTONE,18,3628656301957364,192116654362021826,93189341618132318,226353659155356,502776006493005224,0.8,True,False,False,None,None,None,False,False,False,False,False,None
basic,iotex,0x47D7B83947Aa12fEb95f5f55527Dc9B32E4ec009,0x83c51de03f03c5e23f02f674dbd2032e164112fc,bIOTX,18,18374291782132727187628304,929409663804200762402009211,219303354176801816438768,1902391449592179977432,20003765259725832,0.8,True,False,False,1.0,18374291.78,18591692.74,False,False,False,False,False,0.0
basic,iotex,0x47D7B83947Aa12fEb95f5f55527Dc9B32E4ec009,0x8fe03600dc4d5ec17bdcb8c257245babd8cccbc8,bIoUSDT,6,38262915470,6440427470434,129369432124,7771663941,24821439941195005,0.8,True,False,False,123.76237623762377,4735509.34,19784738.08,False,False,False,False,False,0.0
basic,iotex,0x47D7B83947Aa12fEb95f5f55527Dc9B32E4ec009,0x8e350a24e49d89d001617cf3484832c11fa94538,bIoUSDC,6,497980,24895100,0,14,20002570787022345,0.0,True,True,True,123.76759405940594,61.63,61.63,False,False,False,False,False,0.0
basic,iotex,0x47D7B83947Aa12fEb95f5f55527Dc9B32E4ec009,0x9dd8afa0b94f22db2f3916eb876daef63e5f0a0c,bIoETH,18,6543877565652338600,545752241957657796692,16698857111194190881,2465896784114006302,38070091692531232,0.8,True,False,False,331319.1271831683,2168111.8,6883763.8,False,False,False,False,False,0.0
basic,iotex,0x47D7B83947Aa12fEb95f5f55527Dc9B32E4ec009,0xa81e1ded2a53c66d7d4c0ad325543b8ce48f9149,bUSDC.e,6,0,1613551311,6130256298,1133687152,3096628605447552451,0.8,True,False,False,123.76759405940594,0.0,618413.34,False,False,False,False,False,0.000371
filda,iotex,0x55E5F6E48FD4715e1c05b9dAfa5CfD0B387425Ee,0x8aee1d27d906895cc771380ba5a49bbd421dd5a0,fIOTX,18,1665466337017955361521718,83522039274133180725306870,18323711988897786278381,2349696121306725645722,20131696585697343,0.65,True,True,True,1.0,1665466.34,1681440.35,False,False,False,False,False,0.0
filda,iotex,0x55E5F6E48FD4715e1c05b9dAfa5CfD0B387425Ee,0x7cfb238c628f321ba905d1beec2bfb18ae56fcdb,fIoUSDT,6,302869873,27664168486819264626364,11749246308,5463504806,238164,0.85,True,True,True,286.30407210281754,86712.88,1886345.59,False,False,False,False,False,0.0
filda,iotex,0x55E5F6E48FD4715e1c05b9dAfa5CfD0B387425Ee,0xca7d7f202894e851e495bebcd2a62e0898dd1814,fIoUSDC,6,5198537663,190087506460195380241172,135363757,267169492,26654,0.85,True,True,True,286.3161426824974,1488425.25,1450647.19,False,False,False,False,False,0.0
filda,iotex,0x55E5F6E48FD4715e1c05b9dAfa5CfD0B387425Ee,0xea1ca194ff0d211f86fb8e9d8be985e35cd16968,fIoETH,18,1639747359208052093,73653963610676182898,95277066247004905,4046078190079383,23501496218379635,0.85,True,True,True,766452.7634469866,1256788.89,1326713.14,False,False,False,False,False,0.0
filda,iotex,0x55E5F6E48FD4715e1c05b9dAfa5CfD0B387425Ee,0x9278c8d3159baaabfdaeea4db61f830993211b51,fIoWBTC,8,3134465,332374307138814400,795046,2577803,4066824,0.8,True,True,True,24229382.79932375,759461.52,327510.46,False,False,False,False,False,0.0
filda,iotex,0x55E5F6E48FD4715e1c05b9dAfa5CfD0B387425Ee,0xaee67519049092ab91efd033f7d350d62b9f166b,fBUSD-bsc,18,4991052086300610617312,134746489095102390234418,38869672928970699003,849073756192730501268,31027509741541840,0.85,True,True,True,286.21311329911043,1428504.56,1196613.52,False,False,False,False,False,0.0
filda,iotex,0x55E5F6E48FD4715e1c05b9dAfa5CfD0B387425Ee,0xd2c2e7a01497e223af2de23f8844f1499fd4b30d,fCIOTX-WIOTXLP,18,136605041710591128111065,6830252085529556405552847,0,0,20000000000000000,0.65,True,True,True,2.0020041285047196,273483.86,273483.86,False,False,False,False,False,0.0
filda,iotex,0x55E5F6E48FD4715e1c05b9dAfa5CfD0B387425Ee,0xe83e3ec894ee3a0508d6b1ad93136d74f7c632b9,fioUSDT-WIOTXLP,18,443336636592976,22166831829648741,0,0,20000000000000053,0.65,True,True,True,52987593.59709573,23491.34,23491.34,False,False,False,False,False,0.0
filda,iotex,0x55E5F6E48FD4715e1c05b9dAfa5CfD0B387425Ee,0x6429303b3c394be140e81a56bfac87c1c2267e45,fioETH-WIOTXLP,18,2438345395778507388,121917269788925369400,0,0,20000000000000000,0.65,True,True,True,2052.9204074679556,5005.73,5005.73,False,False,False,False,False,0.0
metalend,ronin,0x9E8FD99Fc64Cd2fF4B5846361a7eC457f2b3808e,0x446450d57b4f26691b6cfac92badba5c8d875a4e,cWETH,18,0,0,277172297176697832,53136653142,200000000000000000000000000,0.0,True,True,True,1.0,0.0,None,True,True,True,False,False,None
metalend,ronin,0x9E8FD99Fc64Cd2fF4B5846361a7eC457f2b3808e,0x1bf2b273745df6a38e5e5f907dcd4d204a4bfe30,cRON,None,6762471715391305381,10313268183,50046024798171215889,1433241429188,5508292216267747811266239812,0.0,True,True,True,None,None,None,False,False,False,False,False,None
metalend,ronin,0x9E8FD99Fc64Cd2fF4B5846361a7eC457f2b3808e,0x3ebc36b9545b4b858b1f233d8f2d933c0858f5f4,cUSDC,6,1,0,3074183141,1333,200000000000000,0.0,True,True,True,0.00037310449683613,0.0,None,True,True,True,False,False,None
enzo,bitlayer,0xe688a4a94AD1D32CD52A01306fc0a9552749F322,0xe277aed3ff3eb9824edc52fe7703df0c5ed8b313,eBTC,18,92990498788954909,4385885243211105410,9944071291800378,14848609991530258,20083963716463612,0.8,True,True,True,1.0,0.09,0.09,False,False,False,False,False,0.0
enzo,bitlayer,0xe688a4a94AD1D32CD52A01306fc0a9552749F322,0xf6fa83e30c7d3978f86141016ee9471d77f48ae0,eUSDT,6,1488915658,42444154218,1301135575,653153259,50346108041747008,0.8,True,True,True,1.5463276276726358e-05,0.02,0.03,False,False,False,False,False,0.0
enzo,bitlayer,0xe688a4a94AD1D32CD52A01306fc0a9552749F322,0xbb0cb5c5e49d5c3903932d07831fb8c1bb1651d2,eUSDC,6,412214949,11509974567,25458090,199668878,20678078792839091,0.8,True,True,True,1.5468417654801458e-05,0.01,0.0,False,False,False,False,False,0.0
enzo,bitlayer,0xe688a4a94AD1D32CD52A01306fc0a9552749F322,0xab7f136bbb18808f0c981d0307d3360ca92ad171,eETH,18,203505848980912844,9409863973313454027,23721412700148838,25993230712909355,21385434639528872,0.8,True,True,True,0.0290357801151689,0.01,0.01,False,False,False,False,False,0.0
enzo,bitlayer,0xe688a4a94AD1D32CD52A01306fc0a9552749F322,0x7b8b014d11cebea98b7fbbf6ff82f44e97a3670b,eBitusd,18,8439613058423671783813,434693092844221726936905,423980728322363512513,96252541658793293862,20169037395377109,0.7,True,True,True,1.5309702051175e-05,0.13,0.13,False,False,False,False,False,0.0
enzo,bitlayer,0xe688a4a94AD1D32CD52A01306fc0a9552749F322,0xd0ad7f7d780678a4b76eb62fb5ff3baedcf34bdf,eStBTC,18,10479429755974154,10397345980004442,94148971745071,142059687194454,1003286709953294677,0.5,True,True,True,1.0,0.01,0.01,False,False,False,False,False,0.0
enzo,bitlayer,0xe688a4a94AD1D32CD52A01306fc0a9552749F322,0xf8099cbc17242b8c2847457cdb44857d1f060e82,eUSDC,6,10141842,10141842,0,0,1000000000000000000,0.0,True,True,True,1.5468417654801458e-05,0.0,0.0,False,False,False,False,False,0.0
trustin,bitlayer,0xF2EBc006a55ADFb3f50A521E5Db848942e7Dbb1F,0x5794ef19d853dbfaa4b0f2cc9d9883dad18e8812,tWBTC,18,3178494596946593,3907458769862186,770267526463496,29260914769125,1003081910645266445,0.6,True,False,False,64636.36697123,205.45,253.34,False,False,False,False,False,0.0
trustin,bitlayer,0xF2EBc006a55ADFb3f50A521E5Db848942e7Dbb1F,0x955e5270958f55cedc00a08b589cb156c10d0bfa,tUSDT,6,134791340,237363644582499323269,142335648,21667736,1076235,0.75,True,False,False,0.99949,134.72,255.33,False,False,False,False,False,0.0
trustin,bitlayer,0xF2EBc006a55ADFb3f50A521E5Db848942e7Dbb1F,0x57fdc0ceda6e76f48ec2e1f55961f02147eacd52,tUSDC,6,5566260,7716436186085463717,4489121,1310099,1133331,0.75,True,True,True,0.99982232,5.57,8.74,False,False,False,False,False,0.0
trustin,bitlayer,0xF2EBc006a55ADFb3f50A521E5Db848942e7Dbb1F,0x4d321e34ec16a3e5a323f9bc647f190fc597c4da,tETH,18,108729040062589107,110367234016936657,2114786834860663,380142400230506,1000873905023911408,0.6,True,False,False,1876.76733882,204.06,207.31,False,False,False,False,False,0.0
trustin,bitlayer,0xF2EBc006a55ADFb3f50A521E5Db848942e7Dbb1F,0xf8584dd515c081a652e2b01db0c9748351c21359,tBITUSD,18,92915875538182809111,90958051390881329117,34271366051005762,1282995683025502865,1007795899532628632,0.0,True,False,True,0.98956352,91.95,90.71,False,False,False,False,False,0.0
trustin,bitlayer,0xF2EBc006a55ADFb3f50A521E5Db848942e7Dbb1F,0x6e2017dea0ff70e8c8218500ec4386f9b95cfb3c,t-bcLP-bitusd-USDT,18,41391905122833006067,41391905122833006067,0,0,1000000000000000000,0.0,True,False,True,2.034269438184135,84.2,84.2,False,False,False,False,False,0.0
trustin,bitlayer,0xF2EBc006a55ADFb3f50A521E5Db848942e7Dbb1F,0xfdde9f4591817d817a118352fe00a294c24e160d,t-m-lp-btc-usdt,18,3833034726,3833034726,0,0,1000000000000000000,0.0,True,False,True,573995112.9202121,2.2,2.2,False,False,False,False,False,0.0
trustin,bitlayer,0xF2EBc006a55ADFb3f50A521E5Db848942e7Dbb1F,0x74691dc2330405340ba0b6a942840b8b7bf076a0,BC-LP-stBTC-wBTC,18,55397848088071,55397848088071,0,0,1000000000000000000,0.0,True,False,True,28003.669359723317,1.55,1.55,False,False,False,False,False,0.0
trustin,bitlayer,0xF2EBc006a55ADFb3f50A521E5Db848942e7Dbb1F,0x7f0df4316cbab01a2d8de6b386dbf7544db7d673,M-LP-eth-usdt,18,4100646835,4100646835,0,0,1000000000000000000,0.0,True,False,True,284349590.85947603,1.17,1.17,False,False,False,False,False,0.0
trustin,bitlayer,0xF2EBc006a55ADFb3f50A521E5Db848942e7Dbb1F,0xdbb02cd8a3bda49531997989941461a2ce93387b,t-USDC-new,6,165042674,164041110322589060435,7211,300429,1004318,0.75,True,False,False,0.99982232,165.01,164.72,False,False,False,False,False,0.0
sumer,bitlayer,0xAbcdc5827f92525F56004540459045Ec3e432ebF,0x2d9b96648c784906253c7fa94817437ef59cf226,sdrBTC,None,1823858182010484,7163539142624161,5396585881205387,17067503748516,1005561136199585374,3e-18,True,None,None,None,None,None,False,False,False,False,False,None
sumer,bitlayer,0xAbcdc5827f92525F56004540459045Ec3e432ebF,0x1fbdb3b715c82dcd52bcf06fcc18819951aa9264,sdrsuBTC,18,0,0,83454042321383739976,0,1000000000000000000,3e-18,True,None,None,None,None,None,True,True,True,False,False,None
sumer,bitlayer,0xAbcdc5827f92525F56004540459045Ec3e432ebF,0xdb4d020a58e0a1a67823d75437a61044dc02ae4c,sdrLBBTC,18,1326080099999986711281,1326080099999986711281,0,0,1000000000000000000,3e-18,True,None,None,1e-18,0.0,0.0,False,False,False,False,False,0.0
torches,kcc,0xfbAFd34A4644DC4f7c5b2Ae150279162Eb2B0dF6,0xf9401f5246185ed3fd0ef48f4775250d32069aef,tKCS,18,1044363076373556739005,20592732454409253302441,5386768543431762246,527527266495836123072,25359557289316195,0.6,True,False,False,1.0,1044.36,522.22,False,False,False,False,False,0.0
torches,kcc,0xfbAFd34A4644DC4f7c5b2Ae150279162Eb2B0dF6,0x92dbea1ac6278a0b4aec11388c94f8fafbe246c1,tUSDT,18,1540072665510983343537,21718380751564072216193,141217794572679037791,1132570433873265577321,25265236505759304,0.8,True,False,False,0.1359268913263363,209.34,74.59,False,False,False,False,False,0.0
torches,kcc,0xfbAFd34A4644DC4f7c5b2Ae150279162Eb2B0dF6,0x23ebfcc4ab0ddf47e7b99b1eb1b9ea790f3d646d,tUSDC,18,8185785372246079115801,336485792909908637197319,85492249463097629853,1172301612850828387558,21097401906531732,0.8,True,False,False,0.13594300243857202,1112.8,965.06,False,False,False,False,False,0.0
torches,kcc,0xfbAFd34A4644DC4f7c5b2Ae150279162Eb2B0dF6,0xf7310bd46d48e8d2bf8d12f69b6ccdd12fb4e0c5,tETH,18,2616455347934153943,125062961849404716344,14483413837901015,124948594216459463,20037828390576563,0.75,True,False,False,363.85126490767465,952.0,911.81,False,False,False,False,False,0.0
torches,kcc,0xfbAFd34A4644DC4f7c5b2Ae150279162Eb2B0dF6,0x413170815cf21b16ddeb180aad0ffd00c80d31f8,tBTCK,18,11655501659426557,2063395163168110,2181,4869888692918038,3288566866703398889,0.75,True,True,True,11506.20833369637,134.11,78.08,False,False,False,False,False,0.0
torches,kcc,0xfbAFd34A4644DC4f7c5b2Ae150279162Eb2B0dF6,0x0868713842d2e296cef26c86d736ac7c374a5199,tSKCS,18,102510359201498187150,4469982602667058348143,458660592647281066,13005745781644717699,20126090414495862,0.5,True,False,False,1.1231683233200027,115.14,101.04,False,False,False,False,False,0.0
torches,kcc,0xfbAFd34A4644DC4f7c5b2Ae150279162Eb2B0dF6,0x3d6bfa610cf599197d0002bdfe83dfe77d34f73f,tUSDT-USDC-LP,18,444022478803533677388,22201123940176683869352,0,0,20000000000000000,0.8,True,False,False,0.2825401008214126,125.45,125.45,False,False,False,False,False,0.0
0xLend,kcc,0x337d8719f70D514367aBe780F7c1eAd1c0113Bc7,0xe4dd9d2664a18f698293ba9c682238ea1864b1ae,cBTCK,18,0,30129280,10482040393763279,920791745115685,317340761168125955880791044,0.7,True,False,False,None,None,None,False,False,False,False,False,None
0xLend,kcc,0x337d8719f70D514367aBe780F7c1eAd1c0113Bc7,0xc94f95daa803b60cc6b3f1d4d6b27e6f31e01e01,cETH,18,0,448237525,93560605677093440,786054275100744,206976315519305743087886271,0.825,True,False,False,None,None,None,False,False,False,False,False,None
0xLend,kcc,0x337d8719f70D514367aBe780F7c1eAd1c0113Bc7,0x309f1639018e8b272126c4b99af442aa25dcd1f2,cKCS,None,325,1089335927069,24551611121898894822108,6121977398627946300102,16918228129001744364050410722,0.65,True,False,False,None,None,None,False,False,False,False,False,None
0xLend,kcc,0x337d8719f70D514367aBe780F7c1eAd1c0113Bc7,0x060a0e4061f05a3c91eff892c595a0d8c1aaffe8,cUSDC,18,26936884313007,78299851340956,22320627466007524025471,1343372219847365755654,267909260539356233849886329,0.8,True,False,False,None,None,None,False,False,False,False,False,None
0xLend,kcc,0x337d8719f70D514367aBe780F7c1eAd1c0113Bc7,0x138ac929781f12d2470514e9195339113892dffb,cUSDT,18,10450562552568782,47229790856915,15413606370447431870166,1730713422861512205508,289709167664991540800705948,0.8,True,False,False,None,None,None,False,False,False,False,False,None
0xLend,kcc,0x337d8719f70D514367aBe780F7c1eAd1c0113Bc7,0xb0f9cd4da7f841e743d9923dbb8766313fab3dd1,xMJT,18,2998123236062183077,173364512500947,65513870171949947490347,10375896881830079039832,318063775670668033851690826,0.5,True,False,False,None,None,None,False,False,False,False,False,None
0xLend,kcc,0x337d8719f70D514367aBe780F7c1eAd1c0113Bc7,0x778169629521cdf781b43156a75b4848519f88a6,xSAX,18,2411,6876635245716082,3271327381068258484083044,494546021645813318102352,403799425184328162806061254,0.5,True,False,False,None,None,None,False,False,False,False,False,None
0xLend,kcc,0x337d8719f70D514367aBe780F7c1eAd1c0113Bc7,0x5b869ba06da1016e5707a3fd3f65f68a0ffe637f,xBORING,18,11000012100101854516,24536089061221337,5960589632966977926241003,316014698245899904849488,230052390201595014391196766,0.2,True,False,False,None,None,None,False,False,False,False,False,None
0xLend,kcc,0x337d8719f70D514367aBe780F7c1eAd1c0113Bc7,0x4bc519ceded3a3ad5efbbe39a5d21b2b39faef72,xKSW,18,819878,405130185903082,101724621907308707233642,6209568626105238065650,235763852225154190356547497,0.2,True,False,False,0.003574,0.0,341.37,False,False,False,False,False,0.0
aquarius-loan,core,0x6056Eb6a5634468647B8cB892d3DaA5F816939FC,0xedd8178707ddbf33432bc4fd3cfe504c79eef564,aUSDT,6,1,1,0,0,1000000000000000000,0.0,True,True,True,1.000501,0.0,0.0,False,True,True,False,False,1e-06
aquarius-loan,core,0x6056Eb6a5634468647B8cB892d3DaA5F816939FC,0x3f045f1aed495f1a0885d283eba1f9f11eaa1b6b,aUSDC,6,1520384,0,0,0,200000000000000000000000000,0.0,True,True,True,0.99985,1.52,None,True,True,True,False,False,None
aquarius-loan,core,0x6056Eb6a5634468647B8cB892d3DaA5F816939FC,0x87bf3ab1c752a4b12fa114e10732d00d62e6519f,aWETH,18,357560327157,30758592508801689752380,11982850257703072312,1286779040045512030,347742555910422,0.7,True,False,False,3722.62628484,0.0,39817.48,False,False,False,False,False,0.0
aquarius-loan,core,0x6056Eb6a5634468647B8cB892d3DaA5F816939FC,0x03ef96f537a7cda4411c8643afd9d8814d5b4906,aCORE,18,19100267438727117087210,1217772886356960,688677429042994348707180,95316655919665367990446,502935356357185549127658148,0.4,True,False,False,0.5980172954161598,11422.29,366262.3,False,False,False,False,False,0.0
aquarius-loan,core,0x6056Eb6a5634468647B8cB892d3DaA5F816939FC,0xb6dd662f55375d809500b4a7ceaf20cb6dafb05e,aUSDT,6,0,435691271707572,196966280188,23502561552,398134481685062,0.8,True,False,False,1.000501,0.0,173550.62,False,False,False,False,False,0.0
aquarius-loan,core,0x6056Eb6a5634468647B8cB892d3DaA5F816939FC,0xe981fbd1e8815eb5074110e48fa1621d490d363c,aUSDC,6,0,109852455088962,31284809152,2412790384,262825430206530,0.8,True,False,False,0.99985,0.0,28867.69,False,False,False,False,False,0.0
aquarius-loan,core,0x6056Eb6a5634468647B8cB892d3DaA5F816939FC,0x34cfa7e8fa8501bfa438924220c4e7235aa1eeaf,aSTCORE,18,59223592748024681936256,296986834304630,1092394924244643609322,89536634266625270926,202791652966765116029979775,0.6,True,False,False,0.76935343,45563.87,46335.43,False,False,False,False,False,0.0
sumer,core,0x7f5a7aE2688A7ba6a9B36141335044c058a08b3E,0x9aa55bcf3e41d0d98fce816c4ec6e791b0f6d154,sdrCORE,18,52710844595241620438910,414572951772085493820205,453410955771301625356926,33734133125315339525394,1139456072138846323,4e-18,True,None,None,0.022336493038095238,1177.38,10551.48,False,False,False,False,False,0.0
sumer,core,0x7f5a7aE2688A7ba6a9B36141335044c058a08b3E,0xb1fdc3f660b0953253141b2509c43014d5d3d733,sdrUSDC,6,25558882,331726660,327999735,2307743,1058856330691057511,1e-18,True,None,None,1e-12,0.0,0.0,False,False,False,False,False,0.0
sumer,core,0x7f5a7aE2688A7ba6a9B36141335044c058a08b3E,0xc7ffeaa5949d50a408bd92ddb0d1eacef3f8a3bc,sdrUSDT,6,186110930,573247705,453766248,11440716,1096273838549427773,1e-18,True,None,None,9.99779158660565e-13,0.0,0.0,False,False,False,False,False,0.0
sumer,core,0x7f5a7aE2688A7ba6a9B36141335044c058a08b3E,0x10a2e256bed7b3c49c151ad1bad01f4936fc9276,sdrSolvBTC.b,18,166202912654151,450534510895041,560026494375471,65687161532368,1466130184311535588,3e-18,True,None,None,84110.05,13.98,55.56,False,False,False,False,False,0.0
sumer,core,0x7f5a7aE2688A7ba6a9B36141335044c058a08b3E,0xf902e1925b50ac70285b73fd065af971487c2e4d,sdrSolvBTC.m,18,1084718929352718,87806319203034,234861552139125,1210900421725482,1237724810159286837,3e-18,True,None,None,84110.05,91.24,9.14,False,False,False,False,False,0.0
sumer,core,0x7f5a7aE2688A7ba6a9B36141335044c058a08b3E,0xdb4d020a58e0a1a67823d75437a61044dc02ae4c,sdrSolvBTC.core,18,517232174291471,524821331373981,22165039958576,6342419173422,1015688127007126047,3e-18,True,None,None,84110.05,43.5,44.84,False,False,False,False,False,0.0
sumer,core,0x7f5a7aE2688A7ba6a9B36141335044c058a08b3E,0x58235d9c8c9f136c0a4e9761186db0329243bbb8,sdrstCORE,18,444719980552641949428,355925835723785372084,127340501168381521,87258326240852922703,1004672768656397068,4e-18,True,None,None,0.02873605464896079,12.78,10.28,False,False,False,False,False,0.0
sumer,core,0x7f5a7aE2688A7ba6a9B36141335044c058a08b3E,0xaac83d5e45a2f67f2bfd1b804776efa7daf6cbf6,sdrsuUSD,18,0,0,0,0,1000000000000000000,1e-18,True,None,None,1.0,0.0,None,True,True,True,False,False,None
sumer,core,0x7f5a7aE2688A7ba6a9B36141335044c058a08b3E,0xae6388f58b5b35d5b2eec828c9633e7d245fef62,sdrsuBTC,18,0,0,618,0,1000000000000000000,3e-18,True,None,None,84110.05,0.0,None,True,True,True,False,False,None
sumer,core,0x7f5a7aE2688A7ba6a9B36141335044c058a08b3E,0xddab3eb6028a44fb31f9da92ea1608809248b6b3,sdrBTCB,18,29752998053180236,29858201626784334,214490395274536,5404663379646,1003479183361050264,3e-18,True,None,None,84110.05,2502.53,2520.11,False,False,False,False,False,0.0
sumer,core,0x7f5a7aE2688A7ba6a9B36141335044c058a08b3E,0x45f7a835c5b490288abe36cf3d25a1119135d60f,sdrdualCORE,18,417648151666982564961235,416892869635323334849103,1528026913978177985,752924859181259741030,1000009319419148010,4e-18,True,None,None,0.029819812814247768,12454.19,12431.78,False,False,False,False,False,0.0
sumer,core,0x7f5a7aE2688A7ba6a9B36141335044c058a08b3E,0x8b2da7d9242e631c6f3e1d40db3407b2f15ffa84,sdrWBTC,8,1010780,1003945,0,1985,1004830941934070093,3e-18,True,None,None,8.411005e-06,0.0,0.0,False,False,False,False,False,0.0
segment-finance,core,0xaba65b87eBEdB2D753b37AeCECD1E168341eE0DD,0xb57a4b3cce8d999a1e6b0357c0a31c3808401b42,seCORE,18,97419953638507868216,480407998916,9014507181661314076,1358229019395722841,218722902278623764635535130,0.6,True,None,None,0.022336493038095238,2.18,2.35,False,False,False,False,False,0.0
segment-finance,core,0xaba65b87eBEdB2D753b37AeCECD1E168341eE0DD,0x21a75630d3d01183d94413994352defd22d598dc,seUSDT,6,47155339,263481035069,8715553,243190,211126018938829,0.75,True,None,None,0.9997791586605649,47.14,55.62,False,False,False,False,False,0.0
segment-finance,core,0xaba65b87eBEdB2D753b37AeCECD1E168341eE0DD,0x0db32ebae3dafe7325a3f22b971895c6693437d0,seSTCORE,18,89652553805902740931,462324986554,4662267049377006446,187266102122654760,203596079577591474865722102,0.6,True,None,None,0.02873605464896079,2.58,2.7,False,False,False,False,False,0.0
segment-finance,core,0xaba65b87eBEdB2D753b37AeCECD1E168341eE0DD,0xe14eeb2f56733f86e183a446e60608a3c33f1fb4,seCOREBTC,8,22316,1657768,48824,6315,39103782917754474,0.6,True,None,None,84110.05,18.77,54.52,False,False,False,False,False,0.0
segment-finance,core,0xaba65b87eBEdB2D753b37AeCECD1E168341eE0DD,0x2a8731e84aa080bacb5a9ac56109bc7baa4a47e0,seSOLVBTCB,18,101529253467489,908417,97100705787523,4931655340409,213226198887298454344205359,0.6,True,None,None,83941.8299,8.52,16.26,False,True,False,False,False,1.8e-05
segment-finance,core,0xaba65b87eBEdB2D753b37AeCECD1E168341eE0DD,0xdd80dda3a7b1f462fbf7089eb24332727ef9e00b,seSOLVBTCM,18,313601163699930,1239791,366563402258361,81836683537789,482603827919788093315728215,0.6,True,None,None,83689.49975,26.25,50.07,False,False,False,False,False,4e-05
segment-finance,core,0xaba65b87eBEdB2D753b37AeCECD1E168341eE0DD,0x831854cebe84cfc6abfd603503bf591a5e41d998,seETH,18,11419495642926824,22355799,14505863045009979,4380223784768616,963738084385540727039100682,0.6,True,None,None,2674.84133,30.55,57.63,False,False,False,False,False,3e-06
segment-finance,core,0xaba65b87eBEdB2D753b37AeCECD1E168341eE0DD,0x4fb6d66ba7b10bf6b34c7056f745ef7415777a7d,seBTCB,18,137117671183434,1373740,643799734393176,94740512143009,499495460155197490063621937,0.6,True,None,None,83891.36387,11.5,57.56,False,False,False,False,False,4.2e-05
segment-finance,core,0xaba65b87eBEdB2D753b37AeCECD1E168341eE0DD,0x92b609b64258dd92d1d47ec9bdc3c800fe4f6c96,seBTC.B,8,8570,810000,8852,241,21211111111111111,0.6,True,None,None,83857.71985,7.19,14.41,False,True,False,False,False,0.0
segment-finance,core,0xaba65b87eBEdB2D753b37AeCECD1E168341eE0DD,0x2f98cec447ece713ef166bd5f76139d66c141bf3,seUSDC,6,138451433,740276278787,13073983,233531,204372190944580,0.75,True,None,None,1.0,138.45,151.29,False,False,False,False,False,0.0
segment-finance,core,0xaba65b87eBEdB2D753b37AeCECD1E168341eE0DD,0x96ea658f324a0797a3978f5000fe5bb53428536a,seWBTC,8,55691,3164823,32093,2687,26888391546699452,0.6,True,None,None,83983.884925,46.77,71.47,False,False,False,False,False,0.0
segment-finance,core,0xaba65b87eBEdB2D753b37AeCECD1E168341eE0DD,0x8da899be4e67c847163e5d91b76eb3130d6c8a38,seABTC,18,113987724583803,950014,81907518387537,1181503677505,204958810389988989635942207,0.6,True,None,None,83933.418895,9.57,16.34,False,True,False,False,False,1.7e-05
segment-finance,core,0xaba65b87eBEdB2D753b37AeCECD1E168341eE0DD,0xcbe44f06a270688371780ce4f78e644e17f3426b,seSOLVBTCCORE,18,109108538414277,2265549,479036449303406,32287487070288,245352230584019590836481576,0.6,True,None,None,84017.528945,9.17,46.7,False,False,False,False,False,2.1e-05
blume-fm,blast,0x4EdF556c5664b4f86Ec50dB0F58B58B26210DC31,0x3ef8c3e4b0267e38217dee78731871d8f021679a,bUSDB,18,12296463690751157722538,546830393284,0,0,22486796348140999470133614446,0.0,True,None,None,None,None,None,False,False,False,False,False,None
blume-fm,blast,0x4EdF556c5664b4f86Ec50dB0F58B58B26210DC31,0x901d7160c07c2750a254c1f9e2949a0d1860a219,bWETH,18,2606580212169266275,1438974143783230997,0,0,1811415600085949166,0.0,True,None,None,None,None,None,False,False,False,False,False,None
asofinance,blast,0xD5e60A396842D6C1D5470E16DA0BfDbb7Ba47101,0x001ff326a2836bdd77b28e992344983681071f87,asoETH,18,230479834659467512,241901154340353322,34401894177888090,0,1094999854629336592,0.7,True,False,False,None,None,None,False,False,False,False,False,None
asofinance,blast,0xD5e60A396842D6C1D5470E16DA0BfDbb7Ba47101,0x8c67bc3d11c71489567f4dbd96a8c6fbd8073465,asoUSDB,18,483966958133849518722,444165748422420439534,43594196288772628754,0,1187757399791415578,0.8,True,False,False,None,None,None,False,False,False,False,False,None
asofinance,blast,0xD5e60A396842D6C1D5470E16DA0BfDbb7Ba47101,0x1bd93d32e64fff30f66a438deb07d57a7b665966,asoWBTC,8,10,10,0,0,1000000000000000000,0.0,True,True,True,None,None,None,False,True,True,False,False,None
asofinance,blast,0xD5e60A396842D6C1D5470E16DA0BfDbb7Ba47101,0x796c484d621f3761ca47df1e5b2e8079fb11efe2,aso-weETH,18,114582448631707563,109549267182991978,7034703958808547,0,1110159435273682288,0.5,True,False,False,None,None,None,False,False,False,False,False,None
asofinance,blast,0xD5e60A396842D6C1D5470E16DA0BfDbb7Ba47101,0x548493067e0b202373491ea3397eb4b0ba1de19a,aso-ezETH,18,17692669798876468,19466131051529666,5537041654924659,0,1193339929352613470,0.5,True,False,False,None,None,None,False,False,False,False,False,None
asofinance,blast,0xD5e60A396842D6C1D5470E16DA0BfDbb7Ba47101,0x6be7446a952d132ab8f9aba0b57a0308dce8503e,asoWBTC,8,1231,28301,28928,0,1065651390410232853,0.65,True,False,False,None,None,None,False,True,False,False,False,None
asofinance,blast,0xD5e60A396842D6C1D5470E16DA0BfDbb7Ba47101,0x25bb64ca1eebf70dc92dadceef59c1581b00f8d0,asoBLAST,18,3780198229443299245893273,2274746525074660276030855,7968186114068155849781,0,1665313639915565812,0.4,True,False,False,None,None,None,False,False,False,False,False,None
0xLend,blast,0x1DD821C9E27fB2399DAb75AedB113c80C755DCa6,0xd9fcbd7b60966d013a28ff87925f75bb49e9b5ee,xETH,18,310850005652845441,1583567047,6614010835685680,681978028351033,200043338272484327592856256,0.65,True,False,False,None,None,None,False,False,False,False,False,None
orbitlending-io,blast,0x1E18C3cb491D908241D0db14b081B51be7B6e652,0xf92996ddc677a8dcb032ac5fe62bbf00f92ae2ec,oETH,18,43988628869122,501107363454389877,1061353907120762,1005120837472023,200000450655886,0.0,True,False,True,None,None,None,False,False,False,False,False,None
orbitlending-io,blast,0x1E18C3cb491D908241D0db14b081B51be7B6e652,0xd847b486fe612c51900f1da1a045741820dd5fa0,,18,None,0,0,0,0,0.0,True,False,False,None,None,None,True,True,True,False,False,None
orbitlending-io,blast,0x1E18C3cb491D908241D0db14b081B51be7B6e652,0x9aecedcd6a82d26f2f86d331b17a1c1676442a87,oUSDB,18,63922321893070988265689,460457166916263349068679485,52086725211747006620872,881335360140191396783,250029144981501,0.8,True,False,False,None,None,None,False,False,False,False,False,None
orbitlending-io,blast,0x1E18C3cb491D908241D0db14b081B51be7B6e652,0xf9b3b455f5d900f62bc1792a6ca6e1d47b989389,oETH,18,53880585381345358817,294134077381139344907815,5134626946730136830,13340414628246811,200595158639141,0.8,True,False,False,None,None,None,False,False,False,False,False,None
orbitlending-io,blast,0x1E18C3cb491D908241D0db14b081B51be7B6e652,0x0872b71efc37cb8dde22b2118de3d800427fdba0,oETH,18,145502234704179755451,886784701447634462717848,34962145202779959404,121634475825577592,203367001186119,0.8,True,False,False,None,None,None,False,False,False,False,False,None
orbitlending-io,blast,0x1E18C3cb491D908241D0db14b081B51be7B6e652,0x8c415331761063e5d6b1c8e700f996b13603fc2e,oWBTC,8,489430,5315292807,611728,3739,206464448873775,0.0,True,False,False,None,None,None,False,False,False,False,False,None
orbitlending-io,blast,0x273683CA19D9CF827628EE216E4a9604EfB077A3,0x795dcd51eac6eb3123b7a4a1f906992eaa54cb0e,oETH,18,9182880649428474313,44381282359126262673416,95704544866882517,43404427655312,209064301359911,0.8,True,False,False,None,None,None,False,False,False,False,False,None
orbitlending-io,blast,0x273683CA19D9CF827628EE216E4a9604EfB077A3,0x4991b902f397dc16b0bbd21b0057a20b4b357ae2,oezETH,18,8220120131778910544,41100600658894552662769,0,0,200000000000000,0.8,True,False,False,None,None,None,False,False,False,False,False,None
orbitlending-io,blast,0x273683CA19D9CF827628EE216E4a9604EfB077A3,0xb51b76c73fb24f472e0dd63bb8195bd2170bc65d,ofwWETH,18,341552749419293396,2367822837945832281873,169659937972587473,1109669721612165,215431243206016,0.0,True,False,False,None,None,None,False,False,False,False,False,None
orbitlending-io,blast,0xe9266ae95bB637A7Ad598CB0390d44262130F433,0xafabd582e82042f4a8574f75c36409abea916ac5,oETH,18,31805658171698,151760809867229614088128,28527267260103375679185,5699333152204308757193,150420481807365883,0.8,True,True,True,None,None,None,False,False,False,False,False,None
orbitlending-io,blast,0xe9266ae95bB637A7Ad598CB0390d44262130F433,0x9bbba6322fe5f3968c1f27c8b860727d683194c8,owrsETH,18,1265548077755198259,6285782610479507956481,0,8391448944507803,200000016977168,0.8,True,True,True,None,None,None,False,False,False,False,False,None
orbitlending-io,blast,0xe9266ae95bB637A7Ad598CB0390d44262130F433,0xd55634a79e571dc4c7cdd2f2c0a5857bf7a8a782,ofwWETH,18,500955589781465776,7549459302844168774666,1176911134391554953,19113255393501687,219718181427192,0.0,True,True,True,None,None,None,False,False,False,False,False,None
orbitlending-io,blast,0xe9266ae95bB637A7Ad598CB0390d44262130F433,0xfb661cdcfcb62b4ed7bbef6f70068863e213cb6b,oweETH,18,24812034129007478,111385566507240107170,0,2534920827559456,200000000000000,0.0,True,True,True,None,None,None,False,False,False,False,False,None
orbitlending-io,blast,0xe9266ae95bB637A7Ad598CB0390d44262130F433,0xa3135b76c28b3971b703a5e6cd451531b187eb5a,oDETH,18,285041392884344883,3182370817408458107978344,181183307182505486956828,36114353301573577830793,45585271876160847,0.6,True,True,False,None,None,None,False,False,False,False,False,None
orbitlending-io,blast,0xe9266ae95bB637A7Ad598CB0390d44262130F433,0x4adf85e2e760c9211894482df74ba535bcae50a4,oDUSD,18,15845955806501657,3913608453541602533012899192,7327273572191783155387559,1308703573516171498435412,1537856963967636,0.6,True,True,True,None,None,None,False,False,False,False,False,None
orbitlending-io,blast,0xe9266ae95bB637A7Ad598CB0390d44262130F433,0x3a61f4bf054cdfac3a3436a21c4463c6d85c2408,oUSDB,18,1892217752813832621371,151290414835385749614355420,5745413077546427229068992,1144067214044684271569176,30426501812842489,0.8,True,True,True,None,None,None,False,False,False,False,False,None
orbitlending-io,blast,0xe9266ae95bB637A7Ad598CB0390d44262130F433,0x7732e29e35e8a8b26e7f026c0865c7c2d88cf853,oUSDe,18,1234636237480297414715,6172481187401487697550372,0,139999999999875161,200000000000000,0.8,True,True,True,None,None,None,False,False,False,False,False,None
orbitlending-io,blast,0xe9266ae95bB637A7Ad598CB0390d44262130F433,0x586abb06179535de9eb6c6d968a355128dd74511,oRESC,18,9985211600000000000000,50393719999994942996350109,93625178476493867047,0,200001841072211,0.8,True,False,False,None,None,None,False,False,False,False,False,None
orbitlending-io,blast,0xfFF8Fc176697D04607cF4e23E91c65aeD1c3d3F5,0x530a8d3fdf61112f8a879d753fe02e9e37ec36aa,oETH,18,539428123387929217,2830705322532462939606,26984105892990985,55115346388502,200076323531919,0.8,True,False,False,None,None,None,False,False,False,False,False,None
orbitlending-io,blast,0xfFF8Fc176697D04607cF4e23E91c65aeD1c3d3F5,0xe9391d8e1d5c970f7648852ffeda1a9f42833857,oweETH,18,206982000000000004,1034910000000000020000,0,0,200000000000000,0.8,True,False,False,None,None,None,False,False,False,False,False,None
orbitlending-io,blast,0xfFF8Fc176697D04607cF4e23E91c65aeD1c3d3F5,0x7878c119f08052789f84cf4fdd3c3642fa291257,oDETH,18,100000000000000000,500000000000000000000,0,0,200000000000000,0.0,True,False,False,None,None,None,False,False,False,False,False,None
enclabs,sonic,0xccAdFCFaa71407707fb3dC93D7d83950171aA2c9,0x52260ad4cb690c6b22629166f4d181477a9c157c,vWETH_Core,18,0,20413007,209074873266353051,296182944105904,10227728346061270982761138523,0.8,True,None,None,2674.3364739888216,0.0,558.34,False,False,False,False,False,2.7e-05
enclabs,sonic,0xccAdFCFaa71407707fb3dC93D7d83950171aA2c9,0x87c69a8fb7f04b7890f48a1577a83788683a2036,vUSDCe_Core,6,30448162006,227013129033058,2385543254564,122534,10642517920997334,0.8,True,None,None,0.9998988342857144,30445.08,2415746.88,False,False,False,False,False,0.0
enclabs,sonic,0xccAdFCFaa71407707fb3dC93D7d83950171aA2c9,0xc96a4cd13c8fcb9886de0cdf7152b9f930d67e96,vwS_Core,18,0,10935414556799,114928277983949605896812,95798341216019376994,10500971778096650154020807158,0.78,True,None,None,0.03824,0.0,4391.19,False,False,False,False,False,0.0
enclabs,sonic,0xccAdFCFaa71407707fb3dC93D7d83950171aA2c9,0xe544e51bf20ab186b6b7b1a9095c8bc1e3f203f5,vstS_Core,18,0,4200370123175,43145438071333433200461,30072135499556926835,10264658749463626968206074272,0.7,True,None,None,None,None,None,False,False,False,False,False,None
enclabs,sonic,0xccAdFCFaa71407707fb3dC93D7d83950171aA2c9,0x6770af27fc5233a70b85bff631061400a09d2e1c,vscUSD_Core,6,0,142621285457435,1494596764844,218118688,10477949636781207,0.85,True,None,None,None,None,None,False,False,False,False,False,None
enclabs,sonic,0xccAdFCFaa71407707fb3dC93D7d83950171aA2c9,0x04568db12221d60c93e1db9cb7933ad6b7c4280c,vscETH_Core,18,0,1566913724,16258818589108589489,8022128506071709,10371213304021401104276753402,0.8,True,None,None,None,None,None,False,False,False,False,False,None
enclabs,sonic,0xccAdFCFaa71407707fb3dC93D7d83950171aA2c9,0x2df4dc7cf362e56e128816be0f1f4ceb07904bb0,vPT-wstkscUSD-29MAY2025_Core,6,5000000,500000000,0,0,10000000000000000,0.75,True,None,None,None,None,None,False,False,False,False,False,None
enclabs,sonic,0xccAdFCFaa71407707fb3dC93D7d83950171aA2c9,0xab1fbee94d9ba79269b3e479ce5d78c60f148716,vscUSD-StableJack-YieldToken_Core,18,5000000009511477199,500000000,0,0,10000000019022954398000000000,0.75,True,None,None,None,None,None,False,False,False,False,False,None
enclabs,sonic,0xccAdFCFaa71407707fb3dC93D7d83950171aA2c9,0x13d79435f306d155ca2b9af77234c84f80506045,vxUSD_Core,6,1915753658512,421765083368527,2302368383126,0,10001117228455628,0.0,True,None,None,None,None,None,False,False,False,False,False,None
enclabs,sonic,0xccAdFCFaa71407707fb3dC93D7d83950171aA2c9,0x6ffd0b54e2b74fdafbcec853145372066fe98fc1,vEURC_Core,6,0,5121298326313,52248942693,26795941,10197052275530398,0.85,True,None,None,1.12773471,0.0,58892.73,False,False,False,False,False,0.0
enclabs,sonic,0xccAdFCFaa71407707fb3dC93D7d83950171aA2c9,0x1d801dc616c79c499c5d38c998ef2d0d6cf868e8,vwmetaUSD_Core,18,969861125960144576,18712546114,0,0,51829458164142193440047652,0.0,False,None,None,1.2902172300766306,1.25,1.25,False,False,False,False,False,0.0
enclabs,sonic,0xccAdFCFaa71407707fb3dC93D7d83950171aA2c9,0x3f0c9dcca72058950327b5d4a5783fb0cba520ce,venclabsVeUSD_Core,6,41255212776,4125521277600,0,0,10000000000000000,0.85,True,None,None,None,None,None,False,False,False,False,False,None
enclabs,sonic,0xccAdFCFaa71407707fb3dC93D7d83950171aA2c9,0x44d5602e26c1c1fd5f284036023e2750f3d855a0,venclabsVeUSD_Core,6,194576233514,19457623351400,0,0,10000000000000000,0.89,True,None,None,None,None,None,False,False,False,False,False,None
enclabs,sonic,0xccAdFCFaa71407707fb3dC93D7d83950171aA2c9,0x14515de791c58c430b85d837df3e3ac455b88fed,venclabsVeETH_Core,18,43500614612145868014,4350061445,0,0,10000000037274385675717736901,0.89,True,None,None,None,None,None,False,False,False,False,False,None
enclabs,sonic,0xccAdFCFaa71407707fb3dC93D7d83950171aA2c9,0x05c132e75d2775ca4257fcf824169d99d593ebf1,vHLP0_Core,6,5015772,500317324,1556,1,10028289566083464,0.88,True,None,None,None,None,None,False,False,False,False,False,None
enclabs,sonic,0xccAdFCFaa71407707fb3dC93D7d83950171aA2c9,0x0e528ae2376bf60b5c6e4c62ae461f422052b457,vU$D_Core,6,802,5504470210467,55060388842,56,10002849953352489,0.85,True,None,None,1.0291900609990363,0.0,56667.61,False,False,False,False,False,0.0
enclabs,sonic,0x1db5134ee31278809b2d85fab2796141dbe0d041,0x876e062420fb9a4861968ec2e0ff91be88142343,vWS_LiquidStakedS,18,158620062282611205268,15989275451,1315114709669985703,0,10002653183529872692728558085,0.92,True,None,None,0.03824,6.07,6.12,False,False,False,False,False,0.0
enclabs,sonic,0x1db5134ee31278809b2d85fab2796141dbe0d041,0xb64b8585cece0e314d344c7f6437d97bf1eb0fe7,vUSDCe_LiquidStakedS,6,175755971,18002043643,4887739,0,10034622378567688,0.8,True,None,None,0.9998988342857144,175.74,180.63,False,False,False,False,False,0.0
enclabs,sonic,0x1db5134ee31278809b2d85fab2796141dbe0d041,0x7fd79432cc704582235df11b92b783f07ed40e13,vwOS_LiquidStakedS,18,27341959513385108113,2734195948,0,0,10000000012210210514509913244,0.92,True,None,None,0.04116884832006645,1.13,1.13,False,False,False,False,False,0.0
enclabs,sonic,0x62c627e08f996d7d7563e135e527f422fee34786,0x8bc35aee955e2d05c13e4ff503294676508668b5,vscETH_SpectraPTscETHPool,18,46316182631402969,4624812,844514035,0,10014717025452494933848121826,0.8,True,None,None,None,None,None,False,False,False,False,False,None
enclabs,sonic,0x62c627e08f996d7d7563e135e527f422fee34786,0xbff8cf17b04a057d9a8ce5796a85c60d1f614eab,vPT-sw-wstkscETH-1751241607_SpectraPTscETHPool,18,5000000035998553,500000,0,0,10000000071997106000000000000,0.0,True,None,None,None,None,None,False,True,False,False,False,None
enclabs,sonic,0x26190C71c27e089533186338d16abB2ba9528969,0x7d47cbf5fe9ccf2f99d0c2e8a3c59fb3498bc21b,vscUSD_SpectraPTscUSDPool,6,758912,47855357242,525094882,2495509,10936252807672646,0.8,True,None,None,None,None,None,False,False,False,False,False,None
enclabs,sonic,0x26190C71c27e089533186338d16abB2ba9528969,0xd1e8ec6eaed325006731f816f41fd5483373a8f2,vPT-sw-wstkscUSD-1751241607_SpectraPTscUSDPool,6,611170684,61117068400,0,0,10000000000000000,0.8,True,None,None,None,None,None,False,False,False,False,False,None
enclabs,sonic,0x0c9425eCFbd64a96D306f36e8281EE5308446d31,0xdde5262d257bb26dcd6ea482f489078ed020cd7c,vSNAKE_SonicEcosystemPool,18,5042262467263275969,503165029,115684,0,10021090848234191675113414926,0.6,True,None,None,0.03870345,0.2,0.2,False,False,False,False,False,0.0
enclabs,sonic,0x0c9425eCFbd64a96D306f36e8281EE5308446d31,0xf50466320de462627f929f7f631206653c10c0b7,vGOGLZ_SonicEcosystemPool,18,178568270971388475409351,17856827097120,0,0,10000000000010554809559722838,0.6,True,None,None,None,None,None,False,False,False,False,False,None
enclabs,sonic,0x0c9425eCFbd64a96D306f36e8281EE5308446d31,0x76463494e39e259470301aa1c2b48e2ca4ac9b13,vUSDC_SonicEcosystemPool,6,5656404,547591611,35669,0,10394741054570319,0.8,True,None,None,0.9998988342857144,5.66,5.69,False,False,False,False,False,0.0
enclabs,sonic,0x0c9425eCFbd64a96D306f36e8281EE5308446d31,0x730935e4f45610ca07dba1b5f3649fa34464d5ed,vwS_SonicEcosystemPool,18,15000000000000000000,167445811008,1668987600233443833911,713089334757477242,10052652262637165277117041033,0.78,True,None,None,0.03824,0.57,64.37,False,False,False,False,False,0.0
enclabs,sonic,0x0c9425eCFbd64a96D306f36e8281EE5308446d31,0x0cd08016673592244b9c3d4a2d71f5e973dd3380,vSWPx_SonicEcosystemPool,18,329981185137455893084,32998118510,0,0,10000000001135091780237381782,0.0,True,None,None,None,None,None,False,False,False,False,False,None
machfi,sonic,0x646F91AbD5Ab94B76d1F9C5D9490A2f6DDf25730,0x9f5d9f2fdda7494aa58c90165cf8e6b070fe92e6,cSonic,18,37465919312358054326226,184874827274767,12590165548202425045,5189985278134630571,202695629497108614417624078,0.0,True,True,True,0.03824,1432.7,1432.98,False,False,False,False,False,0.0
machfi,sonic,0x646F91AbD5Ab94B76d1F9C5D9490A2f6DDf25730,0xc84f54b2db8752f80dee5b5a48b64a2774d2b445,cUSDC,6,994119472,8703148790124,948082641,13521710,221607196373408,0.0,True,True,True,0.9998988342857144,994.02,1928.49,False,False,False,False,False,0.0
machfi,sonic,0x646F91AbD5Ab94B76d1F9C5D9490A2f6DDf25730,0x15ef11b942cc14e582797a61e95d47218808800d,cWETH,18,143727625622144244,1066565769,71552879302555144,425258457629809,201445848640459769902853501,0.0,True,True,True,2674.3364739888216,384.38,574.6,False,False,False,False,False,1e-06
machfi,sonic,0x646F91AbD5Ab94B76d1F9C5D9490A2f6DDf25730,0xbaa06b4d6f45ac93b6c53962ea861e6e3052dc74,cstS,18,7944131811304600097671,38543634895740,15764200715757577361,213953889901548018766,200965532780483109700451683,0.0,True,True,True,0.04142970935998817,329.12,320.91,False,False,False,False,False,0.0
machfi,sonic,0x646F91AbD5Ab94B76d1F9C5D9490A2f6DDf25730,0xe5a79db6623bca3c65337dd6695ae6b1f53bec45,cscUSD,6,564506,31592400266784,27056178584,19262271470,246719829901466,0.0,True,True,True,0.9998988342857144,0.56,7793.68,False,False,False,False,False,0.0
machfi,sonic,0x646F91AbD5Ab94B76d1F9C5D9490A2f6DDf25730,0x7752f826e0cc11eb049004b050ef1d4cbe9f3bd1,cscBTC,8,47400,8658865,130032,3744,20058980016434024,0.0,True,True,True,84551.66311320536,40.08,146.86,False,False,False,False,False,0.0
machfi,sonic,0x646F91AbD5Ab94B76d1F9C5D9490A2f6DDf25730,0x08a1821fbb570359d458fa1e6740a1e677aa45b8,cscETH,18,20308578878203328,116535208,3282125298583290,44106208106198,202055656593331175930968433,0.0,True,True,True,2674.3364739888216,54.31,62.97,False,False,False,False,False,1e-06
machfi,sonic,0x646F91AbD5Ab94B76d1F9C5D9490A2f6DDf25730,0x368d75a257371d8e80a3582eefc061c187062fd1,cwOS,18,540621616651403199018,2692006274843,4530027528877822482,3538853224775921446,201192989784948550853670251,0.0,True,True,True,0.04116884832006645,22.26,22.3,False,False,False,False,False,0.0
mendi-finance,linea,0x1b4d3b0421dDc1eB216D230Bc01527422Fb93103,0x333d8b480bdb25ea7be4dd87eeb359988ce1b30d,meUSDC,6,129165002144,936663911339704,89144736672,181652700,232877645306108,0.85,True,False,False,0.99997018,129161.15,218121.58,False,False,False,False,False,0.0
mendi-finance,linea,0x1b4d3b0421dDc1eB216D230Bc01527422Fb93103,0xf669c3c03d9fdf4339e19214a749e52616300e89,meUSDT,6,75206152394,517064256048628,47279679534,97474827,236698545044060,0.85,True,False,False,0.9999,75198.63,122376.12,False,False,False,False,False,0.0
mendi-finance,linea,0x1b4d3b0421dDc1eB216D230Bc01527422Fb93103,0xad7f33984bed10518012013d4ab0458d37fee6f3,meWETH,18,184389417077051175800,939494589567,17631620723460510142,105814175130284716,214918985024108890016534474,0.8,True,False,False,2683.27796671,494768.06,541794.67,False,False,False,False,False,1e-06
mendi-finance,linea,0x1b4d3b0421dDc1eB216D230Bc01527422Fb93103,0x1f27f81c1d13dd96a3b75d42e3d5d92b709869aa,meDAI,18,3289588798190460154200,45113741911035,7544868949487078469843,18433167440147357943,239750109879308167154758545,0.8,True,False,False,0.99982278,3289.01,10814.11,False,False,False,False,False,0.0
mendi-finance,linea,0x1b4d3b0421dDc1eB216D230Bc01527422Fb93103,0x9be5e24f05bbafc28da814bd59284878b388a40f,meWBTC,8,12121934,1793885916,26593831,437526,21338167972996115,0.65,True,False,False,84305.82341989,10219.5,32270.78,False,False,False,False,False,0.0
mendi-finance,linea,0x1b4d3b0421dDc1eB216D230Bc01527422Fb93103,0xceed853798ff1c95ceb4dc48f68394eb7a86a782,mewstETH,18,3230392251519731888,50875995982,8168525383156356508,148345273199107103,221137142267592163774379158,0.6,True,False,False,3325.51950586,10742.73,37414.0,False,False,False,False,False,1e-06
mendi-finance,linea,0x1b4d3b0421dDc1eB216D230Bc01527422Fb93103,0x8a90d208666deec08123444f67bf5b1836074a67,meezETH,18,88809592352241431248,450998822807,1591058435845583531,17330371012214063,200406998525034623940319423,0.7,True,False,False,2906.8538907893108,258156.51,262731.11,False,False,False,False,False,1e-06
mendi-finance,linea,0x1b4d3b0421dDc1eB216D230Bc01527422Fb93103,0x9b4971ac84054597eded7dc7b4b7e8a0c90753b5,meweETH,18,67802523596082107148,377158105924,8888606474066084890,138361647220743508,202972618698942579670075117,0.7,True,False,False,2954.924038124861,200351.31,226207.62,False,False,False,False,False,1e-06
mendi-finance,linea,0x1b4d3b0421dDc1eB216D230Bc01527422Fb93103,0x109f4af9ec6a5ede198f7a4d9d9d7390de29362a,mewrsETH,18,15064231986698647458,83067640334,1984266366182369592,105774094340585251,203962989563887854339685786,0.0,True,False,False,2891.679247119888,43560.93,48992.92,False,False,False,False,False,1e-06
paxo-finance,linea,0x301C76e7b60e9824E32991B8F29e1c4a03B4F65b,0x54ecc8832b65c2db0c53235cde94991c5cdcabf9,vUSDC,6,279406794,39066032841,1008365500,54593779,31566515085344752,0.9,True,True,True,0.999968,279.4,1233.14,False,False,False,False,False,0.0
paxo-finance,linea,0x301C76e7b60e9824E32991B8F29e1c4a03B4F65b,0xce39ec58257c790f622fa7dfd5b4cc372f41ed9e,vWETH,18,18975007731821,79340561025459978618,0,0,239158981063,0.9,True,True,False,2674.3364739888216,0.05,0.05,False,False,False,False,False,0.0
paxo-finance,linea,0x301C76e7b60e9824E32991B8F29e1c4a03B4F65b,0x48014ede3ec0cfa64dfb50eb7a2e74e4ad536cb3,vWBTC,8,28411,1420400,0,0,20002112081103914,0.9,True,True,False,84549.11873309467,24.02,24.02,False,False,False,False,False,0.0
paxo-finance,linea,0x301C76e7b60e9824E32991B8F29e1c4a03B4F65b,0xf9a65e52dec5b525a44d0bd2986a97ff3bd72d13,vWEFI,18,184560212467829612068541,9228010623391480603427050,0,0,20000000000000000,0.0,True,True,False,None,None,None,False,False,False,False,False,None
capyfi,base,0x00dc4965916e03A734190fA382633657c71f867E,0x654a9003cb09ab8050d4fdba12f4c5d3c60a548e,caETH,18,2413895498479136285,12069388838,0,17728800004509,200000000172264876366724941,0.8,True,False,False,2676.54,6460.89,6460.84,False,False,False,False,False,1e-06
capyfi,base,0x00dc4965916e03A734190fA382633657c71f867E,0x0d8105b70539817d87474fd04c9724e20554b642,caCBBTC,8,7302199,365112450,50,0,20000000000000000,0.8,True,False,False,84622.56592853,6179.31,6179.35,False,False,False,False,False,0.0
capyfi,base,0x00dc4965916e03A734190fA382633657c71f867E,0x5adb71adb317ce975a405e90335068f0af9f26c7,caUSDC,6,15173227139,76316136035560,90006242,920,200000068843737,0.85,True,False,False,0.99991498,15171.94,15261.93,False,False,False,False,False,0.0
capyfi,base,0x00dc4965916e03A734190fA382633657c71f867E,0x304cc2588850a59ec1e59a998ce883de0e884d23,caWARS,18,42212860449794582513055289,234119024682140865,4907677455798202223974892,28730804048446501517038,201144726130138406705951532,0.0,True,False,False,0.00065592,27688.26,30888.46,False,False,False,False,False,0.0
capyfi,base,0x00dc4965916e03A734190fA382633657c71f867E,0x601222822dd82c68590a9c4a6b34df62ef361fc8,caWBRL,18,132356871963858979261689,687044657858079,5625284984627677890675,58874919596602968979,200748641957100410492644638,0.0,True,False,False,0.19185793,25393.72,26461.68,False,False,False,False,False,0.0
capyfi,base,0x00dc4965916e03A734190fA382633657c71f867E,0x089b87048766d82b983359574077dba2cc026fc8,caWMXN,18,200000000000000000000,1000000000000,0,0,200000000000000000000000000,0.0,True,False,False,0.05508398,11.02,11.02,False,False,False,False,False,0.0
capyfi,base,0x00dc4965916e03A734190fA382633657c71f867E,0xc80102675b970811327f127df1d3f3bbb70894ab,caWCOP,18,50000000000000000000000,250000000000000,0,0,200000000000000000000000000,0.0,True,False,False,0.000306,15.3,15.3,False,False,False,False,False,0.0
sumer,base,0x611375907733D9576907E125Fb29704712F0BAfA,0x7b5969bb51fa3b002579d7ee41a454ac691716dc,sdrETH,18,0,75059294844971803203,102650939738,1950079635,1341617454,2e-18,True,True,True,2676.54,0.0,0.0,False,False,False,False,False,0.0
sumer,base,0x611375907733D9576907E125Fb29704712F0BAfA,0x142017b52c99d3dfe55e49d79df0baf7f4478c0c,sdrUSDC,6,8605204484,8539491584,759849,3493144,1007375100072468201,1e-18,True,True,True,9.9991498e-13,0.0,0.0,False,False,False,False,False,0.0
sumer,base,0x611375907733D9576907E125Fb29704712F0BAfA,0x3389ed4dd777b03b95deb2994acaf6807cf24c2e,sdrUSDbc,6,10049145,10117166,74602,4,1000650083234771476,1e-18,True,True,True,9.9991498e-13,0.0,0.0,False,False,False,False,False,0.0
sumer,base,0x611375907733D9576907E125Fb29704712F0BAfA,0xa4578ab5cda88aae7603afab24b4c0d24a7858d1,sdrDAI,18,10176014268804107268,10121387153015706781,94450037940630282,2711931496473,1014728657203189484,1e-18,True,True,True,0.99998065,10.18,10.27,False,False,False,False,False,0.0
sumer,base,0x611375907733D9576907E125Fb29704712F0BAfA,0x238d804cb1f4c0c7495e7b7773c54d75e4c99cdd,sdrwstETH,18,17786039227027008,17894185890052236,114885642812764,57107899733,1000373410219881397,2e-18,True,True,True,3333.36794441,59.29,59.67,False,False,False,False,False,0.0
sumer,base,0x611375907733D9576907E125Fb29704712F0BAfA,0x6345af6da3ebd9df468e37b473128fd3079c4a4b,sdrcbETH,18,37974398545025718,5219728112595742,670802277378,32742987902868438,1002366661935725375,2e-18,True,True,True,3053.009585,115.94,15.97,False,False,False,False,False,0.0
sumer,base,0x611375907733D9576907E125Fb29704712F0BAfA,0xa1ad8481e83a5b279d97ab371bccd5ae3b446ea6,sdrsuUSD,18,0,110000000000000000,8570639776015577727889,0,1000000000000000000,1e-18,True,True,True,1.0,0.0,0.11,False,False,False,False,False,0.0
sumer,base,0x611375907733D9576907E125Fb29704712F0BAfA,0x56048c88309caf13a942d688bfb9654432910d6e,sdrsuETH,18,0,10010000000000000,14558407495510094,0,1000000000000000000,2e-18,True,True,True,2676.54,0.0,26.79,False,False,False,False,False,0.0
cream,base,0x94d31f92a7f85b51F0B628467B3E660BA3e8D799,0xba2e90b4dcdb235e46b9554360e31f2afa1d8b35,crWETH,18,1012788930652377,10127889,0,0,100000003026531688884031015,0.75,True,True,True,2676.54,2.71,2.71,False,False,False,False,False,0.0
cream,base,0x94d31f92a7f85b51F0B628467B3E660BA3e8D799,0x7896d186c2b6d977c93d77e272ea4e1721eb428c,crCbETH,18,76783739520505,1140420,38834113963611,278115723927,101137947212596236474281405,0.75,True,True,True,3053.4283359701917,0.23,0.35,False,False,False,False,False,0.0
cream,base,0x94d31f92a7f85b51F0B628467B3E660BA3e8D799,0xef1b7c8ba6c3f6bcb248b56c96a80d5234898793,crUSDbC,6,397258388,590629406767,15793304,351472250,104260711191260,0.7,True,True,True,0.99991498,397.22,61.57,False,False,False,False,False,0.0
cream,base,0x94d31f92a7f85b51F0B628467B3E660BA3e8D799,0x69f2959f0fbc5057b06a0c5f55b15b209d90d32f,crDAI,18,5980182348853024457,197442158952,17772090715416769346,573373269542537709,117395899223135314564254208,0.7,True,True,True,0.99998065,5.98,23.18,False,False,False,False,False,0.0
cream,base,0x94d31f92a7f85b51F0B628467B3E660BA3e8D799,0x7da57da16c2874d6a0277b5d5412e689b815fd60,crUSDC,6,12463420,0,3060,12466479,100000000000000,0.7,True,True,True,0.99991498,12.46,None,True,True,True,False,False,None
cream,base,0x94d31f92a7f85b51F0B628467B3E660BA3e8D799,0xfce1271d975d4ffa676967e7940b58b0b9176e3f,crWstETH,18,1,0,0,0,100000000000000000000000000,0.75,True,True,True,3332.045827206029,0.0,None,True,True,True,False,False,None
cream,base,0x94d31f92a7f85b51F0B628467B3E660BA3e8D799,0x97dfbff1e89eac4fb84a372d6a4ec9cf52225afb,crCbBTC,8,0,0,0,0,10000000000000000,0.75,True,True,True,84622.56592853,0.0,None,True,True,True,False,False,None
venus,base,0x0C7973F9598AA62f9e03B94E92C967fD5437426C,0x7bbd1005bb24ec84705b04e1f2dfccad533b6d72,vcbBTC_Core,8,33579477,33714389,170410,0,1001053793381810953,0.73,True,None,None,84622.56592853,28415.82,28560.05,False,False,False,False,False,0.000846
venus,base,0x0C7973F9598AA62f9e03B94E92C967fD5437426C,0xeb8a79bd44cf4500943bf94a2b4434c95c008599,vWETH_Core,18,4489238286995483708,474689971,303151206857060357,0,10095846137216312406566516653,0.8,True,None,None,2676.54,12015.63,12827.04,False,False,False,False,False,2.7e-05
venus,base,0x0C7973F9598AA62f9e03B94E92C967fD5437426C,0x3cb752d175740043ec463673094e06acda2f9a2e,vUSDC_Core,6,1911364816,940059139083,7911429011,51395,10449582130101162,0.75,True,None,None,0.99991498,1911.2,9822.39,False,False,False,False,False,0.0
venus,base,0x0C7973F9598AA62f9e03B94E92C967fD5437426C,0x75201d81b3b0b9d17b179118837be37f64fc4930,vwsuperOETHb_Core,18,42185346294921223,4218525,0,0,10000022826680231360487374141,0.0,True,None,None,2969.4200318126946,125.27,125.27,False,False,False,False,False,3e-05
venus,base,0x0C7973F9598AA62f9e03B94E92C967fD5437426C,0x133d3bcd77158d125b75a17cb517ffd4b4be64c5,vwstETH_Core,18,2942194921373983928,294326537,1543678235443531,0,10001635806880986745683757356,0.785,True,None,None,3333.3679444119452,9807.42,9812.59,False,False,False,False,False,3.3e-05
sonne-finance,base,0x1DB2466d9F5e10D7090E7152B68d62703a2245F0,0xb864ba2aab1f53bc3af7ae49a318202dd3fd54c2,,18,None,None,None,None,None,0.0,None,None,None,0.99998065,None,None,False,False,False,False,False,None
sonne-finance,base,0x1DB2466d9F5e10D7090E7152B68d62703a2245F0,0x225886c9beb5eee254f79d58bbd80cf9f200d4d0,sobUSDbC,6,40572290595,108194107514376,1242070640,32078638,386178910819596,0.85,True,False,False,0.99991498,40568.84,41778.73,False,False,False,False,False,0.0
sonne-finance,base,0x1DB2466d9F5e10D7090E7152B68d62703a2245F0,0x5f5c479fe590cd4442a05ae4a941dd991a633b8e,sobWETH,18,1856812228452190548,9742932746,137640445427514655,745287456475238,204631135039062494314789351,0.7,True,False,False,2676.54,4969.83,5336.24,False,False,False,False,False,1e-06
sonne-finance,base,0x1DB2466d9F5e10D7090E7152B68d62703a2245F0,0xfd68f92b45b633bbe0f475294c1a86aecd62985a,sobUSDC,6,3141570576,33758557387962,5871568034,13588180,266585752660424,0.85,True,False,False,0.99991498,3141.3,8998.79,False,False,False,False,False,0.0
sonne-finance,base,0x1DB2466d9F5e10D7090E7152B68d62703a2245F0,0x6c91beeceedda2089307fab818e12757948bf489,sobcbETH,18,273110723660962465,1594105603,61488240911251926,170247986204626,209790816842144782926278943,0.65,True,False,False,3053.009585,833.81,1021.01,False,False,False,False,False,1e-06
sonne-finance,base,0x1DB2466d9F5e10D7090E7152B68d62703a2245F0,0x7a6468053cdcd7e8fe507d7edb77336f5057d206,sobwstETH,18,324957323685886883,1606240807,3336317274709038,3439472436701,204384174563035628318462961,0.6,True,False,False,3333.3679444119452,1083.2,1094.31,False,False,False,False,False,1e-06
sonne-finance,base,0x1DB2466d9F5e10D7090E7152B68d62703a2245F0,0xfa78196ace4048c4ccce6d3d97890d7b6c8f59da,sobAERO,18,8176332334753937741199,37052017391606,161421915539881303857,61140086216266534439,223378232731602608935568304,0.3,True,False,False,0.79031273,6461.86,6541.11,False,False,False,False,False,0.0
moonwell,base,0xfBb21d0380beE3312B33c4353c8936a0F13EF26C,0x703843c3379b52f9ff486c9f5892218d2a065cc8,mUSDC,6,7107444965,36289263698409,892616371,343929,220443089545261,0.63,True,False,False,0.99991498,7106.84,7999.04,False,False,False,False,False,0.0
moonwell,base,0xfBb21d0380beE3312B33c4353c8936a0F13EF26C,0x628ff693426583d9a7fb391e54366292f509d457,mWETH,18,371711764880729478465,8683072777400,1435822798009269443937,890757380916218051,208065030873788413025699627,0.84,True,False,False,2676.54,994901.41,4835554.41,False,False,False,False,False,1e-06
moonwell,base,0xfBb21d0380beE3312B33c4353c8936a0F13EF26C,0x3bf93770f2d4a794c3d9ebefbaebae2a8f09a5e5,mcbETH,18,129464599,3159959436084,688487476427732273145,3627855966664635494,216730510094747855301912546,0.81,True,False,False,3053.4283359701917,0.0,2091169.77,False,False,False,False,False,1e-06
moonwell,base,0xfBb21d0380beE3312B33c4353c8936a0F13EF26C,0x73b06d8d18de422e269645eace15400de7462417,mDAI,18,6952246117674519765031,91675504965950,12737194014044717095245,203077821757863579579,212558003549573828925839992,0.5,True,False,False,0.99998065,6952.11,19485.99,False,False,False,False,False,0.0
moonwell,base,0xfBb21d0380beE3312B33c4353c8936a0F13EF26C,0xedc817a28e8b93b03976fbd4a3ddbc9f7d176c22,mUSDC,6,0,33453338927103845,8101185936269,69376634497,240089915068676,0.88,True,False,False,0.99991498,0.0,8031126.44,False,False,False,False,False,0.0
moonwell,base,0xfBb21d0380beE3312B33c4353c8936a0F13EF26C,0x627fe393bc6edda28e99ae648fd6ff362514304b,mwstETH,18,184857583549155696249,3186969559087,465499671610566491431,1373417886922083318,203636660231772146312438569,0.81,True,False,False,3331.7198485797517,615893.68,2162232.33,False,False,False,False,False,1e-06
moonwell,base,0xfBb21d0380beE3312B33c4353c8936a0F13EF26C,0xcb1dacd30638ae38f2b94ea64f066045b7d45f44,mrETH,18,478957979606783644716,2434754219342,9388789253747190384,1053349209464851,200572900390454334526595030,0.78,True,False,False,3139.6550311396772,1503762.83,1533237.08,False,False,False,False,False,1e-06
moonwell,base,0xfBb21d0380beE3312B33c4353c8936a0F13EF26C,0x73902f619ceb9b31fd8efecf435cbdf89e369ba6,mAERO,18,2133768042514598571928950,14863165213458050,1344567956007007683614973,9957875442673285471278,233353937285070612980423607,0.6,True,False,False,0.79031273,1686344.05,2741103.38,False,False,False,False,False,0.0
moonwell,base,0xfBb21d0380beE3312B33c4353c8936a0F13EF26C,0xb8051464c8c92209c92f3a4cd9c73746c4c3cfb3,mweETH,18,57029246561263919539,284820225247,170097559210427286,1189651927453,200826127713431747435710923,0.78,True,False,False,2955.8881317230566,168572.07,169074.86,False,False,False,False,False,1e-06
moonwell,base,0xfBb21d0380beE3312B33c4353c8936a0F13EF26C,0xf877acafa28c19b96727966690b2f44d35ad5976,mcbBTC,8,1157705652,343926381311,5830721534,10006349,20290449399081340,0.85,True,False,False,84637.636,979854.7,5906370.43,False,False,False,False,False,0.0
moonwell,base,0xfBb21d0380beE3312B33c4353c8936a0F13EF26C,0xb682c840b5f4fc58b20769e691a6fa1305a501a2,mEURC,6,0,1354607386276895,319147347073,9345659321,228702198799817,0.88,True,False,False,1.12483064,0.0,348474.43,False,False,False,False,False,0.0
moonwell,base,0xfBb21d0380beE3312B33c4353c8936a0F13EF26C,0xfc41b49d064ac646015b459c522820db9472f4b5,mwrsETH,18,18742687286048934613,93586399176,4162837996694381,2423331681,200315967776115490717873156,0.46,True,True,True,2893.948224001691,54240.37,54252.41,False,False,False,False,False,1e-06
moonwell,base,0xfBb21d0380beE3312B33c4353c8936a0F13EF26C,0xdc7810b47eaab250de623f0ee07764afa5f71ed1,mWELL,18,114679693050055514003972392,649468928100654990,16921865844079290345262518,77760548996168041248588,202509762445101943651678761,0.55,True,False,False,0.0022669,259967.4,298151.3,False,False,False,False,False,0.0
moonwell,base,0xfBb21d0380beE3312B33c4353c8936a0F13EF26C,0xb6419c6c2e60c4025d6d06ee4f913ce89425a357,mUSDS,18,36665712906407076,42077104284038,10097238702736638219911,289634910629561441213,233087343454395538382926735,0.8,True,False,False,1.00003013,0.04,9807.94,False,False,False,False,False,0.0
moonwell,base,0xfBb21d0380beE3312B33c4353c8936a0F13EF26C,0x9a858ebff1beb0d3495bb0e2897c1528ed84a218,mtBTC,18,358149143140875665,2032861722,51612476384964479,162080741478591,201489129512155550833870243,0.64,True,False,False,84584.11234357,30293.73,34645.61,False,False,False,False,False,1.7e-05
moonwell,base,0xfBb21d0380beE3312B33c4353c8936a0F13EF26C,0x10ff57877b79e9bd949b3815220ec87b9fc5d2ee,mLBTC,8,4312105612,215543209224,21487741,7366,20105416461979030,0.8,True,False,False,85009.25192925612,3665688.72,3683949.03,False,False,False,False,False,0.0
moonwell,base,0xfBb21d0380beE3312B33c4353c8936a0F13EF26C,0xde8df9d942d78ede3ca06e60712582f79cfffc64,mVIRTUAL,18,176013858300628889620064,6167272655576286,1254232001533696628475240,1180559018989690691362,231717548521746076140773289,0.65,True,False,False,0.7634307,134374.38,1090992.32,False,False,False,False,False,0.0
moonwell,base,0xfBb21d0380beE3312B33c4353c8936a0F13EF26C,0x6308204872bdb7432df97b04b42443c714904f3e,mMORPHO,18,18896418540353411,611217687731882,126072884361948276423884,1366368342143070963691,204029656568001299846714142,0.6,True,False,False,2.5600223,0.05,319251.51,False,False,False,False,False,0.0
moonwell,base,0xfBb21d0380beE3312B33c4353c8936a0F13EF26C,0xb4fb8fed5b3aaa8434f0b19b1b623d977e07e86d,mcbXRP,6,834327480917,7844907220608800,776914480499,940564173,205267105391978,0.74,True,False,False,1.4842726,1238369.42,2390126.24,False,False,False,False,False,0.0
moonwell,base,0xfBb21d0380beE3312B33c4353c8936a0F13EF26C,0x2f90bb22eb3979f5ffad31ea6c3f0792ca66da32,mMAMO,18,208919912,1566312799647705,3470017972900907517815404,1906574640454808862504486,998168011394498253353388136,0.5,True,False,False,0.00752407,0.0,11763.46,False,False,False,False,False,0.0
moonwell,base,0xfBb21d0380beE3312B33c4353c8936a0F13EF26C,0xd64bcb70c613a6d1f4d7d57ba64bb4a0767a9682,mVVV,18,4206583311324992254033,21285601888119,51720327445464577710,1164394263505596645,200000886368318377975489180,0.5,True,False,False,27.52453,115784.23,117175.76,False,False,False,False,False,0.0
xpert,base,0xaE9dFbb5E3848AB056acA352D783d7e569EF83b3,0xc44f35cd72803ebf07a54464b452d190ce8e5ed3,xETH,18,0,2099989957792254,2282766427193928,181903448735199,1000415726114896672,0.7,True,False,False,2676.54,0.0,5.62,False,False,False,False,False,0.0
xpert,base,0xaE9dFbb5E3848AB056acA352D783d7e569EF83b3,0x7861f17a38fd52bdcdd369a825707763fc11f6db,xWETH,18,0,122034713774,16411462805259,285971391199113,None,0.7,True,False,False,2676.54,0.0,None,False,False,False,False,False,None
xpert,base,0xaE9dFbb5E3848AB056acA352D783d7e569EF83b3,0xf2e56547294fe97f3e755c4bb3362e6216d1097a,xUSDC,6,0,2563,568,557710,None,0.8,True,False,False,0.99991498,0.0,None,False,True,False,False,False,None
xpert,base,0xaE9dFbb5E3848AB056acA352D783d7e569EF83b3,0x5e935d83268adb44992e25bcf39e8d3f03cf906f,xAERO,18,0,3186210173977,1047343142472539,1567142411237482220,None,0.6,True,False,False,0.79031273,0.0,None,False,False,False,False,False,None
xpert,base,0xaE9dFbb5E3848AB056acA352D783d7e569EF83b3,0xc6d64cf7d19f608b052e73d46197cbfc72a6347f,xcbBTC,8,0,16,9,1235,None,0.7,True,False,False,84622.56592853,0.0,None,False,True,True,False,False,None
xpert,base,0xaE9dFbb5E3848AB056acA352D783d7e569EF83b3,0xf128cf824e559f3c1f0249e1fe5088f39ddd744b,xCash,18,1800000000000000000,1999999990839041232,200000010321537258,1032153725,1000000009225171192,0.8,True,False,False,2676.54,4817.77,5353.08,False,False,False,False,False,0.0
ionic-protocol,base,0x05c9c6417f246600f8f5f49fca9ee991bff73d13,0x014e08f05ac11bb532be62774a4c548368f59779,ionAERO,18,2105069627346794453007,5560022902790225723745,6844418686340675052,934893575708067294058,None,0.65,True,True,True,0.000295274021684712,0.62,None,False,False,False,False,False,0.0
ionic-protocol,base,0x05c9c6417f246600f8f5f49fca9ee991bff73d13,0x9c201024a62466f9157b2daadda9326207addd29,ioncbETH,18,117470979889305973,521710544043224448,971191017717673,10038745105600658,None,0.8,True,True,True,1.140811770408883,0.13,None,False,False,False,False,False,0.0
ionic-protocol,base,0x05c9c6417f246600f8f5f49fca9ee991bff73d13,0xa900a17a49bc4d442ba7f72c39fa2108865671f0,ionUSDC,6,5629111012,14104834506,809640150,3201136440,None,0.9,True,True,True,0.000373584919336157,2.1,None,False,False,False,False,False,0.0
ionic-protocol,base,0x05c9c6417f246600f8f5f49fca9ee991bff73d13,0x9d62e30c6cb7964c99314dcf5f847e36fcb29ca9,ionwstETH,18,26867455258673385,88164583492706204,102621163934631,9291167319273404,None,0.82,True,True,True,1.2454018786985979,0.03,None,False,False,False,False,False,0.0
ionic-protocol,base,0x05c9c6417f246600f8f5f49fca9ee991bff73d13,0x079f84161642d81aafb67966123c9949f9284bf5,ionezETH,18,1933405221104903628,9505061564938699481,0,32273783905597300,None,0.67,True,True,True,1.0869651655028438,2.1,None,False,False,False,False,False,0.0
ionic-protocol,base,0x05c9c6417f246600f8f5f49fca9ee991bff73d13,0x49420311b518f3d0c94e897592014de53831cfa3,ionWETH,18,3958229684591773507,7925299080265108878,495215825640183715,2784652152676901856,None,0.82,True,True,True,1.0,3.96,None,False,False,False,False,False,0.0
ionic-protocol,base,0x05c9c6417f246600f8f5f49fca9ee991bff73d13,0x84341b650598002d427570298564d6701733c805,ionweETH,18,214878188009969821,737192263777383230,87235460863546,66133136296350719,None,0.7,True,True,True,1.104369122719278,0.24,None,False,False,False,False,False,0.0
ionic-protocol,base,0x05c9c6417f246600f8f5f49fca9ee991bff73d13,0x9c2a4f9c5471fd36be3bbd8437a33935107215a1,ioneUSD,18,2554088010939818064904,418749113123826728518,120755209858635649580,2522295054416899732988,None,0.8,True,True,True,0.00037347886824034,0.95,None,False,False,False,False,False,0.0
ionic-protocol,base,0x05c9c6417f246600f8f5f49fca9ee991bff73d13,0x3d9669de9e3e98db41a1cbf6dc23446109945e3c,ionbsdETH,18,724222390427351648,480224949001074596,9195294307369367,632817899090007678,None,0.7,True,True,True,1.0891263,0.79,None,False,False,False,False,False,0.0
ionic-protocol,base,0x05c9c6417f246600f8f5f49fca9ee991bff73d13,0xfc6b82668e10aff62f208c492fc95ef1fa9c0426,ionRSR,18,318486502719359,6290858661551546373123516,2437118980886030193153476,135062103409674237890691,None,0.5,True,True,True,6.3257414423e-07,0.0,None,False,False,False,False,False,0.0
ionic-protocol,base,0x05c9c6417f246600f8f5f49fca9ee991bff73d13,0x751911bda88efcf412326abe649b7a3b28c4dede,ionhyUSD,18,1329519511549524113770,704473032830268115959,208953907709985254895,1354626814768247238242,None,0.7,True,True,True,0.000412350088304249,0.55,None,False,False,False,False,False,0.0
ionic-protocol,base,0x05c9c6417f246600f8f5f49fca9ee991bff73d13,0x1de166df671ae6db4c4c98903df88e8007593748,ioncbBTC,8,580975,331017,3987,513929,None,0.8,True,True,True,31.622032923102214,0.18,None,False,True,False,False,False,0.0
ionic-protocol,base,0x05c9c6417f246600f8f5f49fca9ee991bff73d13,0xc462eb5587062e2f2391990b8609d2428d8cf598,ionwsuperOETHb,18,359533407009271516,1738291729157731103,0,11679468027077685,None,0.8,True,True,True,1.109424866362055,0.4,None,False,False,False,False,False,0.0
ionic-protocol,base,0x05c9c6417f246600f8f5f49fca9ee991bff73d13,0xe30965acd0ee1ce2e0cd0acbfb3596bd6fc78a51,ionwUSDM,18,274371304043892041271,74699635537942848044,7890226573430115104,263458357527707289870,None,1e-18,True,True,True,0.000403973044969781,0.11,None,False,False,False,False,False,0.0
ionic-protocol,base,0x05c9c6417f246600f8f5f49fca9ee991bff73d13,0xe00b2b2ca7ac347bc7ca82fe5cff0f76222ff375,ionOGN,18,405391424953895932738,2502294155242911153919,98111858181874497479,318825540846703202,None,0.77,True,True,True,1.1616e-05,0.0,None,False,False,False,False,False,0.0
ionic-protocol,base,0x05c9c6417f246600f8f5f49fca9ee991bff73d13,0x0e5a87047f871050c0d713321deb0f008a41c495,ionEURC,6,394817331,107342553,1435659,372514054,None,0.85,True,True,True,0.000420255494033341,0.17,None,False,False,False,False,False,0.0
ionic-protocol,base,0x05c9c6417f246600f8f5f49fca9ee991bff73d13,0x74109171033f662d5b898a7a2fcab2f1ef80c201,ionUSD+,6,207914124,163737671,593299,162369640,None,0.85,True,True,True,0.000505033291998343,0.11,None,False,False,False,False,False,0.0
ionic-protocol,base,0x05c9c6417f246600f8f5f49fca9ee991bff73d13,0xf1bbecd6acf648540eb79588df692c6b2f0fbc09,ionwUSD+,6,22703911,113519545,0,0,None,0.85,True,True,True,0.000636266192924112,0.01,None,False,False,False,False,False,0.0
ionic-protocol,base,0x05c9c6417f246600f8f5f49fca9ee991bff73d13,0xa4442b665d4c6dbc6ea43137b336e3089f05626c,ionUSDz,18,204991280802353259500275,986260325422471652009022,1543843787384055741694,1587248047992909749478,None,0.8,True,True,True,0.000505033291998343,103.53,None,False,False,False,False,False,0.0
ionic-protocol,base,0x05c9c6417f246600f8f5f49fca9ee991bff73d13,0xbd06905590b6e1b6ac979fc477a0aebb58d52371,ionuSOL,18,16116440519336194402,1853700091761354314,131076801231802099,15864204083577866868,None,0.8,True,True,True,0.04482673835604487,0.72,None,False,False,False,False,False,0.0
ionic-protocol,base,0x05c9c6417f246600f8f5f49fca9ee991bff73d13,0xaa255cf8e294bd7fcab21897c0791e50c99bac69,ionuSUI,18,131310977414596488054,106418605798463991019,1532529280763183790,109536473664350426796,None,0.7,True,True,True,0.000431094865807491,0.06,None,False,False,False,False,False,0.0
ionic-protocol,base,0x05c9c6417f246600f8f5f49fca9ee991bff73d13,0xf64bfd19ddcb2bb54e6f976a233d0a9400ed84ea,ionsUSDz,18,197515748260752204171,545855247197773473547,2335775638431377745,87959608441904163659,None,0.7,True,True,True,0.000480075265585807,0.09,None,False,False,False,False,False,0.0
ionic-protocol,base,0x05c9c6417f246600f8f5f49fca9ee991bff73d13,0xd333681242f376f9005d1208ff946c3ee73ed659,ionfBOMB,18,3624145577188246257876,12278444065288015513454,52008434407252931579,1100772650589518980802,None,0.5,True,True,True,6.738548240079e-06,0.02,None,False,False,False,False,False,0.0
ionic-protocol,base,0x05c9c6417f246600f8f5f49fca9ee991bff73d13,0x600d660440f15eeadbc3fc1403375e04b318f07e,ionKLIMA,9,7086774213843,9030666321794,39565447,4808957170203,None,0.55,True,True,True,6.55607910792e-07,0.0,None,False,False,False,False,False,0.0
ionic-protocol,base,0x05c9c6417f246600f8f5f49fca9ee991bff73d13,0x5842c06fd18665d9e5c8d0f8fe770e635013626c,ionuXRP,18,8605537413084510340,22537585893657735232,1667170690101682672,5674963822203454728,None,0.65,True,True,True,0.000555271948319276,0.0,None,False,False,False,False,False,0.0
ionic-protocol,base,0x05c9c6417f246600f8f5f49fca9ee991bff73d13,0xd3181806b89ca82cfa45d2e0807ae3c707bd752f,ionmsETH,18,35296550053460780,123883436102616210,2192008121545413,6246717397001560,None,0.1,True,True,True,1.0,0.04,None,False,False,False,False,False,0.0
ionic-protocol,base,0x05c9c6417f246600f8f5f49fca9ee991bff73d13,0x5be1cb6cb3c9bfd16db43ed4f6c081fa9783dd1c,ionmsUSD,18,32032318623494566826,0,67658927743974965,0,None,0.1,True,True,True,0.000373584919336157,0.01,None,True,True,True,False,False,None
ionic-protocol,base,0x05c9c6417f246600f8f5f49fca9ee991bff73d13,0x99810c254ba9e359ffd269986f36e3e6b996ba59,ionmBASIS,18,58258037434855617119,291290183648818012440,12,167299797574,None,0.5,True,True,True,0.000455359310901387,0.03,None,False,False,False,False,False,0.0
sumer,meter,0xcB4cdDA50C1B6B0E33F544c98420722093B7Aa88,0xc211a250fc30122ee107ac9acf6686110339520f,sdrUSDC.eth,6,51133852189,50622086521,810884393,953434462,1007293567380847391,1e-18,True,None,None,9.99800029e-13,0.0,0.0,False,False,False,False,False,0.0
sumer,meter,0xcB4cdDA50C1B6B0E33F544c98420722093B7Aa88,0xacedc263ff6de824b38caeaac1fd877b1a7344a1,sdrUSDT.eth,6,24879247760,24158320893,18924,714372636,1000272086583712223,1e-18,True,None,None,9.99700059e-13,0.0,0.0,False,False,False,False,False,0.0
sumer,meter,0xcB4cdDA50C1B6B0E33F544c98420722093B7Aa88,0x6ff2fb3f8f175df0a39c344de81a4aaab05c49eb,sdrMTRG,18,318153638014693164885658,345650368801866411758945,38722903646439283917717,4023351217880116619384,1020838460743881686,4e-18,True,None,None,0.0101,3213.35,3563.82,False,False,False,False,False,0.0
sumer,meter,0xcB4cdDA50C1B6B0E33F544c98420722093B7Aa88,0x318f6863a8c516df9c5941aeb328a40f15f525f9,sdrwstMTRG,18,382330270860214261770856,381822288006135834743741,1445929216852138519459,1237221122301679640661,1001877027536478878,4e-18,True,None,None,0.013270667710244316,5073.78,5076.55,False,False,False,False,False,0.0
sumer,meter,0xcB4cdDA50C1B6B0E33F544c98420722093B7Aa88,0x52e245606dd37a9addcd2bb523d319596eb4b851,sdrETH,18,146452140944832879,102467300740252802,1728338625,43984269185808667,1000005589559848823,2e-18,True,None,None,2666.189520826,390.47,273.2,False,False,False,False,False,0.0
sumer,meter,0xcB4cdDA50C1B6B0E33F544c98420722093B7Aa88,0x755a39999fe536ec327cb84110383bfc30fd0f4d,sdrsuUSD,18,0,0,71355194054988399921761,0,1000000000000000000,1e-18,True,None,None,1.0,0.0,None,True,True,True,False,False,None
sumer,meter,0xcB4cdDA50C1B6B0E33F544c98420722093B7Aa88,0x21c4123f62ca28c9cef3ddd1c8ae71ee9a5003ae,sdrsuETH,18,0,0,1000000000001000,0,1000000000000000000,2e-18,True,None,None,2666.189520826,0.0,None,True,True,True,False,False,None
basilisk,zksync,0x4085f99720e699106bc483dAb6CAED171EdA8D15,0x1e8f1099a3fe6d2c1a960528394f4feb8f8a288d,bETH,18,37130277021312857369,174268984921,1456225857265285061,3616021847690031057,200669562898647782002019319,0.7,True,False,False,None,None,None,False,False,False,False,False,None
basilisk,zksync,0x4085f99720e699106bc483dAb6CAED171EdA8D15,0x01541ead71e41d59f315eb2ce3a9441ed7b0a63e,bUSDC,6,18283641289,85631775570691,3854920578,3919727183,212757875947111,0.8,True,False,False,None,None,None,False,False,False,False,False,None
reactorfusion,zksync,0x23848c28Af1C3AA7B999fA57e6b6E8599C17F3f2,0x04e9db37d8ea0760072e1ace3f2a219988fdac29,rfUSDC,6,11860890990,28754543588,24813600943,8680765,1275131043404965485,0.85,True,False,False,0.999945,11860.24,36663.79,False,False,False,False,False,1e-06
reactorfusion,zksync,0x23848c28Af1C3AA7B999fA57e6b6E8599C17F3f2,0xc5db68f30d21cbe0c9eac7be5ea83468d69297e6,rfETH,18,84293639648056415541,109175853190343673045,28927681686184058718,3202225481312460,1037025274365092087,0.8,True,False,False,2673.1069,225325.91,302644.14,False,False,False,False,False,0.0
reactorfusion,zksync,0x23848c28Af1C3AA7B999fA57e6b6E8599C17F3f2,0x0a976e1e7d3052beb46085acbe1e0daccf4a19cf,rfWBTC,8,14764459,25929894,13186020,0,1077924923256531631,0.8,True,False,False,84449.55,12468.52,23604.05,False,False,False,False,False,0.000844
reactorfusion,zksync,0x23848c28Af1C3AA7B999fA57e6b6E8599C17F3f2,0x894cccb9908a0319381c305f947ad0ef44838591,rfUSDT,6,17546907977,17576530574,4123153357,0,1232897541569172705,0.85,True,False,False,0.99982329,17543.81,21666.23,False,False,False,False,False,1e-06
reactorfusion,zksync,0x23848c28Af1C3AA7B999fA57e6b6E8599C17F3f2,0x0e392b6b05c112677096920ad938a0752d1451f3,rfZK,18,2195653130036062992879827,2222149068944997105454459,32393049579859601387611,260720579825322691,1002653669833745803,0.6,True,False,False,0.01239243,27209.48,27610.9,False,False,False,False,False,0.0
reactorfusion,zksync,0x23848c28Af1C3AA7B999fA57e6b6E8599C17F3f2,0x930da5e58f7f0d6dc417ab07e07558c78cff1445,rfUSDC.z,6,2895987524,2934045058,742479734,0,1240085679011409374,0.85,True,False,False,0.999945,2895.83,3638.27,False,False,False,False,False,1e-06
0xLend,zksync,0x599bb9202EE2D2F95EDe9f88F622854f7ef2c371,0xba83e20d5b965d00f7489532c10df60d39af9e24,xUSDC,6,68930,142845535,153506808,300502,1073013839739548036,0.8,True,False,False,None,None,None,False,False,False,False,False,None
0xLend,zksync,0x599bb9202EE2D2F95EDe9f88F622854f7ef2c371,0x9dae6c8c431ffc6d21b836e0d8d113e8365defb9,xETH,18,62162871594863947,62900855648301026,2481292660740754,273590081927451,1023365636448475269,0.65,True,False,False,None,None,None,False,False,False,False,False,None
zkfox,zksync,0xc3D157Ee5D602E9CEAF6eA4c15C9b52B313A1364,0x31e7a8961d0a403cdd451bf756aa399f8694dc0e,zfcWETH,18,None,15727085908590413533,412732125774437953,1193073664127620,None,0.9,True,False,False,None,None,None,False,False,False,False,False,None
zkfox,zksync,0xc3D157Ee5D602E9CEAF6eA4c15C9b52B313A1364,0x6c22724c80e61790342f3b7101b722da5cd7ed93,zfcUSDC,6,0,0,0,0,250000,0.0,True,False,False,0.01,0.0,None,True,True,True,False,False,None
zkfox,zksync,0xc3D157Ee5D602E9CEAF6eA4c15C9b52B313A1364,0x528d7be22a51695973edb29a7829d438abd4737a,zfcUSDC,6,None,275134874504816147885735,730352645,1683943,None,0.9,True,False,False,0.01,0.0,None,False,False,False,False,False,0.0
zkfox,zksync,0xc3D157Ee5D602E9CEAF6eA4c15C9b52B313A1364,0x45322b0a9f4dbdb27cebac08c6e279017bf663e2,zfcMUTE,18,0,0,0,0,250000000000000000,0.0,True,False,False,None,None,None,True,True,True,False,False,None
zkfox,zksync,0xc3D157Ee5D602E9CEAF6eA4c15C9b52B313A1364,0xc97299abcbe1e40a75acd42bc4e80c0cbcc95a23,zfcMUTE,18,None,11227511125431725013408,0,0,None,0.9,True,False,False,None,None,None,False,False,False,False,False,None
zkfox,zksync,0xc3D157Ee5D602E9CEAF6eA4c15C9b52B313A1364,0x752e28ae434a30121b77f311e74f37abd875f42d,zfcVC,18,14825473463396003922220,59301893853584015688880,0,0,250000000000000000,0.9,True,False,False,11702454.17022731,173494423757.31,173494423757.31,False,False,False,False,False,0.0
zkfox,zksync,0xc3D157Ee5D602E9CEAF6eA4c15C9b52B313A1364,0x8b60cf9da8f65363d63e6d12abe7de041aa15701,zfcOT,18,7862773084969291123365,31451092339877164493460,0,0,250000000000000000,0.9,True,False,False,10961509.82875439,86187864452.16,86187864452.16,False,False,False,False,False,0.0
zkfox,zksync,0xc3D157Ee5D602E9CEAF6eA4c15C9b52B313A1364,0x1255d58d2ecf8faa41f15b4ec5299f2dec25cfb1,zfcUSDT,6,None,4886392514736206234209,27651899,86956,None,0.9,True,False,False,0.009996631135307401,0.0,None,False,False,False,False,False,0.0
venus,zksync,0xddE4D098D9995B659724ae6d5E3FB9681Ac941B1,0xaf8fd83cfcbe963211faaf1847f0f217f80b4719,vWBTC_Core,8,141027403,149822184,9990804,0,1008179623119096968,0.77,True,None,None,84449.55,119097.01,127559.08,False,False,False,False,False,0.000844
venus,zksync,0xddE4D098D9995B659724ae6d5E3FB9681Ac941B1,0x1fa916c27c7c2c4602124a14c77dbb40a5ff1be8,vWETH_Core,18,30654574606993831372,19274648513,177090151375537656390,0,10779634212658671582853366660,0.77,True,None,None,2673.1069,81942.95,555401.21,False,False,False,False,False,2.9e-05
venus,zksync,0xddE4D098D9995B659724ae6d5E3FB9681Ac941B1,0x1af23bd57c62a99c59ad48236553d0dd11e49d2d,vUSDC.e_Core,6,16118286613,8485441518785,84970089826,0,11946602033445529,0.75,True,None,None,0.999945,16117.4,101366.62,False,False,False,False,False,0.0
venus,zksync,0xddE4D098D9995B659724ae6d5E3FB9681Ac941B1,0x69cda960e3b20dfd480866fffd377ebe40bd0a46,vUSDT_Core,6,55553377885,14899662025163,112820376286,0,11329535010587146,0.77,True,None,None,0.99982329,55543.56,168776.41,False,False,False,False,False,0.0
venus,zksync,0xddE4D098D9995B659724ae6d5E3FB9681Ac941B1,0x697a70779c1a03ba2bd28b7627a902bff831b616,vZK_Core,18,15277731210861401783228893,1675959230678123,1040834208608357146249657,2260423372305611862197,10151995683569894307208556954,0.0,True,None,None,0.01239243,189328.21,210848.9,False,False,False,False,False,0.0
venus,zksync,0xddE4D098D9995B659724ae6d5E3FB9681Ac941B1,0x84064c058f2efea4ab648bb6bd7e40f83ffde39a,vUSDC_Core,6,39560109208,8822993869153,56354234816,23007,10886068291830344,0.75,True,None,None,0.999945,39557.93,96042.43,False,False,False,False,False,0.0
venus,zksync,0xddE4D098D9995B659724ae6d5E3FB9681Ac941B1,0x183de3c349fcf546aae925e1c7f364ea6fb4033c,vwUSDM_Core,18,0,92025723681234,1820854033222135876,1156489209611928317503,10040517806946058927125087545,0.0,True,None,None,1.0816726646961985,0.0,999450.31,False,False,False,False,False,None
venus,zksync,0xddE4D098D9995B659724ae6d5E3FB9681Ac941B1,0x03cad66259f7f34ee075f8b62d133563d249eda4,vwstETH_Core,18,2474226290009686717,250669862,32530128898084158,0,10000230577809832100996648731,0.0,True,None,None,3329.092355222185,8236.93,8345.22,False,False,False,False,False,3.3e-05
venus,zksync,0xddE4D098D9995B659724ae6d5E3FB9681Ac941B1,0xceb7da150d16ace58f090754fef2775c23c8b631,vzkETH_Core,18,35038350124767834,3503835,0,0,10000000035608935352264019281,0.0,True,None,None,2773.655814587745,97.18,97.18,False,False,False,False,False,2.8e-05
zoro,zksync,0x90f2810B85f02122159cB18f6abF2776a7Ca3152,0x49210d83c36b8c12ba8827634a3f3aa103d75b39,zDAI,18,4357640590706355476,21786730887,92794385246934,38477742601077,200016006529424266119820457,0.8,True,False,False,None,None,None,False,False,False,False,False,None
zoro,zksync,0x90f2810B85f02122159cB18f6abF2776a7Ca3152,0x3a6f5ea6b9b781c37f25164d9c25534edd87d290,zETH,18,5475944143668530309,27611704602,47838337883747359,1393941675633736,200001724611983589118073964,0.8,True,False,False,2673.1069,14637.78,14761.93,False,False,False,False,False,1e-06
zoro,zksync,0x90f2810B85f02122159cB18f6abF2776a7Ca3152,0x39de3d718f506f60a5f6958b54d777eb237ed71b,zUSDC,6,234818,1174735766,253,24,200084995113701,0.825,True,False,False,0.999945,0.23,0.24,False,False,False,False,False,0.0
zoro,zksync,0x90f2810B85f02122159cB18f6abF2776a7Ca3152,0xbbc5604bf230084891729f24bcf130bebdd3086b,zUSDT,6,4467087,22435399565,20035,3,200001742202089,0.8,True,False,False,0.99982329,4.47,4.49,False,False,False,False,False,0.0
zoro,zksync,0x90f2810B85f02122159cB18f6abF2776a7Ca3152,0x804ce355b2a02c5535c6a1dc0b83f6545fee064d,zWBTC,8,2152110,108225650,13195,154,20005895090489177,0.8,True,False,False,84449.55,1817.45,1828.46,False,False,False,False,False,0.0
zoro,zksync,0x410ffcC8f37dCb3116cA8F59B30CCbe4c60F2385,0xa25e963bfe7f4a7d6a1ecd71330872524735a521,zAAVE,18,20000000002000000,100000000,0,0,200000000020000000000000000,0.4,True,False,False,179.30895187,3.59,3.59,False,False,False,False,False,0.0
zoro,zksync,0x410ffcC8f37dCb3116cA8F59B30CCbe4c60F2385,0x1454003428322ff08110b41c665b1a9ffa42d3eb,zDAI,18,20000000000000000,100000000,0,0,200000000000000000000000000,0.8,True,False,False,None,None,None,False,False,False,False,False,None
zoro,zksync,0x410ffcC8f37dCb3116cA8F59B30CCbe4c60F2385,0x2ff7bf02a7c4f63fbc3b764a12c723b2abda2905,zETH,18,20699999456766039,107499712,803388293350737,677658670121,200025746035921054374545673,0.8,True,False,False,2673.1069,55.33,57.48,False,False,False,False,False,1e-06
zoro,zksync,0x410ffcC8f37dCb3116cA8F59B30CCbe4c60F2385,0x86a242eab3a3da017921987faa5271e9041be97e,zLINK,18,20000000000000000,100000000,0,0,200000000000000000000000000,0.4,True,False,False,14.06620785,0.28,0.28,False,False,False,False,False,0.0
zoro,zksync,0x410ffcC8f37dCb3116cA8F59B30CCbe4c60F2385,0x4c604fda8e5f7dd2b61c0674308e59b559c417d2,zPEPE,18,20000000000000000,100000000,0,0,200000000000000000000000000,0.4,True,False,False,4.2420977e-06,0.0,0.0,False,False,False,False,False,0.0
zoro,zksync,0x410ffcC8f37dCb3116cA8F59B30CCbe4c60F2385,0x7bb36ca2fccc09eb1cd99509a485c57679ec9fb6,zSOL,9,20000000,100000000,0,0,200000000000000000,0.4,True,False,False,119.49015048,2.39,2.39,False,False,False,False,False,0.0
zoro,zksync,0x410ffcC8f37dCb3116cA8F59B30CCbe4c60F2385,0xc3f6019698e8d61046ad7f8222697ada3f26db69,zUNI,18,20000000000000000,100000000,0,0,200000000000000000000000000,0.4,True,False,False,9.14181156,0.18,0.18,False,False,False,False,False,0.0
zoro,zksync,0x410ffcC8f37dCb3116cA8F59B30CCbe4c60F2385,0x2404588c4b76e0733fa3ab4ffffb4fb20849a01b,zUSDC,6,20000,100000000,0,0,200000000000000,0.825,True,False,False,0.999945,0.02,0.02,False,False,False,False,False,0.0
zoro,zksync,0x410ffcC8f37dCb3116cA8F59B30CCbe4c60F2385,0xe1c94b45f5d90a06676e176abb53d7e76ff7ca18,zUSDT,6,20000,100000000,0,0,200000000000000,0.8,True,False,False,0.99982329,0.02,0.02,False,False,False,False,False,0.0
zoro,zksync,0x410ffcC8f37dCb3116cA8F59B30CCbe4c60F2385,0x14fbef18b54d7a398f09260c1954a7ea85bebafe,zWBTC,8,2000000,100000000,0,0,20000000000000000,0.8,True,False,False,84449.55,1688.99,1688.99,False,False,False,False,False,0.0
qie-lend,qie,0x69a31E3D361C69B37463aa67Ef93067dC760fBD4,0xd072cddc4e8a15ee532f7fb7ac583a3715b5261f,qWBNB,18,1329400581904572559,67023479606221712277,13273553711589028,230555371158898,20029452187981974,0.6,True,False,False,763.38486384,1014.84,1024.8,False,False,False,False,False,0.0
qie-lend,qie,0x69a31E3D361C69B37463aa67Ef93067dC760fBD4,0x0b8f865dd5e822323f3b45554bdbc8de3715da60,qWETH,18,1250000002,6674582105020589005,139821415680842585,732143568084247,20838648948244422,0.6,True,False,False,2675.92664628,0.0,372.19,False,False,False,False,False,0.0
qie-lend,qie,0x69a31E3D361C69B37463aa67Ef93067dC760fBD4,0x25a9bd97c90161a622a75a4fd87ea0e7507324ca,qWQIE,18,245961044072164192241948,12297874153814583835069500,130072596888211,3228895971825,20000289572219692,0.5,True,False,False,0.18382969,45214.94,45214.94,False,False,False,False,False,0.0
qie-lend,qie,0x69a31E3D361C69B37463aa67Ef93067dC760fBD4,0x3ecd3b3fa22cc251301ba78f4ba014f78b6fe542,qQUSDC,6,5798608354,309164404320,501135882,16746592,20322513058446391,0.8,True,False,False,1.0,5798.61,6283.0,False,False,False,False,False,0.0
teralend,flare,0xEBf6ed25aB1F79B5C10C7145C5167367bE31651f,0x02350987093a804556d65be52063e85eaf80c806,tFLR,18,0,1367265938677213265770138,1456439173223542745817650,8797804106981778255021,1058785513604696683,0.6,True,True,False,0.00718521,0.0,10401.61,False,False,False,False,False,0.0
teralend,flare,0xEBf6ed25aB1F79B5C10C7145C5167367bE31651f,0x0abca7776d419dbc1e5548df25748b7463f6428e,tsFLR,18,0,852710677521750665148840,396932233492022576778296,1483266793946373830802,463755148284734853,0.6,True,True,True,0.01355747,0.0,5361.29,False,False,False,False,False,0.0
teralend,flare,0xEBf6ed25aB1F79B5C10C7145C5167367bE31651f,0x7003bbe5e1ace5dee22992d2a643f7de0daaae6e,tUSDC.e,6,0,24354210705,19418314616,1587995,797263637741857994,0.8,True,True,True,0.99987,0.0,19414.2,False,False,False,False,False,0.0
teralend,flare,0xEBf6ed25aB1F79B5C10C7145C5167367bE31651f,0x5b685f1ed80d2ed16667ce5bd3db884d29964797,tUSDT0,6,0,30798135945,25157623073,32444058,815801938788409358,0.8,True,True,True,0.99967,0.0,25116.89,False,False,False,False,False,0.0
teralend,flare,0xEBf6ed25aB1F79B5C10C7145C5167367bE31651f,0xe0fd00bb4a4938dacee59d814e9d346854721fa3,tWETH,18,0,9668713610721900700,5558700124685598835,865543718931257,574826683748646040,0.7,True,True,True,2676.839,0.0,14877.43,False,False,False,False,False,0.0
teralend,flare,0xEBf6ed25aB1F79B5C10C7145C5167367bE31651f,0x7fa5559a01dc358e9bc9a2aa10300ba229ff3c7e,tflrETH,18,99000000000000000000,100000000000000000000,1000000000000000000,0,1000000000000000000,0.6,True,False,False,2676.838,265006.96,267683.8,False,False,False,False,False,0.0
kinetic,flare,0x8041680Fb73E1Fe5F851e76233DCDfA0f2D2D7c8,0xdeebabe05bda7e8c1740873abf715f16164c29b8,kUSDC.E,6,157879773834,3448089085095070,633160319165,398898264,229298366493103,0.8,True,False,False,0.99985,157856.09,790522.6,False,False,False,False,False,0.0
kinetic,flare,0x8041680Fb73E1Fe5F851e76233DCDfA0f2D2D7c8,0x1e5bbc19e0b17d7d38f318c79401b3d16f2b93bb,kUSDT,6,2566060727,23685209541139,3678008002,2678393,263514254546040,0.8,True,False,False,0.99965,2565.16,6239.21,False,False,False,False,False,0.0
kinetic,flare,0x8041680Fb73E1Fe5F851e76233DCDfA0f2D2D7c8,0x291487bec339c2fe5d83dd45f0a15efc9ac45656,kSFLR,18,383573641958869998847933259,1997466532752424272,17504729288750435382109190,845599349739107417798,200793114213334455176765695,0.7082,True,False,False,0.013550762595697128,5197715.36,5434906.33,False,False,False,False,False,0.0
kinetic,flare,0x8041680Fb73E1Fe5F851e76233DCDfA0f2D2D7c8,0x5c2400019017ae61f811d517d088df732642dbd0,kWETH,18,204036735316825283990,3673813161094,573945120244891662662,250004369258190889,211696081724761213048763544,0.625,True,False,False,2676.184,546039.85,2081353.54,False,False,False,False,False,1e-06
kinetic,flare,0x8041680Fb73E1Fe5F851e76233DCDfA0f2D2D7c8,0x40ee5dfe1d4a957ca8ac4dd4adaf8a8fa76b1c16,kFLRETH,18,877981251230085035720,4381797915550,None,None,201144664881500067227124727,0.625,True,False,False,2865.4906839466935,2515847.1,2525572.63,False,False,False,False,False,1e-06
kinetic,flare,0x8041680Fb73E1Fe5F851e76233DCDfA0f2D2D7c8,0x76809abd690b77488ffb5277e0a8300a7e77b779,kUSDT0,6,585333092285,12988262605227427,2168825719938,1935937507,211900772133164,0.8,True,False,False,0.99975,585186.76,2751534.82,False,False,False,False,False,0.0
kinetic,flare,0x8041680Fb73E1Fe5F851e76233DCDfA0f2D2D7c8,0xb84f771305d10607dd086b2f89712c0ced379407,kFLR,18,172571929833447589662224391,1121518110919456001,53661423380718618273516128,13004948996861595682986,201709046035562237605485099,0.7027,True,False,False,0.00718507,1239941.4,1625409.04,False,False,False,False,False,0.0
kinetic,flare,0xDcce91d46Ecb209645A26B5885500127819BeAdd,0x1bb34a8360a09f3166574a331b941cd7e4463ab7,isoUSDC,6,2503484142,96526700707340,19203661434,11357254,224764631578775,0.835,True,True,True,0.99989,2503.21,21693.4,False,False,False,False,False,0.0
kinetic,flare,0xDcce91d46Ecb209645A26B5885500127819BeAdd,0x7b6fcf27e6fc63aaee93295b8d116eeff11983d3,isoJOULE,18,1094379836922868545510770,5471899184614387,0,0,199999999999998381825225344,0.0,True,True,True,1e-05,10.94,10.94,False,False,False,False,False,0.0
kinetic,flare,0xDcce91d46Ecb209645A26B5885500127819BeAdd,0xd7291d5001693d15b6e4d56d73b5d2cd7ecfe5c6,isoFLR,18,4283951143415747655084219,20785965069504541,7446592052734950,378551732595,206098256036570660508869856,0.7027,True,True,True,0.0071868,30787.9,30787.9,False,False,False,False,False,0.0
kinetic,flare,0x15F69897E6aEBE0463401345543C26d1Fd994abB,0xad7e7989796414c9572da9854deb1b920724fd09,isoUSDT0,6,402877604977,None,4999933366536,4235986673,213578757242629,0.8,True,False,False,0.99968,None,None,False,False,False,False,False,None
kinetic,flare,0x15F69897E6aEBE0463401345543C26d1Fd994abB,0xd1b7a5efa9bd88f291f7a4563a8f6185c0249cb3,isoFXRP,6,18838442236613,100764972983829335,1326889097984,440422053,200118060030443,0.7,True,False,False,1.484608,27967702.05,29936958.37,False,False,False,False,False,0.0
kinetic,flare,0x15F69897E6aEBE0463401345543C26d1Fd994abB,0x870f7b89f0d408d7ca2e6586df26d00ea03aa358,isoSTXRP,6,26191795243,130958976110340,0,0,200000000159836,0.0,True,True,True,1.484426,38879.78,38879.78,False,False,False,False,False,0.0
traderjoe-lend,avax,0xdc13687554205E5b89Ac783db14bb5bba4A1eDaC,0xc22f01ddc8010ee05574028528614634684ec29e,jAVAX,18,0,114862453387710,2620928458274854818811,370904715336787540622,19588853246441402274520499,0.75,True,False,False,10.89988057,0.0,24524.99,False,False,False,False,False,0.0
traderjoe-lend,avax,0xdc13687554205E5b89Ac783db14bb5bba4A1eDaC,0x929f5cab61dfec79a5431a7734a68d714c4633fa,jWETH,18,0,797062996098,10521216278451814442,1054437027489829897,11877077843666488459490200,0.75,True,False,False,2675.99,0.0,25333.01,False,False,False,False,False,0.0
traderjoe-lend,avax,0xdc13687554205E5b89Ac783db14bb5bba4A1eDaC,0x3fe38b7b610c0acd10296fef69d9b18eb7a9eb1f,jWBTC,8,0,14325413871,31223511,842386,2120785149635555,0.75,True,False,False,84596.9,0.0,25701.49,False,False,False,False,False,0.0
traderjoe-lend,avax,0xdc13687554205E5b89Ac783db14bb5bba4A1eDaC,0xed6aaf91a2b084bd594dbd1245be3691f9f637ac,jUSDC,6,0,2291248094576634,247844867310,7533457046,104882317559942,0.8,True,False,False,0.99992677,0.0,240293.81,False,False,False,False,False,0.0
traderjoe-lend,avax,0xdc13687554205E5b89Ac783db14bb5bba4A1eDaC,0x8b650e26404ac6837539ca96812f0123601e4448,jUSDT,6,0,3834303098876571,165205599120,4738017396,41850520834155,0.8,True,False,False,0.9999,0.0,160451.53,False,False,False,False,False,0.0
traderjoe-lend,avax,0xdc13687554205E5b89Ac783db14bb5bba4A1eDaC,0xc988c170d0e38197dc634a45bf00169c7aa7ca19,jDAI,18,0,56948070707999,24309568900950139919903,1198143105423515483374,405833340940211404604234449,0.8,True,False,False,1.00002515,0.0,23112.01,False,False,False,False,False,0.0
traderjoe-lend,avax,0xdc13687554205E5b89Ac783db14bb5bba4A1eDaC,0x585e7bc75089ed111b656faa7aeb1104f5b96c15,jLINK,18,0,16332448386813,70319625528276323880,25058609702491360935,2771232748075249341909343,0.6,True,False,False,14.06708524,0.0,636.69,False,False,False,False,False,0.0
traderjoe-lend,avax,0xdc13687554205E5b89Ac783db14bb5bba4A1eDaC,0x50ac14a3ee0a4cb6ef829f7ad65b2da5493e99d2,jUSDTNative,6,0,543625819010402,37828568681,4084663984,62071931679820,0.8,True,False,False,0.9999,0.0,33740.53,False,False,False,False,False,0.0
traderjoe-lend,avax,0xdc13687554205E5b89Ac783db14bb5bba4A1eDaC,0xc146783a59807154f92084f9243eb139d58da696,jXJOE,18,0,346403909000755,0,185489921262494440796,None,0.4,True,False,False,0.051819571601168186,0.0,None,False,False,False,False,False,None
traderjoe-lend,avax,0xdc13687554205E5b89Ac783db14bb5bba4A1eDaC,0x29472d511808ce925f501d25f9ee9effd2328db2,jUSDCNative,6,0,103379148193375,18070340350,5452957710,122049589888268,0.8,True,False,False,0.99992677,0.0,12616.46,False,False,False,False,False,0.0
traderjoe-lend,avax,0xdc13687554205E5b89Ac783db14bb5bba4A1eDaC,0xbfdbe35168953c9d29bdf9a0043f902f233c76e0,jJOE,18,0,89344960077525,0,1151102741989964048168,None,0.4,True,False,False,0.03931,0.0,None,False,False,False,False,False,None
traderjoe-lend,avax,0xdc13687554205E5b89Ac783db14bb5bba4A1eDaC,0x13a7a6c167d75badd316ddeef6c526c8463a090f,jBTC,8,0,1254766074,8031092,797863,5764603578212459,0.75,True,False,False,84596.9,0.0,6119.09,False,False,False,False,False,0.0
ironbank,avax,0x2eE80614Ccbc5e28654324a66A396458Fa5cD7Cc,0xb3c68d69e95b095ab4b33b4cb67dbc0fbf3edf56,iWAVAX,18,2513237167007302959617,18278205530230,2192176899759967103577,269053939445407656332,242713110977149538121932673,0.75,True,False,False,10.89988057,27393.98,48355.8,False,False,False,False,False,0.0
ironbank,avax,0x2eE80614Ccbc5e28654324a66A396458Fa5cD7Cc,0x338eee1f7b89ce6272f302bdc4b952c13b221f1d,iWETH.E,18,1707415008492722407,15953514850,2169879115884761928,284088942017927964,225229688638773942094647562,0.75,True,False,False,2675.99,4569.03,9615.38,False,False,False,False,False,1e-06
ironbank,avax,0x2eE80614Ccbc5e28654324a66A396458Fa5cD7Cc,0xceb1ce674f38398432d20bc8f90345e91ef46fd3,iUSDT.E,6,8005459972,45721013432751,6334287950,2331277328,262646640841912,0.75,True,False,False,0.9999,8004.66,12007.27,False,False,False,False,False,0.0
ironbank,avax,0x2eE80614Ccbc5e28654324a66A396458Fa5cD7Cc,0xe28965073c49a02923882b8329d3e8c1d805e832,iUSDC.E,6,0,186479203054993,45982735681,958289707,241444864823463,0.75,True,False,False,0.99992677,0.0,45021.15,False,False,False,False,False,0.0
ironbank,avax,0x2eE80614Ccbc5e28654324a66A396458Fa5cD7Cc,0x085682716f61a72bf8c573fbaf88cca68c60e99b,iDAI.E,18,801297397082442039958,11714739526398,3267486218970376504049,532590358552210499138,301858462113660176736546182,0.75,True,False,False,1.00002515,801.32,3536.28,False,False,False,False,False,0.0
ironbank,avax,0x2eE80614Ccbc5e28654324a66A396458Fa5cD7Cc,0xb09b75916c5f4097c8b5812e63e216fef97661fc,iWBTC.E,8,19,945890555,81333914,13037810,72202986528393868,0.75,True,False,False,84575.98562478,0.02,57762.12,False,False,False,False,False,0.0
ironbank,avax,0x2eE80614Ccbc5e28654324a66A396458Fa5cD7Cc,0x18931772adb90e7f214b6cbc78ddd6e0f090d4b1,iLINK.E,18,418581514412187547,939151322,3052326219142600,231475696920836300,202478705247985422097931093,0.45,True,False,False,14.06708524,5.89,2.67,False,False,False,False,False,0.0
ironbank,avax,0x2eE80614Ccbc5e28654324a66A396458Fa5cD7Cc,0xec5aa19566aa442c8c50f3c6734b6bb23ff21cd7,iUSDC,6,0,32810163465814,159332668414,23326940098,4145231658406971,0.75,True,False,False,0.99992677,0.0,135995.77,False,False,False,False,False,0.0
ironbank,avax,0x2eE80614Ccbc5e28654324a66A396458Fa5cD7Cc,0xbf1430d9ec170b7e97223c7f321782471c587b29,iMIM,18,101614904002809873,293505040956,3696589779887166470464,597292530002553278658,10559951047836530507098879239,0.0,True,True,False,0.03246061,0.0,100.61,False,False,False,False,False,0.0
ironbank,avax,0x2eE80614Ccbc5e28654324a66A396458Fa5cD7Cc,0x02c9133627a14214879175a7a222d0a7f7404efb,iALPHA.E,18,44453901525882109484927,210049443210528,1677657526065026113902,2346134732809683252598,208452941602193496207482957,0.0,True,False,False,None,None,None,False,False,False,False,False,None
ironbank,avax,0x2eE80614Ccbc5e28654324a66A396458Fa5cD7Cc,0x3af7c11d112c1c730e5cee339ca5b48f9309acbc,iUSDT,6,573041,6257180510756,49387915215,7562540529,6684471968660935,0.0,True,False,False,0.9999,0.57,41821.77,False,False,False,False,False,0.0
benqi-lending,avax,0x486af39519b4dc9a7fccd318217352830e8ad9b4,0x5c0401e81bc07ca70fad469b451682c0d747ef1c,qiAVAX,18,480257651083531943069450,3236181530160578,337274849207162617790200,61987575424613930973585,233468029473794939015433400,0.74,True,False,False,10.89988057,5234751.04,8235349.45,False,False,False,False,False,0.0
benqi-lending,avax,0x486af39519b4dc9a7fccd318217352830e8ad9b4,0xe194c4c5ac32a3c9ffdb358d9bfd523a0b6d1568,qiBTC,8,2853462563,106753439130,21770078,713634947,20248506386456497,0.725,True,True,True,84575.98562478,2413344.09,1828192.55,False,False,False,False,False,0.0
benqi-lending,avax,0x486af39519b4dc9a7fccd318217352830e8ad9b4,0x334ad834cd4481bb02d09615e7c11a00579a7909,qiETH,18,588062843837864356767,6396850345612,880863124637403165270,101489808412242551301,213767101961520018073136545,0.75,True,False,False,2675.99,1573650.29,3659245.49,False,False,False,False,False,1e-06
benqi-lending,avax,0x486af39519b4dc9a7fccd318217352830e8ad9b4,0xc9e5999b8e75c3feb117f6f73e664b9f3c8ca65c,qiUSDT,6,727478308136,486777759844751,131643768508,649083321192,431487986466325,0.725,True,True,True,0.9999,727405.56,210017.75,False,False,False,False,False,0.0
benqi-lending,avax,0x486af39519b4dc9a7fccd318217352830e8ad9b4,0x4e9f683a27a6bdad3fc2764003759277e93696e6,qiLINK,18,88959205714107505695293,351354779850170,903794401711748526040,18633861255655966336579,202727109306831945397744782,0.675,True,True,True,14.06708524,1251396.73,1001986.37,False,False,False,False,False,0.0
benqi-lending,avax,0x486af39519b4dc9a7fccd318217352830e8ad9b4,0x835866d37afb8cb8f8334dccdaf66cf01832ff5d,qiDAI,18,660484329475819635180868,626401511269838,76667298764911947512666,580937694960546279753905,249383072150495297123706411,0.85,True,True,True,1.00002515,660500.94,156217.86,False,False,False,False,False,0.0
benqi-lending,avax,0x486af39519b4dc9a7fccd318217352830e8ad9b4,0xbeb5d47a3f720ec0a390d04b4d41ed7d9688bc7f,qiUSDC,6,555083036914,635020493169693,67501521836,446034353338,278022846996248,0.8,True,True,True,0.99992677,555042.39,176537.28,False,False,False,False,False,0.0
benqi-lending,avax,0x486af39519b4dc9a7fccd318217352830e8ad9b4,0x35bd6aeda81a7e5fc7a7832490e71f757b0cd9ce,qiQI,18,30500043876738911134347581,145884325493056518,0,1320883002980540687386098,200015736955559191424092666,0.0,True,True,True,0.00258336,78792.59,75380.28,False,False,False,False,False,0.0
benqi-lending,avax,0x486af39519b4dc9a7fccd318217352830e8ad9b4,0xb715808a78f6041e46d61cb123c9b4a27056ae9c,qiUSDCn,6,2254497957851,65881172264541424,14946367762226,507805710928,253381344553480,0.8,True,False,False,0.99992677,2254332.86,16691837.58,False,False,False,False,False,0.0
benqi-lending,avax,0x486af39519b4dc9a7fccd318217352830e8ad9b4,0xd8fcda6ec4bdc547c0827b8804e89acd817d56ef,qiUSDTn,6,1456813395603,15084755928844776,2702555806059,328449216320,253959693044591,0.725,True,False,False,0.9999,1456667.71,3830536.89,False,False,False,False,False,0.0
benqi-lending,avax,0x486af39519b4dc9a7fccd318217352830e8ad9b4,0xf362fea9659cf036792c9cb02f8ff8198e21b4cb,qisAVAX,18,7551830786618009628875256,37447993054700916,4779110611377015091224,5835681219839484855840,201633615050611756935833397,0.7,True,False,False,14.03825986,106014563.0,105999730.59,False,False,False,False,False,0.0
benqi-lending,avax,0x486af39519b4dc9a7fccd318217352830e8ad9b4,0x89a415b3d20098e6a6c8f7a59001c67bd3129821,qiBTC.b,8,5774873567,1100735030366,17028149027,282304156,20459709027804581,0.69,True,False,False,84596.9,4885364.02,19051829.66,False,False,False,False,False,0.0
benqi-lending,avax,0x486af39519b4dc9a7fccd318217352830e8ad9b4,0x872670ccae8c19557cc9443eff587d7086b8043a,qiBUSD,18,22298706618571150590081,150288450075636,18388368324167611820187,5202850881802759670508,236107458976905936368248808,0.0,True,True,True,1.0,22298.71,35484.22,False,False,False,False,False,0.0
benqi-lending,avax,0x486af39519b4dc9a7fccd318217352830e8ad9b4,0x190d94613a09ad7931fcd17cd6a8f9b6b47ad414,qiAUSD,6,97513940961,773445249718538,96180186631,29380117973,212444267617901,0.725,True,False,False,0.99995962,97510.0,164307.37,False,False,False,False,False,0.0
benqi-lending,avax,0x486af39519b4dc9a7fccd318217352830e8ad9b4,0x7fa9442f28948e948e86c0258e361f1208699b41,qiEURC,6,22560860525,194986073382090,17140467342,75171624,203225571732754,0.0,True,False,False,1.12478254,25376.06,44570.81,False,False,False,False,False,0.0
benqi-lending,avax,0xd7c4006d33da2a0a8525791ed212bbcd7aca763f,0x6b35eb18bca06bd7d66a428eeb45ac7d200c1e4e,qiAvalancheEcosystemMarketsUSDC,6,56349468885,186799065933050,81658,16406930496,213826658326630,0.0,True,True,True,0.99992677,56345.34,39939.7,False,False,False,False,False,0.0
benqi-lending,avax,0xd7c4006d33da2a0a8525791ed212bbcd7aca763f,0x0ebfebd41e1ea83be5e911cdcd2730a0ccee344d,qiAvalancheEcosystemMarketsCOQ,18,695100395359305667498621053258,3294108906065833046913,0,36278614146138755975474844583,200000000000000091721480626,0.0,True,True,True,8.19508e-08,56964.03,53990.97,False,False,False,False,False,0.0
benqi-lending,avax,0xd7c4006d33da2a0a8525791ed212bbcd7aca763f,0x4036cb0d6bf6b5f17aa4e05191f86d4b1655b0d9,qiAvalancheEcosystemMarketsJOE,18,32501012416932093685228,67017916159764,0,19097429184505565367032,200000000007068681709927821,0.0,True,True,True,0.03931,1277.61,526.89,False,False,False,False,False,0.0
benqi-lending,avax,0xd7c4006d33da2a0a8525791ed212bbcd7aca763f,0x545356e396350d40cdea888ad73534517399bf96,qiAvalancheEcosystemMarketsQI,18,84012032376848955451572004,416745597744951303,0,662912827335521972450014,200000000001255377098049569,0.0,True,True,True,0.00258336,217033.32,215320.78,False,False,False,False,False,0.0
benqi-lending,avax,0xd7c4006d33da2a0a8525791ed212bbcd7aca763f,0xb7cfb8ae67e20059021a0d20fc30311a6c67c734,qiAvalancheEcosystemMarketsAUSD,6,20520536906,23849547046770,16126,14317686043,260083219896625,0.0,True,True,True,0.99995962,20519.71,6202.62,False,False,False,False,False,0.0
benqi-lending,avax,0xd7c4006d33da2a0a8525791ed212bbcd7aca763f,0x0ffac5aae14e28e79c5ccc7a335d8c70ee458a3a,qiAvalancheEcosystemMarketsSolvBTC,18,20334462214164233,57019197,117876628495,8374933171729947,209747726174796551414079016,0.0,True,True,True,70000.0,1423.41,837.18,False,False,False,False,False,1.5e-05
benqi-lending,avax,0xd7c4006d33da2a0a8525791ed212bbcd7aca763f,0x51758d811696acb994aa993bd3dd088b6c3320f3,qiAvalancheEcosystemMarketsNXPC,18,43526438885429158952618,217632194426859,0,0,200000000000263559133652337,0.0,True,True,True,0.296704,12914.47,12914.47,False,False,False,False,False,0.0
sumer,berachain,0x16C7d1F9EA48F7DE5E8bc3165A04E8340Da574fA,0xe19fd48c972e2db074c4b0b29ff2f0d3e1aefe52,sdrUSDC.e,6,1846684971,1874651049,34917362,2045,1003706950690213493,1e-18,True,None,None,9.9989998e-13,0.0,0.0,False,False,False,False,False,0.0
sumer,berachain,0x16C7d1F9EA48F7DE5E8bc3165A04E8340Da574fA,0xb2ff02eef85dc4eae95ab32aa887e0cc69df8d8e,sdrHONEY,18,2390008889789943500516,2942003922022359308086,580157405349315883062,5939906679066793105,1007553513532557551,1e-18,True,None,None,0.99974439,2389.4,2963.47,False,False,False,False,False,0.0
sumer,berachain,0x16C7d1F9EA48F7DE5E8bc3165A04E8340Da574fA,0x10a2e256bed7b3c49c151ad1bad01f4936fc9276,sdrNECT,18,10090862821276803587,10131076412857876351,46665728492925467,7156553291777,1000636159485519353,1e-18,True,None,None,1.0,10.09,10.14,False,False,False,False,False,0.0
sumer,berachain,0x16C7d1F9EA48F7DE5E8bc3165A04E8340Da574fA,0xb1fdc3f660b0953253141b2509c43014d5d3d733,sdrWETH,18,9494,9719,238,0,1001337586171416812,2e-18,True,None,None,2677.47799281,0.0,0.0,False,True,False,False,False,0.0
sumer,berachain,0x16C7d1F9EA48F7DE5E8bc3165A04E8340Da574fA,0x163cebbd83a4e2821ff06c9b0707a8a64fec0abc,sdrsuUSD,18,0,0,2100000000000000000000,0,1000000000000000000,1e-18,True,None,None,1.0,0.0,None,True,True,True,False,False,None
sumer,berachain,0x16C7d1F9EA48F7DE5E8bc3165A04E8340Da574fA,0xa6ae238d9caf65dfa67670fde3156efee9334488,sdrsuBTC,18,0,0,0,0,1000000000000000000,3e-18,True,None,None,84613.49161334,0.0,None,True,True,True,False,False,None
sumer,berachain,0x16C7d1F9EA48F7DE5E8bc3165A04E8340Da574fA,0x6116438fd4abdd902dca8e0335144f700b1a5147,sdrBERA,18,36891192245434067713624,29503660092240219982227,3409780380515280003829,427816998336902168578,1351464716681016619,4e-18,True,None,None,0.22995776,8483.42,9169.14,False,False,False,False,False,0.0
sumer,berachain,0x16C7d1F9EA48F7DE5E8bc3165A04E8340Da574fA,0x2cb37855fb2dc0b4c204e242b6a5f731c22ad4bc,sdrSTONE,18,147908251037257587077,147908251036936884806,0,96210680,1000000000001517775,2e-18,True,None,None,None,None,None,False,False,False,False,False,None
sumer,berachain,0x16C7d1F9EA48F7DE5E8bc3165A04E8340Da574fA,0xf70b2473e7808edaea4a5cea95996a9b1843d96c,sdrWBTC,8,1196715,1733222,537014,49,1000264247742066509,3e-18,True,None,None,8.461349161334e-06,0.0,0.0,False,False,False,False,False,0.0
sumer,berachain,0x16C7d1F9EA48F7DE5E8bc3165A04E8340Da574fA,0xe123f60140f5ace0a76577299cbec4bf93ce10aa,sdriBGT,18,33907956527413938544,33907956527413938544,0,0,1000000000000000000,4e-18,True,None,None,None,None,None,False,False,False,False,False,None
sumer,berachain,0x16C7d1F9EA48F7DE5E8bc3165A04E8340Da574fA,0x7b5969bb51fa3b002579d7ee41a454ac691716dc,sdrweETH,18,257811084900546736531,258810974909563022277,1001595634673413892,511690241963621,1000004613156051754,2e-18,True,None,None,None,None,None,False,False,False,False,False,None
tropykus,rsk,0x962308fEf8edFaDD705384840e7701F8f39eD0c0,0xd2ec53e8dd00d204d3d9313af5474eb9f5188ef6,kSAT,18,9098614618903919,625000000000118374812558933988384,3830655649264764390,1443851496263373735,3833,0.0,True,True,True,84619.685,769.92,202717.03,False,False,False,False,False,0.0
tropykus,rsk,0x962308fEf8edFaDD705384840e7701F8f39eD0c0,0x544eb90e766b405134b3b3f62b6b4c23fcd5fda2,kDOC,18,61542344943944152379576,2309058973184723216744763,1926616373089173972037,100101817458354156,27486894857292326,0.7,True,True,True,1.0,61542.34,63468.86,False,False,False,False,False,0.0
tropykus,rsk,0x962308fEf8edFaDD705384840e7701F8f39eD0c0,0x0aeadb9d4c6a80462a47e87e76e487fa8b9a37d7,kRBTC,18,568021924925749019,28759806790136804719,7686251692007596,105949593106,20017800358297364,0.67,True,True,True,84619.685,48065.84,48716.24,False,False,False,False,False,0.0
tropykus,rsk,0x962308fEf8edFaDD705384840e7701F8f39eD0c0,0xe17551201eeaefbd625ca4fb48d49c06e7ac064b,kXUSD,18,866005163566936533,15618235604908059772668,860989034652330062198,344554113894522760195,33121598303896213,0.0,True,True,True,1.0002491458249416,0.87,517.43,False,False,False,False,False,0.0
tropykus,rsk,0x962308fEf8edFaDD705384840e7701F8f39eD0c0,0xedaefc6b596ed38d712100976969975a37c84464,kUSDT,18,4388733674028510069,7693174190137116008086684,191952567552085591938611,2150762995735401765696,24672025954301353,0.0,True,True,True,1.0,4.39,189806.19,False,False,False,False,False,0.0
tropykus,rsk,0x962308fEf8edFaDD705384840e7701F8f39eD0c0,0x3134b7fbfca5db217eca523eab1941452cf35163,kRIF,18,61130083647256053,18628760974942368939406815,416571946361292069012633,8615946908660725242458,21899258954015167,0.0,True,True,True,None,None,None,False,False,False,False,False,None
tropykus,rsk,0x962308fEf8edFaDD705384840e7701F8f39eD0c0,0x405062731d8656af5950ef952be9fa110878036b,kBPRO,18,882414987695992,44120749384799294,0,0,20000000000000138,0.0,True,True,True,103736.11983390938,91.54,91.54,False,False,False,False,False,0.0
tropykus,rsk,0x962308fEf8edFaDD705384840e7701F8f39eD0c0,0xddf3ce45fcf080df61ee61dac5ddefef7ed4f46c,kUSDRIF,18,211900542770654956384,45709570685000818983179,827235344762967114334,122388056414370941,22730764780911638,0.0,True,True,True,1.0,211.9,1039.01,False,False,False,False,False,0.0
segment-finance,rsk,0x2eea8fbA494d5008ba72f80E0091Cc74dB5f9926,0x8f9958ec0feecccf0fec871b7bbb3d8d0b7a4d3c,seRBTC,18,419534948631617,2097675,0,0,199999975511753250622713242,0.6,True,None,None,None,None,None,False,False,False,False,False,None
segment-finance,rsk,0x2eea8fbA494d5008ba72f80E0091Cc74dB5f9926,0x83493175f7e1b22b91c567bc020756149ac22554,seUSDT,18,4962435348569685373,49164522446,5835122222168416619,111579203433478725,217351411864960134774172723,0.75,True,None,None,1.0012,4.97,10.7,False,False,False,False,False,0.0
segment-finance,rsk,0x2eea8fbA494d5008ba72f80E0091Cc74dB5f9926,0x6fb5dff578b59528d0d2b06958504585eeeb74f2,seDAI,18,5460000000000000000,52500000000,5041977230765324357,197723076532434,200033895384548417580952380,0.0,True,None,None,0.9999,5.46,10.5,False,False,False,False,False,0.0
segment-finance,rsk,0x2eea8fbA494d5008ba72f80E0091Cc74dB5f9926,0xe33b366611d3ed04fbb5fe26c021623efd1ebe7e,seDOC,18,7132127095533120469,55336571560,6137744867505088201,204966013714967455,236098941098244670779889566,0.6,True,None,None,None,None,None,False,False,False,False,False,None
segment-finance,rsk,0x2eea8fbA494d5008ba72f80E0091Cc74dB5f9926,0x6d6d54dc98b137b157596c58eb066f4ab22d3ea2,seDLLR,18,6158824595499050680,51323538295,4105883063666033786,0,200000000003216544912611426,0.6,True,None,None,0.999,6.15,10.25,False,False,False,False,False,0.0
segment-finance,rsk,0x2eea8fbA494d5008ba72f80E0091Cc74dB5f9926,0x14b308afdb91bab37a7e78ea69c1f3808ffcae3a,seRIF,18,122441232678834760670,839967615476,46481454807005094662,65448128783546646,201028273288092006500593722,0.6,True,None,None,None,None,None,False,False,False,False,False,None
segment-finance,rsk,0x2eea8fbA494d5008ba72f80E0091Cc74dB5f9926,0x2f98cec447ece713ef166bd5f76139d66c141bf3,seRIFP,18,90875256883070547544,757293807358,60583504588713698362,0,200000000000243295144116899,0.2,True,None,None,0.05962130843888679,5.42,9.03,False,False,False,False,False,0.0
segment-finance,rsk,0x2eea8fbA494d5008ba72f80E0091Cc74dB5f9926,0xeb96bd89b7ad64b499fd59bf110543eed3c002d2,seUSDRIF,18,127896140913274350159,689255351067,12285191382282946687,177799355503905082,203122881415895106644061480,0.75,True,None,None,None,None,None,False,False,False,False,False,None
segment-finance,opbnb,0x71ac0e9A7113130280040d0189d0556f45a8CBB5,0xfe62ba7400d902a9773da9f7469da457cf54a565,seFDUSD,18,173603950428203003601,1557513746610,147955305595568842958,0,206456769144837593863938243,0.77,True,None,None,0.99903613,173.44,321.25,False,False,False,False,False,0.0
segment-finance,opbnb,0x71ac0e9A7113130280040d0189d0556f45a8CBB5,0x7add376cf7b33b7d09b0f0f4ef0a741c3cb95102,seUSDT,18,1,1852438900669,1188473124407708526582,0,641572104741752501802228174,0.77,True,None,None,0.99978632,0.0,1188.22,False,False,False,False,False,0.0
segment-finance,opbnb,0x71ac0e9A7113130280040d0189d0556f45a8CBB5,0x81b98b2896f1f262714f12be36264aa8e02a08d2,seETH,18,40919738858424144,528748297,225081596173538052,0,503077431248846549003636790,0.75,True,None,None,2677.01264849,109.54,712.09,False,False,False,False,False,1e-06
segment-finance,opbnb,0x71ac0e9A7113130280040d0189d0556f45a8CBB5,0x567558167f102bb45c0437f1fd5a527c5c534c3c,seBTC,18,1927184512006881,24988203,3573183636093250,0,220118595486843571744634858,0.75,True,None,None,84642.70423522,163.12,465.57,False,False,False,False,False,1.9e-05
segment-finance,opbnb,0x71ac0e9A7113130280040d0189d0556f45a8CBB5,0x7e844423510a5081de839e600f7960c7ce84eb82,seBNB,18,392711782789970427,4166669151,536605773062708727,0,223036080421610406379011300,0.65,True,None,None,766.39874228,300.97,712.23,False,False,False,False,False,0.0
venus,opbnb,0xd6e3e2a1d8d95cae355d15b3b9f8e5c2511874dd,0xed827b80bd838192ea95002c01b5c6da8354219a,vBTCB_Core,18,1738276997214282,173820,31818239176,0,10000626023780105856633298814,0.0,True,None,None,84642.70423522,147.13,147.14,False,True,False,False,False,0.000846
venus,opbnb,0xd6e3e2a1d8d95cae355d15b3b9f8e5c2511874dd,0x509e81ef638d489936fa85bc58f52df01190d26c,vETH_Core,18,27361892395740820,4419507,17093551998635308,0,10058914805288492132719780735,0.0,True,None,None,2677.01264849,73.25,119.01,False,False,False,False,False,2.7e-05
venus,opbnb,0xd6e3e2a1d8d95cae355d15b3b9f8e5c2511874dd,0xb7a01ba126830692238521a1aa7e7a7509410b8e,vUSDT_Core,18,106016886699238337038,78993171511,723111913064685103511,0,10496208519092883197365715147,0.0,True,None,None,0.99978632,105.99,828.95,False,False,False,False,False,0.0
venus,opbnb,0xd6e3e2a1d8d95cae355d15b3b9f8e5c2511874dd,0x53d11cb8a0e5320cd7229c3acc80d1a0707f2672,vWBNB_Core,18,323631447609218867,31863390,2580931906296049,29462356664,10237841926209303278778560598,0.0,True,None,None,766.39874228,248.03,250.01,False,False,False,False,False,8e-06
venus,opbnb,0xd6e3e2a1d8d95cae355d15b3b9f8e5c2511874dd,0x13b492b8a03d072bab5c54ac91dba5b830a50917,vFDUSD_Core,18,88792330542549650277,13055639542,44761552563696743217,744097343914034,10229536330201362682505347006,0.0,True,None,None,0.99903613,88.71,133.42,False,False,False,False,False,0.0
neku,moonriver,0xD5B649c7d27C13a2b80425daEe8Cb6023015Dc6B,0xbc4a19345c598d73939b62371cf9891128eccb8b,nMOVR,18,0,397247686028,13854147620276345023826,5549876476724435535574,20904517346808618043256163095,0.5,True,False,False,53.90870125155987,0.0,447672.47,False,False,False,False,False,1e-06
neku,moonriver,0xD5B649c7d27C13a2b80425daEe8Cb6023015Dc6B,0xdf19d746b5ab2b7b040daf0ec3341000cfe17bae,nNEKU,18,870669113658316749943931,8705391182005717,1014912741285268203,130984233796368659777,100000003002356748836010265,0.2,True,False,True,0.003035616929361313,2643.02,2642.62,False,False,False,False,False,0.0
neku,moonriver,0xD5B649c7d27C13a2b80425daEe8Cb6023015Dc6B,0x8153303f72ab12f13180c946723bcacae05a4c4a,nUSDC,6,0,216141216914326,36412122654547,7285143818318,134759021217939863,0.7,True,False,False,1.0,0.0,29126978.84,False,False,False,False,False,0.0
neku,moonriver,0xD5B649c7d27C13a2b80425daEe8Cb6023015Dc6B,0x3631de81f1098df530015a97b092bdfff7e93ea8,nBUSD,18,0,107581381276590,71774224099785402071871,12740525355639381604696,548735274111896100316519060,0.7,True,False,False,0.9969221499604679,0.0,58852.0,False,False,False,False,False,0.0
neku,moonriver,0xD5B649c7d27C13a2b80425daEe8Cb6023015Dc6B,0x1ea64325e194e0520a8e219c4d1227681cdbb2fe,nUSDT,6,0,7272646225515,107780912019,21879403039,11811589113000891,0.7,True,False,False,1.0026578682703298,0.0,86129.82,False,False,False,False,False,0.0
neku,moonriver,0xD5B649c7d27C13a2b80425daEe8Cb6023015Dc6B,0x70faf3509dc8320faffb40666d717224b26af0db,nDAI,18,0,151881169652138,1688216542715978797214721,348923340931027575389614,8818033235143039121099968315,0.7,True,False,False,0.9995738052342691,0.0,1338722.4,False,False,False,False,False,0.0
neku,moonriver,0xD5B649c7d27C13a2b80425daEe8Cb6023015Dc6B,0xb5dc005d89d0b4d0bc4a9459c7f77a403e9bfeea,nETH,18,0,66461516183,96637818702173136215,24003636673507728138,1092875790384756472250641492,0.9,True,False,False,2941.0402957867664,0.0,213620.06,False,False,False,False,False,3e-06
neku,moonriver,0xD5B649c7d27C13a2b80425daEe8Cb6023015Dc6B,0xc7dec270bffc808458dcf687a378958afe7494ea,nBNB,18,0,16968381519,6249370045480531635,1876146855205550094,257727773587489993835752108,0.2,True,False,False,401.35783475205517,0.0,1755.23,False,False,False,False,False,0.0
neku,moonriver,0xD5B649c7d27C13a2b80425daEe8Cb6023015Dc6B,0xbd1bf670692aacbbc96f0cbdd2f868f20e8f3296,nSOLAR,18,0,91029513049348,10293590194156248540542,34477318803807156712,112700953039162966336570271,0.2,True,False,False,0.40127494174160383,0.0,4116.72,False,False,False,False,False,0.0
neku,moonriver,0xD5B649c7d27C13a2b80425daEe8Cb6023015Dc6B,0xfd4224a5358162d5d4f97c3c51966383642f0553,nMOON,18,0,25996432009756,16333694569004590118750,4513737662698302706024,454676122549066239595391774,0.2,True,False,False,0.09900948500556557,0.0,1170.29,False,False,False,False,False,0.0
neku,moonriver,0xD5B649c7d27C13a2b80425daEe8Cb6023015Dc6B,0x7061adf5b2af1542219de8d94e5c3ddf370a1cd6,nBTC,8,0,874650073,34615626,4590196,34328505681151415,0.7,True,False,False,41813.98599005466,0.0,12554.83,False,False,False,False,False,0.0
neku,moonriver,0xD5B649c7d27C13a2b80425daEe8Cb6023015Dc6B,0x8837a655ea5b8b7b09c60ff3985a76ba89261937,nDRAGON,18,377051751375807502865,2608597116834,1228470624241650728,98693076016371263326,107179120984004991657109474,0.0,True,False,False,0.08275249331616137,31.2,23.14,False,False,False,False,False,0.0
neku,moonriver,0xD5B649c7d27C13a2b80425daEe8Cb6023015Dc6B,0xf05f6e8997753cf98386799ad362323ce90d1a0f,nMSWAP,18,2204454841426800,1102841679894,131749011135043201194105,52656042551918524332192,71717429826538262364481958834,0.0,True,False,False,3.4847944447795447,0.01,275622.75,False,False,False,False,False,0.0
neku,moonriver,0xD5B649c7d27C13a2b80425daEe8Cb6023015Dc6B,0x103e52092a23e432eb7d2d5af15d18f2ca064452,nKAFE,18,12918523212874113275,124797023001,119194282748974270,532581743767739567,100203798545379918072682070,0.0,True,False,False,0.2573351377353648,3.32,3.22,False,False,False,False,False,0.0
neku,moonriver,0xD5B649c7d27C13a2b80425daEe8Cb6023015Dc6B,0xb4b8cfe423dc1a078bdbd62a22341fec514becbd,nFREE,18,0,3446599015465,819346639780106202955,231800849168167856471,170471176941559373481737878,0.0,True,False,False,0.13438384595477043,0.0,78.96,False,False,False,False,False,0.0
neku,moonriver,0xD5B649c7d27C13a2b80425daEe8Cb6023015Dc6B,0xa56da747822680603465e765dd071d5217db9a8f,nRIB,18,2,1596166408,167516164030008637,7028949110759768,100545415637671326685381540,0.0,True,False,False,249.43248573063246,0.0,40.03,False,False,False,False,False,0.0
neku,moonriver,0xD5B649c7d27C13a2b80425daEe8Cb6023015Dc6B,0x56b223704cd37b2a75542ece41896697fee0bd2d,n1SWAP,18,29581397912945011506323,213219512469787,1251772984922749226714,8214105106706775307445,106083470171924744973311775,0.0,True,False,False,0.001213448255584083,35.9,27.45,False,False,False,False,False,0.0
neku,moonriver,0xD5B649c7d27C13a2b80425daEe8Cb6023015Dc6B,0x38f931ae8c8cb3e21f7c1c64391e8553efaa6415,nTOOLS,18,200336241158047384338,131786337024288,1220313511778915548764080,482950864383878219502818,5596657440294920411481783373,0.0,True,False,False,0.003394821504506361,0.68,2503.89,False,False,False,False,False,0.0
neku,moonriver,0xD5B649c7d27C13a2b80425daEe8Cb6023015Dc6B,0x188de99a20bee8ce1a770fc7f9f73a5323c93e0e,nMATIC,18,21880948947417489,1333699767602,144030330059316935332,9870545203305741097,100608599524777629214419640,0.0,True,False,False,1.5151199268848434,0.03,203.3,False,False,False,False,False,0.0
neku,moonriver,0xD5B649c7d27C13a2b80425daEe8Cb6023015Dc6B,0x097e5d6c8194cfddf98388b57976dfa5466d32d3,nAVAX,18,0,29871311095,3026990038900369324,28254891403379984,100388467649112719335763055,0.0,True,False,False,86.21366217741287,0.0,258.53,False,False,False,False,False,0.0
neku,moonriver,0xD5B649c7d27C13a2b80425daEe8Cb6023015Dc6B,0x391a9c0ee97fa9322febc2741839bee3bfe54f2d,nRELAY,18,0,707011702191,74389588139701028950,3140831655880411531,100774508064044301177305744,0.0,True,False,False,0.9976923890942724,0.0,71.08,False,False,False,False,False,0.0
neku,moonriver,0xD5B649c7d27C13a2b80425daEe8Cb6023015Dc6B,0x3d2c1333309d3c2d91270a1f3ecac96dbbd50d5b,nSAT,18,1882292000000000000,508835518073,234442071388368035155,74176828555347214051,318663947530797865675429826,0.0,True,False,False,0.22181698208146364,0.42,35.97,False,False,False,False,False,0.0
neku,moonriver,0xD5B649c7d27C13a2b80425daEe8Cb6023015Dc6B,0xa9958d6a3ec9604507f6f99f402103eaa2cae784,nRivrDoge,18,869975354045933065990677,5617684270648985,12506265299925694228198,312300242888343504087503,101497583165464165026977074,0.0,True,False,False,4.2609135643772e-05,37.07,24.29,False,False,False,False,False,0.0
neku,moonriver,0xD5B649c7d27C13a2b80425daEe8Cb6023015Dc6B,0x38a0697a97fd4d65b8f1055821e3418d7c83cd1c,nBEANS,18,0,3133519778506,362664674046849980506,30797527898739992160,105908744672528492188665095,0.0,True,False,False,1.4285657843956976,0.0,474.09,False,False,False,False,False,0.0
neku,moonriver,0xD5B649c7d27C13a2b80425daEe8Cb6023015Dc6B,0xcb2b0b3380f3993f051b9d5355e8ad8e1bdaf95a,nMAI,18,940611896752040085,1089763069866,413005020616945921815,295155838605479184738,109005156435357520533649491,0.2,True,False,False,0.9781445181535933,0.92,116.19,False,False,False,False,False,0.0
neku,moonriver,0xD5B649c7d27C13a2b80425daEe8Cb6023015Dc6B,0x5660ebf2afda9a90a08bb48b1ded0d215187116d,nFINN,18,1429951407344588450466,10407587926837,13214771784921898196,151365273716623260750,124121065754520319377551275,0.0,True,False,False,0.07469741797218125,106.81,96.49,False,False,False,False,False,0.0
neku,moonriver,0xD5B649c7d27C13a2b80425daEe8Cb6023015Dc6B,0x979f135cfeb0f167784adfcb5510014cca9c1709,nFTM,18,1900891185552484,245701881057,34386395754518939742,5528981458281796854,117456631032986139015841682,0.0,True,False,False,1.3273213499240704,0.0,38.31,False,False,False,False,False,0.0
neku,moonriver,0xD5B649c7d27C13a2b80425daEe8Cb6023015Dc6B,0x82015cfee29e3697afcb6dfdce59dc07ed33eb20,nUSDN,18,146359843834584960429814,1475327316891940,1174935553069317711357,0,100001387962140219846793409,0.8,True,False,False,1.0,146359.84,147534.78,False,False,False,False,False,0.0
neku,moonriver,0xD5B649c7d27C13a2b80425daEe8Cb6023015Dc6B,0x5421d77bb5a08ca0b65a5ac504e142f0abcc81d4,nMIM,18,6171238610000000,1835163457663,17332629812529410788476,6974610466525122920370,5644197781942208071484237302,0.2,True,False,False,0.9989043488513576,0.01,10346.68,False,False,False,False,False,0.0
neku,moonriver,0xD5B649c7d27C13a2b80425daEe8Cb6023015Dc6B,0xeab952868d04e42ed01918bd1548a6534d20c669,nDOT,10,5213547910,5199312855,44525649,54761398,1000769198952156534,0.0,True,False,False,20.298275249597886,10.58,10.56,False,False,False,False,False,0.0
neku,moonriver,0xD5B649c7d27C13a2b80425daEe8Cb6023015Dc6B,0x8fffe3cbf3795361c6df537cdfe5426b76a92ece,nWAN,18,0,10140752161555,3109980639198404894199,838853585679361957666,223960414112988685110247541,0.0,True,False,False,0.5055836850317904,0.0,1148.24,False,False,False,False,False,0.0
neku,moonriver,0xD5B649c7d27C13a2b80425daEe8Cb6023015Dc6B,0x374aed793f60a01aaf00385fd3a05cdccdb2799a,nV-USDT-USDC,18,994560,0,0,0,100000000000000000000000000,0.0,True,True,False,None,None,None,True,True,True,False,False,None
neku,moonriver,0xD5B649c7d27C13a2b80425daEe8Cb6023015Dc6B,0x7b61f842c71ec89c4ece2b6585f58ab1ff9fdabf,nV-USDT-USDC,18,1097490,0,0,0,1000000000000000000000000000000000000,0.0,True,True,False,None,None,None,True,True,True,False,False,None
neku,moonriver,0xD5B649c7d27C13a2b80425daEe8Cb6023015Dc6B,0xbc1f7055dc173f0cad9e2728262902e66b508bef,nV-USDT-USDC,18,198839,0,0,0,1000000000000000000000000000000000000,0.0,True,True,False,None,None,None,True,True,True,False,False,None
neku,moonriver,0xD5B649c7d27C13a2b80425daEe8Cb6023015Dc6B,0x4f9c0f53c6d419ab1e974762b59f74fcb862c6b7,nV-USDT-USDC,18,0,0,0,0,1000000000000000000,0.0,True,True,False,None,None,None,True,True,True,False,False,None
neku,moonriver,0xD5B649c7d27C13a2b80425daEe8Cb6023015Dc6B,0xf100e1fc9e82472b64b9e1cbcc82f8bbb6728815,nV-USDT-USDC,18,485470,742756706,1623102944,352757171,1710965694061333725,0.0,True,False,False,2065269008279.475,1.0,2624.61,False,False,False,False,False,2e-06
neku,moonriver,0xD5B649c7d27C13a2b80425daEe8Cb6023015Dc6B,0x40e25a52b8dbd7492af0c8b65ddbca7e62c631d5,nV-SOLAR-MOVR,18,959394386982819820,71422065896276012616,546183412456607941316,0,7660697012575760569,0.0,True,False,False,10.86678791172534,10.43,5945.68,False,False,False,False,False,0.0
neku,moonriver,0xD5B649c7d27C13a2b80425daEe8Cb6023015Dc6B,0x7ea99471d56df7d84c0f52518e803a11929f4074,nV-USDC-MOVR,18,60,3539357517553,3542372606737,0,1000851874734057535,0.0,True,False,False,21353388.272640795,0.0,75.64,False,False,False,False,False,0.0
neku,moonriver,0xD5B649c7d27C13a2b80425daEe8Cb6023015Dc6B,0xf1103742173f78c2129a843517c8178a394c52d8,nV-SOLAR-USDC,18,4,128876592440078,134234992829279,1322135053305,1031318839670413287,0.0,True,False,False,1573523.1613077167,0.0,209.14,False,False,False,False,False,0.0
neku,moonriver,0xD5B649c7d27C13a2b80425daEe8Cb6023015Dc6B,0xe63aebe15a94a9c5736332236e72eefca03757dd,nV-DAI-USDC,18,220074433637,1957869893989885,3691627028023450,0,1885644758004619635,0.0,True,False,False,2054429.8255733254,0.45,7584.64,False,False,False,False,False,0.0
neku,moonriver,0xD5B649c7d27C13a2b80425daEe8Cb6023015Dc6B,0x7c60f549a58743d5c8aaaba41b4850d87dd2f9b8,nV-BUSD-USDC,18,1006679686033,11236067418758,10341570932340,0,1009984204920995426,0.0,True,False,False,2095258.390812342,2.11,23.78,False,False,False,False,False,0.0
neku,moonriver,0xD5B649c7d27C13a2b80425daEe8Cb6023015Dc6B,0x464cb3c85329d32c24cf6ad92b879cb6ef7509c9,nV-ETH-USDC,18,59368977950,729368977950,670000000000,0,1000000000000000000,0.0,True,False,False,116674728.72290571,6.93,85.1,False,False,False,False,False,0.0
neku,moonriver,0xD5B649c7d27C13a2b80425daEe8Cb6023015Dc6B,0x95c4f71c62ca3247233c0648893a2484ef88377c,nV-BNB-BUSD,18,14,624519654338775806,625208237007929412,0,1001102579661616370,0.0,True,False,False,41.76016737130664,0.0,26.11,False,False,False,False,False,0.0
neku,moonriver,0xD5B649c7d27C13a2b80425daEe8Cb6023015Dc6B,0xaff880db4c55a39616ed7efe2ccd9ae6856d3d3b,nV-WBTC-USDC,18,4,1086950,1087001,0,1000050600303601821,0.0,True,False,False,42345414838537.59,0.0,46.03,False,False,False,False,False,4.2e-05
neku,moonriver,0xD5B649c7d27C13a2b80425daEe8Cb6023015Dc6B,0x995d1db2a75f3727d28cbdbb6ed21f25588d518b,nV-MATIC-MOVR,18,0,13087801987755316149,13088465786297438441,0,1000050718871109398,0.0,True,False,False,19.386933642814757,0.0,253.75,False,False,False,False,False,0.0
neku,moonriver,0xD5B649c7d27C13a2b80425daEe8Cb6023015Dc6B,0xbff2c89577949627581872e574324059044ee2be,nV-AVAX-MOVR,18,0,1760906262933852630,1844523964375093900,0,1047485606247958650,0.0,True,False,False,147.84372767923148,0.0,272.7,False,False,False,False,False,0.0
neku,moonriver,0xD5B649c7d27C13a2b80425daEe8Cb6023015Dc6B,0xba4c3593209b0c19227c72dbb589822e0f064041,nV-MAI-USDC,18,177558470,9969177558470,9969000000000,0,1000000000000000000,0.0,True,False,False,2016346.7659786167,0.0,20.1,False,False,False,False,False,0.0
neku,moonriver,0xD5B649c7d27C13a2b80425daEe8Cb6023015Dc6B,0xf24d7c096752ce81d8b8e1e35aed9be17a161ffa,nV-FTM-MOVR,18,0,4410484969644489687,4410647400786197352,0,1000036828408400801,0.0,True,False,False,18.383320372702194,0.0,81.08,False,False,False,False,False,0.0
neku,moonriver,0xD5B649c7d27C13a2b80425daEe8Cb6023015Dc6B,0xa95030dc02a0a3455d9ae8bff49861a535a7761e,nV-MIM-USDC,18,5367900,57137905367900,57137900000000,0,1000000000000000000,0.0,True,False,False,2110932.161167913,0.0,120.61,False,False,False,False,False,0.0
filda,bittorrent,0xE52792E024697A6be770e5d6F1C455550265B2CD,0x65019969b8308f062548d25b1483add15c582d5b,fBTT,18,156617472402899201969611658,5980041697204362844273519147,22810411384699871317099481,38818037369168156602604909,23513188291674497,0.5,True,False,False,1.0,156617472.4,140609846.42,False,False,False,False,False,0.0
filda,bittorrent,0xE52792E024697A6be770e5d6F1C455550265B2CD,0x590052be9ad26e51f2f1382d29338fcc4c04bfbf,fUSDT_t,6,2027879988,2914986172243341216499,24214789,1978873421,25118,0.8,True,False,False,2673262.1096256683,5421054734.79,195732569.71,False,False,False,False,False,0.0
filda,bittorrent,0xE52792E024697A6be770e5d6F1C455550265B2CD,0x1b596e1fdd1d4895cf30f034ef1b7b6a8942136e,fTRX,6,30144704353,1834382599335261784622704,14805094660,2693905836,23035,0.5,True,False,False,896151.4385026738,27014220169.18,37866881879.83,False,False,False,False,False,0.0
filda,bittorrent,0xE52792E024697A6be770e5d6F1C455550265B2CD,0xaee67519049092ab91efd033f7d350d62b9f166b,fUSDC_t,6,2306551183,685117767922696011699,73954138,2314790909,95916,0.8,True,False,False,2673529.435828877,6166632483.0,175687660.55,False,False,False,False,False,0.0
filda,bittorrent,0xE52792E024697A6be770e5d6F1C455550265B2CD,0xa258bffd5f6814303a718d2b9d34b40e14c66289,fETH,18,607271665719347234,7067309769662198638,263505244620275,455674909670246207,21487704125494965,0.8,True,False,False,7157420057.631016,4346498400.65,1086927680.14,False,False,False,False,False,0.0
filda,rei,0xEc1e6e331e990a0D8e40AC51f773e9c998ec7BC3,0x23b4dd6c9553cb740714b72b738ec3ee821d395c,fREI,18,33,3399975433695157308739968,69900101746647137869742,0,20559002001575755,0.3,True,True,False,1.0,0.0,69900.1,False,False,False,False,False,0.0
filda,rei,0xEc1e6e331e990a0D8e40AC51f773e9c998ec7BC3,0x789b328c5be205ae4b8ae4bc6ff01442a1ec8daf,fWBTC,8,1154,467089553992014747,1001253,160,2145727,0.75,True,True,False,1489959.1243365223,17.19,14933.07,False,False,False,False,False,0.0
filda,rei,0xEc1e6e331e990a0D8e40AC51f773e9c998ec7BC3,0xf55e123a0ab286ec337853df39065ec969a42fb7,fUSDT,6,100,3602580971791088281906247,76396268611,70660292,21186,0.85,True,True,False,35.31484954108353,0.0,2695380.48,False,False,False,False,False,0.0
filda,rei,0xEc1e6e331e990a0D8e40AC51f773e9c998ec7BC3,0xd2417f4b0cfd9e3b169abc8265c52011ac0c4848,fUSDC,6,100,1065271018284165720771852,22664745066,20918883,21256,0.85,True,True,False,35.307373740584175,0.0,799479.01,False,False,False,False,False,0.0
filda,rei,0xEc1e6e331e990a0D8e40AC51f773e9c998ec7BC3,0x5b07f2582d0cc26e400d56266aebb201c93560ed,fWETH,18,10018554835219495,488786887923645768,101292,17518,20496774939814434,0.75,True,True,False,80076.32787895482,802.25,802.25,False,False,False,False,False,0.0
filda,rei,0xEc1e6e331e990a0D8e40AC51f773e9c998ec7BC3,0xce54b5b302d3ccf4d03ba5153d568b176ec9f5c3,fBUSD,18,100000000000000000,5000000000000000000,0,0,20000000000000000,0.85,True,True,False,35.31665660193455,3.53,3.53,False,False,False,False,False,0.0
sumer,bsquared,0xdD9C863197df28f47721107f94eb031b548B5e48,0xabcdc5827f92525f56004540459045ec3e432ebf,sdrBTC,None,0,0,0,0,1000000000000000000,3e-18,True,None,None,None,None,None,True,True,True,False,False,None
sumer,bsquared,0xdD9C863197df28f47721107f94eb031b548B5e48,0x163cebbd83a4e2821ff06c9b0707a8a64fec0abc,sdrUSDC,6,0,0,0,0,1000000000000000000,1e-18,True,None,None,1e-12,0.0,None,True,True,True,False,False,None
sumer,bsquared,0xdD9C863197df28f47721107f94eb031b548B5e48,0xa6ae238d9caf65dfa67670fde3156efee9334488,sdrUSDT,6,0,0,0,0,1000000000000000000,1e-18,True,None,None,9.9979e-13,0.0,None,True,True,True,False,False,None
sumer,bsquared,0xdD9C863197df28f47721107f94eb031b548B5e48,0x7465fedb29023d11effe8c74e82a7ecebf15e947,sdruBTC,18,0,0,0,0,1000000000000000000,3e-18,True,None,None,84684.21261612,0.0,None,True,True,True,False,False,None
sumer,bsquared,0xdD9C863197df28f47721107f94eb031b548B5e48,0x8c38b023afe895296e2598ae111752223185b35c,sdrsuUSD,18,0,0,0,0,1000000000000000000,1e-18,True,None,None,1.0,0.0,None,True,True,True,False,False,None
sumer,bsquared,0xdD9C863197df28f47721107f94eb031b548B5e48,0xb1fdc3f660b0953253141b2509c43014d5d3d733,sdrsuBTC,18,0,0,0,0,1000000000000000000,3e-18,True,None,None,84684.21261612,0.0,None,True,True,True,False,False,None
segment-finance,bsquared,0x69a6B3B96b26a15A588081Df17F46d61f625741c,0x9cae44fcb592f7db5eab9af15423224beaf8f24b,seWETH,18,15933300623717605,31546629,23971663570145604,4498656201320132,1122348381265810587876124577,0.6,True,None,None,2676.13,42.64,94.75,False,False,False,False,False,3e-06
segment-finance,bsquared,0x69a6B3B96b26a15A588081Df17F46d61f625741c,0xeff5cd04b461247f5008b35074f45ba0f0b11eff,seBTC,None,5675516926958976,29698898,265935295782558,261037719846,200047529878774895957419026,0.6,True,None,None,None,None,None,False,False,False,False,False,None
segment-finance,bsquared,0x69a6B3B96b26a15A588081Df17F46d61f625741c,0xd7c6cc5aef7396182c5d7ebdac66ff674f3ddcf4,seUBTC,18,9973381157856300,51004512,229495884778098,176544920247,200035253699009040611936449,0.6,True,None,None,83783.8584,835.61,854.82,False,False,False,False,False,1.7e-05
segment-finance,bsquared,0x69a6B3B96b26a15A588081Df17F46d61f625741c,0x328ead4750c14d6df06477ecdd4663a2274b8dad,seUSDT,6,2646118,62215517486,16735941,733587,299739884092362,0.75,True,None,None,0.99982,2.65,18.65,False,False,False,False,False,0.0
segment-finance,bsquared,0x69a6B3B96b26a15A588081Df17F46d61f625741c,0x63f8279bccdb75c0f38e0cd6b6a0c72a0a760ff9,seUSDC,6,0,56786016842,23779044,1337895,395187939707757,0.75,True,None,None,0.99999,0.0,22.44,False,False,False,False,False,0.0
segment-finance,bsquared,0x69a6B3B96b26a15A588081Df17F46d61f625741c,0x22a384129513e4b2a3bb9f4bcc0abb00017d31d6,seS1,18,2169850882500000000,10849254412,0,0,200000000009217223248944491,0.0,True,None,None,1.0,2.17,2.17,False,False,False,False,False,0.0
shoebillFinance-v2,bsquared,0x80E81348D9386Eb4d10c2A32A7458638cD3308dF,0x8dbf84c93727c85db09478c83a8621e765d20ec2,sbBTC,None,0,2263310970,341970208067466564675,337170435262297834979,2120686405354510209438873527,0.5,True,False,True,None,None,None,False,False,False,False,False,None
shoebillFinance-v2,bsquared,0x80E81348D9386Eb4d10c2A32A7458638cD3308dF,0xeefe65135648eb22435b75a3ddefd529dbebfadf,sbuBTC,18,0,8271847395,36721144673503545968,35063432852532547897,200404062334735331635068202,0.5,True,False,True,84657.18630806,0.0,140337.22,False,False,False,False,False,1.7e-05
shoebillFinance-v2,bsquared,0x9f53Cd350c3aC49cE6CE673abff647E5fe79A3CC,0xd13be8b716b18265e294831fcb1330d170840bb3,sbBSTONE,18,10000000000000,51819745827,76763822933624112140,27170708815774604611,957031404272339360137247861,0.7,True,False,True,2870.515736015,0.03,142357.84,False,False,False,False,False,3e-06
shoebillFinance-v2,bsquared,0x9f53Cd350c3aC49cE6CE673abff647E5fe79A3CC,0x753cc6ed9b0da4ec6eef54e8089d6f28ae48e50d,sbETH,18,0,78610161,6514235733012180735,3144098102823339968,42871526877916466384033992755,0.7,True,False,True,2758.970289327425,0.0,9298.11,False,False,False,False,False,0.000118
sumer,hemi,0xB2fF02eEF85DC4eaE95Ab32AA887E0cC69DF8d8E,0x8c1ad24ca39fe45e97cd9862364128406e3b03f3,sdrETH,None,520690200000000,520690200000000,0,0,1000000000000000000,2e-18,True,None,None,None,None,None,False,False,False,False,False,None
sumer,hemi,0xB2fF02eEF85DC4eaE95Ab32AA887E0cC69DF8d8E,0xa6ae238d9caf65dfa67670fde3156efee9334488,sdrUSDC,6,5021475,5713179,706276,12732,1000322062375430561,1e-18,True,None,None,9.9993998e-13,0.0,0.0,False,False,False,False,False,0.0
sumer,hemi,0xB2fF02eEF85DC4eaE95Ab32AA887E0cC69DF8d8E,0x7f5a7ae2688a7ba6a9b36141335044c058a08b3e,sdrUSDT,6,1544928,2276606,754859,2374,1009139482194108247,1e-18,True,None,None,9.9977e-13,0.0,0.0,False,False,False,False,False,0.0
sumer,hemi,0xB2fF02eEF85DC4eaE95Ab32AA887E0cC69DF8d8E,0x7465fedb29023d11effe8c74e82a7ecebf15e947,sdrrsETH,18,7919925974,560000375982,552080611144,161134,1000000000003571426,2e-18,True,None,None,2679.8659196,0.0,0.0,False,False,False,False,False,0.0
sumer,hemi,0xB2fF02eEF85DC4eaE95Ab32AA887E0cC69DF8d8E,0x8c38b023afe895296e2598ae111752223185b35c,sdrsuUSD,18,0,0,0,0,1000000000000000000,1e-18,True,None,None,1.0,0.0,None,True,True,True,False,False,None
sumer,hemi,0xB2fF02eEF85DC4eaE95Ab32AA887E0cC69DF8d8E,0xb1fdc3f660b0953253141b2509c43014d5d3d733,sdrsuETH,18,0,0,1001,0,1000000000000000000,2e-18,True,None,None,2679.8659196,0.0,None,True,True,True,False,False,None
sumer,hemi,0xB2fF02eEF85DC4eaE95Ab32AA887E0cC69DF8d8E,0xc7ffeaa5949d50a408bd92ddb0d1eacef3f8a3bc,sdrsuBTC,18,0,0,136394763757134,0,1000000000000000000,3e-18,True,None,None,84631.10874,0.0,None,True,True,True,False,False,None
sumer,hemi,0xB2fF02eEF85DC4eaE95Ab32AA887E0cC69DF8d8E,0xdb4d020a58e0a1a67823d75437a61044dc02ae4c,sdrhemiBTC,8,16991,17000,37,20,1000470588235294117,3e-18,True,None,None,8.463110874e-06,0.0,0.0,False,True,False,False,False,0.0
sumer,hemi,0xB2fF02eEF85DC4eaE95Ab32AA887E0cC69DF8d8E,0x58235d9c8c9f136c0a4e9761186db0329243bbb8,sdrWBTC,8,1010,1320,310,0,1000000000000000000,3e-18,True,None,None,8.463110874e-06,0.0,0.0,False,True,False,False,False,0.0
sumer,hemi,0xB2fF02eEF85DC4eaE95Ab32AA887E0cC69DF8d8E,0xae6388f58b5b35d5b2eec828c9633e7d245fef62,sdrHemi,18,32173445589209433158830,11430628938395608321214,22183498509743991922536,25820951162923197576735,2496449940753261037,4e-18,True,None,None,0.00594506,191.27,169.65,False,False,False,False,False,0.0
sumer,hemi,0xB2fF02eEF85DC4eaE95Ab32AA887E0cC69DF8d8E,0xf08a6547b142a9b2aa2586f83f545383a220d372,sdrbrBTC,8,0,0,0,0,1000000000000000000,3e-18,True,None,None,8.463110874e-06,0.0,None,True,True,True,False,False,None
zenolend,hemi,0xc2C583093Af9241E17B2Ec51844154468D21bF6F,0xc4d2c6201757aae4d0a0376c73f0cbdf9b18a1c1,iWETH,18,147593435273189813,630868887,943563584735650,11328699657543784,217490990644434299071718209,0.0,True,False,False,2566.18302,378.75,352.1,False,False,False,False,False,1e-06
zenolend,hemi,0xc2C583093Af9241E17B2Ec51844154468D21bF6F,0x8eca31e7f326a95e40344f21093c33645b03dcdf,iUNI,18,0,0,0,0,200000000000000000000000000,0.0,True,False,False,6.5912197,0.0,None,True,True,True,False,False,None
zenolend,hemi,0xc2C583093Af9241E17B2Ec51844154468D21bF6F,0xa7d7cc495fe89da1dc5e0525069472f4ef77ef5c,iUSDC,6,9704488,48522440000,0,0,200000000000000,0.0,True,False,False,0.99981475,9.7,9.7,False,False,False,False,False,0.0
zenolend,hemi,0xc2C583093Af9241E17B2Ec51844154468D21bF6F,0xe57de2a9314cc7adf78ac670c92758ea58856136,iUSDT,6,0,0,0,0,200000000000000,0.0,True,False,False,1.00040279e-12,0.0,None,True,True,True,False,False,None
zenolend,hemi,0xc2C583093Af9241E17B2Ec51844154468D21bF6F,0xf7a2f28276c88f0b2d029e2b5968c9f2f67ba04c,iDAI,18,0,0,0,0,200000000000000000000000000,0.0,True,False,False,0.99983528,0.0,None,True,True,True,False,False,None
zenolend,hemi,0xc2C583093Af9241E17B2Ec51844154468D21bF6F,0xd9c0d8a3852b0f2db346dead778a9000ae034d0b,iWBTC,8,0,0,0,0,20000000000000000,0.0,True,False,False,109609.448,0.0,None,True,True,True,False,False,None
zenolend,hemi,0xc2C583093Af9241E17B2Ec51844154468D21bF6F,0xc3c6706c58f9be257e91e22d03d65d0562a17c2d,iLink,18,0,0,0,0,200000000000000000000000000,0.0,True,False,False,15.756896,0.0,None,True,True,True,False,False,None
zenolend,hemi,0xc2C583093Af9241E17B2Ec51844154468D21bF6F,0x41deb9f8bc6b2928194790e1eec36f4ca2fdca30,iAAVE,18,0,0,0,0,200000000000000000000000000,0.0,True,False,False,264.209848,0.0,None,True,True,True,False,False,None
zenolend,hemi,0xc2C583093Af9241E17B2Ec51844154468D21bF6F,0x13f3272f64e18932148a34bc4186472e1a3c4db9,iFRAX,18,0,0,0,0,200000000000000000000000000,0.0,True,False,False,1.00004069,0.0,None,True,True,True,False,False,None
zenolend,hemi,0xc2C583093Af9241E17B2Ec51844154468D21bF6F,0x23c73b712a12fec481647f2d21a86b286da56d9c,iMKR,18,0,0,0,0,200000000000000000000000000,0.0,True,False,False,1644.07899,0.0,None,True,True,True,False,False,None
zenolend,hemi,0xc2C583093Af9241E17B2Ec51844154468D21bF6F,0x53bc874077a8bb324ca47d94fed886bfbe87dda5,itBTC v2,18,0,0,0,0,200000000000000000000000000,0.0,True,False,False,109581.841,0.0,None,True,True,True,False,False,None
zenolend,hemi,0xc2C583093Af9241E17B2Ec51844154468D21bF6F,0x971223e4a16e419d45f47bd1b044f33d814d1301,iIBTC,18,0,0,0,0,200000000000000000000000000,0.0,True,False,False,109790.482,0.0,None,True,True,True,False,False,None
zenolend,hemi,0xc2C583093Af9241E17B2Ec51844154468D21bF6F,0x4a374540fcb891597774097c146d2cc04327fc29,iUBTC,18,0,0,0,0,200000000000000000000000000,0.0,True,False,False,109790.482,0.0,None,True,True,True,False,False,None
zenolend,hemi,0xc2C583093Af9241E17B2Ec51844154468D21bF6F,0x4d5fc8b9ffe4d2837e389a4b4f4c1902a6fd410f,ienzoBTC,8,0,0,0,0,20000000000000000,0.0,True,False,False,109609.448,0.0,None,True,True,True,False,False,None
zenolend,hemi,0xc2C583093Af9241E17B2Ec51844154468D21bF6F,0x396b9cd657bda467de31d28de56c1460d2f40106,irsETH,18,45916458175275730,139322383,4148815094,8156654104904608,271024708349886722796006152,0.0,True,False,False,2677.17184,122.93,101.09,False,False,False,False,False,1e-06
nebula,nibiru,0x7bf2f10A061eAA9d12eff11D1c3cBaf402f86C22,0xfc0de9060d413b60fee6b735a0291cc7fc2dc966,sNibi,None,9765862877000000000000,53046376369581,857209250975494529345,5921468995098905705,200148462262706255223292906,0.8,True,False,False,None,None,None,False,False,False,False,False,None
nebula,nibiru,0x7bf2f10A061eAA9d12eff11D1c3cBaf402f86C22,0x843571a06d52f11b58d59215c550688accd35320,nUSDC,6,487565878,2793070494510,83601800,0,204494544309810,0.85,True,False,False,1.00014,487.63,571.25,False,False,False,False,False,0.0
nebula,nibiru,0x7bf2f10A061eAA9d12eff11D1c3cBaf402f86C22,0xc2fe989bea6fb98fb68ba07550e867a672df713e,nstNIBI,6,1191582979,25064552311360,3835999338,0,200585362728435,0.75,True,False,False,None,None,None,False,False,False,False,False,None
nebula,nibiru,0x7bf2f10A061eAA9d12eff11D1c3cBaf402f86C22,0x46ca15e06451a9ce2877ddb3383a448e0d20493f,nWNIBI,18,457636067012589180329,2995969808591,143009867807094147352,0,200484642100637919445790018,0.8,True,False,False,0.0004864,0.22,0.29,False,False,False,False,False,0.0
wepiggy,oasis,0x5Ea2321aBFF78E81702cE877319cD775E0dc865B,0x33a32f0ad4aa704e28c93ed8ffa61d50d51622a7,pROSE,None,20294709114045428290466,131183629510872,9101036313915741849345,2358290720106596715330,206103877508693354670496335,0.0,True,None,None,None,None,None,False,False,False,False,False,None
wepiggy,oasis,0x5Ea2321aBFF78E81702cE877319cD775E0dc865B,0x17933112e9780abd0f27f2b7d9dda9e840d43159,pUSDT,6,294,11562663283462,13148826230,1843452316,977748286086476,0.0,True,None,None,0.998800779,0.0,11291.82,False,False,False,False,False,0.0
wepiggy,oasis,0x5Ea2321aBFF78E81702cE877319cD775E0dc865B,0x8158b34ff8a36dd9e4519d62c52913c24ad5554b,pWETH,18,92503610951790818,808432285,78112745131629263,4424237206713318,205573332436503031295935936,0.0,True,None,None,1742.936894706,161.23,289.66,False,False,False,False,False,0.0
aquarius-loan,arbitrum,0xf854c6b57e6d8ec3e790ec6da1a13060d19549d4,0xdc8f714d9a5c67266d6da2e5d3267d1587ea5710,aUSDT,6,7206719,39985971115407,8018252520,20572091,200192390598602,0.8,True,False,False,None,None,None,False,False,False,False,False,None
aquarius-loan,arbitrum,0xf854c6b57e6d8ec3e790ec6da1a13060d19549d4,0xb1f1c02bda47062ec30480831d0ff468fa9c37e1,aUSDC.e,6,1655841691,42150646936118,7035426897,256482634,200110474384496,0.8,True,False,False,0.99997199,1655.8,8434.55,False,False,False,False,False,0.0
aquarius-loan,arbitrum,0xf854c6b57e6d8ec3e790ec6da1a13060d19549d4,0x13f9a7f33550fe935bf7b544e536584d30ecf50a,aETH,18,1645579943993139473,19901526540,2339855111109914770,2078380021474439,200153323267712497998156075,0.8,True,False,False,2675.5494087,4402.83,10657.67,False,False,False,False,False,1e-06
aquarius-loan,arbitrum,0xf854c6b57e6d8ec3e790ec6da1a13060d19549d4,0xeac09cb245988a0805ab61beedc78c1c848c15f9,aWBTC,8,12325525,945103925,6927300,340198,20011161206424997,0.7,True,False,False,84579.062322,10424.81,15996.12,False,False,False,False,False,0.0
aquarius-loan,arbitrum,0xf854c6b57e6d8ec3e790ec6da1a13060d19549d4,0x25ca01daefc58b039a5ad97243d6ffe6899710fc,aDAI,18,2328307551499189114782,42579951914664,6298918591891772252238,103880182551367744508,200172747445124766662235013,0.8,True,False,False,0.99995165,2328.19,8522.93,False,False,False,False,False,0.0
aquarius-loan,arbitrum,0xf854c6b57e6d8ec3e790ec6da1a13060d19549d4,0x03ef96f537a7cda4411c8643afd9d8814d5b4906,aARB,18,3493037493332184706288,40078908334568,4575070659209683342135,48027749079155121036,200107256827287515547955311,0.4,True,False,False,0.19741007,689.56,1583.24,False,False,False,False,False,0.0
aquarius-loan,arbitrum,0xf854c6b57e6d8ec3e790ec6da1a13060d19549d4,0xc4c660db66c1d3f1d13144fb8e5befc6ad2892a9,aUSDC,6,8045351,22754376338882,4553264400,2564493,200345867102942,0.8,True,False,False,0.99997199,8.05,4558.62,False,False,False,False,False,0.0
aquarius-loan,arbitrum,0xf854c6b57e6d8ec3e790ec6da1a13060d19549d4,0x187abad5aaea813c7668a279d4dda55a908bb27a,aWSTETH,18,1128510468942360801,8027163006,479949727934666965,960082436004103,200257564626441281339540795,0.8,True,False,False,3332.13426014,3760.35,5356.41,False,False,False,False,False,1e-06
aquarius-loan,arbitrum,0xf854c6b57e6d8ec3e790ec6da1a13060d19549d4,0xa588aac732a7cd96519ccaebf48a9e19d5e6dd01,aGMX,18,22277781159067363380,368794854360,51551774552423250774,15902690310237018,200148272538333734510839610,0.4,True,False,False,8.22847845,183.31,607.37,False,False,False,False,False,0.0
neku,arbitrum,0xD5B649c7d27C13a2b80425daEe8Cb6023015Dc6B,0xbc4a19345c598d73939b62371cf9891128eccb8b,nETH,18,15067261235002,19477050763,159216528600575256202,31453773172986068857,6559656903372543843844373103,0.9,True,False,False,1796.67,0.03,229547.54,False,False,False,False,False,1.2e-05
neku,arbitrum,0xD5B649c7d27C13a2b80425daEe8Cb6023015Dc6B,0xdf19d746b5ab2b7b040daf0ec3341000cfe17bae,nNEKU,18,697621448774777976236591,6976104540315250,29,5872755595247324,100001575215857772166140279,0.2,True,False,True,0.000601640758237304,419.72,419.72,False,False,False,False,False,0.0
neku,arbitrum,0xD5B649c7d27C13a2b80425daEe8Cb6023015Dc6B,0x8153303f72ab12f13180c946723bcacae05a4c4a,nUSDC,6,11947,373148757547814,874659887864,167495483598,1895127350443841,0.8,True,False,False,1.0,0.01,707164.42,False,False,False,False,False,0.0
neku,arbitrum,0xD5B649c7d27C13a2b80425daEe8Cb6023015Dc6B,0x3631de81f1098df530015a97b092bdfff7e93ea8,nUSDT,6,19989,289740884658068,539238778704,102282473124,1508093433498918,0.8,True,False,False,1.0002000400080016,0.02,437043.73,False,False,False,False,False,0.0
neku,arbitrum,0xD5B649c7d27C13a2b80425daEe8Cb6023015Dc6B,0x70faf3509dc8320faffb40666d717224b26af0db,nBTC,8,48,1224670563,130490109,23650852,87239220266944556,0.7,True,False,False,28543.92878575715,0.01,30496.14,False,False,False,False,False,0.0
neku,arbitrum,0xD5B649c7d27C13a2b80425daEe8Cb6023015Dc6B,0xb5dc005d89d0b4d0bc4a9459c7f77a403e9bfeea,nLINK,18,44483000000000000,3139199741837,147161192346159643369635,58737476938463857347841,28167611863701251143762773645,0.5,True,False,False,7.316463292658532,0.33,646949.19,False,False,False,False,False,0.0
neku,arbitrum,0xD5B649c7d27C13a2b80425daEe8Cb6023015Dc6B,0xc7dec270bffc808458dcf687a378958afe7494ea,nSUSHI,18,265688000000000000,227666880000,22672289478285049600,68515791314019840,100451421335290533959089701,0.5,True,False,False,1.0582116423284658,0.28,24.2,False,False,False,False,False,0.0
neku,arbitrum,0xD5B649c7d27C13a2b80425daEe8Cb6023015Dc6B,0xbd1bf670692aacbbc96f0cbdd2f868f20e8f3296,nNYAN,18,432542233000000000000,16325422330000,1361142705267953310000,64457082107181324000,105922396444415412927329764,0.0,True,False,False,0.00756559986196581,3.27,13.08,False,False,False,False,False,0.0
neku,arbitrum,0xD5B649c7d27C13a2b80425daEe8Cb6023015Dc6B,0xfd4224a5358162d5d4f97c3c51966383642f0553,nMIM,18,40924715407481641789,339166508912,182172328033287880589934,221477620581215439141,536585335951709950101035699868,0.0,True,False,True,0.9956544925328968,40.75,181200.93,False,False,False,False,False,1e-06
neku,arbitrum,0xD5B649c7d27C13a2b80425daEe8Cb6023015Dc6B,0x71ad16c11b13466832c2aad2319820783032e920,nUNI,18,106186329185789563,12071330000,10931893457535357343,3932378714688458762,588642765298661219931855064,0.5,True,False,False,5.884176835367073,0.62,41.81,False,False,False,False,False,0.0
neku,arbitrum,0xD5B649c7d27C13a2b80425daEe8Cb6023015Dc6B,0x6557732b996e94e2b70d9ff8a8ded16715c01912,nGRT,18,911479000000000000,424114790000,41500000000000000000,0,100000000000000000000000000,0.2,True,False,False,0.14392878575715143,0.13,6.1,False,False,False,False,False,0.0
neku,arbitrum,0xD5B649c7d27C13a2b80425daEe8Cb6023015Dc6B,0x2907c3ece448f72e5399f07be87c0d39afa9b43b,nCOMP,18,1073000000000000,4360730000,435000000000000000,0,100000000000000000000000000,0.3,True,False,False,42.42848569713943,0.05,18.5,False,False,False,False,False,0.0
neku,arbitrum,0xD5B649c7d27C13a2b80425daEe8Cb6023015Dc6B,0x660474510ec741368ad6a16f7731cbf03844396f,nCRV,18,827472505184277740,128336458374,215929859800490880516,81665430922270063298,1052638533858541454330191161,0.5,True,False,False,0.9341868373674735,0.77,126.2,False,False,False,False,False,0.0
neku,arbitrum,0xD5B649c7d27C13a2b80425daEe8Cb6023015Dc6B,0xba7dabf931a23c334b8f6be15eb1e9425330e6b3,nDODO,18,546807000000000000,1300891152751,140377884071078661490,4351153628431464596,104984600098043992400348773,0.1,True,False,False,0.17053410682136427,0.09,23.29,False,False,False,False,False,0.0
neku,arbitrum,0xD5B649c7d27C13a2b80425daEe8Cb6023015Dc6B,0x3ae83a39ce92c13beb51e5e6b4280143d20ed251,nDAI,18,27504061576765184,44165015733388,196810033470402972957689,38543874046322378675197,3583519315006054173286614800,0.8,True,False,False,1.0191038207641527,0.03,161289.68,False,False,False,False,False,0.0
neku,arbitrum,0xD5B649c7d27C13a2b80425daEe8Cb6023015Dc6B,0x8e9027803d0f448dd96dd73069c35b0641151b07,nAMY,18,7885259000000000000,1496767018220432,266867266359054250278720,46906906543621700111481,146962247562056694125150557,0.0,True,False,False,0.000347875503501001,0.0,76.52,False,False,False,False,False,0.0
neku,arbitrum,0xD5B649c7d27C13a2b80425daEe8Cb6023015Dc6B,0x3823d2b0cec7d1023ac7d69e76b48bafcc31f28b,nMCB,18,908001550704247887,8546249375,63,52246620281699178,100132220916213174741346697,0.0,True,False,False,9.982373683618206,9.06,8.54,False,False,False,False,False,0.0
neku,arbitrum,0xD5B649c7d27C13a2b80425daEe8Cb6023015Dc6B,0xdbfd9c0fc225e323a8eff1bcd1aa787be8c11a26,nDF,18,392391476133727885,1759477460503,178000000000000007064,2408794990453493976,100020375615024924524263279,0.0,True,False,False,0.07201440288057612,0.03,12.67,False,False,False,False,False,0.0
neku,arbitrum,0xD5B649c7d27C13a2b80425daEe8Cb6023015Dc6B,0xd73ed2df40c7b671de0553b1f355ff46dd37bdd1,nSPELL,18,6646614430000000000000,29251751142012,45131322910130117466542,32039518188063645974747,674777351148653983157191189,0.0,True,False,True,0.000676990434620833,4.5,13.36,False,False,False,False,False,0.0
neku,arbitrum,0xD5B649c7d27C13a2b80425daEe8Cb6023015Dc6B,0x874a86e9e78d123abb745cae5e97369d79d41554,nCELR,18,20831012000000000000,11908310120000,1867692167301115771200,279076866920446308480,135153207815574546249724305,0.0,True,False,False,0.023464692938587717,0.49,37.77,False,False,False,False,False,0.0
neku,arbitrum,0xD5B649c7d27C13a2b80425daEe8Cb6023015Dc6B,0x19714ee460f9d030e310bf1730b5172f5b50ab5f,nBAL,18,101583000000000000,17267477172,1645772112475435571,19534444990174225,100062137061168448145552874,0.0,True,False,False,6.896379275855171,0.7,11.92,False,False,False,False,False,0.0
neku,arbitrum,0xD5B649c7d27C13a2b80425daEe8Cb6023015Dc6B,0xccb8da4ffc616060d7594250d19997fb2e98aa15,nMAGIC,18,22530866000000000000,601225308660000,60100063856737084832000,25542694833932800,100000063726595835249913912,0.0,True,False,False,0.002999079446732242,0.07,180.31,False,False,False,False,False,0.0
neku,arbitrum,0xD5B649c7d27C13a2b80425daEe8Cb6023015Dc6B,0xa9958d6a3ec9604507f6f99f402103eaa2cae784,nIMX,18,9600088503000000000000,159776213872558,68940026210265889680320,22336010484106355872124,351767655941512717385419232,0.0,True,False,False,0.000185993848870166,1.79,10.45,False,False,False,False,False,0.0
neku,arbitrum,0xD5B649c7d27C13a2b80425daEe8Cb6023015Dc6B,0x38a0697a97fd4d65b8f1055821e3418d7c83cd1c,nSWPR,18,658283999999917694,5083175785005,766156937171548427117,113175113268619337917,128588924630763297962721583,0.0,True,False,False,0.04828783688593519,0.03,31.56,False,False,False,False,False,0.0
neku,arbitrum,0xD5B649c7d27C13a2b80425daEe8Cb6023015Dc6B,0xcb2b0b3380f3993f051b9d5355e8ad8e1bdaf95a,nHND,18,185097000000000000,286850970000,28500000000000000000,0,100000000000000000000000000,0.0,True,False,False,0.04043510528606869,0.01,1.16,False,False,False,False,False,0.0
neku,arbitrum,0xD5B649c7d27C13a2b80425daEe8Cb6023015Dc6B,0x9ac8f7a521dcbc12cb4d54b22fa1fbf1c5f50caf,nUSDN,18,118116554042000000000000,1181167674420597,30820729245699296156,0,100025912772461380840157551,0.8,True,False,False,1.0,118116.55,118147.37,False,False,False,False,False,0.0
neku,arbitrum,0xD5B649c7d27C13a2b80425daEe8Cb6023015Dc6B,0x679818bed06eb59a75b775f7384e654a1bbbe205,nARBY,18,1920201000000000000,19202010000,0,0,100000000000000000000000000,0.0,True,False,False,1.2307123406878873,2.36,2.36,False,False,False,False,False,0.0
neku,arbitrum,0xD5B649c7d27C13a2b80425daEe8Cb6023015Dc6B,0xee2a8949e5106d0b273bb6a63a01beb41ef6e07f,nO3,18,8714230000000000000,367141318926,31098008003632756579,1239203201453102630,105063180889085189931434287,0.0,True,False,False,0.06452891751233672,0.56,2.49,False,False,False,False,False,0.0
neku,arbitrum,0xD5B649c7d27C13a2b80425daEe8Cb6023015Dc6B,0x7fd87581d0eae4744a8625bffe909ffb3af52163,nRDPX,18,1783869688477936,94375850130,25574501020253343938,6045835608101337560,206943293808086031743807508,0.0,True,False,False,30.17093653757334,0.05,589.25,False,False,False,False,False,0.0
neku,arbitrum,0xD5B649c7d27C13a2b80425daEe8Cb6023015Dc6B,0x82015cfee29e3697afcb6dfdce59dc07ed33eb20,nDPX,18,3755000000000000,807310409,97080208444115292,8232083377646116,114705724135496902778073805,0.0,True,False,False,296.5883325334672,1.11,27.47,False,False,False,False,False,0.0
neku,arbitrum,0xD5B649c7d27C13a2b80425daEe8Cb6023015Dc6B,0xbd65ae81d1d79236d69d01631ddde5a994c96915,nNETH,18,967000000000000,99670000,9000000000000000,0,100000000000000000000000000,0.0,True,False,False,1796.67,1.74,17.91,False,False,False,False,False,0.0
neku,arbitrum,0xD5B649c7d27C13a2b80425daEe8Cb6023015Dc6B,0x70d27974441845811b36e9be0d3f43eb60c814a3,nNUSD,18,281605000000000000,382816050000,38000000000000000000,0,100000000000000000000000000,0.0,True,False,False,1.0,0.28,38.28,False,False,False,False,False,0.0
neku,arbitrum,0xD5B649c7d27C13a2b80425daEe8Cb6023015Dc6B,0xa7ad08399bce6dd0f7110d88cc6303f9561acd48,nV-SPELL-WETH,18,903935010186730430,20903935010186730430,20102930867092924929,41172346837169971,1002954396874352092,0.0,True,False,False,2.4785861719452016,2.24,51.97,False,False,False,False,False,0.0
neku,arbitrum,0xD5B649c7d27C13a2b80425daEe8Cb6023015Dc6B,0x374aed793f60a01aaf00385fd3a05cdccdb2799a,nV-MIM-WETH,18,18183320897721170,3228183320897721170,7303240782360140978,1637296312944056391,1760782218753646953,0.0,True,False,False,97.46429922912235,1.77,554.0,False,False,False,False,False,0.0
neku,arbitrum,0xD5B649c7d27C13a2b80425daEe8Cb6023015Dc6B,0xdac3b16d35bcdc3d135633a5d2e0d0d114070a29,nV-SUSHI-WETH,18,742607437769800,970742607437769800,970000000000000000,0,1000000000000000000,0.0,True,False,False,104.33410652779833,0.08,101.28,False,False,False,False,False,0.0
neku,arbitrum,0xD5B649c7d27C13a2b80425daEe8Cb6023015Dc6B,0x2fda3af71967add50380c7a35799ec3a41209bce,nV-USDC-WETH,18,4182639970,7104182639970,8233082468453,453232987381,1095697072488957140,0.0,True,False,False,128792076.77477022,0.54,1002.52,False,False,False,False,False,0.0
neku,arbitrum,0xD5B649c7d27C13a2b80425daEe8Cb6023015Dc6B,0xdee7e973657853a15305d360d2ac46a1e279c68c,nV-WBTC-WETH,18,10,1440341957810,3332397459946,756822200856,1788169292114555039,0.0,True,False,False,1671080203.2486496,0.0,4303.99,False,False,False,False,False,0.0
solidlizard-lending,arbitrum,0x9FfBdfcc508e76ee2b719eF6218879E938eF056C,0x7ed839038c88c404ecb7fc265b4ebafacdeb9254,slUSDC.e,6,1450461432,585456953771,16565201,1287010054,307480469470028,0.8,True,False,False,0.99997199,1450.42,180.01,False,False,False,False,False,0.0
solidlizard-lending,arbitrum,0x9FfBdfcc508e76ee2b719eF6218879E938eF056C,0x8b33b2578b892168502de9597210161bfccb21ef,slWBTC,8,1217110,7122210,33783,1102572,20825137141420991,0.7,True,False,False,84636.73778056,1030.12,125.53,False,False,False,False,False,0.0
solidlizard-lending,arbitrum,0x9FfBdfcc508e76ee2b719eF6218879E938eF056C,0x34b4f227004d0cfc579e6203dd6f3c99b18e2051,slWETH,18,520938494180615349,146831200,13843803448016022,470682645831034105,436553346956214115256158091,0.7,True,False,False,2675.5494087,1393.8,171.5,False,False,False,False,False,1e-06
solidlizard-lending,arbitrum,0x9FfBdfcc508e76ee2b719eF6218879E938eF056C,0x30ff193de615ed096469cec7d9b61d3243a71ad2,slARB,18,1032723106802650105974,2953523496312,234456646934341636215,570210234531753100219,235978999346214510078839431,0.6,True,False,False,0.19761842,204.09,137.73,False,False,False,False,False,0.0
solidlizard-lending,arbitrum,0x9FfBdfcc508e76ee2b719eF6218879E938eF056C,0x4596a5a4216608054a3f2afd3adbed9e8463b1de,slUSDT,6,1970652246,6364435877296,1590493386,1613073183,306087214414305,0.8,True,False,False,0.99983614,1970.33,1947.75,False,False,False,False,False,0.0
solidlizard-lending,arbitrum,0x9FfBdfcc508e76ee2b719eF6218879E938eF056C,0x8eb739ea075ea9f16b6f1d96f914852ac46f33a3,slwstETH,18,161553209763779252,100299784,16898712180335045,150524390045404289,278440598622924332519001237,0.7,True,False,False,3332.1342601459028,538.32,93.06,False,False,False,False,False,1e-06
solidlizard-lending,arbitrum,0x9FfBdfcc508e76ee2b719eF6218879E938eF056C,0xf52124764b20b2063b89ac1a0a06d2437ae02fd7,slcrvUSD,18,516804274449313828045,661732819619,74264426261794718628,441631606839521941448,225826934135784087497328207,0.8,True,False,False,0.99940202,516.5,149.35,False,False,False,False,False,0.0
paribus,arbitrum,0x712E2B12D75fe092838A3D2ad14B6fF73d3fdbc9,0x1c762e00f1d9317a4214d22b2576995c427f61c9,pWBTC,8,0,2736596031,56112099,276640,20403252203649783,0.8,True,False,False,84579.062322,0.0,47225.11,False,False,False,False,False,0.0
paribus,arbitrum,0x712E2B12D75fe092838A3D2ad14B6fF73d3fdbc9,0xfb1dcfc67cc496eb0cc592050af7fdf3bf3b5c13,pUSDT,6,0,51063988937148,10483845722,63287919,204068620957640,0.85,True,False,False,0.99983614,0.0,10418.85,False,False,False,False,False,0.0
paribus,arbitrum,0x712E2B12D75fe092838A3D2ad14B6fF73d3fdbc9,0xaffd437801434643b734d0b2853654876f66f7d7,pETH,18,0,91624853285,48696255204220985525,6521136548744262712,460302168498874478858053649,0.8,True,False,False,2675.5494087,0.0,112841.61,False,False,False,False,False,1e-06
paribus,arbitrum,0x712E2B12D75fe092838A3D2ad14B6fF73d3fdbc9,0xfc2737a742a741d13fe6326011a78cd881de3eb9,pARB,18,0,39282389126348,8072015076981752875999,158225105909922404568,201458978108940663087536888,0.7,True,False,False,0.19761842,0.0,1563.91,False,False,False,False,False,0.0
sumer,arbitrum,0xBfb69860C91A22A2287df1Ff3Cdf0476c5aab24A,0x3c752d0d78bbfdda6bf4b6000a01228b732441ae,sdrETH,18,347472963522667316,1136506422666974251,1358211625690107654,247109494933010207,1283384823164492538,2e-18,True,None,None,2675.5494087,929.68,3902.49,False,False,False,False,False,0.0
sumer,arbitrum,0xBfb69860C91A22A2287df1Ff3Cdf0476c5aab24A,0x4de3741e1676ed14d661b1398196dc221ca4d37a,sdrUSDC,6,10432350467,10537225220,252427552,10778303,1012980124572111973,1e-18,True,None,None,9.9997199e-13,0.0,0.0,False,False,False,False,False,0.0
sumer,arbitrum,0xBfb69860C91A22A2287df1Ff3Cdf0476c5aab24A,0xdb7fe9c415281e383595c262e49568ddc18e8bd4,sdrUSDT,6,393885938,388890202,3050011,5461488,1006645214990528354,1e-18,True,None,None,9.9983614e-13,0.0,0.0,False,False,False,False,False,0.0
sumer,arbitrum,0xBfb69860C91A22A2287df1Ff3Cdf0476c5aab24A,0x873449359d2d99691436e724c6c219a39b159b4a,sdrDAI,18,10025412787434801631,10000857951947377616,6072868460995,2478166920326175,1002208084700499006,1e-18,True,None,None,0.99995165,10.02,10.02,False,False,False,False,False,0.0
sumer,arbitrum,0xBfb69860C91A22A2287df1Ff3Cdf0476c5aab24A,0x1167e762541374febeea0f6ed2ad4473afa1ccea,sdrwstETH,18,1130494893190416629,4954501690358312524,5248655669738357148,478235169163329795,1191020966901453666,2e-18,True,None,None,3332.7650134176647,3767.67,19666.36,False,False,False,False,False,0.0
sumer,arbitrum,0xBfb69860C91A22A2287df1Ff3Cdf0476c5aab24A,0x1a9cfa6c676ebbed450db3cef03e399465f1202c,sdrRETH,18,5150850652188606,5150850813093751,202770410,20277039,1000000004191196131,2e-18,True,None,None,3130.4330965687955,16.12,16.12,False,False,False,False,False,0.0
sumer,arbitrum,0xBfb69860C91A22A2287df1Ff3Cdf0476c5aab24A,0x59ac82d3efb5dc6c4389ccff7ab7ab6c72c6ac05,sdrWBTC,8,1931409,2480417,933977,77314,1124033579837583761,3e-18,True,None,None,8.463673778056e-06,0.0,0.0,False,False,False,False,False,0.0
sumer,arbitrum,0xBfb69860C91A22A2287df1Ff3Cdf0476c5aab24A,0x142017b52c99d3dfe55e49d79df0baf7f4478c0c,sdrARB,18,93860413334167361081,93224297723070205621,69927168744,549488775975739756,1000929230974803545,4e-18,True,None,None,0.19761842,18.55,18.44,False,False,False,False,False,0.0
sumer,arbitrum,0xBfb69860C91A22A2287df1Ff3Cdf0476c5aab24A,0xe4b55045ed14815c7c42eeef8ee431b89422c389,sdrsuUSD,18,0,0,4890847223304204096761,0,1000000000000000000,1e-18,True,None,None,1.0,0.0,None,True,True,True,False,False,None
sumer,arbitrum,0xBfb69860C91A22A2287df1Ff3Cdf0476c5aab24A,0x9c93423939c4e3d48d99bad147ad808be89b2043,sdrsuETH,18,0,0,0,0,1000000000000000000,2e-18,True,None,None,2677.02579552,0.0,None,True,True,True,False,False,None
sumer,arbitrum,0xBfb69860C91A22A2287df1Ff3Cdf0476c5aab24A,0xac6baf36b28d19ea10959102158beb3d933c1fbf,sdrsuBTC,18,0,0,44437963783604,0,1000000000000000000,3e-18,True,None,None,84636.73778056,0.0,None,True,True,True,False,False,None
sumer,arbitrum,0xBfb69860C91A22A2287df1Ff3Cdf0476c5aab24A,0xd5bda72030d9531fb311ddfe09af5502c3492e0c,sdrweETH,18,2904149623058146,1577194782856229,14521843710,1324734464325582,1001417008060347308,2e-18,True,None,None,2956.3232732593206,8.59,4.67,False,False,False,False,False,0.0
sumer,arbitrum,0xBfb69860C91A22A2287df1Ff3Cdf0476c5aab24A,0x7ecac6929fdc7f98395857fc8b460f14c6898609,sdrPT-weETH-26SEP2024,18,815925528100328,7887685454703559,7828000152498233,755311109641324,1000117793268889031,2e-18,True,None,None,2675.5732334181657,2.18,21.11,False,False,False,False,False,0.0
sumer,arbitrum,0xBfb69860C91A22A2287df1Ff3Cdf0476c5aab24A,0xee67db245248bdc84a6634e9a3e30ff78eeb6179,sdrrsETH,18,116126500697418209,128,56,116126500697418136,1007812500000000000,2e-18,True,None,None,2887.3559852161216,335.3,0.0,False,True,True,False,False,0.0
sumer,arbitrum,0xBfb69860C91A22A2287df1Ff3Cdf0476c5aab24A,0x32be989f762470473878456ab3fb8f6a5bb0205c,sdrsolvBTC,18,6803997841164578,6336228360351078,97015146176892,222894918347973,1053957920895306172,3e-18,True,None,None,84636.73778056,575.87,565.21,False,False,False,False,False,0.0
sumer,arbitrum,0xBfb69860C91A22A2287df1Ff3Cdf0476c5aab24A,0xaec7d67d07e1f5833a8587fdcb0b7fe50347a8f5,sdrPT-rsETH-26SEP2024,18,3459016641631381,2999855726693127,8,459016641631388,1000048093415156681,2e-18,True,None,None,2670.443003981623,9.24,8.01,False,False,False,False,False,0.0
sumer,arbitrum,0xBfb69860C91A22A2287df1Ff3Cdf0476c5aab24A,0x6c6e01110563305537d303e468b23a453bed2197,sdrPT-weETH-26DEC2024,18,416133370615660,416133370615660,0,0,1000000000000000000,2e-18,True,None,None,2675.5732334181657,1.11,1.11,False,False,False,False,False,0.0
sumer,arbitrum,0xBfb69860C91A22A2287df1Ff3Cdf0476c5aab24A,0x54525258ba4f089e72f062b0cc66774639b2e259,sdrPT-rsETH-26DEC2024,18,0,0,0,0,1000000000000000000,2e-18,True,None,None,2670.443003981623,0.0,None,True,True,True,False,False,None
cream,arbitrum,0xbadaC56c9aca307079e8B8FC699987AAc89813ee,0xd5794ea7b269db3a0ccb396774cc2d0936ffbd86,crUSDC,6,1639852958,7201258112904,363844824,294763257,237310550213127,0.75,True,False,False,0.99997199,1639.81,1708.89,False,False,False,False,False,0.0
cream,arbitrum,0xbadaC56c9aca307079e8B8FC699987AAc89813ee,0x5441090c0401ee256b09deb35679ad175d1a0c97,crETH,18,1072503884690288277,3490832959,14784413023091990,300629708437571649,225349822954908286690093669,0.75,True,False,False,2677.02579552,2871.12,2105.91,False,False,False,False,False,1e-06
cream,arbitrum,0xbadaC56c9aca307079e8B8FC699987AAc89813ee,0x5eb35daf9ef97e9e8cc33c486bad884a62cae9ce,crUSDT,6,2656343,956829361502,583778938,67617029,542226516947155,0.75,True,False,False,0.99983614,2.66,518.73,False,False,False,False,False,0.0
filda,arbitrum,0xF67EF5E77B350A81DcbA5430Bc8bE876eDa8D591,0x55e5f6e48fd4715e1c05b9dafa5cfd0b387425ee,fETH,18,126836187294403552,10306890901152942772,131611083813876908,0,25075192275429072,0.65,True,False,False,1.0,0.13,0.26,False,False,False,False,False,0.0
filda,arbitrum,0xF67EF5E77B350A81DcbA5430Bc8bE876eDa8D591,0x5cab5ea2e616d9d8ed89b3420540f21cc5ac7698,fUSDT,6,180054686,3767926332390018757944,6674069,105982451,21429,0.85,True,False,False,0.0003734876748939905,0.07,0.03,False,False,False,False,False,0.0
filda,arbitrum,0xF67EF5E77B350A81DcbA5430Bc8bE876eDa8D591,0x541a9133c24bfab3bd55742b1f16b507b1fbbf44,fUSDC,6,58303179,478011789936159166239,559575,48910806,20819,0.85,True,False,False,0.0003735384215099653,0.02,0.0,False,False,False,False,False,0.0
filda,arbitrum,0xF67EF5E77B350A81DcbA5430Bc8bE876eDa8D591,0x7cfb238c628f321ba905d1beec2bfb18ae56fcdb,fWBTC,8,98041,10790759216249979,2440,76494,2222920,0.8,True,False,False,31.61595899531469,0.03,0.01,False,False,False,False,False,0.0
filda,arbitrum,0xF67EF5E77B350A81DcbA5430Bc8bE876eDa8D591,0x56c0fa757820c2d9df35cf2874f3268fe717e92f,fDAI,18,182459617586975990317,155976930060943318730,99470735331251579,179101793811709777669,22165422214981599,0.85,True,False,False,0.000373530823525652,0.07,0.0,False,False,False,False,False,0.0
filda,arbitrum,0xF67EF5E77B350A81DcbA5430Bc8bE876eDa8D591,0xdc17ee4ef70317433d8083da696e63b46721b6b9,fSUSHI,18,7768157656227172600,44027975089643951537,736,6793719608469431290,22132247639681813,0.3,True,False,False,9.4211972264917e-05,0.0,0.0,False,False,False,False,False,0.0
filda,arbitrum,0xF67EF5E77B350A81DcbA5430Bc8bE876eDa8D591,0xca7d7f202894e851e495bebcd2a62e0898dd1814,fUNI,18,2685938443558340224,17297002133959066655,5298594498141673,2313690616640548462,21827274951576698,0.4,True,False,False,0.003401371038425607,0.01,0.0,False,False,False,False,False,0.0
filda,arbitrum,0xF67EF5E77B350A81DcbA5430Bc8bE876eDa8D591,0xea1ca194ff0d211f86fb8e9d8be985e35cd16968,fLINK,18,1839382898006234632,5554058063046335580,117,1717651714940100045,21917520790080934,0.3,True,False,False,0.005242101149523703,0.01,0.0,False,False,False,False,False,0.0
wepiggy,arbitrum,0xaa87715E858b482931eB2f6f92E504571588390b,0x17933112e9780abd0f27f2b7d9dda9e840d43159,pETH,18,11101262953252222731,16042488996,68846212476938037,7786810871165651422,210896095699806540543629243,0.8,True,None,None,2677.02579552,29718.37,9057.18,False,False,False,False,False,1e-06
wepiggy,arbitrum,0xaa87715E858b482931eB2f6f92E504571588390b,0x3393cd223f59f32cc0cc845de938472595ca48a1,pWBTC,8,33701795,885584317,225359,10468371,26489609797369525,0.8,True,None,None,84579.062322,28504.66,19841.22,False,False,False,False,False,0.0
wepiggy,arbitrum,0xaa87715E858b482931eB2f6f92E504571588390b,0x2bf852e22c92fd790f4ae54a76536c8c4217786b,pUSDC,6,12140912059,23157777080786,2054345836,7745942100,278494596977142,0.9,True,None,None,0.99997199,12140.57,6449.14,False,False,False,False,False,0.0
wepiggy,arbitrum,0xaa87715E858b482931eB2f6f92E504571588390b,0xb65ab7e1c6c1ba202baed82d6fb71975d56f007c,pUSDT,6,11277711424,39956834179658,1972541466,4046427926,230344199007779,0.9,True,None,None,0.99983811,11275.89,9202.33,False,False,False,False,False,0.0
wepiggy,arbitrum,0xaa87715E858b482931eB2f6f92E504571588390b,0x8f87c9c6efe9ca6997d6fec8bc930c1fed90ccc7,pLINK,18,115575658639201605383,113412769844,3954507330383911609,95794567509670252450,209285061043511538116808186,0.6,True,None,None,14.03324,1621.9,333.09,False,False,False,False,False,0.0
wepiggy,arbitrum,0xaa87715E858b482931eB2f6f92E504571588390b,0xde39adfb2025d2aa51f6fd967e7c1753215f1905,pDAI,18,3730050219002878948155,7144912283274,897734003837812429332,2595739091476891495162,284404489628340067357945872,0.9,True,None,None,0.99995165,3729.87,2031.95,False,False,False,False,False,0.0
venus,arbitrum,0x317c1A5739F39046E20b08ac9BeEa3f10fD43326,0xada57840b372d4c28623e87fc175de8490792811,vWBTC_Core,8,558674845,581285659,25903915,0,1005665202554050967,0.75,True,None,None,84619.6,472748.42,494668.21,False,False,False,False,False,0.000846
venus,arbitrum,0x317c1A5739F39046E20b08ac9BeEa3f10fD43326,0x68a34332983f4bf866768dd6d6e638b02ef5e1f0,vWETH_Core,18,49827840633063514963,7364903732,25696309222902903597,0,10254601092451376329816227935,0.75,True,None,None,2675.54268667,133316.51,202068.09,False,False,False,False,False,2.7e-05
venus,arbitrum,0x317c1A5739F39046E20b08ac9BeEa3f10fD43326,0x7d8609f8da70ff9027e9bc5229af4f6727662707,vUSDC_Core,6,64083015348,21692722831141,177608115007,3014072,11143236243215557,0.78,True,None,None,0.99995141,64079.9,241715.39,False,False,False,False,False,0.0
venus,arbitrum,0x317c1A5739F39046E20b08ac9BeEa3f10fD43326,0xb9f9117d4200dc296f9acd1e8be1937df834a2fd,vUSDT_Core,6,94194964892,25270919951875,187419513196,0,11146014178565795,0.78,True,None,None,0.9998908267451555,94184.68,281639.28,False,False,False,False,False,0.0
venus,arbitrum,0x317c1A5739F39046E20b08ac9BeEa3f10fD43326,0xaeb0fed69354f34831fe1d16475d9a83ddacada6,vARB_Core,18,358404793232648031704472,37608692082427,21205613087082333708616,0,10093738183930993648641382862,0.25,True,None,None,0.19764834,70838.11,75029.74,False,False,False,False,False,0.0
venus,arbitrum,0x317c1A5739F39046E20b08ac9BeEa3f10fD43326,0x9bb8cec9c0d46f53b4f2173bb2a0221f66c353cc,vgmWETH-USDC_Core,18,74714715522574449093881,7471471552163,0,0,10000000000126407373338332640,0.7,True,None,None,1.98028334,147956.31,147956.31,False,False,False,False,False,0.0
venus,arbitrum,0x317c1A5739F39046E20b08ac9BeEa3f10fD43326,0x4f3a73f318c5ea67a86eaace24309f29f89900df,vgmBTC-USDC_Core,18,137541215575794114037432,13754121557482,0,0,10000000000070823427971094170,0.7,True,None,None,2.59421628,356811.66,356811.66,False,False,False,False,False,0.0
hundredfinance,arbitrum,0x0f390559f258eb8591c8e31cf0905e97cf36ace2,0xfcd8570ad81e6c77b8d252bebeba62ed980bd64d,hUSDC,6,17933186369,58381650249875,1491494460,6911749641,214329864511268,0.85,True,True,True,0.99997199,17932.68,12512.58,False,False,False,False,False,0.0
hundredfinance,arbitrum,0x0f390559f258eb8591c8e31cf0905e97cf36ace2,0x8e15a22853a0a60a0fbb0d875055a8e66cff0235,hETH,18,1679230725946539480,8343034718,147276064651141752,138078639350641768,202375779115994260447233104,0.8,True,True,True,2677.02579552,4495.34,4519.97,False,False,False,False,False,1e-06
hundredfinance,arbitrum,0x0f390559f258eb8591c8e31cf0905e97cf36ace2,0xb4300e088a3ae4e624ee5c71bc1822f68bb5f2bc,hWBTC,8,0,2008958,43904916,10201934,16776349729561294959,0.8,True,True,True,84636.73778056,0.0,28525.1,False,False,False,True,False,0.013542
hundredfinance,arbitrum,0x0f390559f258eb8591c8e31cf0905e97cf36ace2,0x607312a5c671d0c511998171e634de32156e69d0,hUSDT,6,2412942525,4385036034060,100327445,1586983490,211238054329595,0.85,True,True,True,0.99983811,2412.55,926.14,False,False,False,False,False,0.0
hundredfinance,arbitrum,0x0f390559f258eb8591c8e31cf0905e97cf36ace2,0x103f2ca2148b863942397dbc50a425cc4f4e9a27,hLINK,18,300324053242323289426,1503700183838,936424644334890482,507400934561246662,200008672064176816061622989,0.75,True,True,True,14.03324,4214.52,4220.54,False,False,False,False,False,0.0
hundredfinance,arbitrum,0x0f390559f258eb8591c8e31cf0905e97cf36ace2,0xebd7f3349aba8bb15b897e03d6c1a4ba95b55e31,hSUSHI,18,19875934003561684450,84091447936,2022489514183287441,1646079078943963475,240837147366217143120640486,0.75,True,True,True,0.25220788,5.01,5.11,False,False,False,False,False,0.0
hundredfinance,arbitrum,0x0f390559f258eb8591c8e31cf0905e97cf36ace2,0x376020c5b0ba3fd603d7722381faa06da8078d8a,hMIM,18,5249108189571486339102,2413591530789,44633581191683229795,4725389006746839034712,235480095437083647242141673,0.75,True,True,True,None,None,None,False,False,False,False,False,None
hundredfinance,arbitrum,0x0f390559f258eb8591c8e31cf0905e97cf36ace2,0x29ddb4c4f9baae366dbd40eff79d364e004425b0,hSPELL,18,639518480809351074759775,3038720240125464,11003535530767098355656,33327569307532320731599,203109993109172452219024541,0.5,True,True,True,9.924e-05,63.47,61.25,False,False,False,False,False,0.0
hundredfinance,arbitrum,0x0f390559f258eb8591c8e31cf0905e97cf36ace2,0x772918d032cfd4ff09ea7af623e56e2d8d96bb65,hDODO,18,2934436317290450110211,24934358487,7708633960712807110,2935066850502618365998,283869374551378700685960022,0.5,True,True,True,None,None,None,False,False,False,False,False,None
hundredfinance,arbitrum,0x0f390559f258eb8591c8e31cf0905e97cf36ace2,0xb1c4426c86082d91a6c097fc588e5d5d8dd1f5a8,hFRAX,18,6951603387212213121621,2500476579212,7110944082538834367080,8346319994936138080449,2286055195372524105866869985,0.85,True,True,True,0.99199676,6895.97,5670.48,False,False,False,False,False,0.0
hundredfinance,arbitrum,0x0f390559f258eb8591c8e31cf0905e97cf36ace2,0x6bb6ebcf3ac808e26545d59ea60f27a202ce8586,hDAI,18,2818392774423347823398,11694900929884,55014591441353038106,272429611155081798841,222402718099418545306354514,0.85,True,True,True,0.99995165,2818.26,2600.85,False,False,False,False,False,0.0
tender-finance,arbitrum,0xeed247Ba513A8D6f78BE9318399f5eD1a4808F8e,0x0706905b2b21574defcf00b5fc48068995fcdcdf,tETH,18,997427989940,393053400277,152485381707587661185,11303113422595014884,359193608763908432323438403,0.8,True,True,True,2677.02579552,0.0,377948.58,False,False,False,False,False,1e-06
tender-finance,arbitrum,0xeed247Ba513A8D6f78BE9318399f5eD1a4808F8e,0xff2073d3810754d6da4783235c8647e11e43c943,tfsGLP,18,5239203194057105960228,18159752337737,0,0,288506313115831608682011735,0.9,True,True,True,0.09107423932051624,477.16,477.16,False,False,False,False,False,0.0
tender-finance,arbitrum,0xeed247Ba513A8D6f78BE9318399f5eD1a4808F8e,0x0a2f8b6223eb7de26c810932cca488a4936cf391,tWBTC,8,0,1397299902,42531371,1888374,29086810169975951,0.7,True,True,True,84636.73778056,0.0,34398.91,False,False,False,False,False,0.0
tender-finance,arbitrum,0xeed247Ba513A8D6f78BE9318399f5eD1a4808F8e,0x27846a0f11edc3d59ea227baebdfa1330a69b9ab,tFRAX,18,35132504279161384354,561232193299,119758524863512830868,268649297374274387,275505186073536394942712450,0.4,True,True,True,0.99199676,34.85,153.38,False,False,False,False,False,0.0
tender-finance,arbitrum,0xeed247Ba513A8D6f78BE9318399f5eD1a4808F8e,0x4a5806a3c4fbb32f027240f80b18b26e40bf7e31,tUSDT,6,18020,601395015909056,159863103109,745964,265819255125278,0.75,True,True,True,0.99983811,0.02,159836.5,False,False,False,False,False,0.0
tender-finance,arbitrum,0xeed247Ba513A8D6f78BE9318399f5eD1a4808F8e,0x068485a0f964b4c3d395059a19a05a8741c48b4e,tUSDC,6,1,190224713055148,54771331435,96590165,287421862243257,0.8,True,True,True,0.99997199,0.0,54673.21,False,False,False,False,False,0.0
tender-finance,arbitrum,0xeed247Ba513A8D6f78BE9318399f5eD1a4808F8e,0xb287180147ef1a97cbfb07e2f1788b75df2f6299,tDAI,18,1,1627391200648,610571816317406739917,12934509121033278259,367236413075359056867314589,0.75,True,True,True,0.99995165,0.0,597.61,False,False,False,False,False,0.0
tender-finance,arbitrum,0xeed247Ba513A8D6f78BE9318399f5eD1a4808F8e,0x87d06b55e122a0d0217d9a4f85e983ac3d7a1c35,tLINK,18,31442580,1179905565531,277713469934355746755,840641290091302164,234656769772666630673713297,0.4,True,True,True,14.03324,0.0,3885.42,False,False,False,False,False,0.0
tender-finance,arbitrum,0xeed247Ba513A8D6f78BE9318399f5eD1a4808F8e,0x8b44d3d286c64c8aaa5d445cfabf7a6f4e2b3a71,tUNI,18,6852717872782384792,406529060299,87554631183612901330,192768581770461093,231753617823361737780356563,0.4,True,True,True,9.10555801,62.4,857.88,False,False,False,False,False,0.0
tender-finance,arbitrum,0xeed247Ba513A8D6f78BE9318399f5eD1a4808F8e,0x20a6768f6aabf66b787985ec6ce0ebea6d7ad497,tGMX,18,1,484277699463532,387476115362005150973,30052426781860080642,738055229419170205747742,0.7,True,True,True,8.22847845,0.0,2941.05,False,False,False,False,False,0.0
tender-finance,arbitrum,0xeed247Ba513A8D6f78BE9318399f5eD1a4808F8e,0xd8d66f7b99caee7b764cb66cf9931cab49d4ab2c,tfsMLP,18,0,0,0,0,200000000000000000000000000,0.0,True,True,True,None,None,None,True,True,True,False,False,None
tender-finance,arbitrum,0xeed247Ba513A8D6f78BE9318399f5eD1a4808F8e,0xc6121d58e01b3f5c88eb8a661770db0046523539,tARB,18,4883978793,28650590096713,6323859837663573169096,33039039776985515366,219570374524788564602234144,0.8,True,True,True,0.19742562,0.0,1241.97,False,False,False,False,False,0.0
tender-finance,arbitrum,0xeed247Ba513A8D6f78BE9318399f5eD1a4808F8e,0x4180f39294c94f046362c2dbc89f2df7786842c3,tMAGIC,18,310664746751455453300,2544837235377,236358476143993468366,424109434247847270,214787455112124765739184480,0.6,True,True,True,0.05913724,18.37,32.32,False,False,False,False,False,0.0
tender-finance,arbitrum,0xeed247Ba513A8D6f78BE9318399f5eD1a4808F8e,0x242f91207184fcc220bea3c9e5f22b6d80f3fac5,tWETH,18,6446250295301,5742470419,1836677575783950446,130710423948619763,297080084634150552339136045,0.8,True,True,True,2677.02579552,0.02,4566.94,False,False,False,False,False,1e-06
tender-finance,arbitrum,0xeed247Ba513A8D6f78BE9318399f5eD1a4808F8e,0xb60ef53ba18bd85ab642c2f78df13e7abccdcb9c,tgmdBTC,18,390260017396730974,1951298903,0,0,200000121353387023351388621,0.0,True,True,True,94031.57118526917,36696.76,36696.76,False,False,False,False,False,1.9e-05
tender-finance,arbitrum,0xeed247Ba513A8D6f78BE9318399f5eD1a4808F8e,0xb5dbdb01b08bff12e822eb28259ecceb6cc91529,tgmdETH,18,19426074031542733732,97126342244,0,805349209643015,200000002404425877897471787,0.0,True,True,True,2969.371456695673,57683.23,57680.84,False,False,False,False,False,1e-06
tender-finance,arbitrum,0xeed247Ba513A8D6f78BE9318399f5eD1a4808F8e,0xe4843e44342617024f6b9d615dffbe8858f8ea16,tgmdUSDC,18,52188829819520750286313,260855613613601,0,17707096785604473234,200000000000057295347690461,0.0,True,True,True,1.1377978750801676,59380.34,59360.19,False,False,False,False,False,0.0
tender-finance,arbitrum,0xeed247Ba513A8D6f78BE9318399f5eD1a4808F8e,0x80aefb7dade25542cc2f558ee605ac2fc974ceb9,tgmdUSDT,6,18382978752,91914891644077,0,0,200000004604091,0.0,True,True,True,1.0854839102599303,19954.43,19954.43,False,False,False,False,False,0.0
midas-capital,arbitrum,0x185Fa7d0e7d8A4FE7E09eB9df68B549c660e1116,0xd2c609d5e14a3f8a21a81768cbb6c94f259b1284,fWETH-0,18,0,0,0,0,None,0.7,True,True,True,1.0,0.0,None,True,True,True,False,False,None
midas-capital,arbitrum,0x185Fa7d0e7d8A4FE7E09eB9df68B549c660e1116,0xb97efc8553c8515d0c103106ee7c91f8a9ba6af9,fUSDC-0,6,0,0,0,0,None,0.7,True,True,True,0.000373538421509965,0.0,None,True,True,True,False,False,None
midas-capital,arbitrum,0x185Fa7d0e7d8A4FE7E09eB9df68B549c660e1116,0x123a07e5528542c9015595d7c0bb3c844c3b1195,fsaddleFraxBP-0,18,0,0,0,0,None,0.75,True,True,True,0.00037283707780869,0.0,None,True,True,True,False,False,None
midas-capital,arbitrum,0x44a03C14F30D49cB43b7F7E91E987ecC10cc0b09,0x7db1399c0fdafc38cabf0bffc9fb9a512f2e6e23,fOHM-1,9,8785678705,17143755809,6509330014,0,None,0.8,True,False,False,None,None,None,False,False,False,False,False,None
midas-capital,arbitrum,0x44a03C14F30D49cB43b7F7E91E987ecC10cc0b09,0xa5c97d9805c39fe735242dee5bb5a6d99595540b,fUSDC-1,6,0,24762954,3935376,280329210,None,0.8,True,False,False,0.000373538421509965,0.0,None,False,False,False,False,False,None
midas-capital,arbitrum,0x44a03C14F30D49cB43b7F7E91E987ecC10cc0b09,0x6fb56bd3197360da748844ad072ed82dcbe72a8c,fDAI-1,18,0,0,0,0,None,0.8,True,True,True,0.000373530823525652,0.0,None,True,True,True,False,False,None
midas-capital,arbitrum,0x44a03C14F30D49cB43b7F7E91E987ecC10cc0b09,0xa874500a5b65277682af3127bda382becc3fca02,fwstETH-1,18,4,10,0,0,None,0.8,True,True,True,1.2449506534434758,0.0,None,False,True,True,False,False,0.0
midas-capital,arbitrum,0x44a03C14F30D49cB43b7F7E91E987ecC10cc0b09,0x8055d83b8df119d21a347cac8e9f6714e1d1c19f,fFRAX-1,18,0,0,0,0,None,0.8,True,True,True,0.000370559283238923,0.0,None,True,True,True,False,False,None
midas-capital,arbitrum,0x44a03C14F30D49cB43b7F7E91E987ecC10cc0b09,0xc5431be989e74b526515ee0e8adb9bb5531a757e,fWETH-1,18,0,250222869922136443,348907695254154,149203141218466171,None,0.8,True,False,False,1.0,0.0,None,False,False,False,False,False,None
lodestar-v1,arbitrum,0x92a62f8c4750d7fbdf9ee1db268d18169235117b,0xf81263eb84dfa118261cb9377f2c46ca04689e6e,lDPX,18,27439321948231029769,135837131635,426076824849310,43656119489980,202004444872025209405107297,1e-18,True,True,True,None,None,None,False,False,False,False,False,None
lodestar-v1,arbitrum,0x92a62f8c4750d7fbdf9ee1db268d18169235117b,0xc9c043a7f80258d492121d2f34e829eb6517eb17,lFRAX,18,77544269241306808841,367020146329,90885912006527336,705305788,211528320527165865536880992,1e-18,True,True,True,None,None,None,False,False,False,False,False,None
lodestar-v1,arbitrum,0x92a62f8c4750d7fbdf9ee1db268d18169235117b,0x01c7068ea92d3da2a1dad145c96c0f9398be93f2,lMAGIC,18,749348699389803108967,3689221696725,27860092681357063,88330079122,203125922212642244339613244,1e-18,True,True,True,None,None,None,False,False,False,False,False,None
lodestar-v1,arbitrum,0x92a62f8c4750d7fbdf9ee1db268d18169235117b,0xd006e90a4a1abfc560999ba2c3b0b70aa6b1b2f4,lplvGLP,18,710484165404823962834,3441413733012,0,22201418693706807470,200000000031590841380425475,1e-18,True,True,True,None,None,None,False,False,False,False,False,None
lodestar-v1,arbitrum,0x92a62f8c4750d7fbdf9ee1db268d18169235117b,0x7b571111daff9428f7563582242ed29e5949970e,lUSDC,6,2105356013,9740578619330,368021394,3304506,253585849212097,1e-18,True,True,True,None,None,None,False,False,False,False,False,None
lodestar-v1,arbitrum,0x92a62f8c4750d7fbdf9ee1db268d18169235117b,0x2d5a5306e6cd7133ae576eb5edb2128d79d11a88,lUSDT,6,27965559,292528427084,34215308,65800,212338566952891,1e-18,True,True,True,None,None,None,False,False,False,False,False,None
lodestar-v1,arbitrum,0x92a62f8c4750d7fbdf9ee1db268d18169235117b,0xd917d67f9dd5fa3a193f1e076c8c636867a3571b,lWBTC,8,942787,52626393,147491,16575,20402367306457807,1e-18,True,True,True,None,None,None,False,False,False,False,False,None
lodestar-v1,arbitrum,0x92a62f8c4750d7fbdf9ee1db268d18169235117b,0x8c7b5f470251fed433e38215a959eeefc900d995,lDAI,18,27400042660713096948,961410417230,936273447227851248417,49731133990983785258,950626641357617443617472253,1e-18,True,True,True,None,None,None,False,False,False,False,False,None
lodestar-v1,arbitrum,0x92a62f8c4750d7fbdf9ee1db268d18169235117b,0x7a472988bd094a09f045120e78bb0cea44558b52,lETH,18,55614214888472466,310976311,17446057531453240,510539153049280,233296655406258343581675582,1e-18,True,True,True,1.0,0.06,0.07,False,False,False,False,False,0.0
lodestar-v1,arbitrum,0x92a62f8c4750d7fbdf9ee1db268d18169235117b,0xe57390eb5f0dd76b545d7349845839ad6a4faee8,lARB,18,17622936186423142196443,87631126272196,267289967418793622,2658675047322542383,201076324713790248066504926,1e-18,True,True,True,None,None,None,False,False,False,False,False,None
sumer,goat,0x98Ec4C9605D69083089eCAf353037b40017b758e,0xb2ff02eef85dc4eae95ab32aa887e0cc69df8d8e,sdresBTC,18,512652460803677,508851242198401,208072141825,4009112117674,1000000351044494316,3e-18,True,None,None,None,None,None,False,False,False,False,False,None
sumer,goat,0x98Ec4C9605D69083089eCAf353037b40017b758e,0xabcdc5827f92525f56004540459045ec3e432ebf,sdrsuBTC,18,0,0,284190166374765,0,1000000000000000000,3e-18,True,None,None,None,None,None,True,True,True,False,False,None
sumer,goat,0x98Ec4C9605D69083089eCAf353037b40017b758e,0xa6ae238d9caf65dfa67670fde3156efee9334488,sdruBTC,18,0,0,0,0,1000000000000000000,3e-18,True,None,None,None,None,None,True,True,True,False,False,None
sumer,goat,0x98Ec4C9605D69083089eCAf353037b40017b758e,0x7f5a7ae2688a7ba6a9b36141335044c058a08b3e,sdrnETH,18,0,0,0,0,1000000000000000000,2e-18,True,None,None,None,None,None,True,True,True,False,False,None
sumer,goat,0x98Ec4C9605D69083089eCAf353037b40017b758e,0x7465fedb29023d11effe8c74e82a7ecebf15e947,sdrsuETH,18,0,0,0,0,1000000000000000000,2e-18,True,None,None,None,None,None,True,True,True,False,False,None
sumer,goat,0x98Ec4C9605D69083089eCAf353037b40017b758e,0x52f3bdfb5e2b0fa3269842159c0d624262708600,sdrArtBTC,18,3101325535677692,3068593584315569,1063723,32486260488140,1000080066626927006,3e-18,True,None,None,None,None,None,False,False,False,False,False,None
sumer,goat,0x98Ec4C9605D69083089eCAf353037b40017b758e,0x60b8067cf3640bcc7c3b2cfbe6eac3c2ca40934e,sdrBTC,None,60483336346632145,220382438028786772,208341939694082530,27956700838597103,1092957212727880167,3e-18,True,None,None,None,None,None,False,False,False,False,False,None
sumer,goat,0x98Ec4C9605D69083089eCAf353037b40017b758e,0x611375907733d9576907e125fb29704712f0bafa,sdry-ArtBTC,18,11638171183417394,11585625518712808,198174,51476121459787,1000092316417550826,3e-18,True,None,None,None,None,None,False,False,False,False,False,None
sumer,goat,0x98Ec4C9605D69083089eCAf353037b40017b758e,0xe123f60140f5ace0a76577299cbec4bf93ce10aa,sdrenzoBTC,8,100000,100000,0,0,1000000000000000000,3e-18,True,None,None,None,None,None,False,True,False,False,False,None
sumer,goat,0x98Ec4C9605D69083089eCAf353037b40017b758e,0xa4578ab5cda88aae7603afab24b4c0d24a7858d1,sdrGOATED,18,917476911123878023256945,976825359453674544934606,59847014481360490834845,120632121605625829670,1000386900305464752,4e-18,True,None,None,None,None,None,False,False,False,False,False,None
sumer,goat,0x98Ec4C9605D69083089eCAf353037b40017b758e,0x8b2da7d9242e631c6f3e1d40db3407b2f15ffa84,sdrArtGOATED,18,96771111593958474700995,96771111593958474700995,0,0,1000000000000000000,4e-18,True,None,None,None,None,None,False,False,False,False,False,None
sumer,goat,0x98Ec4C9605D69083089eCAf353037b40017b758e,0x3d592e26050e132ee3d1504aca74f0f4ed75e5cc,sdrBTCB,18,780276280613164,780334612674231,71999999999,711582456,1000016603590646323,3e-18,True,None,None,None,None,None,False,False,False,False,False,None
sumer,goat,0x98Ec4C9605D69083089eCAf353037b40017b758e,0xf5d682d42e16550cc5d8f48193243103d2ceaf0a,sdrArtBTCB,18,330000000000000,330000000000000,0,0,1000000000000000000,3e-18,True,None,None,None,None,None,False,False,False,False,False,None
fusefi-lending,fuse,0x26a562B713648d7F3D1E1031DCc0860A4F3Fa340,0xbf9199bd9c1b23fd3282f5a284d2c262c1251ac2,oUSDC,6,41519,5113215860859415,1047821962631,1148042297,204699740893997,0.75,True,True,True,None,None,None,False,False,False,False,False,None
fusefi-lending,fuse,0x26a562B713648d7F3D1E1031DCc0860A4F3Fa340,0x3882ba8bd0e8abaf56f86e6744b103dab6a9ba4c,oWBTC,8,3883,151021113824,3049065433,1348997,20180756463972402,0.7,True,True,True,None,None,None,False,False,False,False,False,None
fusefi-lending,fuse,0x26a562B713648d7F3D1E1031DCc0860A4F3Fa340,0x139eb08579eec664d461f0b754c1f8b569044611,oWETH,18,212296726201112,5579077616192,1126679505546979873400,257956568760858530,201901073755590535204507292,0.7,True,True,True,None,None,None,False,False,False,False,False,None
fusefi-lending,fuse,0x26a562B713648d7F3D1E1031DCc0860A4F3Fa340,0x025b0ff0920298e087308f3b2de0cf6399685909,oFUSE,18,0,13045924814333526,2672537402552474574029546,8886918015966168366940,204174906911157579944347765,0.3,True,True,True,None,None,None,False,False,False,False,False,None
fusefi-lending,fuse,0x26a562B713648d7F3D1E1031DCc0860A4F3Fa340,0x98fee9f4c3c97c26147ae7314f9c93b965a9bc44,ofUSD,18,208030952136103983,5091017854946829,1056490022481429373136039,1205447757144594208632,207283653843374390245562409,0.75,True,True,True,None,None,None,False,False,False,False,False,None
fusefi-lending,fuse,0x26a562B713648d7F3D1E1031DCc0860A4F3Fa340,0xbaafd1f5e3846c67465fcbb536a52d5d8f484abc,oBUSD,18,115488337803942,5982490864171924,1215745975648475358325520,1218523382186878735530,203013674396958325958742214,0.75,True,True,True,None,None,None,False,False,False,False,False,None
shoebillFinance-v2,fuse,0x9f53Cd350c3aC49cE6CE673abff647E5fe79A3CC,0xe89cb93d50d0b2b1256ad1304a683e6dfa671d5a,sbsFUSE,18,35879096566707014302091,179394968476380,0,102871327800297107,200000000000575345038161366,0.7,True,False,True,0.03590432211278102,1288.21,1288.21,False,False,False,False,False,0.0
shoebillFinance-v2,fuse,0x9f53Cd350c3aC49cE6CE673abff647E5fe79A3CC,0xd13be8b716b18265e294831fcb1330d170840bb3,sbFUSE,18,836675758030734575929,2537927724375393,26524191919914921299090478,23325211247738678434397056,1260799240735579903335300597,0.0,True,False,True,0.02212359,18.51,70791.45,False,False,False,False,False,0.0
netweave-lending,mode,0x86112d3176c537B953560EA6fE43f79382E7bffE,0xfc2a08411a0e68e98f76774508949a24a5708b57,,None,None,4869788832,None,2863050,319093503765298379,0.0,None,None,None,None,None,None,False,False,False,False,False,None
netweave-lending,mode,0x86112d3176c537B953560EA6fE43f79382E7bffE,0xa668418ec2f10d250c84edba951baff2db8e4fb4,,None,0,4855982410,2481108829,5268821,509853578320519492,0.0,None,None,None,None,None,None,False,False,False,False,False,None
netweave-lending,mode,0x86112d3176c537B953560EA6fE43f79382E7bffE,0x6661705b319b2148aaec0ce4ba9da4acf4b41339,,8,0,5378524,2802633,None,519527290386730634,0.0,None,None,None,None,None,None,False,False,False,False,False,None
netweave-lending,mode,0x86112d3176c537B953560EA6fE43f79382E7bffE,0xd16c5b79990a131f679b0d4729e44fc0e115ba9a,cEther,None,None,1883496906595911684,223580491073265528,881037189567794,118237228372298047,0.0,None,False,False,None,None,None,False,False,False,False,False,None
shoebillFinance-v2,mode,0x9f53Cd350c3aC49cE6CE673abff647E5fe79A3CC,0xd13be8b716b18265e294831fcb1330d170840bb3,,18,None,1875349013,66055144646939627,323444752,None,0.0,None,None,None,2387.0,0.0,None,False,False,False,False,False,0.0
shoebillFinance-v2,mode,0x9f53Cd350c3aC49cE6CE673abff647E5fe79A3CC,0x4d78c6cbdc2316bce415b8801762b59db7f2ffb4,,18,497641545185504,2488209,None,0,None,0.0,None,None,None,2387.0,1.19,None,False,False,False,False,False,0.0
shoebillFinance-v2,mode,0x9f53Cd350c3aC49cE6CE673abff647E5fe79A3CC,0x6afb46310631064f3de298e4a3bb29c9179d8a38,,None,None,381588545,None,0,200000000179528088297304626,0.0,None,None,None,None,None,None,False,False,False,False,False,None
shoebillFinance-v2,mode,0x9f53Cd350c3aC49cE6CE673abff647E5fe79A3CC,0x8eea9ed0d547457fef88fbf459bf8a18fb04d277,,None,None,627098339,0,0,None,0.0,None,None,None,None,None,None,False,False,False,False,False,None
shoebillFinance-v2,mode,0x9f53Cd350c3aC49cE6CE673abff647E5fe79A3CC,0x616cffc10f2e7662bfb048afa893d2aca42e0435,,None,None,21719823,0,None,199999998610109852184338702,0.0,None,None,None,None,None,None,False,False,False,False,False,None
ionic-protocol,mode,0xfb3323e24743caf4add0fdccfb268565c0685556,0x71ef7eda2be775e5a7aa8afd02c45f059833e9d2,ionWETH,None,None,2113684017571608651593,None,None,None,0.825,True,None,True,None,None,None,False,False,False,False,False,None
ionic-protocol,mode,0xfb3323e24743caf4add0fdccfb268565c0685556,0x2be717340023c9e14c1bb12cb3ecbcfd3c3fb038,,None,20,2910112755658,661116974567,31645953268,None,0.0,None,None,None,None,None,None,False,False,False,False,False,None
ionic-protocol,mode,0xfb3323e24743caf4add0fdccfb268565c0685556,0x94812f2eea03a49869f95e1b5868c6f3206ee3d3,,None,25752403028,595159389605,121487352726,18651917927,None,0.0,None,None,None,None,None,None,False,False,False,False,False,None
ionic-protocol,mode,0xfb3323e24743caf4add0fdccfb268565c0685556,0xd70254c3bad29504789714a7c69d60ec1127375c,,None,1,1242457041,260286986,6870231,None,0.0,None,None,None,None,None,None,False,False,False,False,False,None
ionic-protocol,mode,0xfb3323e24743caf4add0fdccfb268565c0685556,0x59e710215d45f584f44c0fee83da6d43d762d857,,None,None,1335950401436068333649,15834864992396007,9370035561147765977,None,0.0,None,None,None,None,None,None,False,False,False,False,False,None
ionic-protocol,mode,0xfb3323e24743caf4add0fdccfb268565c0685556,0x9a9072302b775ffbd3db79a7766e75cf82bcac0a,,None,854461348641533,122895499885787581072,27060331883688791156,1279082326606918236,None,0.0,None,None,None,None,None,None,False,False,False,False,False,None
ionic-protocol,mode,0xfb3323e24743caf4add0fdccfb268565c0685556,0x959fa710ccbb22c7ce1e59da82a247e686629310,,None,None,482682703254223726222,98507226935106712031,908905642499244663,None,0.0,None,None,None,None,None,None,False,False,False,False,False,None
ionic-protocol,mode,0xfb3323e24743caf4add0fdccfb268565c0685556,0x49950319abe7ce5c3a6c90698381b45989c99b46,,18,0,1182273853568007275849,244678229714630820763,3666282125950109125,None,0.0,None,None,None,None,None,None,False,False,False,False,False,None
ionic-protocol,mode,0xfb3323e24743caf4add0fdccfb268565c0685556,0x19f245782b1258cf3e11eda25784a378cc18c108,,18,22,123330350359430744888,None,1219469333421389,None,0.0,None,None,None,None,None,None,False,False,False,False,False,None
ionic-protocol,mode,0xfb3323e24743caf4add0fdccfb268565c0685556,0xa0d844742b4abbbc43d8931a6edb00c56325aa18,,18,None,793445033797419295774,167052740636914992334,5297871748458633024,None,0.0,None,None,None,1.098117128317305,0.0,None,False,False,False,False,False,0.0
ionic-protocol,mode,0xfb3323e24743caf4add0fdccfb268565c0685556,0xbb2b9780bdb4ccc168947050dffc3181503c4d18,,None,None,227051511813188439727,25566928055221246472,None,None,0.0,None,None,None,None,None,None,False,False,False,False,False,None
ionic-protocol,mode,0xfb3323e24743caf4add0fdccfb268565c0685556,0x4417a9b33ba8dd6fc9dfd8274b401afd42299aa3,,None,3563531817306190741,None,None,59032110170083464,None,0.0,None,None,None,None,None,None,False,False,False,False,False,None
ionic-protocol,mode,0xfb3323e24743caf4add0fdccfb268565c0685556,0x5158ae44c1351682b3dc046541edf84bf28c8ca4,,None,660764808398428148739,3303824041992140743655,None,0,None,0.0,None,None,None,None,None,None,False,False,False,False,False,None
ionic-protocol,mode,0xfb3323e24743caf4add0fdccfb268565c0685556,0x0acc14dcff35b731a3f9bd70dcba3c97c44edba0,,None,None,89261141432758777204,6346137920948,None,None,0.0,None,None,None,None,None,None,False,False,False,False,False,None
ionic-protocol,mode,0xfb3323e24743caf4add0fdccfb268565c0685556,0xa48750877a83f7dec11f722178c317b54a44d142,,None,None,19771012112,3952975696,18464,None,0.0,None,None,None,None,None,None,False,False,False,False,False,None
ionic-protocol,mode,0xfb3323e24743caf4add0fdccfb268565c0685556,0x48c234ab217f077df3c7f541b67d90436cf59b27,ionoBTC,None,11210765,17480537402,3488929562,None,None,0.0,None,True,True,None,None,None,False,False,False,False,False,None
ionic-protocol,mode,0xfb3323e24743caf4add0fdccfb268565c0685556,0x4ead9639c8c0b2f0722a2409e6b912d85afa4474,,18,70050058622181,350250145206180,0,None,None,0.0,None,None,None,32.59087489699496,0.0,None,False,False,False,False,False,0.0
ionic-protocol,mode,0xfb3323e24743caf4add0fdccfb268565c0685556,0xade794534c05f79981337e73dc2a987cdff1958d,,None,None,None,None,None,None,0.0,None,None,None,None,None,None,False,False,False,False,False,None
ionic-protocol,mode,0x8fb3d4a94d0aa5d6edaac3ed82b59a27f56d923a,0xdb8ee6d1114021a94a045956bbeecf35d13a30f2,,None,None,1391421252856529131,74165717604433370,614101601545002417,None,0.0,None,None,None,None,None,None,False,False,False,False,False,None
ionic-protocol,mode,0x8fb3d4a94d0aa5d6edaac3ed82b59a27f56d923a,0xc53edeafb6d502daec5a7015d67936cea0cd0f52,,None,1948039257,5514157962,636166531,1304901132,None,0.0,None,None,None,None,None,None,False,False,False,False,False,None
ionic-protocol,mode,0x8fb3d4a94d0aa5d6edaac3ed82b59a27f56d923a,0x3120b4907851cc9d780eef9af88ae4d5360175fd,,None,None,1550123418,6283238434,682927857,None,0.0,None,None,None,None,None,None,False,False,False,False,False,None
ionic-protocol,mode,0x8fb3d4a94d0aa5d6edaac3ed82b59a27f56d923a,0x4341620757bee7eb4553912fafc963e59c949147,,None,None,5487865230181322933870338,236696097760020657644007,229646472206457108508451,None,0.0,None,None,None,None,None,None,False,False,False,False,False,None
zenolend,apechain,0xc2C583093Af9241E17B2Ec51844154468D21bF6F,0x12fd243d2acd58aff01b1f5d8d5847b9abfb0a18,iWAPE,18,3728115194473978783,29863765209615,31854454906694155314369,13062075355112735365857,629395105903265673413314291,0.0,True,False,False,0.30875546223,1.15,5803.4,False,False,False,False,False,0.0
zenolend,apechain,0xc2C583093Af9241E17B2Ec51844154468D21bF6F,0x83fbde38ad7c4f24eded9270ffffba152c7cd03a,iAPEETH,18,685021987910468631,3327511917,205193263228190491,39587630359112088,255634733097049651828489604,0.0,True,False,False,4110.477,2815.77,3496.49,False,False,False,False,False,1e-06
zenolend,apechain,0xc2C583093Af9241E17B2Ec51844154468D21bF6F,0xbafb6f117d45c3a35f49d72a8ae84881fff00ec3,iAPEUSD,18,105759229723276412,6206556041094,13311895437250661502913,6180638997204831832668,1149004722112932340600513134,0.0,True,False,False,0.99799924,0.11,7117.09,False,False,False,False,False,0.0
zenolend,apechain,0xc2C583093Af9241E17B2Ec51844154468D21bF6F,0x5795d1467274b84dccf77abaa82dc40f96e41cef,iUSDC.E,6,0,0,0,0,200000000000000,0.0,True,False,False,1.00048464,0.0,None,True,True,True,False,False,None
zenolend,apechain,0xc2C583093Af9241E17B2Ec51844154468D21bF6F,0xb2288618988474aecd046b0f9222c652066a2463,istgUSDT,6,0,0,0,0,200000000000000,0.0,True,False,False,1.00048464,0.0,None,True,True,True,False,False,None
zenolend,apechain,0xc2C583093Af9241E17B2Ec51844154468D21bF6F,0x125d933a41e917bbb0b2c34144d41827f857185f,iWETH,18,115791840000001,115791840000001,0,0,1000000000000000000,0.0,True,False,False,4110.477,0.48,0.48,False,False,False,False,False,0.0
venus,unichain,0xe22af1e6b78318e1Fe1053Edbd7209b8Fc62c4Fe,0xc219bc179c7cdb37eacb03f993f9fdc2495e3374,vWETH_Core,18,1850806567122647353,184660320,3459806970264060,0,10085676553877952870438002056,0.0,True,None,None,2673.81643153,4948.72,4979.78,False,False,False,False,False,2.7e-05
venus,unichain,0xe22af1e6b78318e1Fe1053Edbd7209b8Fc62c4Fe,0xb953f92b9f759d97d2f2dec10a8a3cf75fce3a95,vUSDC_Core,6,10225978055,953039750937,86725924,281510,10823746543476438,0.0,True,None,None,0.99997914,10225.76,10315.25,False,False,False,False,False,0.0
venus,unichain,0xe22af1e6b78318e1Fe1053Edbd7209b8Fc62c4Fe,0x67716d6bf76170af816f5735e14c4d44d0b05ed2,vUNI_Core,18,135267595314372130409,13602737724,947031088749977424,0,10013765549768098126200407802,0.0,True,None,None,9.17534814,1241.13,1249.82,False,False,False,False,False,0.0
venus,unichain,0xe22af1e6b78318e1Fe1053Edbd7209b8Fc62c4Fe,0x0170398083eb0d0387709523bafca6426146c218,vweETH_Core,18,93886723240178928,9387366,11645904134,68687,10001392817326433740838484405,0.0,True,None,None,2954.3494279686306,277.37,277.37,False,False,False,False,False,3e-05
venus,unichain,0xe22af1e6b78318e1Fe1053Edbd7209b8Fc62c4Fe,0xbec19bef402c697a7be315d3e59e5f65b89fa1bb,vwstETH_Core,18,55074920711346333,5581914,746408580125902,0,10000392211609178321271162543,0.0,True,None,None,3329.976010602353,183.4,185.88,False,False,False,False,False,3.3e-05
venus,unichain,0xe22af1e6b78318e1Fe1053Edbd7209b8Fc62c4Fe,0x68e2a6f7257fac2f5a557b9e83e1fe6d5b408ce5,vWBTC_Core,8,308944,310144,1244,0,1000141869583161370,0.0,True,None,None,84681.17163335,261.62,262.67,False,True,False,False,False,0.000847
venus,unichain,0xe22af1e6b78318e1Fe1053Edbd7209b8Fc62c4Fe,0xda7ce7ba016d266645712e2e4ebc6cc75ea8e4cd,vUSD₮0_Core,6,99419262,21723510259,119521240,0,10407975704862349,0.0,True,None,None,0.99979,99.4,226.05,False,False,False,False,False,0.0
zenolend,unichain,0x086036b34689709cFAe75dfC453846b744bD8dcA,0x13f3272f64e18932148a34bc4186472e1a3c4db9,iWETH,18,161824473662233482,1622466151,180751936619998464,8009991842018400,206208566036342255869965449,0.0,True,False,False,3021.63345,488.97,1010.94,False,False,False,False,False,1e-06
zenolend,unichain,0x086036b34689709cFAe75dfC453846b744bD8dcA,0xee4292eadae553957475924366621e6db73ede3a,iUNI,18,15995315412844985709,78229842623,239835135207289543,217194175501242265,204755063227516535138306921,0.0,True,False,False,6.08143657,97.27,97.41,False,False,False,False,False,0.0
zenolend,unichain,0x086036b34689709cFAe75dfC453846b744bD8dcA,0x53bc874077a8bb324ca47d94fed886bfbe87dda5,iUSDC,6,49524160,236170597852,926256,2598464,202616042958857,0.0,True,False,False,0.99986277,49.52,47.85,False,False,False,False,False,0.0
zenolend,unichain,0x086036b34689709cFAe75dfC453846b744bD8dcA,0xa4bbe86305b801c5ebcf0f341b4fe44b6a5d7abe,iDAI,18,11335935707257883262,55530867452,1548525013361249,55055676416885904,203174001659648315176475842,0.0,True,False,False,0.99964494,11.33,11.28,False,False,False,False,False,0.0
zenolend,soneium,0x5075A7E2B018f352220874718E3f5Bd38C6DFD5D,0x47acd2a69497e313c493d5cf5165e7532d0c005b,iWETH,18,0,4602793840,128085986968731715108,63803923594832190029,13965879335125625587219435402,0.0,True,False,False,4237.3104,0.0,272383.06,False,False,False,False,False,5.9e-05
zenolend,soneium,0x5075A7E2B018f352220874718E3f5Bd38C6DFD5D,0x8eca31e7f326a95e40344f21093c33645b03dcdf,iASTR,18,1277079807055462190,28988005855780,265996377015706635989029,131006777392682866699780,4656783822054962578944053728,0.0,True,False,False,0.02374047,0.03,3204.75,False,False,False,False,False,0.0
zenolend,soneium,0x5075A7E2B018f352220874718E3f5Bd38C6DFD5D,0xc4d2c6201757aae4d0a0376c73f0cbdf9b18a1c1,iUSDC,6,0,2301847955923,198940879254,99464310441,43215959836544316,0.0,True,False,False,0.99986278,0.0,99462.92,False,False,False,False,False,0.0
zenolend,soneium,0x5075A7E2B018f352220874718E3f5Bd38C6DFD5D,0x4dafa8bde409f8a6dd86530a543c80bbe13efa53,iUSDT,6,1703,409541449474,1039860572,509070947,1296062532087359,0.0,True,False,False,1.00036306,0.0,530.98,False,False,False,False,False,0.0
zenolend,soneium,0x5075A7E2B018f352220874718E3f5Bd38C6DFD5D,0xddf377e7702a34a342ffce317e8e358290a4c319,isolveBTC,18,254162987282,254162987282,0,0,1000000000000000000,0.0,True,False,False,115183.013,0.03,0.03,False,False,False,False,False,0.0
zenolend,soneium,0x5075A7E2B018f352220874718E3f5Bd38C6DFD5D,0x2c1328b3f4a8aa400dcf95b31d1d3b16b32852d0,iSOLVBTCBBN,18,598413602975,2992,0,0,200004546448863636363636363,0.0,True,False,False,115183.013,0.07,0.07,False,True,False,False,False,2.3e-05
zenolend,soneium,0x5075A7E2B018f352220874718E3f5Bd38C6DFD5D,0xafe89e2ed391b940b9eb32099bcca72ee9a7a6bc,iNSASTR,18,226444040608795633766,1133748662268,638369795855698327,319184897927849159,200011901273688377144608718,0.0,True,False,False,0.02374047,5.38,5.38,False,False,False,False,False,0.0
zenolend,soneium,0x5075A7E2B018f352220874718E3f5Bd38C6DFD5D,0x9da1bc314c27853f660bba0eb43677782049acb3,iwbtc,8,1479,73950,0,0,20000000000000000,0.0,True,False,False,115163.122,1.7,1.7,False,True,False,False,False,0.0
zenolend,soneium,0x5075A7E2B018f352220874718E3f5Bd38C6DFD5D,0x2a00d09f772bb610bac23563e2ae4a8c8241d124,ipufETH,18,30409462117835,152039,23692662,7160318,200011040918310433507192233,0.0,True,False,False,4447.5917,0.14,0.14,False,True,False,False,False,1e-06
wepiggy,okc,0xaa87715e858b482931eb2f6f92e504571588390b,0x621ce6596e0b9ccf635316bfe7fdbc80c3029bec,pOKT,None,0,5293656476092,1725830371463876051698,609331506643423796628,210912602633538983655749106,0.0,True,None,None,None,None,None,False,False,False,False,False,None
wepiggy,okc,0xaa87715e858b482931eb2f6f92e504571588390b,0x8e1e582879cb8bac6283368e8ede458b63f499a5,pOKB,18,0,22101704110556,4664469490904963082088,45386289960890415,211043640856056231374325132,0.0,True,None,None,99.63,0.0,464716.57,False,False,False,False,False,0.0
wepiggy,okc,0xaa87715e858b482931eb2f6f92e504571588390b,0x33a32f0ad4aa704e28c93ed8ffa61d50d51622a7,pBTCK,18,0,427451963,86115681360233473,8720252567434,201442427596632744905653878,0.0,True,None,None,86993.461457,0.0,7490.74,False,False,False,False,False,1.8e-05
wepiggy,okc,0xaa87715e858b482931eb2f6f92e504571588390b,0x75dcd2536a5f414b8f90bb7f2f3c015a26dc8c79,pETHK,18,0,3464019365,712218280612832207,293031774299,205604505210685480102678352,0.0,True,None,None,2809.026167,0.0,2000.64,False,False,False,False,False,1e-06
wepiggy,okc,0xaa87715e858b482931eb2f6f92e504571588390b,0x849c37a029b38d3826562697ccc40c34477c6293,pUSDC,18,8343996854,15574705866351,3422874924551584834123,266139660635920756,219754312811377438723323785,0.0,True,None,None,0.999781,0.0,3421.86,False,False,False,False,False,0.0
wepiggy,okc,0xaa87715e858b482931eb2f6f92e504571588390b,0x311aea58ca127b955890647413846e351df32554,pDAIK,18,0,856563952008,248912438256637581002,65951808794428688462,213598329737439272837973090,0.0,True,None,None,0.999036,0.0,182.78,False,False,False,False,False,0.0
wepiggy,okc,0xaa87715e858b482931eb2f6f92e504571588390b,0xadf040519fe24ba9df6670599b2de7fd6049772f,pUSDT,18,0,749897924446256,184279923002556299213455,16596785501041894983146,223607949875759377286330670,0.0,True,None,None,1.0,0.0,167683.14,False,False,False,False,False,0.0
wepiggy,okc,0xaa87715e858b482931eb2f6f92e504571588390b,0xe0bac94cd406ef59065b083ba347fcc95dfdd3a2,pDOTK,18,0,115895928771,23386343948747605732,12084925857806356,201683176197459418313288698,0.0,True,None,None,2.071365,0.0,48.42,False,False,False,False,False,0.0
wepiggy,okc,0xaa87715e858b482931eb2f6f92e504571588390b,0xea567f5355765ec40b70caa09a8836ae696d06d6,pUNIK,18,0,115942268960,65754652207427454390,26047982796034335148,342469314837127189873134944,0.0,True,None,None,5.514184,0.0,218.95,False,False,False,False,False,0.0
wepiggy,okc,0xaa87715e858b482931eb2f6f92e504571588390b,0x733c7ddec16af34a998e17a122c70fba10910258,pLINKK,18,0,6790448559,2804427788042026138,1264701138731762719,226748886458984133068667872,0.0,True,None,None,12.160808,0.0,18.72,False,False,False,False,False,0.0
wepiggy,okc,0xaa87715e858b482931eb2f6f92e504571588390b,0xd6a78766514cdfc1a1fa188a7782b52313133705,pETCK,18,0,187388327877,38267293122842676447,24850911770842702,204081239447175312845539469,0.0,True,None,None,13.004438,0.0,497.32,False,False,False,False,False,0.0
wepiggy,okc,0xaa87715e858b482931eb2f6f92e504571588390b,0x12bd9ede4941f2c4ac8fc9b4f15c1d9fc960b8ac,pSUSHIK,18,0,62616644720,19265870841672796166,6541110713682745181,203216895202398366148035279,0.0,True,None,None,0.335202,0.0,4.27,False,False,False,False,False,0.0
wepiggy,okc,0xaa87715e858b482931eb2f6f92e504571588390b,0x6067fd56dc969bffc5441f96c9389a95ccd8d32b,pFILK,18,0,520045739832,105130231228022064762,145422162526828419,201876106319821833757796127,0.0,True,None,None,1.479472,0.0,155.32,False,False,False,False,False,0.0
wepiggy,okc,0xaa87715e858b482931eb2f6f92e504571588390b,0x324dab2dfe9f1341577e91b991d9d8e16419a190,pWBTCK,18,409553124687277,0,556212744487239,965765869174515,200000000000000000000000000,0.0,True,None,None,86993.461457,35.63,None,True,True,True,False,False,None
wepiggy,okc,0xaa87715e858b482931eb2f6f92e504571588390b,0xcfbb55fdd45811ce8b3735b24eb49149b14de0bb,pCHE,18,0,583755737420510,139910886659493331972940,11029826065630945812437,220779090177956693811080148,0.0,True,None,None,0.00444,0.0,572.23,False,False,False,False,False,0.0
wepiggy,okc,0xaa87715e858b482931eb2f6f92e504571588390b,0x99cdd65e398e548478467a435f3117dc43bc9eb3,pMT,18,101000000000000000000,505000000000,0,0,200000000000000000000000000,0.9,True,None,None,1000000.0,101000000.0,101000000.0,False,False,False,False,False,0.0002
minterest,mantle,0xe53a90EFd263363993A3B41Aa29f7DaBde1a932D,0x66dbc77a4e6f3290493894fc8e18f91c4f0ca854,mUSDT,6,6337277750,5144069517278273,5088781864,None,2213144132045,0.8,True,None,None,None,None,None,False,False,False,False,False,None
minterest,mantle,0xe53a90EFd263363993A3B41Aa29f7DaBde1a932D,0xecbe4a2519f1e26df8dfde95a4a2b89de832896c,mUSDC,6,10128406722,6561328621762345,4594942246,None,2230321828792,0.8,True,None,None,None,None,None,False,False,False,False,False,None
minterest,mantle,0xe53a90EFd263363993A3B41Aa29f7DaBde1a932D,0xfa1444ac7917d6b96cac8307e97ed9c862e387be,mWETH,18,4733585290027396649,3154143819058,867493743922529044,None,1774323759543616439306843,0.8,True,None,None,None,None,None,False,False,False,False,False,None
minterest,mantle,0xe53a90EFd263363993A3B41Aa29f7DaBde1a932D,0x6cc1560efe633e8799226c87c45981ef93cfa617,mWMNT,18,32395659110846593526779,155907768809434351663419431,756495888279283199703,None,212626032371865,0.7,True,None,None,None,None,None,False,False,False,False,False,None
minterest,mantle,0xe53a90EFd263363993A3B41Aa29f7DaBde1a932D,0x5edbd8808f48ffc9e6d4c0d6845e0a0b4711fd5c,mUSDY,18,352290437530427642428,1388699426498744,3391016579603928929028,None,2194399093250693254675383,0.8,True,None,None,None,None,None,False,False,False,False,False,None
minterest,mantle,0xe53a90EFd263363993A3B41Aa29f7DaBde1a932D,0x5aa322875a7c089c1db8ae67b6fc5abd11cf653d,mMETH,18,14469427682270008302,8895007364420,919100431439853940,None,1729774296398438572839910,0.8,True,None,None,None,None,None,False,False,False,False,False,None
minterest,mantle,0xe53a90EFd263363993A3B41Aa29f7DaBde1a932D,0x27272698e0962a4bdf33f70a53d6aea3fef217c4,mFBTC,8,2503540,12872017354,80872,None,200752293050396,0.5,True,None,None,None,None,None,False,False,False,False,False,None
minterest,mantle,0xe53a90EFd263363993A3B41Aa29f7DaBde1a932D,0xbadc72654ace6ed707fd6833037586f3dc867e0b,mCMETH,18,709509139976392267,382764614841,69203203414919522,None,2008133748872755066637411,0.7,True,None,None,None,None,None,False,False,False,False,False,None
hundredfinance,gnosis,0x6bb6ebCf3aC808E26545d59EA60F27A202cE8586,0x626915a1beff83240ea1290a3269d4849a7b599d,hETH,18,11197591764786556,24541898,35325144923446,6287524762190989,201508137126110335883557172,0.75,True,True,True,2679.98253249,30.01,13.25,False,False,False,False,False,1e-06
hundredfinance,gnosis,0x6bb6ebCf3aC808E26545d59EA60F27A202cE8586,0x6edcb931168c9f7c20144f201537c0243b19dca4,hxDAI,18,175257850821332851100,353428827984,5741630,93435775243650204247,231509342473309896391849954,0.85,True,True,True,0.99992565,175.24,81.82,False,False,False,False,False,0.0
hundredfinance,gnosis,0x6bb6ebCf3aC808E26545d59EA60F27A202cE8586,0x86b7966c756e5d8827594d59b52d9a0d7b1aa3dc,hWBTC,8,0,0,0,0,20000000000000000,0.75,True,True,True,84595.40804569,0.0,None,True,True,True,False,False,None
hundredfinance,gnosis,0x6bb6ebCf3aC808E26545d59EA60F27A202cE8586,0xbd193db8a909cac57cdb981ea81b5dc270287f19,hUSDC,6,0,2663209361781,3368920856,1378885620,747231991805998,0.85,True,True,True,0.99995181,0.0,1989.94,False,False,False,False,False,0.0
hundredfinance,gnosis,0x6bb6ebCf3aC808E26545d59EA60F27A202cE8586,0x3bd6446091bb8b47925fe9217c9a8039e0982fba,hGNO,18,3090260954698212160,9883010634,334235586944933,831534404332028040,228580224145606140708722017,0.75,True,True,True,117.3,362.49,264.99,False,False,False,False,False,0.0
hundredfinance,gnosis,0x6bb6ebCf3aC808E26545d59EA60F27A202cE8586,0x9c933bd604cd26e47efbaa3cf065d837c9c736db,hvGNO,18,934057653914877099,4670284976,0,0,200000141043829334623455320,0.75,True,True,True,117.3,109.56,109.56,False,False,False,False,False,0.0
wepiggy,harmony,0xaa87715E858b482931eB2f6f92E504571588390b,0xd1121ade04ee215524aefbf7f8d45029214d668d,pONE,None,498243349097153,9712700196732076,1992979563006367724017326,12442255214896489630684,203912122084864093832099585,0.5,True,None,None,None,None,None,False,False,False,False,False,None
wepiggy,harmony,0xaa87715E858b482931eB2f6f92E504571588390b,0x8e1e582879cb8bac6283368e8ede458b63f499a5,pBUSD,18,29221408192612620651,1260665247106,260863087979468632241,10965533900236740120,221406089294992255233264807,0.9,True,None,None,None,None,None,False,False,False,False,False,None
wepiggy,harmony,0xaa87715E858b482931eB2f6f92E504571588390b,0x33a32f0ad4aa704e28c93ed8ffa61d50d51622a7,pUSDT,6,100740771,60736566326497,12301102743,74814179,202958943525626,0.9,True,None,None,None,None,None,False,False,False,False,False,None
wepiggy,harmony,0xaa87715E858b482931eB2f6f92E504571588390b,0x75dcd2536a5f414b8f90bb7f2f3c015a26dc8c79,pUSDC,6,46903522999,270293055889594,7886707737,89130295,202377009875324,0.9,True,None,None,None,None,None,False,False,False,False,False,None
wepiggy,harmony,0xaa87715E858b482931eB2f6f92E504571588390b,0x849c37a029b38d3826562697ccc40c34477c6293,pDAI,18,3822984193665179826167,26542178859429,1531377020752970268066,16509618736108501068,201108267107686667653007033,0.9,True,None,None,None,None,None,False,False,False,False,False,None
wepiggy,harmony,0xaa87715E858b482931eB2f6f92E504571588390b,0x311aea58ca127b955890647413846e351df32554,pETH,18,38894696278596585,21631363,100316541602,34530063400754933,201778001431682968844820365,0.8,True,None,None,None,None,None,False,False,False,False,False,None
wepiggy,harmony,0xaa87715E858b482931eB2f6f92E504571588390b,0x12d803497d1e58dd4d4a4f455d754f1d0f937c8b,pWBTC,8,2030195,109147008,175903,17088,20055611602289638,0.8,True,None,None,None,None,None,False,False,False,False,False,None
hundredfinance,harmony,0x0f390559f258eb8591c8e31cf0905e97cf36ace2,0xe8f12f5492ec28609d2932519456b7436d6c93bd,h1ETH,18,114144616742218549,1486666115,221805524746331355,6047181696204602,221907902832873339552775103,0.75,True,True,True,None,None,None,False,False,False,False,False,None
hundredfinance,harmony,0x0f390559f258eb8591c8e31cf0905e97cf36ace2,0xbb93c7f378b9b531216f9ad7b5748be189a55807,hONE,None,51836062477267494564886,542611595027290,78745040537060152768838,2287159404852617449137,236437895513498268897154017,0.75,True,True,True,None,None,None,False,False,False,False,False,None
hundredfinance,harmony,0x0f390559f258eb8591c8e31cf0905e97cf36ace2,0xfcd8570ad81e6c77b8d252bebeba62ed980bd64d,h1USDT,6,3393210050,19130186239289,460093289,10086119,200898055665914,0.85,True,True,True,None,None,None,False,False,False,False,False,None
hundredfinance,harmony,0x0f390559f258eb8591c8e31cf0905e97cf36ace2,0x29ddb4c4f9baae366dbd40eff79d364e004425b0,hLINK,18,2812068624595425068,43181791178,5827528398578346182,2808570819845286,200009962920531771462312544,0.75,True,True,True,None,None,None,False,False,False,False,False,None
hundredfinance,harmony,0x0f390559f258eb8591c8e31cf0905e97cf36ace2,0x8e15a22853a0a60a0fbb0d875055a8e66cff0235,h1USDC,6,100887752376,505444296390708,230941109,17071907,200025249666381,0.85,True,True,True,None,None,None,False,False,False,False,False,None
hundredfinance,harmony,0x0f390559f258eb8591c8e31cf0905e97cf36ace2,0x376020c5b0ba3fd603d7722381faa06da8078d8a,hUST,18,0,4064417881723975,2034344838095208381766057,225202584887799536795000,445117186729834468442622494,0.85,True,True,True,None,None,None,False,False,False,False,False,None
hundredfinance,harmony,0x0f390559f258eb8591c8e31cf0905e97cf36ace2,0xb1c4426c86082d91a6c097fc588e5d5d8dd1f5a8,h1WBTC,8,300996,17080352,42546,595,20078450373856463,0.75,True,True,True,None,None,None,False,False,False,False,False,None
paxo-finance,boba,0x301C76e7b60e9824E32991B8F29e1c4a03B4F65b,0x54ecc8832b65c2db0c53235cde94991c5cdcabf9,vUSDC,6,904290190,2166394541063,51890035413,0,24369672560703110,0.9,True,True,True,0.99998465,904.28,52793.52,False,False,False,False,False,0.0
paxo-finance,boba,0x301C76e7b60e9824E32991B8F29e1c4a03B4F65b,0xce39ec58257c790f622fa7dfd5b4cc372f41ed9e,vWETH,18,7109755707110820,535583991733553952613,0,0,13274772616146,0.9,True,True,False,2676.34353035,19.03,19.03,False,False,False,False,False,0.0
paxo-finance,boba,0x301C76e7b60e9824E32991B8F29e1c4a03B4F65b,0x98f99c3f405a828188c88e8ea9fd02393b438217,vWBTC,8,108999,82561800,0,0,1320211041910423,0.9,True,True,False,84639.02767934,92.26,92.26,False,False,False,False,False,0.0
orbiter-one,moonbeam,0x27DC3DAdBfb40ADc677A2D5ef192d40aD7c4c97D,0xcc444ca6bba3764fc55beefe4ffa27435cf6c259,oGLMR,18,171201981284886769421817,518241753935461,36410634876000166062270,11995921127042559253619,377462243341753995285955791,0.8,True,False,True,0.03991048,6832.75,7807.16,False,False,False,False,False,0.0
orbiter-one,moonbeam,0x27DC3DAdBfb40ADc677A2D5ef192d40aD7c4c97D,0x5693227b49d79c294dbfc6df76399013a860d947,oxcDOT,10,744029096600,141162118606,32456466635155,28300680277129,34710554807568159232,0.8,True,False,True,3.02980166,225.43,1484.55,False,False,False,False,False,0.0
orbiter-one,moonbeam,0x27DC3DAdBfb40ADc677A2D5ef192d40aD7c4c97D,0xdf2b90e2ed9a77054be91aa00bd52f78a86886b7,oxcUSDT,6,69087,3987235686298,29433699325,26552927429,722515850492588,0.9,True,False,True,1.00051685,0.07,2882.33,False,False,False,False,False,0.0
orbiter-one,moonbeam,0x27DC3DAdBfb40ADc677A2D5ef192d40aD7c4c97D,0x168525d35d61ce3c9cf17b91c98755f2197dcf57,oFRAX,18,166852055804695,289349929164,3529213279103556541162,1597143167638839305540,6677279251109473205141330428,0.9,True,False,True,0.99710455,0.0,1926.48,False,False,False,False,False,0.0
orbiter-one,moonbeam,0x27DC3DAdBfb40ADc677A2D5ef192d40aD7c4c97D,0x0bd102515503f1bd2b37bc723ba5ee7cfb198419,oUSDC,6,12227,2163177915512,17663557761,11950127125,2641226513098758,0.9,True,False,True,1.00038232,0.01,5715.63,False,False,False,False,False,0.0
orbiter-one,moonbeam,0x27DC3DAdBfb40ADc677A2D5ef192d40aD7c4c97D,0xe48451b26e140b9b2f1a55f2879fe0ca66a43efe,oETH,18,5724992043863,177414261,2551475450924581967,2395349005369549682,880042955211340919206038346,0.8,True,False,True,3831.98354032,0.02,598.3,False,False,False,False,False,3e-06
orbiter-one,moonbeam,0x27DC3DAdBfb40ADc677A2D5ef192d40aD7c4c97D,0x64cff24763227511475b345498f71b987ebdb693,od2O,18,972611444849974801324,3573189555906,2905169524692655413,115694538372167498643,240631531730895757178997027,0.9,True,True,True,1.00042209,973.02,860.18,False,False,False,False,False,0.0
orbiter-one,moonbeam,0x27DC3DAdBfb40ADc677A2D5ef192d40aD7c4c97D,0x13c61b2920250ba023c29a6531b8afc45a4555bf,oxcIBTC,8,0,4430133923,32743674,3870184,6517520802271240,0.7,True,False,True,111918.92642931,0.0,32314.9,False,False,False,False,False,0.0
wepiggy,moonbeam,0x5Ea2321aBFF78E81702cE877319cD775E0dc865B,0x33a32f0ad4aa704e28c93ed8ffa61d50d51622a7,pGLMR,18,2362724422021919008920,8095778095907,65400731620060809718,660155532723706580945,218381679929210195823333810,0.0,True,None,None,None,None,None,False,False,False,False,False,None
wepiggy,moonbeam,0x5Ea2321aBFF78E81702cE877319cD775E0dc865B,0x17933112e9780abd0f27f2b7d9dda9e840d43159,pDAI,18,100923011464463176470,519807111014,6592457213122341130,1791046598761965270,203391642474040855003546552,0.0,True,None,None,1.0,100.92,105.72,False,False,False,False,False,0.0
wepiggy,moonbeam,0x5Ea2321aBFF78E81702cE877319cD775E0dc865B,0x8158b34ff8a36dd9e4519d62c52913c24ad5554b,pUSDT,6,97193125,575008609415,19853881,1830656,200373260701641,0.0,True,None,None,1.0,97.19,115.22,False,False,False,False,False,0.0
wepiggy,moonbeam,0x5Ea2321aBFF78E81702cE877319cD775E0dc865B,0xf8e5b9738bf63adfff36a849f9b9c9617c8d8c1f,pUSDC,6,239971914,4110133374997,833870504,114370814,233440503375562,0.0,True,None,None,None,None,None,False,False,False,False,False,None
wepiggy,moonbeam,0x5Ea2321aBFF78E81702cE877319cD775E0dc865B,0xf4b6d5d432f1c7a9efc9e0b04acde479f9fd1f72,pWBTC,8,272378,13322122,3514,3247,20465583485874097,0.0,True,None,None,None,None,None,False,False,False,False,False,None
wepiggy,moonbeam,0x5Ea2321aBFF78E81702cE877319cD775E0dc865B,0x67b6760b596918864009500375a64223c6a472b1,pETH,18,33844210242263632,170029700,914998679937713,733531471678151,200116082369863582656441786,0.0,True,None,None,None,None,None,False,False,False,False,False,None
moonwell,moonbeam,0x8E00D5e02E65A19337Cdba98bbA9F84d4186a180,0x091608f4e4a15335145be0a279483c0f8e4c7955,mGLMR,18,405793860151578703811162,21591253215852072,14539607603044230766150945,7902548096664636540346650,326190114863753426925073876,0.37,True,True,True,0.007638024166329579,3099.46,53793.48,False,False,False,False,False,0.0
moonwell,moonbeam,0x8E00D5e02E65A19337Cdba98bbA9F84d4186a180,0xd22da948c0ab3a27f5570b604f3adef5f68211c3,mDOT,10,5134070867424106,2059875905252815,29220791225117,469079490118309,2278881051310116998,0.55,True,True,True,0.7594352399285714,389899.43,356495.01,False,False,False,False,False,0.0
moonwell,moonbeam,0x8E00D5e02E65A19337Cdba98bbA9F84d4186a180,0xc3090f41eb54a7f18587fd6651d4d3ab477b07a4,mETH,18,599871919594466,11199463999933,2472817398983849,1785737664070268,114911897079694715488,0.0,True,True,True,1865.865384615385,1.12,2.4,False,False,False,False,False,0.0
moonwell,moonbeam,0x8E00D5e02E65A19337Cdba98bbA9F84d4186a180,0x24a9d8f1f350d59cb0368d3d52a77db29c833d1d,mWBTC,8,11854,208910876973,565369,423937,733738722564,0.0,True,True,True,62827.69631394642,7.45,96.31,False,False,False,False,False,0.0
moonwell,moonbeam,0x8E00D5e02E65A19337Cdba98bbA9F84d4186a180,0x02e9081dfadd37a852f9a73c4d7d69e615e61334,mUSDC,6,722404746,52663673001004254,9375085,49304318,12959132436,0.0,True,True,True,0.99986725,722.31,682.38,False,False,False,False,False,0.0
moonwell,moonbeam,0x8E00D5e02E65A19337Cdba98bbA9F84d4186a180,0x1c55649f73cda2f72cef3dd6c5ca3d49efcf484c,mFRAX,18,37445977662231360330425,159052983302404,59479889979149920728,536740596901984250465,232430201482110545211791737,0.21,True,True,True,0.9901863223327848,37078.49,36605.92,False,False,False,False,False,0.0
moonwell,moonbeam,0x8E00D5e02E65A19337Cdba98bbA9F84d4186a180,0xb6c94b3a378537300387b57ab1cc0d2083f9aeac,mETH.wh,18,12041213006403816190,58914989193,807623259070604587,845230043762533607,203744520471508442766557599,0.24,True,True,True,1865.865384615385,22467.28,22397.11,False,False,False,False,False,0.0
moonwell,moonbeam,0x8E00D5e02E65A19337Cdba98bbA9F84d4186a180,0xaaa20c5a584a9fecdfedd71e46da7858b774a9ce,mWBTC.wh,8,61478181,2914771894,395837,3113793,20159459174474940,0.06,True,True,True,62827.69631394642,38625.32,36917.7,False,False,False,False,False,0.0
moonwell,moonbeam,0x8E00D5e02E65A19337Cdba98bbA9F84d4186a180,0x744b1756e7651c6d57f5311767eafe5e931d615b,mUSDC.wh,6,22803413790,78936920509262,5295870149,5904544975,281170570384688,0.09,True,True,True,0.99986725,22800.39,22191.79,False,False,False,False,False,0.0
moonwell,moonbeam,0x8E00D5e02E65A19337Cdba98bbA9F84d4186a180,0x298f2e346b82d69a473bf25f329bdf869e17dec8,mBUSD.wh,18,747103938533735495482,15491121041,37996027387958889848,781732149514255511613,217403014186342623968914348,0.0,True,True,True,1.0,747.1,3.37,False,False,False,False,False,0.0
moonwell,moonbeam,0x8E00D5e02E65A19337Cdba98bbA9F84d4186a180,0x42a96c0681b74838ec525adbd13c37f66388f289,mxcUSDT,6,44270469836,188621674364663,9211802586,9817141830,231495827502739,0.25,True,True,True,0.9986883069823309,44212.4,43607.86,False,False,False,False,False,0.0
moonwell,moonbeam,0x8E00D5e02E65A19337Cdba98bbA9F84d4186a180,0x22b1a40e3178fe7c7109efcc247c5bb2b34abe32,mxcUSDC,6,22871037120,97360954416957,2110541702,2666737297,229197029328972,0.25,True,True,True,0.99986725,22868.0,22311.88,False,False,False,False,False,0.0
midas-capital,moonbeam,0xeB2D3A9D962d89b4A9a34ce2bF6a2650c938e185,0x6dc043429a298992933433665092f5a92240fe62,fWGLMR-1,18,10000000000000000000,50000000000000000000,0,0,200000000000000000,0.7,True,True,True,1.0,10.0,10.0,False,False,False,False,False,0.0
midas-capital,moonbeam,0xeB2D3A9D962d89b4A9a34ce2bF6a2650c938e185,0xa9736ba05de1213145f688e4619e5a7e0dcf4c72,fxcDOT-1,10,313343889666,114235552093,90929619,0,204174770512876292,0.7,True,True,True,None,None,None,False,False,False,False,False,None
midas-capital,moonbeam,0xeB2D3A9D962d89b4A9a34ce2bF6a2650c938e185,0xe4c6bd326a1715cebfed3647a963a308ae7f8a98,fxcDOT-stDOT-1,18,168924697874124362,844623489370621810,0,0,None,0.65,True,True,True,None,None,None,False,False,False,False,False,None
midas-capital,moonbeam,0xeB2D3A9D962d89b4A9a34ce2bF6a2650c938e185,0xb3d83f2cab787adcb99d4c768f1eb42c8734b563,fwstDOT-1,10,604568014443,1834542201218,0,51988031855,200000000000218038,0.7,True,True,True,None,None,None,False,False,False,False,False,None
midas-capital,moonbeam,0xeB2D3A9D962d89b4A9a34ce2bF6a2650c938e185,0x2c649623bff76075dbc108b3f5d5a8175b607803,fUSDC-1,6,22101647,47607475,1055430,0,216825256958072235,0.8,True,True,True,None,None,None,False,False,False,False,False,None
midas-capital,moonbeam,0x0fAbd597BDecb0EEE1fDFc9B8458Fe1ed0E35028,0xd70f81b4017ca0a957182d8bd7a65f164b1fdf1b,fmultiUSDC-0,6,0,0,0,0,200000000000000000,0.6,True,False,False,None,None,None,True,True,True,False,False,None
midas-capital,moonbeam,0x0fAbd597BDecb0EEE1fDFc9B8458Fe1ed0E35028,0x606af84cda21b10677e76d352b47230570738ea2,fWGLMR-0,18,380056805355094299,2785022236119215446,250751124877716079,14344886598885123,204267404775021248,0.6,True,False,False,1.0,0.38,0.57,False,False,False,False,False,0.0
midas-capital,moonbeam,0x0fAbd597BDecb0EEE1fDFc9B8458Fe1ed0E35028,0xa90b7579341369fc223001e91df6e8f56079d183,fGLINT-0,18,0,0,0,0,200000000000000000,0.5,True,False,True,0.002029516350133514,0.0,None,True,True,True,False,True,None
midas-capital,moonbeam,0xCc248E6106CB7B05293eF027D5c1c05BF3E39F21,0x2245f6cf9a78200ccb92598a6eb202bd5878d569,fWGLMR-2,18,11350150324393474504,55429920409582242427,1049817694213492,22705001437639266,200278930994475539,0.7,True,True,True,1.0,11.35,11.1,False,False,False,False,False,0.0
midas-capital,moonbeam,0xCc248E6106CB7B05293eF027D5c1c05BF3E39F21,0xacefa0011e47a6d7cc48def3909cdd3addb366b5,fSTELLA-2,18,26628027842755450926,133140139213777254630,0,0,200000000000000000,0.5,True,True,True,0.2680634577340553,7.14,7.14,False,False,False,False,False,0.0
midas-capital,moonbeam,0xCc248E6106CB7B05293eF027D5c1c05BF3E39F21,0xeb7b975c105f05bfb02757fb9bb3361d77aae84a,fUSDC.wh-GLMR-2,18,1805056405336,9025282026680,0,0,None,0.65,True,True,True,None,None,None,False,False,False,False,False,None
midas-capital,moonbeam,0xCc248E6106CB7B05293eF027D5c1c05BF3E39F21,0xf6e48684f805c592b8286d5fa6157627d10b7a48,fUSDC.wh-2,6,36671193,60819796,5363,0,204486381374906288,0.8,True,True,True,None,None,None,False,False,False,False,False,None
midas-capital,moonbeam,0xCc248E6106CB7B05293eF027D5c1c05BF3E39F21,0xd7ee88664c269ec834a471cf47c576b6203cdc45,fWBTC.wh-GLMR-2,18,0,0,0,0,None,0.7,True,True,True,None,None,None,True,True,True,False,False,None
midas-capital,moonbeam,0xCc248E6106CB7B05293eF027D5c1c05BF3E39F21,0x95b1efbd91e35fdae0720d1beda3d4d1fbfefa1c,fWETH.wh-GLMR-2,18,0,0,0,0,None,0.7,True,True,True,None,None,None,True,True,True,False,False,None
midas-capital,moonbeam,0xCc248E6106CB7B05293eF027D5c1c05BF3E39F21,0xe2b3fc05c0c90c38bca6e149d186571d413f5f5a,fDOT.xc-GLMR-2,18,33116,165579,0,0,None,0.7,True,True,True,None,None,None,False,True,False,False,False,None
midas-capital,moonbeam,0xCc248E6106CB7B05293eF027D5c1c05BF3E39F21,0x90430a6b861b40589c4148984f77d0d181ce17bf,fwstDOT-DOT.xc-2,18,0,5,0,0,0,0.75,True,True,True,None,None,None,False,True,True,False,False,None
midas-capital,moonbeam,0xCc248E6106CB7B05293eF027D5c1c05BF3E39F21,0x3a789a7c5da5a74253b5afcf3b5194de1bcf7aa7,fbase4pool-2,18,0,0,0,0,200000000000000000,0.8,True,True,True,None,None,None,True,True,True,False,False,None
minterest,morph,0x121D54E653a63D90569813E7c6a4C5E6084ff7DE,0xecbe4a2519f1e26df8dfde95a4a2b89de832896c,mUSDT,6,6136794,3427596604460,733433,None,2000864684915,0.2,True,None,None,None,None,None,False,False,False,False,False,None
minterest,morph,0x121D54E653a63D90569813E7c6a4C5E6084ff7DE,0x793ce6ac5112da5db9c046848af99c749e14b1a4,mUSDC,6,5947241,3152633107562,402076,None,2012079675489,0.2,True,None,None,None,None,None,False,False,False,False,False,None
minterest,morph,0x121D54E653a63D90569813E7c6a4C5E6084ff7DE,0x3847fc18759b74629134da3fc8bf4ff59bbc4e1b,mWETH,18,19627651804896239,10030168583,433155399693932,None,2000034343382534351167644,0.2,True,None,None,None,None,None,False,False,False,False,False,None
minterest,morph,0x121D54E653a63D90569813E7c6a4C5E6084ff7DE,0x28d679c9d3eb5998d915392a6ba54f24a1bb0824,mWBTC,8,10832,57276521,627,None,200064525567116,0.2,True,None,None,None,None,None,False,False,False,False,False,None
minterest,morph,0x121D54E653a63D90569813E7c6a4C5E6084ff7DE,0x68a1667955ed214799f6cc548df4ac3110faa047,mBGB,18,906412571753783321,554111409287,202409459420229451,None,2000166693267555651488510,0.2,True,None,None,None,None,None,False,False,False,False,False,None
minterest,morph,0x121D54E653a63D90569813E7c6a4C5E6084ff7DE,0x4074f7ed630fd9a7cc797c18c0dbfa37ac1912a4,mWEETH,18,1460000000000000,730000000,0,None,2000000000000000000000000,0.0,True,None,None,None,None,None,False,False,False,False,False,None
minterest,morph,0x121D54E653a63D90569813E7c6a4C5E6084ff7DE,0x3a0d47e26127bfae638ea41a51721ebd35e7300f,mMPHBTC,10,391800,20000000,8200,None,20000000000000000,0.0,True,None,None,None,None,None,False,False,False,False,False,None
minterest,morph,0x121D54E653a63D90569813E7c6a4C5E6084ff7DE,0x88508ca9221d4b4d8a63ff753416cb4dba7bec83,mMPHETH,18,0,0,0,None,2000000000000000000000000,0.0,True,None,None,None,None,None,True,True,True,False,False,None
sumer,zklink,0xe6099D924efEf37845867D45E3362731EaF8A98D,0x54dfae480e33dc2befd42caa26a432b11b5a27bd,sdrETH,None,1451502751393764779,1454077626749104046,4035788987009205,444297092883912,1000699148738749860,2e-18,True,None,None,None,None,None,False,False,False,False,False,None
sumer,zklink,0xe6099D924efEf37845867D45E3362731EaF8A98D,0x22203549a2fe6740a3d85f8ed2cdfde16464b68b,sdrUSDC,6,222630160,222619738,0,337,1000045301463790241,1e-18,True,None,None,1e-12,0.0,0.0,False,False,False,False,False,0.0
sumer,zklink,0xe6099D924efEf37845867D45E3362731EaF8A98D,0x45f832bd90b50a97f494a5578ea038cad03c2b3b,sdrUSDT,6,188650306,200004824,15381254,38122,1019942588984753687,1e-18,True,None,None,1e-12,0.0,0.0,False,False,False,False,False,0.0
sumer,zklink,0xe6099D924efEf37845867D45E3362731EaF8A98D,0x450665da7c7b72302ac6fb6b1b20de7bcf38f7c1,sdrWBTC,8,102,0,0,101,1000000000000000000,3e-18,True,None,None,3.135e-07,0.0,None,True,True,True,False,False,None
sumer,zklink,0xe6099D924efEf37845867D45E3362731EaF8A98D,0x2440414bc0bf6f7e76cb2f2c5051edc4a940d441,sdrMBTC,18,0,0,0,0,1000000000000000000,3e-18,True,None,None,92754.0,0.0,None,True,True,True,False,False,None
sumer,zklink,0xe6099D924efEf37845867D45E3362731EaF8A98D,0x22c3e783ac857e205523b59efc4739949f93ee81,sdrSolvBTC.m,18,155860980870003,1211397165396981,1217869075767421,317295158059,1133742756471855096,3e-18,True,None,None,92754.0,14.46,127.39,False,False,False,False,False,0.0
sumer,zklink,0xe6099D924efEf37845867D45E3362731EaF8A98D,0xe143694271a0b34ea6c7928d9b66d31f60b2bfed,sdrpufETH,18,147264802178,300040037533,218250508342,65475152497,1000000401579739126,2e-18,True,None,None,3135.0,0.0,0.0,False,False,False,False,False,0.0
sumer,zklink,0xe6099D924efEf37845867D45E3362731EaF8A98D,0x03979c0fba55ea5a8022c79951feed1c4a3c8324,sdrSTONE,18,0,0,0,0,1000000000000000000,2e-18,True,None,None,3135.0,0.0,None,True,True,True,False,False,None
sumer,zklink,0xe6099D924efEf37845867D45E3362731EaF8A98D,0x67cf127b95a6b957aedea5b15626311245167979,sdrManta,18,0,0,0,0,1000000000000000000,4e-18,True,None,None,None,None,None,True,True,True,False,False,None
sumer,zklink,0xe6099D924efEf37845867D45E3362731EaF8A98D,0x0cf1cc35e296931061c263826b5f62dc04ac1c6b,sdrsuBTC,18,0,0,5712965852353030529,0,1000000000000000000,3e-18,True,None,None,92754.0,0.0,None,True,True,True,False,False,None
shoebillFinance-v2,zklink,0x89e348e0ab4D83aEDbf1354004552822a805a12e,0x2060a2f15507e9722b5561516532399c5cab475c,sbSTONE.manta,18,1056164492510363977,5108762038,851906232687799,28968006517322596,201232389486708987325120739,0.7,True,False,True,None,None,None,False,False,False,False,False,None
shoebillFinance-v2,zklink,0x89e348e0ab4D83aEDbf1354004552822a805a12e,0xa4f05ff63017ec2b75972223a534f705f3586225,sbezETH.arb,18,33556656078663381,167783271,0,0,200000011196964809441580144,0.7,True,False,True,None,None,None,False,False,False,False,False,None
shoebillFinance-v2,zklink,0x89e348e0ab4D83aEDbf1354004552822a805a12e,0xd661c805b98eca6b214286d4d9acf9d303845725,sbezETH.eth,18,1159381623515996356,5796907903,0,0,200000007403256541955795153,0.7,True,False,True,None,None,None,False,False,False,False,False,None
shoebillFinance-v2,zklink,0x89e348e0ab4D83aEDbf1354004552822a805a12e,0x3bf00732082c6bcc92db19520b44dcc8a34ef586,sbezETH.linea,18,5853156897686762,29265786,0,0,199999989670079662306011531,0.7,True,False,True,None,None,None,False,False,False,False,False,None
shoebillFinance-v2,zklink,0x89e348e0ab4D83aEDbf1354004552822a805a12e,0x433102dc1694b37641c4ed0be9b05a0a31495013,sbmmETH,18,998458849653389485,4992294355,0,0,199999995724088165270054473,0.7,True,False,True,None,None,None,False,False,False,False,False,None
shoebillFinance-v2,zklink,0x89e348e0ab4D83aEDbf1354004552822a805a12e,0x3b00f3f046f895415894d1a43e99628813e2816c,sbmswETH,18,9891038996739438,49455196,0,0,199999995890005935877799372,0.7,True,False,True,None,None,None,False,False,False,False,False,None
shoebillFinance-v2,zklink,0x89e348e0ab4D83aEDbf1354004552822a805a12e,0x59d9ceaf0108a5af76336cad0ec7c7c5c266eb39,sbpufETH,18,3637165158790512237,18185823882,0,0,200000021026845674860143243,0.7,True,False,True,None,None,None,False,False,False,False,False,None
shoebillFinance-v2,zklink,0x89e348e0ab4D83aEDbf1354004552822a805a12e,0x62873a9a5eec2379150d4309053532cb20767e4d,sbrsETH.arb,18,2000925470132505671,10004627354,0,0,199999999933281440139484479,0.7,True,False,True,None,None,None,False,False,False,False,False,None
shoebillFinance-v2,zklink,0x89e348e0ab4D83aEDbf1354004552822a805a12e,0xf52bb5c5f728a29c508f050dbc26e79ecfd82981,sbwstETH,18,356100385182860473,4685806069,654056673010106893,43272319238065608,206343310994354717073119228,0.7,True,False,True,None,None,None,False,False,False,False,False,None
shoebillFinance-v2,zklink,0x89e348e0ab4D83aEDbf1354004552822a805a12e,0x4da697a89ea1d166881362b56e6863294820ec97,sbETH,None,2808345231268805246,16008264368,552111469485547549,126517943543412219,202016825988673638326310778,0.7,True,False,True,None,None,None,False,False,False,False,False,None
ironbank,optimism,0xE0B57FEEd45e7D908f2d0DaCd26F113Cf26715BF,0x17533a1bde957979e3977ebbfbc31e6deeb25c7d,iWETH,18,1375693819638038942,31936256205,3899273316053811216,1116981675662069558,130196396012717314684380989,0.85,True,False,False,2676.71,3682.33,11129.72,False,False,False,False,False,0.0
ironbank,optimism,0xE0B57FEEd45e7D908f2d0DaCd26F113Cf26715BF,0x1d073cf59ae0c169cbc58b6fdd518822ae89173a,iUSDC,6,68295603789,661065693240985,2605299799,894221449,105899735615957,0.85,True,False,False,1.00000007,68295.61,70006.69,False,False,False,False,False,0.0
ironbank,optimism,0xE0B57FEEd45e7D908f2d0DaCd26F113Cf26715BF,0x874c01c2d1767efa01fa54b2ac16be96fad5a742,iUSDT,6,314600503,2546476939354,76150137,36389537,139157397235215,0.8,True,False,False,0.999805,314.54,354.29,False,False,False,False,False,0.0
ironbank,optimism,0xE0B57FEEd45e7D908f2d0DaCd26F113Cf26715BF,0x049e04bee77cffb055f733a138a2f204d3750283,iDAI,18,3675955121750588582970,35086224052537,935694931215275338120,690535795310080516979,111756518791661113956107105,0.8,True,False,False,0.99979657,3675.21,3920.32,False,False,False,False,False,0.0
ironbank,optimism,0xE0B57FEEd45e7D908f2d0DaCd26F113Cf26715BF,0xcdb9b4db65c913ab000b40204248c8a53185d14d,iWBTC,8,112423,10910220,932,419,10351395297253400,0.75,True,False,False,84566.3583482,95.07,95.51,False,False,False,False,False,0.0
ironbank,optimism,0xE0B57FEEd45e7D908f2d0DaCd26F113Cf26715BF,0x4645e0952678e9566fb529d9313f5730e4e1c412,iOP,18,8582693440163382329147,90369752425097,1722287567223508161467,630137966245514629556,107058421446494199512881868,0.5,True,False,False,0.13064365,1121.27,1263.96,False,False,False,False,False,0.0
ironbank,optimism,0xE0B57FEEd45e7D908f2d0DaCd26F113Cf26715BF,0xe724ffa5d30782499086682c8362cb3673bf69ae,iSNX,18,7001263444261157636,61440700935,440496096517814,606945999424649016,104080159301864683943322919,0.0,True,False,False,0.25196,1.76,1.61,False,False,False,False,False,0.0
ironbank,optimism,0xE0B57FEEd45e7D908f2d0DaCd26F113Cf26715BF,0x04f0fd3cd03b17a3e5921c0170ca6dd3952841ca,iSUSD,18,92098751179945789271,869175580381,1477791632621498264,2035835753149413916,105319004727780470797069149,0.7,True,False,False,0.40876047,37.65,37.42,False,False,False,False,False,0.0
wepiggy,optimism,0x896aecb9E73Bf21C50855B7874729596d0e511CB,0x8e1e582879cb8bac6283368e8ede458b63f499a5,pETH,18,10226169097233554686,49129320416,570976929530901267,656310364680641561,206411071356509894858953548,0.8,True,None,None,2676.71,27372.49,27144.08,False,False,False,False,False,1e-06
wepiggy,optimism,0x896aecb9E73Bf21C50855B7874729596d0e511CB,0x811cd5cb4cc43f44600cfa5ee3f37a402c82aec2,pUSDC,6,33403704485,141015942834120,6759106702,2479965318,267224011070344,0.9,True,None,None,1.00000007,33403.71,37682.85,False,False,False,False,False,0.0
wepiggy,optimism,0x896aecb9E73Bf21C50855B7874729596d0e511CB,0x8158b34ff8a36dd9e4519d62c52913c24ad5554b,pUSDT,6,1924943020,14571010633254,3873097985,1067188187,324675682220918,0.9,True,None,None,0.999805,1924.57,4729.93,False,False,False,False,False,0.0
wepiggy,optimism,0x896aecb9E73Bf21C50855B7874729596d0e511CB,0xc12b9d620bfcb48be3e0ccbf0ea80c717333b46f,pDAI,18,1283000324853210026123,7956293284854,2834510186058214668962,813532375883525701978,415266006007787309713801852,0.9,True,None,None,0.99979657,1282.74,3303.31,False,False,False,False,False,0.0
wepiggy,optimism,0x896aecb9E73Bf21C50855B7874729596d0e511CB,0x48a5322c3021d5ed5ce4293112141045d12c7efc,pWBTC,8,10373222,444117503,39528,818375,21603235484281284,0.8,True,None,None,84566.3583482,8772.26,8113.61,False,False,False,False,False,0.0
wepiggy,optimism,0x896aecb9E73Bf21C50855B7874729596d0e511CB,0x8f00a5e13b3f2aaaddc9708ad5c77fbcc300b0ee,pLINK,18,141986003131975944566,1262950994059,161819682818215814202,22821582347099938201,222482190460958908220158085,0.6,True,None,None,14.0458499,1994.31,3946.66,False,False,False,False,False,0.0
wepiggy,optimism,0x896aecb9E73Bf21C50855B7874729596d0e511CB,0xd6a78766514cdfc1a1fa188a7782b52313133705,pOP,18,1239510974436097893053,2259958803886,15642436003532232055,791656074962919234975,205091055058051080478729745,0.6,True,None,None,0.13064365,161.93,60.55,False,False,False,False,False,0.0
venus,optimism,0x5593FF68bE84C966821eEf5F0a988C285D5B7CeC,0x9efdcfc2373f81d3df24647b1c46e15268884c46,vWBTC_Core,8,38255,38781,527,0,1000025785822954539,0.0,True,None,None,84649.24223096,32.38,32.83,False,True,False,False,False,0.000846
venus,optimism,0x5593FF68bE84C966821eEf5F0a988C285D5B7CeC,0x66d5ae25731ce99d46770745385e662c8e0b4025,vWETH_Core,18,5231322666332695,3444235,55199628460628830,48308153441075640,10109630041908995175996992075,0.0,True,None,None,2676.71,14.0,93.2,False,False,False,False,False,9e-06
venus,optimism,0x5593FF68bE84C966821eEf5F0a988C285D5B7CeC,0x37ac9731b0b02df54975cd0c7240e0977a051721,vUSDT_Core,6,1213671368,132411699768,1076152,669,10248177882902925,0.0,True,None,None,0.999805,1213.43,1356.71,False,False,False,False,False,0.0
venus,optimism,0x5593FF68bE84C966821eEf5F0a988C285D5B7CeC,0x6b846e3418455804c1920fa4cc7a31a51c659a2d,vOP_Core,18,4967833290841742762642,495379233005,14265938362515792948,0,10057141876906198137307602899,0.0,True,None,None,0.13064365,649.02,650.88,False,False,False,False,False,0.0
venus,optimism,0x5593FF68bE84C966821eEf5F0a988C285D5B7CeC,0x1c9406ee95b7af55f005996947b19f91b6d55b15,vUSDC_Core,6,1257340760,132273018092,12102774,0,10320877754905987,0.0,True,None,None,1.00000007,1257.34,1365.17,False,False,False,False,False,0.0
hundredfinance,optimism,0x5a5755E1916F547D04eF43176d4cbe0de4503d5d,0x1a61a72f5cf5e857f15ee502210b81f8b3a66263,hETH,18,652486621068842,5112064656415,1022765318078107913409,69979214388394171,200055370987333930371215637,0.75,True,True,True,2676.71,1.75,2737460.59,False,False,False,False,False,1e-06
hundredfinance,optimism,0x5a5755E1916F547D04eF43176d4cbe0de4503d5d,0x35594e4992dfefcb0c20ec487d7af22a30bdec60,hWBTC,8,190,0,188,377,20000000000000000,0.75,True,True,True,84649.24223096,0.16,None,True,True,True,False,False,None
hundredfinance,optimism,0x5a5755E1916F547D04eF43176d4cbe0de4503d5d,0x371cb7683ba0639a21f31e0b20f705e45bc18896,hSNX,18,100532823967027,100000030889283,20000006040813679379832,0,199999999634899146245625951,0.75,True,True,True,0.25196,0.0,5039.2,False,False,False,False,False,0.0
hundredfinance,optimism,0x5a5755E1916F547D04eF43176d4cbe0de4503d5d,0x10e08556d6fdd62a9ce5b3a5b07b0d8b0d093164,hUSDC,6,690032,7198219637383244,1441772241692,206992809,200267012057866,0.85,True,True,True,1.00000007,0.69,1441566.04,False,False,False,False,False,0.0
hundredfinance,optimism,0x5a5755E1916F547D04eF43176d4cbe0de4503d5d,0x0145be461a112c60c12c34d5bc538d10670e99ab,hDAI,18,281293952180030,4426424844298473,885466873047214609231833,18243641763261381779,200036973592189531008131675,0.85,True,True,True,0.99979657,0.0,885268.5,False,False,False,False,False,0.0
hundredfinance,optimism,0x5a5755E1916F547D04eF43176d4cbe0de4503d5d,0xb994b84bd13f7c8dd3af5bee9dfac68436dcf5bd,hUSDT,6,4201,5695399485671252,1152174014266,1198277764,202088675886332,0.85,True,True,True,0.999805,0.0,1150751.3,False,False,False,False,False,0.0
hundredfinance,optimism,0x5a5755E1916F547D04eF43176d4cbe0de4503d5d,0x76e47710aee13581ba5b19323325ca31c48d4cc3,hSUSD,18,0,5819546345256960,1284302968476121638600794,11724902433695908391971,218673070123344038444963791,0.85,True,True,True,0.40876047,0.0,520179.61,False,False,False,False,False,0.0
hundredfinance,optimism,0x5a5755E1916F547D04eF43176d4cbe0de4503d5d,0x74b8932801bfbf63b44b001d77e62c808b1e2d12,hOP,18,1774307717281975,744047210678,149091605429579190858,56446994219544971,200305747544258154031641314,0.75,True,True,True,0.13064365,0.0,19.47,False,False,False,False,False,0.0
hundredfinance,optimism,0x5a5755E1916F547D04eF43176d4cbe0de4503d5d,0xd97a2591930e2da927b1903baa6763618bd7425b,hFRAX,18,281293952180030,3285291977770258,661707920669472820755257,442447780382475909715,201280579517680513425928122,0.85,True,True,True,None,None,None,False,False,False,False,False,None
sonne-finance,optimism,0x60CF091cD3f50420d50fD7f707414d0DF4751C58,0xf7b5965f5c117eb1b5450187c9dcfccc3c317e8e,soWETH,18,1,7652115675983,1596448230617955837151,275165979133945571,208592385717401687922182925,0.75,True,True,True,2676.71,0.0,4272492.4,False,False,False,False,False,1e-06
sonne-finance,optimism,0x60CF091cD3f50420d50fD7f707414d0DF4751C58,0xec8fea79026ffed168ccf5c627c7f486d77b765f,soUSDC,6,0,15939225519586466,3500563169590,1996185471,219494164244045,0.85,True,True,True,1.00000007,0.0,3498567.23,False,False,False,False,False,0.0
sonne-finance,optimism,0x60CF091cD3f50420d50fD7f707414d0DF4751C58,0x5ff29e4470799b982408130efaabdeeae7f66a10,soUSDT,6,0,14629892408361971,3256256301756,1858363217,222448521677363,0.85,True,True,True,0.999805,0.0,3253763.33,False,False,False,False,False,0.0
sonne-finance,optimism,0x60CF091cD3f50420d50fD7f707414d0DF4751C58,0x5569b83de187375d43fbd747598bfe64fc8f6436,soDAI,18,0,6162860931641778,1362358975138476881431544,1183521044414595058894,220867462237452589402397818,0.85,True,True,True,0.99979657,0.0,1360898.55,False,False,False,False,False,0.0
sonne-finance,optimism,0x60CF091cD3f50420d50fD7f707414d0DF4751C58,0x8cd6b19a07d754bf36adeee79edf4f2134a8f571,soOP,18,4177012659432285,1239763181976785,272614735217299781988044,527894017046601355322,219466789571397968475004288,0.65,True,True,True,0.13064365,0.0,35546.42,False,False,False,False,False,0.0
sonne-finance,optimism,0x60CF091cD3f50420d50fD7f707414d0DF4751C58,0xd14451e0fa44b18f08aeb1e4a4d092b823caca68,soSUSD,18,0,1432607072650042,316590829591913529499258,421468781951113397264,220695099756216568548576499,0.6,True,True,True,0.40876047,0.0,129237.54,False,False,False,False,False,0.0
sonne-finance,optimism,0x60CF091cD3f50420d50fD7f707414d0DF4751C58,0xd7daabd899d1fabbc3a9ac162568939cec0393cc,soSNX,18,0,210510453132422,46927788983148705524825,73719283689631804029,222573601463797297836592628,0.45,True,True,True,0.25196,0.0,11805.35,False,False,False,False,False,0.0
sonne-finance,optimism,0x60CF091cD3f50420d50fD7f707414d0DF4751C58,0x33865e09a572d4f1cc4d75afc9abcc5d3d4d867d,soWBTC,8,0,873875843546,17868363571,767618,20446378149666139,0.7,True,True,True,84566.3583482,0.0,15109975.22,False,False,False,False,False,0.0
sonne-finance,optimism,0x60CF091cD3f50420d50fD7f707414d0DF4751C58,0xafdf91f120dec93c65fd63dbd5ec372e5dca5f82,soLUSD,18,1321925615427015,799801530554057,176431359182682557293420,427157604861305299258,220059847569710411101921696,0.6,True,True,True,1.00595226,0.0,177051.83,False,False,False,False,False,0.0
sonne-finance,optimism,0x60CF091cD3f50420d50fD7f707414d0DF4751C58,0x26aab17f27cd1c8d06a0ad8e4a1af8b1032171d5,sowstETH,18,0,9558395998231,1941671226355926315119,379957295983335544,203098016593916319320693343,0.6,True,True,True,3339.9444183,0.0,6483804.94,False,False,False,False,False,1e-06
sonne-finance,optimism,0x60CF091cD3f50420d50fD7f707414d0DF4751C58,0xe7de932d50efc9ea0a7a409fc015b4f71443528e,soMAI,18,0,30592088871729,6492363596648961078760,4296292403482001554,212083173903213993557130477,0.0,True,True,True,0.99523128,0.0,6457.13,False,False,False,False,False,0.0
sonne-finance,optimism,0x60CF091cD3f50420d50fD7f707414d0DF4751C58,0x1afd1ff9e441973b7d34c7b8abe91d94f1b23ce0,soUSDCnative,6,0,20775906055248310,4259430864993,2784486156,204883790267318,0.85,True,True,True,1.00000007,0.0,4256646.68,False,False,False,False,False,0.0
sonne-finance,optimism,0x60CF091cD3f50420d50fD7f707414d0DF4751C58,0xe3b81318b1b6776f0877c3770afddff97b9f5fe5,soVELO,18,1444464591724702125506,13,0,0,111112660901900163500461538461538461538,0.35,True,True,True,0.035,50.56,50.56,False,True,True,True,False,3.888943
moonwell,optimism,0xCa889f40aae37FFf165BccF69aeF1E82b5C511B9,0x8e08617b0d66359d73aa11e11017834c29155525,mUSDC,6,32977593716,935657817071484,173389386068,237968077,220303841795671,0.88,True,False,False,1.00000007,32977.6,206129.03,False,False,False,False,False,0.0
moonwell,optimism,0xCa889f40aae37FFf165BccF69aeF1E82b5C511B9,0xa3a53899ee8f9f6e963437c5b3f805fec538bf84,mUSDT,6,9048247450,103275725074583,13782102791,13025404,220935992659668,0.88,True,False,False,0.999805,9046.48,22812.88,False,False,False,False,False,0.0
moonwell,optimism,0xCa889f40aae37FFf165BccF69aeF1E82b5C511B9,0x3fe782c2fe7668c2f1eb313acf3022a31fead6b2,mDAI,18,36581875564461303106,79159190913795,18741725926149424565488,107384839641543198540,235865510328486416541588601,0.83,True,False,False,0.99979657,36.57,18667.12,False,False,False,False,False,0.0
moonwell,optimism,0xCa889f40aae37FFf165BccF69aeF1E82b5C511B9,0x6e6ca598a06e609c913551b729a228b023f06fdb,mWBTC,8,316843,18259775,48961,191,20022864465745059,0.001,True,False,False,84566.3583482,267.94,309.19,False,False,False,False,False,0.0
moonwell,optimism,0xCa889f40aae37FFf165BccF69aeF1E82b5C511B9,0xb4104c02bbf4e9be85aaa41a62974e4e28d59a33,mWETH,18,40685491531045593213,663704574181,95744153142438834818,5336834584319391,205549747803449075352576547,0.83,True,False,False,2676.71,108903.26,365168.31,False,False,False,False,False,1e-06
moonwell,optimism,0xCa889f40aae37FFf165BccF69aeF1E82b5C511B9,0xbb3b1ab66efb43b10923b87460c0106643b83f9d,mwstETH,18,120577829285458309501,611340938065,2111505269714894469,36448208440331,200688830843387736016755673,0.81,True,False,False,3332.3227998595917,401804.25,408840.35,False,False,False,False,False,1e-06
moonwell,optimism,0xCa889f40aae37FFf165BccF69aeF1E82b5C511B9,0x95c84f369bd0251ca903052600a3c96838d78ba1,mcbETH,18,32551729605884,502908355,192396108586505543,9316388617574612,364106640659284364046805307,0.01,True,False,False,3053.6801740823244,0.1,559.17,False,False,False,False,False,1e-06
moonwell,optimism,0xCa889f40aae37FFf165BccF69aeF1E82b5C511B9,0x4c2e35e3ec4a0c82849637bc04a4609dbe53d321,mrETH,18,10912414588625736432,64229136998,2048017105902813413,1455753211623442,201761638829437326561913398,0.79,True,False,False,3139.672918242884,34261.41,40686.95,False,False,False,False,False,1e-06
moonwell,optimism,0xCa889f40aae37FFf165BccF69aeF1E82b5C511B9,0x21d851585840942b0ef9f20d842c00c5f3735eaf,mVELO,18,1000000000000,5000,0,0,200000000000000000000000000,0.0,True,True,True,0.035,0.0,0.0,False,True,False,False,False,0.0
moonwell,optimism,0xCa889f40aae37FFf165BccF69aeF1E82b5C511B9,0x9fc345a20541bf8773988515c5950ed69af01847,mOP,18,447884317398806265177518,2751616070956547,112094087849812139335452,883927632981159419078,203187677058914211882117256,0.65,True,False,False,0.13064365,58513.24,73042.14,False,False,False,False,False,0.0
moonwell,optimism,0xCa889f40aae37FFf165BccF69aeF1E82b5C511B9,0xb8051464c8c92209c92f3a4cd9c73746c4c3cfb3,mweETH,18,6863221070883102065,35178552981,205510761433335212,65584567995100,200936810890608308531665809,0.77,True,False,False,2956.1782523522916,20288.9,20896.24,False,False,False,False,False,1e-06
moonwell,optimism,0xCa889f40aae37FFf165BccF69aeF1E82b5C511B9,0x866b838b97ee43f2c818b3cb5cc77a0dc22003fc,mVELO,18,15483452443915280775477333,80715909010481762,759545094482228966066883,1415280321764687694421,201219096175533554083901131,0.6,True,False,False,0.035,541920.84,568455.38,False,False,False,False,False,0.0
moonwell,optimism,0xCa889f40aae37FFf165BccF69aeF1E82b5C511B9,0x181ba797ccf779d8ab339721ed6ee827e758668e,mwrsETH,18,1044623203547637948,5225969203,3816268181273911,14223718581041,200618336481676127856813931,0.37,True,True,True,2894.132032649453,3023.28,3034.28,False,False,False,False,False,1e-06
moonwell,optimism,0xCa889f40aae37FFf165BccF69aeF1E82b5C511B9,0xed37cd7872c6fe4020982d35104be7919b8f8b33,mUSDT0,6,14841945799,117772553704846,10091298156,3085078,211680549438355,0.83,True,False,False,0.999805,14839.05,24925.3,False,False,False,False,False,0.0
ionic-protocol,optimism,0xafb4a254d125b0395610fdc8f1d022936c7b166b,0x53b1d15b24d93330b2fd359c798de7183255e7f2,ionWETH,18,2177898833265,5760315302942700074,10116123333392312971,1085324337355501501,None,0.7,True,True,True,1.0,0.0,None,False,False,False,False,False,0.0
ionic-protocol,optimism,0xafb4a254d125b0395610fdc8f1d022936c7b166b,0x50549be7e21c3dc0db03c3abab83e1a78d07e6e0,ionUSDC,6,0,9293970542,46671838632,6555719202,None,0.82,True,True,True,0.000373592981682737,0.0,None,False,False,False,False,False,0.0
ionic-protocol,optimism,0xafb4a254d125b0395610fdc8f1d022936c7b166b,0x2527e8cc363ef3fd470c6320b22956021cacd149,ionwstETH,18,0,1005182689035801082,714293748902733753,94955983763061271,None,0.82,True,True,True,1.24493232358365,0.0,None,False,False,False,False,False,0.0
ionic-protocol,optimism,0xafb4a254d125b0395610fdc8f1d022936c7b166b,0xb2918350826c1fb3c8b25a553b5d49611698206f,ionUSDT,6,285807,485533488,187397889,4969705,None,0.82,True,True,True,0.000373520104904901,0.0,None,False,False,False,False,False,0.0
ionic-protocol,optimism,0xafb4a254d125b0395610fdc8f1d022936c7b166b,0xaec01bb498bec2fe8f3416314d5e0db7ec76576b,ionOP,18,0,13367349673148255437525,5285249647132600328508,269349010837804687288,None,0.65,True,True,True,4.8807547324887e-05,0.0,None,False,False,False,False,False,0.0
ionic-protocol,optimism,0xafb4a254d125b0395610fdc8f1d022936c7b166b,0xe4c5aeb87762789f854b3bae7515cf00d77a1f5e,ionSNX,18,0,1349996658834700122433,4212924458849047518935,1239923507649203811378,None,0.7,True,True,True,9.4130481075648e-05,0.0,None,False,False,False,False,False,0.0
ionic-protocol,optimism,0xafb4a254d125b0395610fdc8f1d022936c7b166b,0x863dccaad60a1105f4b948c67895b4f0411c4497,ionWBTC,8,0,136905006,176344262,15839143,None,0.82,True,True,True,31.593395753817187,0.0,None,False,False,False,False,False,0.0
ionic-protocol,optimism,0xafb4a254d125b0395610fdc8f1d022936c7b166b,0x9f4089ea33773a090ac514934517990df04ae5a7,ionLUSD,18,0,183978593814559215300,59462079595078964391,1390799671026622589,None,0.7,True,True,True,0.00037581667793672,0.0,None,False,False,False,False,False,0.0
ionic-protocol,optimism,0xafb4a254d125b0395610fdc8f1d022936c7b166b,0xc63b18fc9025acc7830b9df05e5a0b208940a3ee,ionwUSDM,18,90974925555703716131,183102428887652751890,3849674936057787431,57425627788450542448,None,0.01,True,True,True,0.000404135058090746,0.04,None,False,False,False,False,False,0.0
ionic-protocol,optimism,0xafb4a254d125b0395610fdc8f1d022936c7b166b,0xc741af01903f39841228de21d9ddd31ba604fec5,ionweETH,18,0,379147464948451712,258969884871445233,25260701251622563,None,0.8,True,True,True,1.104918572088851,0.0,None,False,False,False,False,False,0.0
mage,merlin,0xe7464Caa3fD31A1A8B458a634e72F94A00695d17,0x119ba862b59427a05d2a7157f4b8142cee2f7db3,mVoya,18,4084802121938353853495,20424010609632,0,0,200000000000585284336337082,0.0,True,False,False,None,None,None,False,False,False,False,False,None
mage,merlin,0xe7464Caa3fD31A1A8B458a634e72F94A00695d17,0xa35fafda03705cf918db97fcb615deb30e8dcb53,mHuhu,18,6233921007886938027770208,31169605039434607,0,0,200000000000000533461049216,0.0,True,False,False,None,None,None,False,False,False,False,False,None
mage,merlin,0xe7464Caa3fD31A1A8B458a634e72F94A00695d17,0x59d62c0be90210b13ab9b393d4bf22ba55e4f745,mMP,18,1752206662141021604422004,8761033310705072,0,0,200000000000000822325603441,0.0,True,False,False,None,None,None,False,False,False,False,False,None
mage,merlin,0xe7464Caa3fD31A1A8B458a634e72F94A00695d17,0xfc9060207617df24d0d42857f2161b24e3cf1639,mesMP,18,1728998171539328872028667,8644990857651080,0,0,200000000001054121650181021,0.0,True,False,False,None,None,None,False,False,False,False,False,None
mage,merlin,0xe7464Caa3fD31A1A8B458a634e72F94A00695d17,0xeaf03ac94db4ae00a91df86ecb5f3c9dbb9fe433,mMSTAR,18,151283394539579886976935,756416972697892,0,0,200000000000001965816459269,0.0,True,False,False,None,None,None,False,False,False,False,False,None
mage,merlin,0xe7464Caa3fD31A1A8B458a634e72F94A00695d17,0xcb953b765b74f9476ca9ebc10f3ba8e2eaece3f8,mSolvBTCLP,18,100003599477839,500019,0,0,199999598970917105150004299,0.0,True,False,False,0.0,None,None,False,True,False,False,False,None
wepiggy,aurora,0xFfceAcfD39117030314A07b2C86dA36E51787948,0x75dcd2536a5f414b8f90bb7f2f3c015a26dc8c79,pETH,None,38684481931698671,178677925,1600810311955049,2182561376911335,213248115942371644398713495,0.0,True,None,None,None,None,None,False,False,False,False,False,None
wepiggy,aurora,0xFfceAcfD39117030314A07b2C86dA36E51787948,0x17933112e9780abd0f27f2b7d9dda9e840d43159,pUSDT,6,47705444,154971288334,1185642,17290795,203910616861452,0.0,True,None,None,0.99989461,47.7,31.6,False,False,False,False,False,0.0
wepiggy,aurora,0xFfceAcfD39117030314A07b2C86dA36E51787948,0x8158b34ff8a36dd9e4519d62c52913c24ad5554b,pUSDC,6,75158692,252193351695,2992525,21379313,225112611488106,0.0,True,None,None,0.99995065,75.15,56.77,False,False,False,False,False,0.0
wepiggy,aurora,0xFfceAcfD39117030314A07b2C86dA36E51787948,0xf8e5b9738bf63adfff36a849f9b9c9617c8d8c1f,pNEAR,24,7063409256770428276526161,30790638665,1526692472908106535525046,2415527786872736049613652,200534130194073996887571705067131,0.0,True,None,None,1.83140008,12.94,11.31,False,False,False,False,False,0.0
wepiggy,aurora,0xFfceAcfD39117030314A07b2C86dA36E51787948,0x04d2944394b70d6e56fcf1cad3aa6b5a43ec8a5c,pWBTC,8,602099,21868438,3592,114371,22467082468350048,0.0,True,None,None,77952.84905453,469.35,383.0,False,False,False,False,False,0.0
aurigami,aurora,0x817af6cfAF35BdC1A634d6cC94eE9e4c68369Aeb,0x4f0d864b1abf4b701799a0b30b57a22dfeb5917b,auUSDC,6,80846479291,312477184543299,29011557022,37830927197,230503578113298,0.8,True,False,False,0.99997399,80844.38,72025.24,False,False,False,False,False,0.0
aurigami,aurora,0x817af6cfAF35BdC1A634d6cC94eE9e4c68369Aeb,0xca9511b610ba5fc7e311fdef9ce16050ee4449e9,auETH,None,109317552914139122429,850456022643,72030813648177821945,4636445686069301769,207784901478000176891740424,0.7,True,False,False,None,None,None,False,False,False,False,False,None
aurigami,aurora,0x817af6cfAF35BdC1A634d6cC94eE9e4c68369Aeb,0xcfb6b0498cb7555e7e21502e0f449bf28760adbb,auWBTC,8,118801663,5593560944,1868560,7754771,20186684856114799,0.6,True,False,False,84621.87630804,100532.2,95551.17,False,False,False,False,False,0.0
aurigami,aurora,0x817af6cfAF35BdC1A634d6cC94eE9e4c68369Aeb,0xad5a2437ff55ed7a8cad3b797b3ec7c5a19b1c54,auUSDT,6,116328190777,554158145849398,10507872832,10692913305,209584847166649,0.75,True,False,False,0.99979004,116303.77,116118.76,False,False,False,False,False,0.0
aurigami,aurora,0x817af6cfAF35BdC1A634d6cC94eE9e4c68369Aeb,0xce4166363e3a584dac84a47bcd3414b43efcdd1c,auDAI,18,34013113796702948047,170117293942,101276946690869070,13608401296429628,200454530823443207818481441,0.0,True,False,False,0.99995165,34.01,34.1,False,False,False,False,False,0.0
aurigami,aurora,0x817af6cfAF35BdC1A634d6cC94eE9e4c68369Aeb,0xae4fac24dcdae0132c6d04f564dcf059616e9423,auWNEAR,24,13235560356046839963656709231,84559994862928,7847291491080232832903297769,3133654152288183683780499322,212265832370668793056241553465147,0.6,True,False,False,4.70351724,62253.69,84424.36,False,False,False,False,False,0.0
aurigami,aurora,0x817af6cfAF35BdC1A634d6cC94eE9e4c68369Aeb,0x3195949f267702723bc614cae037cdc8d1e94786,auSTNEAR,24,48820580625003945662557233757,217393244536047,2074796997003059201449031,5339264223932458621610114254,200021814343261727981234545793167,0.4,True,False,False,7.09421748,346343.82,308480.63,False,False,False,False,False,0.0
aurigami,aurora,0x817af6cfAF35BdC1A634d6cC94eE9e4c68369Aeb,0x8888682e24dd4df7b7ff2b91fccb575737e433bf,auAURORA,18,44408463251077556264877,214540649430142,0,1500333364632242500688,200000000001943285644451980,0.4,True,False,False,0.06236572,2769.57,2676.0,False,False,False,False,False,0.0
aurigami,aurora,0x817af6cfAF35BdC1A634d6cC94eE9e4c68369Aeb,0x6ea6c03061bddce23d4ec60b6e6e880c33d24dca,auTRI,18,436476108624425019183849,2182380543068809,0,0,200000000004886049418702499,0.0,True,False,False,None,None,None,False,False,False,False,False,None
aurigami,aurora,0x817af6cfAF35BdC1A634d6cC94eE9e4c68369Aeb,0xc9011e629c9d0b8b1e4a2091e123fbb87b3a792c,auPLY,18,310749151057051316842454766,1553745755285135510,0,0,200000000000015584816481331,0.0,True,False,False,None,None,None,False,False,False,False,False,None
aurigami,aurora,0x817af6cfAF35BdC1A634d6cC94eE9e4c68369Aeb,0x5ccad065400341db391fd3a4b7f50087b678d7cc,auUSN,18,335337544176486964504,1676687720875,0,0,200000000000886846420765823,0.0,True,False,False,None,None,None,False,False,False,False,False,None
aurigami,aurora,0x817af6cfAF35BdC1A634d6cC94eE9e4c68369Aeb,0xc7ea819ebf08e5ff481d4708a602f92380afbb0a,auNEARX,24,293895785544993483974630667,1182888877730,78585124599969973183891468,131776933951677199338058272,203488240294561365129341787238380,0.4,True,False,False,5.51444196,1620.67,1327.35,False,False,False,False,False,0.0
aurigami,aurora,0x817af6cfAF35BdC1A634d6cC94eE9e4c68369Aeb,0x10d56d6e5968016df5930e8ce50d2d08ec59774c,auUSDCNative,6,4171640217,20430406563328,62548789,18513243,206343214459912,0.7,True,False,False,0.99997399,4171.53,4215.57,False,False,False,False,False,0.0
aurigami,aurora,0x817af6cfAF35BdC1A634d6cC94eE9e4c68369Aeb,0xddfd0407220026c6566979b5be6a4983d1247a3e,auUSDTNative,6,4213746182,21079178086021,156853005,28848940,205973412686299,0.7,True,False,False,0.99979004,4212.86,4340.84,False,False,False,False,False,0.0
bastion,aurora,0x6De54724e128274520606f038591A00C5E94a1F6,0x4e8fe8fd314cfc09bdb0942c5adcc37431abdcd0,cETH,None,29506549625826111816,14227336189,501475297551155466,1368438891670431185,2012997067845335927557450649,0.7,True,True,True,None,None,None,False,False,False,False,False,None
bastion,aurora,0x6De54724e128274520606f038591A00C5E94a1F6,0x8c14ea853321028a7bb5e4fb0d0147f183d3b677,cNEAR,24,20645458185341981830467331796,9963743669429,470158409324124501536074913,771117481270995275680911920,2041852920786852104364883499716964,0.6,True,True,True,1.325163,27358.6,26959.78,False,False,False,False,False,0.0
bastion,aurora,0x6De54724e128274520606f038591A00C5E94a1F6,0xe5308dc623101508952948b141fd9eabd3337d99,cUSDC,6,463209449340,224182859732731,1676147669,8594861106,2035350679561257,0.85,True,True,True,1.000065,463239.56,456320.39,False,False,False,False,False,0.0
bastion,aurora,0x6De54724e128274520606f038591A00C5E94a1F6,0x845e15a441cfc1871b7ac610b0e922019bad9826,cUSDT,6,54224970034,28968582747422,15205354100,10981178216,2017673644155117,0.8,True,True,True,0.999815,54214.94,58438.33,False,False,False,False,False,0.0
bastion,aurora,0x6De54724e128274520606f038591A00C5E94a1F6,0xfa786bac375d8806185555149235acdb182c033b,cWBTC,8,34725826,172532199,89232,218227,200523909163181766,0.7,True,True,True,68840.615,23905.47,23816.67,False,False,False,False,False,0.0
bastion,aurora,0xA195b3d7AA34E47Fb2D2e5A682DF2d9EFA2daF06,0x30fff4663a8dcdd9ed81e60acf505e6159f19bbc,cSTNEAR,24,12920931322269228337085910879,6143727040716,5564617777805714108901786316,6171958711444623952271060720,2004254145248496021352978813933645,0.5,True,True,True,9.258815,119632.51,114009.26,False,False,False,False,False,0.0
bastion,aurora,0xA195b3d7AA34E47Fb2D2e5A682DF2d9EFA2daF06,0x10a9153a7b4da83aa1056908c710f1aaccb3ef85,cUSDC,6,6847695113,2930158236843,835701373,1709725859,2038685335108772,0.85,True,True,True,1.000065,6848.14,5974.06,False,False,False,False,False,0.0
bastion,aurora,0xe1cf09BDa2e089c63330F0Ffe3F6D6b790835973,0x94fa9979751a74e6b133eb95aeca8565c0809bab,cAURORA,18,14521380770498682783096,1995667582261,49001390348840618415,9264083907722588665751,2658908878558392856860196000,0.4,True,True,True,0.198959,2889.16,1055.74,False,False,False,False,False,0.0
bastion,aurora,0xe1cf09BDa2e089c63330F0Ffe3F6D6b790835973,0x8e9fb3f2cc8b08184cb5fb7bcdc61188e80c3cb0,cUSDC,6,173176308,506514968392,2766259229,1924248726,2004258263527428,0.85,True,True,True,1.000065,173.19,1015.25,False,False,False,False,False,0.0
bastion,aurora,0xe1cf09BDa2e089c63330F0Ffe3F6D6b790835973,0x86538ca055e7fd992a26c5604f349e2ede3ce42d,cTRI,18,3442423058816516574302628,1408068408958640,57479621749679972191993,173915951184793510676256,2362091719564385986689335634,0.4,True,True,True,0.002555,8795.39,8497.9,False,False,False,False,False,0.0
bastion,aurora,0xe1cf09BDa2e089c63330F0Ffe3F6D6b790835973,0x08ac1236ae3982ec9463efe10f0f320d9f5a9a4b,cBSTN,18,73963804780028613261573003,36981902388359176,0,0,2000000000089510302277337054,0.0,True,True,True,2e-06,147.93,147.93,False,False,False,False,False,0.0
bastion,aurora,0xE550A886716241AFB7ee276e647207D7667e1E79,0x4a45075d3e752f3676610fc427f5e6915ce63a63,cNEAR,24,24368392318426712319975444156,9784041691984,279684083813802699396557052,3467746308725296298914026699,2164783303291534589396007559697787,0.9,True,True,True,1.325163,32292.09,28067.39,False,False,False,False,False,0.0
bastion,aurora,0xE550A886716241AFB7ee276e647207D7667e1E79,0xb76108eb764b4427505c4bb020a37d95b3ef5afe,cSTNEAR,24,5336780216171104729250254444,2010946481122,165114985145822442413189951,1461963840543319808294784275,2008970103729236447398867037982269,0.9,True,True,True,9.258815,49412.26,37404.98,False,False,False,False,False,0.0
tectonic,cronos,0xb3831584acb95ed9ccb0c11f677b5ad01deaeec0,0xb3bbf1be947b245aef26e3b6a9d777d7703f4c8e,tUSDC,6,1844279621029,6413375434109983,5612543358720,490899831372,1086155522929197,0.8,True,True,True,1.00006014,1844390.54,6966342.08,False,False,False,False,False,0.0
tectonic,cronos,0xb3831584acb95ed9ccb0c11f677b5ad01deaeec0,0x67fd498e94d95972a4a2a44acce00a000af7fe00,tWBTC,8,9078152944,85546030621,32069863,473979104,100954347505165934,0.75,True,True,True,84628.50083507,7682704.74,7308723.57,False,False,False,False,False,0.0
tectonic,cronos,0xb3831584acb95ed9ccb0c11f677b5ad01deaeec0,0x543f4db9bd26c9eb6ad4dd1c33522c966c625774,tWETH,18,1504265797565975690803,1416158670005,9525898933522070934,78906840578918160810,1013223225837761163300868817,0.75,True,True,True,2675.72241666,4024997.72,3839353.57,False,False,False,False,False,3e-06
tectonic,cronos,0xb3831584acb95ed9ccb0c11f677b5ad01deaeec0,0xeadf7c01da7e93fdb5f16b0aa9ee85f978e89e95,tCRO,18,31589597627952724124936285,51988234988049887,26713964934816394090128356,1976510802669446132155751,1083457666394081538391031488,0.7,True,True,True,0.06590932,2082048.9,3712477.68,False,False,False,False,False,0.0
tectonic,cronos,0xb3831584acb95ed9ccb0c11f677b5ad01deaeec0,0xe1c4c56f772686909c28c319079d41adfd6ec89b,tDAI,18,73976874025597734688406,52898044471557,57076045250353535271840,74025329737613942225320,1078066119608651362810866679,0.5,True,True,True,1.00000204,73977.02,57027.71,False,False,False,False,False,0.0
tectonic,cronos,0xb3831584acb95ed9ccb0c11f677b5ad01deaeec0,0xa683fdfd9286eedfea81cf6da14703da683c44e5,tUSDT,6,840918435427,997216333506436,750729658291,505158166865,1089522794951280,0.8,True,True,True,0.9997984,840748.91,1086270.89,False,False,False,False,False,0.0
tectonic,cronos,0xb3831584acb95ed9ccb0c11f677b5ad01deaeec0,0xfe6934fdf050854749945921faa83191bccf20ad,tTONIC,18,3960740366889226847251564123806,3794902319774721621751,1602098650270049307355351859553,396367766665928167486368030309,1361424040764255399104217226,0.05,True,True,True,1.9279e-08,76359.11,99604.4,False,False,False,False,False,0.0
tectonic,cronos,0xb3831584acb95ed9ccb0c11f677b5ad01deaeec0,0x4bd41f188f6a05f02b46bb2a1f8ba776e528f9d2,tTUSD,18,10842877160480104143447,14687789751195,14914549307252962544859,9257189536106209008321,1123398224725023504740636480,0.8,True,True,True,1.0,10842.88,16500.24,False,False,False,False,False,0.0
tectonic,cronos,0xb3831584acb95ed9ccb0c11f677b5ad01deaeec0,0x0d9706531b517d24623118934de69108968ba266,tATOM,6,34118055039,37310299667513,13042380610,2367758765,1200544548909160,0.7,True,True,True,1.68229999,57396.8,75354.72,False,False,False,False,False,0.0
tectonic,cronos,0xb3831584acb95ed9ccb0c11f677b5ad01deaeec0,0x29984c47b0bac5a59290ef082e1f651a7019ec4a,tADA,6,379540047013,355295568476892,4549462185,28426047665,1001035456360137,0.7,True,True,True,0.24609008,93401.04,87525.25,False,False,False,False,False,0.0
tectonic,cronos,0xb3831584acb95ed9ccb0c11f677b5ad01deaeec0,0xb075a3590c9ffc8332c47db49f5c6ee1dbcdf804,tVVS,18,31999246374210006868226921562,20988300349048902172,1289686434010139277427108542,7477997001521655534684000536,1229777322481862098533680655,0.14,True,True,True,1.078967e-06,34526.13,27849.15,False,False,False,False,False,0.0
tectonic,cronos,0xb3831584acb95ed9ccb0c11f677b5ad01deaeec0,0x53b4112cba389302b065d2a92bb249d27f51c680,tXRP,6,272186642271,266638482031794,3308131142,8540411784,1001184673700506,0.7,True,True,True,1.48504712,404209.99,396439.81,False,False,False,False,False,0.0
tectonic,cronos,0xb3831584acb95ed9ccb0c11f677b5ad01deaeec0,0xe3e2cea8dffa592eadab7d9c7f1e0cc6700490aa,tLTC,8,41933678916,405927762009,154045880,1269735511,100554810745107418,0.7,True,True,True,69.22299639,29027.75,28255.44,False,False,False,False,False,0.0
tectonic,cronos,0xb3831584acb95ed9ccb0c11f677b5ad01deaeec0,0x6b986d5109cd065e4098664b3e2e34b4028967cd,tLCROd,18,100000000000000000,100000000,0,0,1000000000000000000000000000,0.0,True,True,True,0.08636698,0.01,0.01,False,False,False,False,False,0.0
tectonic,cronos,0xb3831584acb95ed9ccb0c11f677b5ad01deaeec0,0xf4f21a4990acd891d05dface12a2b8f57e61d1ee,tLCRO,18,17868100631832438702120191,17982065916602484,587733439586745931337137,424358879791067329552212,1002747697358845442918104436,0.7,True,True,True,0.08636698,1543213.89,1557324.06,False,False,False,False,False,0.0
tectonic,cronos,0xb3831584acb95ed9ccb0c11f677b5ad01deaeec0,0xecd4bea6ed20a4a820ae2c4900e5501a985a3fe3,tCDCBTC,8,2622958061,26846841371,87120938,21831122,100132743358920783,0.7,True,True,True,84628.50226365,2219770.12,2275023.92,False,False,False,False,False,0.0
tectonic,cronos,0xb3831584acb95ed9ccb0c11f677b5ad01deaeec0,0xbffcd14ed8cb224b26b692d7eb4118ffedfabdbd,tCDCETH,18,349929286866304986647,356995128196,8509632150059271756,502333725811455664,1002637170706811206903823638,0.7,True,True,True,2879.07732033,1007473.47,1030527.1,False,False,False,False,False,3e-06
tectonic,cronos,0xb3831584acb95ed9ccb0c11f677b5ad01deaeec0,0x6d1861c723f2ec35d5ae13f470bf197a8258de3e,tUSC,18,7064394181140120745002,2876907723887,840862696962457782263,4853701393498981941347,1060706764859537931549982444,0.0,True,True,True,1.0,7064.39,3051.56,False,False,False,False,False,0.0
tectonic,cronos,0x8312A8d5d1deC499D00eb28e1a2723b13aA53C1e,0xf2a4c7595a64a18158d205148a975509d969cb8d,tUSDCd,6,8512903467,15932916307492,12106088230,3106428588,1099143607549436,0.7,True,True,True,1.00006014,8513.42,17513.62,False,False,False,False,False,0.0
tectonic,cronos,0x8312A8d5d1deC499D00eb28e1a2723b13aA53C1e,0x0ba8683fb1d8f66d9ebbe3634b67da623188ac84,tUSDTd,6,26666314428,26266267366813,3667478409,1693657495,1090377058225880,0.7,True,True,True,0.9997984,26660.94,28634.36,False,False,False,False,False,0.0
tectonic,cronos,0x8312A8d5d1deC499D00eb28e1a2723b13aA53C1e,0xf4ff4b8ee660d4276eda17e79094a7cc519e9606,tCROd,18,222137774443100236160657,290783445852260,99983861066767479615700,20010016445768271345978,1038957421316188040001536473,0.6,True,True,True,0.06590932,14640.95,19911.97,False,False,False,False,False,0.0
tectonic,cronos,0x8312A8d5d1deC499D00eb28e1a2723b13aA53C1e,0x2c5515be5bb123b8088843e85789e3e294670cad,tFERd,18,17079525071420887264669247,9061221173067735,810308585169777781379042,1980159361681322559588751,1755798031086247000145254158,0.0,True,True,True,6.863e-05,1172.17,1091.88,False,False,False,False,False,0.0
tectonic,cronos,0x8312A8d5d1deC499D00eb28e1a2723b13aA53C1e,0x5f2e412392a317b8b80234b8a6941e0282161a25,tVNOd,18,208746557852445888109217,489577824417687,789046704983054857771192,160275508350594637537859,1710693811512123437791752793,0.0,True,True,True,0.00307796,642.51,2577.85,False,False,False,False,False,0.0
tectonic,cronos,0x8312A8d5d1deC499D00eb28e1a2723b13aA53C1e,0x6b0ef5f3e00d7af1459879079d3df76afbbaf865,tFULd,18,6728667198241387041460254,2939264197129357,426514130275096606906969,1058683032378204735790620,2074157982155005325803646352,0.13,True,True,True,0.00108811,7321.53,6633.66,False,False,False,False,False,0.0
tectonic,cronos,0x8312A8d5d1deC499D00eb28e1a2723b13aA53C1e,0x47e5229d46a11a25ff5dca210df57d62345decf1,tbCROd,18,26824738490492054389419,39702617661438,27943785351419128400735,10444999864801033368415,1116387950917410203534669510,0.0,True,True,True,0.07385222,1981.07,3273.39,False,False,False,False,False,0.0
tectonic,cronos,0x8312A8d5d1deC499D00eb28e1a2723b13aA53C1e,0xd6d56b6024b298e69c8171aaf969adae5a48b83e,tCDCETHd,18,23340851978686596686,24557687902,2179822677339081115,806870551737344674,1006357121358954109205129680,0.7,True,True,True,2879.07732033,67200.12,71152.95,False,False,False,False,False,3e-06
tectonic,cronos,0x8312A8d5d1deC499D00eb28e1a2723b13aA53C1e,0x0ae5ef1fb98beed3bddf2be5c841d2b2becf92da,tUSCd,18,901023935981036305461,1518013317757,1843507477400087919098,1049657986426488891481,1116507613687449007745826712,0.0,True,True,True,1.00841074,908.6,1709.13,False,False,False,False,False,0.0
tectonic,cronos,0x7E0067CEf1e7558daFbaB3B1F8F6Fa75Ff64725f,0x498bd0cbdf3ba43c02fe768f8e993d4bf21d011d,tUSDCl,6,36276062484,51625601263216,26132442809,4086103203,1129718602067993,0.7,True,True,True,1.00006014,36278.24,58325.91,False,False,False,False,False,0.0
tectonic,cronos,0x7E0067CEf1e7558daFbaB3B1F8F6Fa75Ff64725f,0x3c920600e049a128b01d2ef0b932108687196502,tUSDTl,6,27183248711,46314898844927,28591235332,2980211920,1139898249584166,0.7,True,True,True,0.9997984,27177.77,52783.63,False,False,False,False,False,0.0
tectonic,cronos,0x7E0067CEf1e7558daFbaB3B1F8F6Fa75Ff64725f,0x972173afb7eefb80a0815831b318a643442ad0c1,tCROl,18,1285501766310810782614262,1421292473665669,365630455988752285341159,146562492512357391836457,1058592624434825514202282090,0.6,True,True,True,0.06590932,84726.55,99165.17,False,False,False,False,False,0.0
tectonic,cronos,0x7E0067CEf1e7558daFbaB3B1F8F6Fa75Ff64725f,0xcd8f4147a4f9452e027f5203bfc5b7a786055138,tLCROl,18,2551090199291290988036976,2590542752774962,122067159796951042310212,72273959081012000913450,1003991691401808071871423032,0.7,True,True,True,0.08636698,220329.96,224630.44,False,False,False,False,False,0.0
tectonic,cronos,0x7E0067CEf1e7558daFbaB3B1F8F6Fa75Ff64725f,0x56b6000f7aa338d77ba834f6f70a1774d0248517,tATOMl,6,4342926278,5084869682563,2041903419,447510389,1167644340691800,0.6,True,True,True,1.68229999,7306.1,9988.35,False,False,False,False,False,0.0
tectonic,cronos,0x7E0067CEf1e7558daFbaB3B1F8F6Fa75Ff64725f,0x0a927384cc7ff3d250ac276ae2158d837e42f667,tLATOMl,6,5813424227,5359012226910,14666010,423786321,1008451499487642,0.7,True,True,True,2.99525406,17412.68,16187.26,False,False,False,False,False,0.0
paxo-finance,xdc,0x301C76e7b60e9824E32991B8F29e1c4a03B4F65b,0x54ecc8832b65c2db0c53235cde94991c5cdcabf9,vFXD,18,52380217840650040391,767355222358973353877228,17420978954299671999384,291569779733221841098,22390919996071071,0.95,True,True,True,0.9397334791055302,49.22,16146.3,False,False,False,False,False,0.0
paxo-finance,xdc,0x301C76e7b60e9824E32991B8F29e1c4a03B4F65b,0xce39ec58257c790f622fa7dfd5b4cc372f41ed9e,vWXDC,18,1498714204326603840300,9907502874763356330462899,0,0,151270630275986,0.95,True,True,False,0.0341184964286856,51.13,51.13,False,False,False,False,False,0.0
paxo-finance,xdc,0x301C76e7b60e9824E32991B8F29e1c4a03B4F65b,0x98f99c3f405a828188c88e8ea9fd02393b438217,vEURS,2,510,79826804,1657983,11811,20628183986922487,0.95,True,True,True,None,None,None,False,False,False,False,False,None
paxo-finance,xdc,0x301C76e7b60e9824E32991B8F29e1c4a03B4F65b,0xfc839b46019606b425f8b4c65b4479c3315de5c6,vBuyFXD,18,29481434829728639506,4059042261838576852472,0,0,7263150499047718,0.95,True,True,False,0.9397334791055302,27.7,27.7,False,False,False,False,False,0.0
paxo-finance,xdc,0x301C76e7b60e9824E32991B8F29e1c4a03B4F65b,0xb7c3b74f897adce04db33d9438d60a8fcf70cbc1,vBuyEURS,2,11294,564700,0,0,20000000000000000,0.95,True,True,False,None,None,None,False,True,False,False,False,None
paxo-finance,xdc,0x301C76e7b60e9824E32991B8F29e1c4a03B4F65b,0x84c395e6db4c1bbd78475a641fd96306d2b1d949,vXSP,18,16320723305830100118079,816036165291505005903939,0,0,20000000000000000,0.95,True,True,False,None,None,None,False,False,False,False,False,None
paxo-finance,xdc,0x301C76e7b60e9824E32991B8F29e1c4a03B4F65b,0x34aa3fb5f02df5fbd03545ed3b35b90e51eee88d,vPLI,18,1382869208409311850777,69143460420465592538030,0,0,20000000000000000,0.95,True,True,False,None,None,None,False,False,False,False,False,None
paxo-finance,xdc,0x301C76e7b60e9824E32991B8F29e1c4a03B4F65b,0x040d58b6bacf8ed07d6ee9eab7db1c2627e026e3,vPRNT,18,1019769953484500181,50988497674225009050,0,0,20000000000000000,0.95,True,True,False,None,None,None,False,False,False,False,False,None
paxo-finance,xdc,0x301C76e7b60e9824E32991B8F29e1c4a03B4F65b,0xcc402f9573132b006d6b63b5d5b5a986767959a5,vBorrowWXDC,18,3009500000000000000000,150894588777853939209215,8503099460675695493,0,20000737759415354,0.9,True,True,True,0.0341184964286856,102.68,102.97,False,False,False,False,False,0.0
xpert,ink,0x4f3b08B7FE4E14f728d084850A7B9CFF2E759Eb7,0x5e935d83268adb44992e25bcf39e8d3f03cf906f,xETH,18,3278063485,5321928292050931,5962546418700067,622774512687654,1003353463452640636,0.7,True,False,False,2683.465,0.0,14.33,False,False,False,False,False,0.0
xpert,ink,0x4f3b08B7FE4E14f728d084850A7B9CFF2E759Eb7,0x1b8eec91df44dd904dbd03bf6a3b723fb738bc39,xWETH,18,26604782026,313394627084,250855347274872,241764337354645,29093079186099707281,0.7,True,False,False,2683.465,0.0,0.02,False,False,False,False,False,0.0
xpert,ink,0x4f3b08B7FE4E14f728d084850A7B9CFF2E759Eb7,0x99793c9ae73866a432b95d6bd3e143684bffb283,xUSDC,6,20000,5761836,6452970,706558,1000794191295968854,0.8,True,False,False,0.99993496,0.02,5.77,False,False,False,False,False,1e-06
xpert,ink,0x4f3b08B7FE4E14f728d084850A7B9CFF2E759Eb7,0x92bd8f8c28c427dce89ea626a05689a8259c5ce3,xUSDT0,6,875227,142485,49,732683,1000757974523634066,0.8,True,False,False,0.99977,0.88,0.14,False,True,False,False,False,1e-06
xpert,ink,0x4f3b08B7FE4E14f728d084850A7B9CFF2E759Eb7,0x32316c282e577f261b5ece606b4cab89bf55e5c5,xkBTC,8,268,19281,19947,920,1000726103417872516,0.7,True,False,False,84619.08365469,0.23,16.33,False,True,False,False,False,0.000846
segment-finance,bob,0xcD7C4F508652f33295F0aEd075936Cd95A4D2911,0xd7c6cc5aef7396182c5d7ebdac66ff674f3ddcf4,seETH,18,20039505683521728893,118994356178,3876828155195275131,31567424019842622,200721842462584304785514312,0.6,True,None,None,2672.37,53552.97,63828.93,False,False,False,False,False,1e-06
segment-finance,bob,0xcD7C4F508652f33295F0aEd075936Cd95A4D2911,0x7414f14497be308e30ee345a0dcfc43623c179c2,,18,None,None,None,None,None,0.0,None,None,None,999893870000.0,None,None,False,False,False,False,False,None
segment-finance,bob,0xcD7C4F508652f33295F0aEd075936Cd95A4D2911,0x6265c05158f672016b771d6fb7422823ed2cbcdd,,None,142234119,11418371591,93513173,1448153,20519488013919199,0.6,True,None,None,None,None,None,False,False,False,False,False,None
segment-finance,bob,0xcD7C4F508652f33295F0aEd075936Cd95A4D2911,0xc344000a28f00e879c566f1ec259da24d6279592,seUSDC,6,4968409224,27648280142873,1196846925,166891475,216952542545262,0.0,None,None,None,0.99996814,4968.25,5998.17,False,False,False,False,False,0.0
segment-finance,bob,0xcD7C4F508652f33295F0aEd075936Cd95A4D2911,0xd30288ea9873f376016a0250433b7ea375676077,seTBTC,None,44185538135782201,207709991,337578270822963,697953793572666,210992077954654083057564621,0.0,None,None,None,None,None,None,False,False,False,False,False,None
segment-finance,bob,0xcD7C4F508652f33295F0aEd075936Cd95A4D2911,0x2136ebc7be1e65fdb4a407ac2874b3d6850a64c2,seESOV,None,604530723169052905660,7479176498259,2069826867269780575510,368946315499744246378,308243999252557021149414213,0.5,True,None,None,None,None,None,False,False,False,False,False,None
segment-finance,bob,0xcD7C4F508652f33295F0aEd075936Cd95A4D2911,0xfb71992ed470632105f16c331a0c9365c8a4f613,seSTONE,None,31556371016848301450,159867394247,517604969260273550,27277031882423620,200458005243477128831293447,0.6,True,None,None,None,None,None,False,False,False,False,False,None
segment-finance,bob,0xcD7C4F508652f33295F0aEd075936Cd95A4D2911,0xfdc94f6018c5764dd6bfcd003ee910d7f3907a1d,seWSTETH,None,268551499724299584,1557074003,308143188365196800,60261942178130904,331668722820083895524392747,0.6,True,None,None,None,None,None,False,False,False,False,False,None
segment-finance,bob,0xcD7C4F508652f33295F0aEd075936Cd95A4D2911,0xa005eb8730db1e26650c84fe31e95a8aa3accf93,seRETH,None,260474689774146362,587340805,15811928421756656,32735512901255542,414667435365141156845045016,0.6,True,None,None,None,None,None,False,False,False,False,False,None
segment-finance,bob,0xcD7C4F508652f33295F0aEd075936Cd95A4D2911,0x83493ae23cec5dfec03052ff5cded648defc3336,seDAI,None,1,1219022644971,464200514674851981536,55767098843041254859,335049900440140858737504490,0.0,None,None,None,None,None,None,False,False,False,False,False,None
segment-finance,bob,0xcD7C4F508652f33295F0aEd075936Cd95A4D2911,0x0997f9c07dbda641ddcc9713d3e63aa6649abd98,seSOLVBTC,None,212358094284748764,1012067276,347585104067202,18369355172854,210151355623559467799648528,0.6,True,None,None,None,None,None,False,False,False,False,False,None
segment-finance,bob,0xcD7C4F508652f33295F0aEd075936Cd95A4D2911,0x4a98bf3bcdb5324223fb7ac2f22a460e70ef2046,seSAT,None,1,18367096234818,25182627112648418574894,2574798593464978333029,1230887464743958846059228507,0.0,None,None,None,None,None,None,False,False,False,False,False,None
segment-finance,bob,0xcD7C4F508652f33295F0aEd075936Cd95A4D2911,0x26e68188d7c6ed30e194652aad1cc1e65434288c,,None,70240356424909978,391314647,11662509867746588,2198085217719562,203684635078167682284583638,0.6,True,None,None,None,None,None,False,False,False,False,False,None
segment-finance,bob,0xcD7C4F508652f33295F0aEd075936Cd95A4D2911,0x5ef2b8fbcc8aea2a9dbe2729f0acf33e073fa43e,seSOLVBTCBBN,None,747542590111614661,3802342993,21637157403398934,2527993689222169,201626143469217382620274309,0.6,True,None,None,None,None,None,False,False,False,False,False,None
segment-finance,bob,0xcD7C4F508652f33295F0aEd075936Cd95A4D2911,0x7848f0775eebabbf55cb74490ce6d3673e68773a,seUNIBTC,None,8271705,606092315,4242672,93763,20492940914454590,0.0,None,None,None,None,None,None,False,False,False,False,False,None
segment-finance,bob,0xcD7C4F508652f33295F0aEd075936Cd95A4D2911,0x049a96cb83f77bd4165d8a9a033b9d4c41eff0f4,,None,152674,8629581,39800,11185,21007856580754036,0.6,True,None,None,None,None,None,False,False,False,False,False,None
segment-finance,bob,0xcD7C4F508652f33295F0aEd075936Cd95A4D2911,0xc2808727f0c8366dab63f83074d890dea60c5d99,,None,12276615072881292454,87860967566,6070709288023226861,108241341838983593,207590281832084049394089050,0.0,None,None,None,None,None,None,False,False,False,False,False,None
segment-finance,bob,0xcD7C4F508652f33295F0aEd075936Cd95A4D2911,0xac431aca682aea40da9954568ea779b43acc6a39,seLBTC,None,342300,17213290,25399,20099,20193699170815108,0.0,None,None,None,None,None,None,False,False,False,False,False,None
segment-finance,bob,0xcD7C4F508652f33295F0aEd075936Cd95A4D2911,0x811bb0cc1800e35770495ffe1a6acb5650a6e83c,sePUMPBTC,None,11631969,608194942,631765,29611,20115463242375994,0.6,True,None,None,None,None,None,False,False,False,False,False,None
segment-finance,bob,0xcD7C4F508652f33295F0aEd075936Cd95A4D2911,0x740bc032f9c2f7850d4490a6ed34c5c1bbfaf8fa,,None,2748685536186732539144,13743427680839,0,0,200000000001377570398278125,0.0,None,None,None,None,None,None,False,False,False,False,False,None
segment-finance,bob,0xcD7C4F508652f33295F0aEd075936Cd95A4D2911,0x39e5946da0afd4ee792273e68935c0c9510307a5,,None,10000594463259963164084879,50002972312417733,0,0,200000000015527408235531306,0.0,True,None,None,None,None,None,False,False,False,False,False,None
shoebillFinance-v2,bob,0x9f53Cd350c3aC49cE6CE673abff647E5fe79A3CC,0x8dbf84c93727c85db09478c83a8621e765d20ec2,,18,0,4141662642,6124920488278422738,4643621346021065717,357658088139704407387606824,0.0,None,None,None,2868.629700379663,0.0,4249.3,False,False,False,False,False,1e-06
shoebillFinance-v2,bob,0x9f53Cd350c3aC49cE6CE673abff647E5fe79A3CC,0x1383f1b1bab5edd9f65a219eb690bc23c05085b4,,None,0,188889600,2130870865004036403,1912207514265205796,1157625145793260227137968421,0.0,None,None,None,None,None,None,False,False,False,False,False,None
shoebillFinance-v2,bob,0x9f53Cd350c3aC49cE6CE673abff647E5fe79A3CC,0xd2604dc37a0fc8a15ab3c95b36cff18c94f66dab,sbwstETH,None,0,1161618829,6270076265982977281,5389555327165110063,758011937165205177644378558,0.7,True,False,None,None,None,None,False,False,False,False,False,None
shoebillFinance-v2,bob,0x9f53Cd350c3aC49cE6CE673abff647E5fe79A3CC,0xb4255533ad74a25a83d17154cb48a287e8f6a811,sbETH,None,0,47771653430,12113487897788576335,1263974557520364391,227111949477864491490764798,0.0,None,None,True,None,None,None,False,False,False,False,False,None
shoebillFinance-v2,bob,0xB7ed6c062caAaCb1A13f317E0A751289280FC306,0x5c46d274ed8abcae2964b63c0360ad3ccc384daa,,None,0,57106354294,2386308293,56505738,40797606217436045,0.0,None,True,None,None,None,None,False,False,False,False,False,None
shoebillFinance-v2,bob,0xB7ed6c062caAaCb1A13f317E0A751289280FC306,0x2925df9eb2092b53b06a06353a7249af3a8b139e,,None,0,9138123179,1925031541702725535,54031721861854991,204746618445738347165258757,0.7,True,True,None,None,None,None,False,False,False,False,False,None
shoebillFinance-v2,bob,0xB7ed6c062caAaCb1A13f317E0A751289280FC306,0x9176844c74ff950982f96cfd1b8eead758103a19,,18,73509856456059,367549,0,0,200000153601449058492881221,0.7,True,True,True,83790.04678207065,6.16,6.16,False,True,False,False,False,1.7e-05
shoebillFinance-v2,bob,0xB7ed6c062caAaCb1A13f317E0A751289280FC306,0x0f1f734c1d69774be2c1a8eba3d1a43f4576faf7,,18,73789898999017,368951,0,0,199999184170843824789741727,0.7,True,True,True,83790.04678207065,6.18,6.18,False,True,False,False,False,1.7e-05
shoebillFinance-v2,bob,0x1e514767F5cFe1ddE599dd39a79666E3BeEAaf7d,0x5d7723648daec273f3ead53c6472490bbd4f0a7c,,None,100,12685832009318,2982733916,114412815,226104302728678,0.0,None,None,None,None,None,None,False,False,False,False,False,None
shoebillFinance-v2,bob,0x1e514767F5cFe1ddE599dd39a79666E3BeEAaf7d,0x819e74010cb4276887170bbfa4737ba74a069e79,,None,0,6731415827616,7096304087,5010797114,309816987452193,0.7,True,False,None,None,None,None,False,False,False,False,False,None
wemix-lend,wemix,0x929620a759a564e3C273e8a4efCDa5806da168F2,0x34b9b18fdbe2abc6dfb41a7f6d39b5e511ce3e23,cWEMIX,None,0,1200250233448944,241690844864622176097751,0,201367046745009587233181079,0.0,True,None,None,None,None,None,False,False,False,False,False,None
wemix-lend,wemix,0x929620a759a564e3C273e8a4efCDa5806da168F2,0x04dc57f9675e9a620f2566eae20d44acda890802,cWEMIX$,18,0,165165767662673,40328328422858504656115,0,244168806851206817654927394,0.0,True,None,None,None,None,None,False,False,False,False,False,None
wemix-lend,wemix,0x929620a759a564e3C273e8a4efCDa5806da168F2,0x87a47ad3634253eece10727bf14f75b119065b2b,cstWEMIX,18,7571069780679378211044,37855283572369,2395261,0,200000345162005077237787812,0.0,True,None,None,None,None,None,False,False,False,False,False,None
wemix-lend,wemix,0x929620a759a564e3C273e8a4efCDa5806da168F2,0x42bf5b0b07b672c2de30f6d5aef1b50c644147f0,cwRFT,18,9931322333592380937,45369290062,1847000513963383,857902732,218940373977069916708453342,0.55,True,None,None,None,None,None,False,False,False,False,False,None
wemix-lend,wemix,0x929620a759a564e3C273e8a4efCDa5806da168F2,0x80b12a416373fc5aa7d1d332b662d7c6550dfbbb,cUSDC,6,0,592658126131,210499562,37591238,291750532687002,0.0,True,None,None,None,None,None,False,False,False,False,False,None
wemix-lend,wemix,0x929620a759a564e3C273e8a4efCDa5806da168F2,0xc74295d67528346c9d1b4cdbeebe0d25ee55c35a,cUSDT,6,0,1090858883914,358094858,34590209,296559576834783,0.0,True,None,None,None,None,None,False,False,False,False,False,None
wemix-lend,wemix,0x929620a759a564e3C273e8a4efCDa5806da168F2,0x814b357ca8b65d9d431a369afc2139bcbf609987,cETH,18,12474730314506350,64371444,401652392490209,31287193899,200032042465952138653282346,0.0,True,None,None,None,None,None,False,False,False,False,False,None
wemix-lend,wemix,0x929620a759a564e3C273e8a4efCDa5806da168F2,0x6a08ea25ce8e8c9ad4e19467b091c253aa9b4432,cWBTC,8,1025783,51287947,0,0,20000469116067367,0.0,True,None,None,None,None,None,False,False,False,False,False,None
wemix-lend,wemix,0x929620a759a564e3C273e8a4efCDa5806da168F2,0xc5f854b7aaaa971f196c673fadea7417b37e1feb,cBNB,18,332667662508571637,1663338329,0,0,199999998021191296073355861,0.0,True,None,None,None,None,None,False,False,False,False,False,None
wemix-lend,wemix,0x929620a759a564e3C273e8a4efCDa5806da168F2,0xc7144e6e0fa9d6fa0d27c7e19117bda8102bb720,cKLAY,18,146008499192415704697,671754816732,47316918602,0,217353855309955234041988273,0.0,True,None,None,None,None,None,False,False,False,False,False,None
shoebillFinance-v2,wemix,0xBA5E3f89f57342D94333C682e159e68Ee1Fc64De,0x15a4f755caab62e60175342199b6d139d519b7c3,sbstWEMIX,18,1647646860713738121097,8238234303533,0,0,200000000000866462500822389,0.92,True,False,True,2.18003248,3591.92,3591.92,False,False,False,False,False,0.0
shoebillFinance-v2,wemix,0xBA5E3f89f57342D94333C682e159e68Ee1Fc64De,0xd42ad8346d14853eb3d30568b7415cf90c579d83,sbWEMIX,None,0,3157725878166,1121616804397590240053,314847513825759468878,255490603586021386426285749,0.7,True,False,True,None,None,None,False,False,False,False,False,None
keom,polygon_zkevm,0x6EA32f626e3A5c41547235ebBdf861526e11f482,0xee1727f5074e747716637e1776b7f7c7133f16b1,kNative,None,0,18101636319,25331615408265843773,6765917357987885453,1025636452036707075553305949,1e-18,True,None,None,None,None,None,False,False,False,False,False,None
keom,polygon_zkevm,0x6EA32f626e3A5c41547235ebBdf861526e11f482,0x8903dc1f4736d2fcb90c1497aebbaba133daac76,kMATIC,18,24614456264957541209638,146138630566176,5816162521349961611807,515375015187159203243,204704557961310680207546521,1e-18,True,None,None,None,None,None,False,False,False,False,False,None
keom,polygon_zkevm,0x6EA32f626e3A5c41547235ebBdf861526e11f482,0x68d9baa40394da2e2c1ca05d30bf33f52823ee7b,kUSDC,6,0,37496081786225,12955449127,2026389118,291472054901881,1e-18,True,None,None,None,None,None,False,False,False,False,False,None
keom,polygon_zkevm,0x6EA32f626e3A5c41547235ebBdf861526e11f482,0xad41c77d99e282267c1492cdefe528d7d5044253,kUSDT,6,0,13492766530248,3465541814,402576894,227007924070535,1e-18,True,None,None,None,None,None,False,False,False,False,False,None
keom,polygon_zkevm,0x6EA32f626e3A5c41547235ebBdf861526e11f482,0xbc59506a5ce024b892776d4f7dd450b0fb3584a2,kWETH,18,0,394075679,81956147139326249,2711552804275200,201089786957015048370950088,1e-18,True,None,None,None,None,None,False,False,False,False,False,None
keom,polygon_zkevm,0x6EA32f626e3A5c41547235ebBdf861526e11f482,0x503deabad9641c5b4015041eeb0f1263e415715d,kWBTC,8,0,19272652,399157,9792,20202979849374128,1e-18,True,None,None,None,None,None,False,False,False,False,False,None
keom,polygon_zkevm,0x6EA32f626e3A5c41547235ebBdf861526e11f482,0x888b707a12205b52805d86123fe720ba119f0632,kDAI,18,21709956066295529156,270431506770,115369664445845375650,63096081644438546387,273575885263342529203036914,1e-18,True,None,None,None,None,None,False,False,False,False,False,None
keom,polygon_zkevm,0x6EA32f626e3A5c41547235ebBdf861526e11f482,0x4ce75412dafcebb421e90e42b3fac6db795e4f85,kUSDC.E,6,0,1154371378330,1406302862,959716033,386865819253129,1e-18,True,None,None,None,None,None,False,False,False,False,False,None
ionic-protocol,lisk,0xf448a36fefb223b8e46e36ff12091baba97bdf60,0x1c3e2b1a167d8b6d85505e82f46495eeb34951f8,ionWETH,18,4046649086349360045,19739128718476390014,145480542298119824,240242461578942471,None,0.5,True,True,True,1.0,4.05,None,False,False,False,False,False,0.0
ionic-protocol,lisk,0xf448a36fefb223b8e46e36ff12091baba97bdf60,0x0d72f18bc4b4a2f0370af6d799045595d806636f,ionUSDT,6,7037,20674776098,27509064325,2895261557,None,0.5,True,True,True,0.000373762480883226,0.0,None,False,False,False,False,False,0.0
ionic-protocol,lisk,0xf448a36fefb223b8e46e36ff12091baba97bdf60,0x5d4fe9b1dc67d20ac79e5e8386d46517aa6b657c,ionLSK,18,7444303012081706469813,41078027331336771065755,959460949364544324672,136766801694972193417,None,0.5,True,True,True,0.000105740086948977,0.79,None,False,False,False,False,False,0.0
ionic-protocol,lisk,0xf448a36fefb223b8e46e36ff12091baba97bdf60,0x7682c12f6d1af845479649c77a9e7729f0180d78,ionUSDC,6,840862885,16019323064,7608175796,1146046406,None,0.5,True,True,True,0.000373816674985018,0.31,None,False,False,False,False,False,0.0
ionic-protocol,lisk,0xf448a36fefb223b8e46e36ff12091baba97bdf60,0xf96e5a959ff62e2b4b4011abc9cb9e1aab553b53,ionWBTC,8,661589,4680886,312395,19869,None,0.5,True,True,True,31.61954821139123,0.21,None,False,False,False,False,False,0.0
wanlend,wan,0x21c72522005ccf570f40acaa04b448918aecc2ad,0xe8548014f731194764af27c8edc9bbaa7d2f4c46,wWAN,None,46136615027534453356727,218491375190071,381700568245701903946,715888280449546235754,209630367676920681240616519,0.75,True,False,True,None,None,None,False,False,False,False,False,None
wanlend,wan,0x21c72522005ccf570f40acaa04b448918aecc2ad,0xe167e65754fbbfe506e7227cd5e815ecd6170f8a,wwanBTC,8,86856,47928128216,35029399477,30254733089,99623194598407640,0.0,True,False,True,1444721.6857792286,1254.83,68981895.56,False,False,False,False,False,0.0
wanlend,wan,0x21c72522005ccf570f40acaa04b448918aecc2ad,0x2411acd51122a43277d1bd8b63c478b815ae9ede,wwanETH,18,30298078859726583,150019311,3759957580848653,3957805305194795,200642376869604747084860295,0.75,True,False,True,45850.66566404047,1389.19,1380.12,False,False,False,False,False,9e-06
wanlend,wan,0x21c72522005ccf570f40acaa04b448918aecc2ad,0xff39b35474c83f2552b0463d664dd12da5d083cf,wwanUSDT,6,57022617,1925140270039873,77423881097785,76974342523941,233539136580259,0.75,True,False,True,17.107309486780714,975.5,7691371.01,False,False,False,False,False,0.0
wanlend,wan,0x21c72522005ccf570f40acaa04b448918aecc2ad,0x1c6ad34e176f230f430a6e61b5088415482207e4,wwanUSDC,6,1669953785,194931668568,331190472,1958842500,217008130647809,0.75,True,False,True,17.085263103925623,28531.6,722.74,False,False,False,False,False,0.0
wanlend,wan,0x21c72522005ccf570f40acaa04b448918aecc2ad,0xe2cb1756bd27fca11569513de67e203e929c591e,wFNX,18,45282411634044201728199169,236805193970358746,3909769625233442132652216,0,207732695531311283033765077,0.0,True,False,True,7.0001e-14,0.0,0.0,False,False,False,False,False,0.0
wanlend,wan,0x21c72522005ccf570f40acaa04b448918aecc2ad,0x3dd82c1b370e1bcb8eaebb4a4c81ebbbe2eb02c5,wwanLINK,18,2523121793964874,15138721,544009399837579,34913782270827,200295481469777136390848341,0.5,True,False,True,238.92126535983456,0.6,0.72,False,False,False,False,False,0.0
wanlend,wan,0x21c72522005ccf570f40acaa04b448918aecc2ad,0x30558274e9739e8006ebddb359ae64e691747e40,wwanUNI,18,0,7045,1433579761091,22528201012,200291207960113555713271823,0.5,True,False,True,156.71731068309606,0.0,0.0,False,True,False,False,False,0.0
wanlend,wan,0x21c72522005ccf570f40acaa04b448918aecc2ad,0x1c92a7afdec19453dd5b78eba183eeea5744f334,wwanSUSHI,18,0,20210,4201515746830,111052660354,202397975580207817911924789,0.5,True,False,True,4.325038880248834,0.0,0.0,False,True,False,False,False,0.0
wanlend,wan,0x21c72522005ccf570f40acaa04b448918aecc2ad,0x0492d201b58f748f2f2c64777bd235ff7cd3e1d5,wWASP,18,46433622031766271325600,193959450392931,1698443830792645328932,3048884370655860511289,232436116933574003640538438,0.1,True,False,True,0.003831865055640131,177.93,172.75,False,False,False,False,False,0.0
wanlend,wan,0x21c72522005ccf570f40acaa04b448918aecc2ad,0xaf96f49d92a1a4e7c9b77755364355aeee036ef5,wwanNBTC,8,9029922,148457750,62336,5332743,25323804247336363,0.75,True,False,True,1444721.6857792286,130457.24,54314.53,False,False,False,False,False,0.0
wanlend,wan,0x21c72522005ccf570f40acaa04b448918aecc2ad,0xca379fc6cb94db3c68b83bad0e574030f97eae54,wwanXRP,6,8943581549,443247154655,25649725,19434928,20191435527580645,0.5,True,False,True,25.29352451591954,226214.7,226371.89,False,False,False,False,False,0.0
wanlend,wan,0xd6980C52C20Fb106e54cC6c8AE04c089C3F6B9d6,0x48c42529c4c8e3d10060e04240e9ec6cd0eb1218,w2WAN,None,559103861714992571717478,2584485474765487,4100633386081425246713,2496984719020748797666,216951310369786911189847115,0.6,True,True,True,None,None,None,False,False,False,False,False,None
wanlend,wan,0xd6980C52C20Fb106e54cC6c8AE04c089C3F6B9d6,0x040007866aa406908c70f7da53425cae191a9a46,w2wanBTC,8,17696363,938748868,1353872,14761,20277493426495402,0.75,True,False,False,1444721.6857792286,255663.19,275009.62,False,False,False,False,False,0.0
wanlend,wan,0xd6980C52C20Fb106e54cC6c8AE04c089C3F6B9d6,0x915059e4917d6c2f76b6cc37868cc4d61bc0c7a5,w2wanETH,18,1062926409576726000,5313118453,20892214204796940,3608577769923635,203309987452222026528193422,0.75,True,False,False,45850.66566404047,48735.88,49528.35,False,False,False,False,False,9e-06
wanlend,wan,0xd6980C52C20Fb106e54cC6c8AE04c089C3F6B9d6,0x86d6aa06b2649a68b59cd76e0195dbd26c5c6c48,w2wanUSDT,6,3464477576,80579640597838,26370219811,766754638,360735572079232,0.8,True,False,False,17.107309486780714,59267.89,497274.29,False,False,False,False,False,0.0
wanlend,wan,0xd6980C52C20Fb106e54cC6c8AE04c089C3F6B9d6,0x53c8882b2ce3fe05b871392faacf32ec051dffec,w2wanUSDC,6,17380610717,114606254970423,20163584836,446515455,323696818359294,0.8,True,False,False,17.085263103925623,296952.31,633823.63,False,False,False,False,False,0.0
wanlend,wan,0xd6980C52C20Fb106e54cC6c8AE04c089C3F6B9d6,0x75c47f668077269cce5ab74b7b7becdafe8ac88f,w2WASP,18,3977162768191361525927146,10394037373318132,187062180239948906933279,2032666861000903760647,400440380583468643830130083,0.0,True,False,False,0.003831865055640131,15239.95,15948.96,False,False,False,False,False,0.0
wanlend,wan,0xd6980C52C20Fb106e54cC6c8AE04c089C3F6B9d6,0xacc0475893b5e0596479c5a45c9477d418be6da6,w2wanXRP,6,79591068775,392983576460658,207848421,34459443,202971479040893,0.6,True,False,False,25.29352451591954,2013138.65,2017524.27,False,False,False,False,False,0.0
wanlend,wan,0xd6980C52C20Fb106e54cC6c8AE04c089C3F6B9d6,0x08b296fff000899a91010e765a0903fc049cb479,w2ZOO,18,1032543272281955765732237,2450680060604719,1899327028865567733795,15399892378152977500,422098019258863390099289986,0.0,True,True,True,0.001672830064934236,1727.27,1730.42,False,False,False,False,False,0.0
wanlend,wan,0xd6980C52C20Fb106e54cC6c8AE04c089C3F6B9d6,0x3c2edaa754cbc179cec5659483f336c8af303749,w2PHX,18,379090696330841992763962,1641132630597999,10842629237746808632491,348218540980820888145,237387947667368130503364329,0.0,True,False,False,0.001316592711603387,499.11,512.92,False,False,False,False,False,0.0
wanlend,wan,0xd6980C52C20Fb106e54cC6c8AE04c089C3F6B9d6,0x6b4b51cce4978c890e48080096ea915c885ccabf,w2WAND,18,50230592709223916497814355,244086706547879563,9859868749456057976201,137114444296968372383330,205268606563169113036247047,0.0,True,False,False,0.000393687628402201,19775.16,19725.06,False,False,False,False,False,0.0
wanlend,wan,0xd6980C52C20Fb106e54cC6c8AE04c089C3F6B9d6,0x8557802730a293144748c784b9bb5e259619034c,w2wanLTC,8,1452344939,67762590460,16110327,74174123,20575971690796544,0.0,True,False,False,1182.984977697264,17181.02,16494.14,False,False,False,False,False,0.0
wanlend,wan,0xd6980C52C20Fb106e54cC6c8AE04c089C3F6B9d6,0xff10c4394dbbd786d639166163861e8636899124,w2wanDOGE,8,492217899000,23698770102265,6847172310,4963271005,20849259188255361,0.0,True,False,False,1.5980038623895545,7865.66,7895.77,False,False,False,False,False,0.0
wanlend,wan,0xd6980C52C20Fb106e54cC6c8AE04c089C3F6B9d6,0xd758e693ae782286ee186e88b9df6c4b36061b60,w2wanDOT,10,2695853968375,1305973789801,111187331559,0,2149385632281125443,0.0,True,False,False,19.65375215764018,5298.36,5516.89,False,False,False,False,False,0.0
wanlend,wan,0xd6980C52C20Fb106e54cC6c8AE04c089C3F6B9d6,0xc7471d9189d48cd971aaecc824417339da93475e,w2wanBNB,18,9982298266985340667,41754897999,549548974271965855,294573067346999879,245175408503105002232387323,0.6,True,False,False,13109.565395724027,130863.59,134206.22,False,False,False,False,False,3e-06
wanlend,wan,0xd6980C52C20Fb106e54cC6c8AE04c089C3F6B9d6,0x9568e297110d4e13c1810e8513b3b1479e43fa3f,w2wanAVAX,18,85905148536927132052,416009922472,230978470492991640,597103346663283597,205617748616354546341999636,0.0,True,False,False,187.3088031719447,16090.79,16022.21,False,False,False,False,False,0.0
wanlend,wan,0xd6980C52C20Fb106e54cC6c8AE04c089C3F6B9d6,0xe8594bc843a2cacd4d7ad8b15bca0a82d2be898a,w2wanMOVR,18,28409202123323137911,130650335671,633545336452900324,981383903358149048,214782177269572620989580863,0.0,True,False,False,30.4205902961735,864.22,853.64,False,False,False,False,False,0.0
wanlend,wan,0xd6980C52C20Fb106e54cC6c8AE04c089C3F6B9d6,0xd7cb93439d2edaf94d621873e692f93fdba6437f,w2wanFTM,18,811595765678218891576,4220612125179,135932326223981848753,43105821085084185461,214286990605363714522722197,0.0,True,True,True,0.6542245313007365,530.97,591.7,False,False,False,False,False,0.0
wanlend,wan,0xd6980C52C20Fb106e54cC6c8AE04c089C3F6B9d6,0x3223568bccaaec5a10c0d5e8f8af6fc72d17a6c8,w2GLMR,18,5112000000000000000,952343311976,937206386405335913043,160282501403188931315,821170133887447371438356609,0.0,True,False,False,0.1480881171705433,0.76,115.81,False,False,False,False,False,0.0
keom,manta,0x91e9e99AC7C39d5c057F83ef44136dFB1e7adD7d,0x8903dc1f4736d2fcb90c1497aebbaba133daac76,kETH,None,0,106662106,49779142206845255,28419619540784689,200254087108129723221478488,1e-18,True,None,None,None,None,None,False,False,False,False,False,None
keom,manta,0x91e9e99AC7C39d5c057F83ef44136dFB1e7adD7d,0xe371cdaf86482f07e7b2ea17f4ccd5b202f59f15,kUSDC,6,4786368,4549,500809083,505595450,219828533743679,1e-18,True,None,None,0.99985253,4.79,0.0,False,True,False,False,False,0.0
keom,manta,0x91e9e99AC7C39d5c057F83ef44136dFB1e7adD7d,0x4769222c2ba104623023de49188030f6f30a332f,kUSDT,6,0,1185332832710,334687428,79432086,215344867665915,1e-18,True,None,None,1.000997,0.0,255.51,False,False,False,False,False,0.0
keom,manta,0x91e9e99AC7C39d5c057F83ef44136dFB1e7adD7d,0xd01dc0711a7de394bec97dccaa41d7960dfd33ee,kMANTA,18,0,0,19078837636949093198,184554071831326174437,200000000000000000000000000,1e-18,True,None,None,0.17123715,0.0,None,True,True,True,False,False,None
keom,manta,0xBAc1e5A0B14490Dd0b32fE769eb5637183D8655d,0xd773ffa79258f2d7458f1b74d075f4524ee3cca0,kETH,None,0,110679630,35633804406803604,10647500197305539,225753412886346521035532916,1e-18,True,None,None,None,None,None,False,False,False,False,False,None
keom,manta,0xBAc1e5A0B14490Dd0b32fE769eb5637183D8655d,0x4b9952e818265bfef67eb5e850bca3c914ee42ed,kSTONE,18,0,26341350623,15688570200858076,23987924036910335,None,1e-18,True,None,None,1913.20279955,0.0,None,False,False,False,False,False,None
shoebillFinance-v2,manta,0x9f53Cd350c3aC49cE6CE673abff647E5fe79A3CC,0x033f5e084a627cc420980ed9b1476c84a92fc5d4,sbSTONE,18,78305652362757104876,466695820902,30913106345137212855,9762370376227449664,213107518596253736091270605,0.7,True,False,True,2385.876605009244,186827.62,237290.67,False,False,False,False,False,1e-06
shoebillFinance-v2,manta,0x9f53Cd350c3aC49cE6CE673abff647E5fe79A3CC,0xe103f874b2d144c5b327fa3d57069bb19c0779e2,sbETH,None,5793076582594255005,30659967064,2267624681172435252,681666009000302436,240673293593672068564359107,0.5,True,False,True,None,None,None,False,False,False,False,False,None
shoebillFinance-v2,manta,0x3413Dc597aE3bE40C6f10fC3D706b884eaCF470A,0xff2033181cbf7ee2656d9a527d378930b31c3a42,sbUSDC,6,0,15402580452378,9151421254,4263962044,317314311398089,0.5,True,False,True,1.0,0.0,4887.46,False,False,False,False,False,0.0
shoebillFinance-v2,manta,0x3413Dc597aE3bE40C6f10fC3D706b884eaCF470A,0xc0ef6dea74e54689867fdd5f0ab2202f7d8a0d7b,sbwUSDM,18,0,27613423260894,65175131510136710120788,52967845139902260640866,442077979788994541562342997,0.8,True,False,True,1.06,0.0,12939.72,False,False,False,False,False,0.0
shoebillFinance-v2,manta,0x4e4b415F5aa78a44CE1fc259D2cEc47BF50A9216,0xcd43a9c159904f59619913728510ba64f94a480d,sbMANTA,18,0,177608179654688,2019505912126293932409838,1779622019439973751372535,1350635388261457260744653369,0.5,True,False,True,0.06938,0.0,16643.14,False,False,False,False,False,0.0
shoebillFinance-v2,manta,0x4e4b415F5aa78a44CE1fc259D2cEc47BF50A9216,0x7d02ab1a80b12ab391188bb7fa3ee5deb41b3a74,sbwstMANTA,18,8468313548123023892774,42341567737312,0,0,200000000015602253956974972,0.7,True,False,True,0.09724490986920505,823.5,823.5,False,False,False,False,False,0.0
shoebillFinance-v2,manta,0x4e4b415F5aa78a44CE1fc259D2cEc47BF50A9216,0x6555298f93995b8d8abf54d91cbfc7545e09db0a,sbvMANTA,18,7751055008378788983267,38755275041928,0,0,199999999999824255750329951,0.7,True,False,True,0.07649443334,592.91,592.91,False,False,False,False,False,0.0
cream,polygon,0x20ca53e2395fa571798623f1cfbd11fe2c114c24,0x73cf8c5d14aa0ebc89f18272a568319f5bab6cbd,crUSDC,6,2152339534,11755447783205,881299554,5404867,257602626190593,0.85,True,True,True,0.9999727,2152.28,3028.15,False,False,False,False,False,0.0
cream,polygon,0x20ca53e2395fa571798623f1cfbd11fe2c114c24,0xf976c9bc0e16b250e0b1523cffaa9e4c07bc5c8a,crUSDT,6,4477252880,21606948233829,799145776,3418033,244040970799584,0.75,True,True,True,0.99983654,4476.52,5272.12,False,False,False,False,False,0.0
cream,polygon,0x20ca53e2395fa571798623f1cfbd11fe2c114c24,0x4eceddf62277ed78623f9a94995c680f8fd6c00e,crDAI,18,1578589872928926341268,6186862279146,60591554619466041736,138907014014725826825,242493584929250449988775228,0.8,True,True,True,1.00001849,1578.62,1500.3,False,False,False,False,False,0.0
cream,polygon,0x20ca53e2395fa571798623f1cfbd11fe2c114c24,0x3fae5e5722c51cdb5b0afd8c7082e8a6af336ee8,crMATIC,18,5950671620518069490620,29944608628767,387620948277361587926,289073587366442321,211657583299295851789966499,0.75,True,True,True,0.107696,640.86,682.58,False,False,False,False,False,0.0
cream,polygon,0x20ca53e2395fa571798623f1cfbd11fe2c114c24,0x7ef18d0a9c3fb1a716ff6c3ed0edf52a2427f716,crWETH,18,747814677595920612,3742377816,151762288786860567,116924558323707036,209132387626111917664274653,0.825,True,True,True,2676.28510819,2001.37,2094.6,False,False,False,False,False,1e-06
cream,polygon,0x20ca53e2395fa571798623f1cfbd11fe2c114c24,0x5dc3a30d8c5937f1529c3c93507c16d86a17072a,crWBTC,8,1669164,74593531,123328,246893,20720282030890855,0.75,True,True,True,84626.67434897,1412.56,1307.99,False,False,False,False,False,0.0
cream,polygon,0x20ca53e2395fa571798623f1cfbd11fe2c114c24,0x20d5d319c2964ecb52e1b006a4c059b7f6d6ad0a,crLINK,18,114048164407157842116,498598132930,2282522147508059426,12903369885355681914,207436229376797036029767469,0.0,True,True,True,14.05863,1603.36,1454.05,False,False,False,False,False,0.0
cream,polygon,0x20ca53e2395fa571798623f1cfbd11fe2c114c24,0x468a7bf78f11da82c90b17a93adb7b14999af5ab,crSUSHI,18,2851184630401972451991,12989239134227,10688403189485676015,38390051316981819084,217370929359097062871695450,0.0,True,True,True,0.25239,719.61,712.62,False,False,False,False,False,0.0
cream,polygon,0x20ca53e2395fa571798623f1cfbd11fe2c114c24,0xe82225ba6bed28406912522f01c7102dd9f07e78,crCRV,18,5453875663891491814213,29675127576847,1598152554038624701948,9841488902078025516,237309400297994440156829023,0.45,True,True,True,0.37452341,2042.6,2637.46,False,False,False,False,False,0.0
cream,polygon,0x20ca53e2395fa571798623f1cfbd11fe2c114c24,0x2ee80614ccbc5e28654324a66a396458fa5cd7cc,crQUICK,18,150813270164779465281,434700931218,193410662874595902,12229611015270714182,319247233778727402903209853,0.0,True,True,True,10.56,1592.59,1465.49,False,False,False,False,False,0.0
cream,polygon,0x20ca53e2395fa571798623f1cfbd11fe2c114c24,0x4486835e0c567a320c0636d8f6e6e6679a46a271,crAAVE,18,66718416681657371050,291629184957,5795095830757169,6824711356,228798128625232541091129131,0.65,True,True,True,178.77243745,11927.41,11928.45,False,False,False,False,False,0.0
cream,polygon,0x20ca53e2395fa571798623f1cfbd11fe2c114c24,0xfbbfa5fd64246046e683c423aa2ab0470fbd328d,crDPI,18,4023157890541766230,19380589082,3333844085915,68927164398626803,204030643405972469810399336,0.0,True,True,True,None,None,None,False,False,False,False,False,None
cream,polygon,0x20ca53e2395fa571798623f1cfbd11fe2c114c24,0x9b21eb2e30d8320c3c1b8d8465284d78e58cb971,crFXS,18,40668889460962187382,174806309584,102482410011041392,4333508704755647269,208447070663133172371543107,0.45,True,True,True,None,None,None,False,False,False,False,False,None
cream,polygon,0x20ca53e2395fa571798623f1cfbd11fe2c114c24,0xd4409b8d17d5d49a7ed9ae734b0e8edba29b9ffa,crSNX,18,206105214452375625598,961911722532,9727569437690670809,11586080165362017795,212334145577386479925681155,0.0,True,True,True,0.25190942,51.92,51.45,False,False,False,False,False,0.0
cream,polygon,0x20ca53e2395fa571798623f1cfbd11fe2c114c24,0x7ea7174dd0cb4ab84f42177f01e9a8a79475d381,crUNI,18,439773789910647989275,2108764617277,2404107694105655995,9173710770955549769,205335476177007653481492799,0.0,True,True,True,9.1074838,4005.23,3943.58,False,False,False,False,False,0.0
cream,polygon,0x20ca53e2395fa571798623f1cfbd11fe2c114c24,0x98182bf525a4252c436ac349a4b79c7e6cd0eb7a,crIBBTC,18,836193015222110,3205120,146268669093939,178858846646738,250724727208126684804313099,0.0,True,True,True,84626.67434897,70.76,68.01,False,False,False,False,False,2.1e-05
filda,polygon,0xfBE0f3A3d1405257Bd69691406Eafa73f5095723,0x154250560242c4f2947cf2ea6c8e92e0ce714d4e,fMatic,18,266097339436504023946,12757737936346079686003,572335951551340298,2285711774341885,20902403780889760,0.65,True,False,False,1.0,266.1,266.67,False,False,False,False,False,0.0
filda,polygon,0xfBE0f3A3d1405257Bd69691406Eafa73f5095723,0x7280faec8c4a6abbb3414e31015ac108113363a4,fUSDT,6,32618795,441807865565441078310,2798,23392064,20890,0.8,True,False,False,9.283597982344352,302.82,85.68,False,False,False,False,False,0.0
filda,polygon,0xfBE0f3A3d1405257Bd69691406Eafa73f5095723,0xb9542add6d6049ae59ce39e45fb2ec88797931e7,fAAVE,18,69264504112844616,3459751258361407051,4439402679696,68906978367049,20001448476943829,0.65,True,False,False,1659.922770585682,114.97,114.87,False,False,False,False,False,0.0
filda,polygon,0xfBE0f3A3d1405257Bd69691406Eafa73f5095723,0x0ab290a1ebf33f21d7c5d0f9b4cee940921fdfc0,fDAI,18,223345394083044937,16239192969165942509,850512281078996027,265143520476129995,49800144392732538,0.8,True,False,False,9.285287409150946,2.07,7.51,False,False,False,False,False,0.0
filda,polygon,0xfBE0f3A3d1405257Bd69691406Eafa73f5095723,0xa200126e00a53a4a05533ff0cfb16b3788524a3e,fWBTC,8,60782,30391000000000000,0,0,2000000,0.75,True,False,False,785208.0117349006,477.27,477.27,False,False,False,False,False,0.0
filda,polygon,0xfBE0f3A3d1405257Bd69691406Eafa73f5095723,0x3dbfae35cd0e5bf812e715a863f2cdc2d2546119,fWETH,18,457474786790717,20430834550373893,4622467,48815330033338,20002093422677506,0.75,True,False,False,24849.6169489574,11.37,10.16,False,False,False,False,False,0.0
filda,polygon,0xfBE0f3A3d1405257Bd69691406Eafa73f5095723,0x6c524c36d5dc475a2bb4658c6ea09b2dbcbefb50,fUSDC,6,3693028,129148864708127928837,1581019,1548366,28847,0.8,True,False,False,9.284845716195795,34.29,34.59,False,False,False,False,False,0.0
filda,polygon,0xfBE0f3A3d1405257Bd69691406Eafa73f5095723,0x35121329dcb7e884b5c8ac3095f833bc99e66874,fQUICK,18,168876557898297195,4990802727416767366,20425271639694279,81793501029690712,21541289924706546,0.5,True,True,True,None,None,None,False,False,False,False,False,None
filda,polygon,0xfBE0f3A3d1405257Bd69691406Eafa73f5095723,0x32775c607797afe6baf940f994e2c6f6971076e3,fQUICKUSDC-WETHLP,18,5042994320,252149716000,0,0,20000000000000000,0.8,True,True,True,1976098664.418598,9.97,9.97,False,False,False,False,False,0.0
filda,polygon,0xfBE0f3A3d1405257Bd69691406Eafa73f5095723,0xe7dfb433c62b783c1452bab0211bbb6fc73be4cf,fQUICKDUALWMATIC-WETHLP,18,1770225867663533,88511293383176650,0,0,20000000000000000,0.65,True,True,True,551.0100051764521,0.98,0.98,False,False,False,False,False,0.0
filda,polygon,0xfBE0f3A3d1405257Bd69691406Eafa73f5095723,0xd31bd2a827fc953c071155aab09f3c376c4fd2a5,fQUICKWETH-USDTLP,18,62556640,3127832000,0,0,20000000000000000,0.75,True,True,True,33843274543.643322,2.12,2.12,False,False,False,False,False,0.0
filda,polygon,0xfBE0f3A3d1405257Bd69691406Eafa73f5095723,0xbf7bb4e4f0249ead6bd921a69e44efa0e7f4971d,fQUICKWBTC-WETHLP,18,211800,10590000,0,0,20000000000000000,0.75,True,True,True,15428321632587.824,3.27,3.27,False,False,False,False,False,0.0
filda,polygon,0xfBE0f3A3d1405257Bd69691406Eafa73f5095723,0x1063622db03f867e7da5ec076ddd177e281e0809,fQUICKDUALWMATIC-USDCLP,18,7478409493,373920474650,0,0,20000000000000000,0.75,True,True,True,24911815.526208494,0.19,0.19,False,False,False,False,False,0.0
filda,polygon,0xfBE0f3A3d1405257Bd69691406Eafa73f5095723,0x376bb6b96e0e5bcf782d6603fcd34192c6ebb70e,fQUICKDUALWMATIC-USDTLP,18,39013195718,1950659785900,0,0,20000000000000000,0.75,True,True,True,23459614.685420744,0.92,0.92,False,False,False,False,False,0.0
wepiggy,polygon,0xFfceAcfD39117030314A07b2C86dA36E51787948,0xc1b02e52e9512519edf99671931772e452fb4399,pMATIC,18,1857481988441586847302,9309936978303,50505784188271102512,0,204940997675544182133593612,0.0,True,None,None,0.10769925,200.05,205.49,False,False,False,False,False,0.0
wepiggy,polygon,0xFfceAcfD39117030314A07b2C86dA36E51787948,0x12d803497d1e58dd4d4a4f455d754f1d0f937c8b,pUSDC,6,2595470223,12088382519204,7672001,0,215342476122389,0.0,True,None,None,0.99997092,2595.39,2603.07,False,False,False,False,False,0.0
wepiggy,polygon,0xFfceAcfD39117030314A07b2C86dA36E51787948,0x0c8c1ab017c3c0c8a48dd9f1db2f59022d190f0b,pUSDT,6,891102135,3325617181459,6341695,0,269857828196051,0.0,True,None,None,0.99982729,890.95,897.29,False,False,False,False,False,0.0
wepiggy,polygon,0xFfceAcfD39117030314A07b2C86dA36E51787948,0x5cfad792c4df1323188180778aec58e00eace32a,pDAI,18,120242934085304072057,588540766089,7546746156379533767,0,217129700446882998898715901,0.0,True,None,None,1.00001917,120.25,127.79,False,False,False,False,False,0.0
wepiggy,polygon,0xFfceAcfD39117030314A07b2C86dA36E51787948,0xf4b6d5d432f1c7a9efc9e0b04acde479f9fd1f72,pWETH,18,1519633183652702773,7465099265,1430006854999434,0,203756592713935225481559621,0.0,True,None,None,2676.28510819,4066.97,4070.8,False,False,False,False,False,1e-06
wepiggy,polygon,0xFfceAcfD39117030314A07b2C86dA36E51787948,0xf19200b30a0416322d58e6b6b1d6b5f832936729,pWBTC,8,2804216,139088297,2600,0,20180101852853946,0.0,True,None,None,84566.31395784,2371.42,2373.62,False,False,False,False,False,0.0
wepiggy,polygon,0xFfceAcfD39117030314A07b2C86dA36E51787948,0x3a9cad689a510a7c410ee1be17929cdf78efac8c,pLINK,18,41884751003015602221,170655387875,513408793698038366,0,248443136338414540004455162,0.0,True,None,None,14.05995987,588.9,596.12,False,False,False,False,False,0.0
wepiggy,polygon,0xFfceAcfD39117030314A07b2C86dA36E51787948,0x1b1cd0fdb6592fe482026b8e47706eac1ee94a7c,pSUSHI,18,526467254471861019356,2560782665677,1555694347355579880,0,206195924354096624770879017,0.0,True,None,None,0.25239,132.88,133.27,False,False,False,False,False,0.0
wepiggy,polygon,0xFfceAcfD39117030314A07b2C86dA36E51787948,0xc28e11040c529a6828c20a641f8f75b7c0ea92e3,pCRV,18,1409961357170,748077446074,294765589038927805010,106505368158607372125,251658733033984617430218766,0.0,True,None,None,0.37452341,0.0,70.51,False,False,False,False,False,0.0
wepiggy,polygon,0xFfceAcfD39117030314A07b2C86dA36E51787948,0xd0199ba93031ba37aa4e17c885a47edeeb23ae04,pdQUICK,18,990382716562399613,4945702027,10452803141813871,0,202364702572125557616008798,0.0,True,None,None,77.19677449,76.45,77.26,False,False,False,False,False,0.0
hundredfinance,polygon,0xedba32185baf7fef9a26ca567bc4a6cbe426e499,0xe4e43864ea18d5e5211352a4b810383460ab7fcc,hDAI,18,205457607133006208280,1018329378331,3115164149092971801,4426838504588081064,200471416342812276410166707,0.85,True,True,True,1.00001917,205.46,204.15,False,False,False,False,False,0.0
hundredfinance,polygon,0xedba32185baf7fef9a26ca567bc4a6cbe426e499,0x243e33aa7f6787154a8e59d3c27a66db3f8818ee,hETH,18,44965377206569192,59941778,1056484935284502,33645673546892923,206470161678567008806445481,0.8,True,True,True,2676.35805266,120.34,33.12,False,False,False,False,False,1e-06
hundredfinance,polygon,0xedba32185baf7fef9a26ca567bc4a6cbe426e499,0xb4300e088a3ae4e624ee5c71bc1822f68bb5f2bc,hWBTC,8,127501,2606563,41,75004,20156044569035929,0.8,True,True,True,84569.25686808211,107.83,44.43,False,False,False,False,False,0.0
hundredfinance,polygon,0xedba32185baf7fef9a26ca567bc4a6cbe426e499,0x607312a5c671d0c511998171e634de32156e69d0,hUSDC,6,1334721684,3159769485956,58545615,157842238,390985819215928,0.85,True,True,True,1.0061993658891983,1343.0,1243.08,False,False,False,False,False,0.0
hundredfinance,polygon,0xedba32185baf7fef9a26ca567bc4a6cbe426e499,0x103f2ca2148b863942397dbc50a425cc4f4e9a27,hUSDT,6,483129704,2548781773996,53432752,23465663,201310601886313,0.85,True,True,True,1.000438863067228,483.34,513.32,False,False,False,False,False,0.0
hundredfinance,polygon,0xedba32185baf7fef9a26ca567bc4a6cbe426e499,0x5b9451b1bfae2a74d7b9d0d45bdd0e9a27f7bb22,hLINK,18,2564098109181622,1772324,166,2209627265460366,200003410054494550657780405,0.75,True,True,True,14.059757031637563,0.04,0.0,False,False,False,False,False,0.0
hundredfinance,polygon,0xedba32185baf7fef9a26ca567bc4a6cbe426e499,0xebd7f3349aba8bb15b897e03d6c1a4ba95b55e31,hMATIC,18,790860299599432673199,3591574717396,568448434176501987,58051714337591751514,204193728768571434143895526,0.75,True,True,True,0.10793399550022245,85.36,79.16,False,False,False,False,False,0.0
hundredfinance,polygon,0xedba32185baf7fef9a26ca567bc4a6cbe426e499,0x2c7a9d9919f042c4c120199c69e126124d09be7c,hFRAX,18,154268500731779482990,263947614690,58249328249778710760,154053270739096664326,221500612199609074724463083,0.85,True,True,True,None,None,None,False,False,False,False,False,None
hundredfinance,polygon,0xedba32185baf7fef9a26ca567bc4a6cbe426e499,0x6bb6ebcf3ac808e26545d59ea60f27a202ce8586,hagEUR,18,2743939215640370365,4999999984,59677,1743128408875155982,200162161993573730379435937,0.75,True,True,True,None,None,None,False,False,False,False,False,None
paxo-finance,polygon,0x1eDf64B621F17dc45c82a65E1312E8df988A94D3,0x78718e0cada1ca39fa23fc710e4accfd0ff9a5e9,lUSDT,6,958491144,236755510640,9543399020,2991395,44344897149887940,0.9,True,False,True,0.99982729,958.33,10497.09,False,False,False,False,False,0.0
paxo-finance,polygon,0x1eDf64B621F17dc45c82a65E1312E8df988A94D3,0x2588c9214376ddb524dcfa72859b522e745283bf,vWMATIC,18,86864088043357527209,4343204402167876359296,0,0,20000000000000000,0.9,True,False,False,0.10769925,9.36,9.36,False,False,False,False,False,0.0
paxo-finance,polygon,0x1eDf64B621F17dc45c82a65E1312E8df988A94D3,0xd5700c677ddc823b0b6cc9a5dc8415c07842ef35,vWETH,18,14986047745790885,749302387289543933,0,0,20000000000000008,0.9,True,False,False,2676.35805266,40.11,40.11,False,False,False,False,False,0.0
paxo-finance,polygon,0x1eDf64B621F17dc45c82a65E1312E8df988A94D3,0x8f2dadc86e7441b613ba1ab6a42193b1930e15ac,vWBTC,8,106698,5334850,0,0,20000187446694846,0.9,True,False,False,84626.91408681,90.3,90.3,False,False,False,False,False,0.0
paxo-finance,polygon,0x1eDf64B621F17dc45c82a65E1312E8df988A94D3,0x34aa3fb5f02df5fbd03545ed3b35b90e51eee88d,lUSDC,6,13290850738,913888867777,12109979534,0,27794222216303559,0.9,True,False,True,0.99997226,13290.48,25400.13,False,False,False,False,False,0.0
paxo-finance,polygon,0x1eDf64B621F17dc45c82a65E1312E8df988A94D3,0xef0b81a38a3e61c94d1c3f9d24c22faa9772fa95,vUSDC,6,1300025,65001204,0,0,20000014153583985,0.9,True,False,False,0.99997226,1.3,1.3,False,False,False,False,False,0.0
paxo-finance,polygon,0x1eDf64B621F17dc45c82a65E1312E8df988A94D3,0x1e8cd6843db6286f4c7cf86efda572eccc4dff05,lWETH,18,13989322914871810,267692098913369731730,9921137526131504596,0,37114008554513119,0.9,True,False,True,2676.35805266,37.44,26589.96,False,False,False,False,False,0.0
paxo-finance,polygon,0x1eDf64B621F17dc45c82a65E1312E8df988A94D3,0x6dc71ac27cee3eaae4765258c29c427687974002,vAAVE,18,128350119838908,6417505991945400,0,0,20000000000000000,0.9,True,False,False,178.77782148,0.02,0.02,False,False,False,False,False,0.0
paxo-finance,polygon,0x1eDf64B621F17dc45c82a65E1312E8df988A94D3,0x2a500d5707f8fbbaed35b99867af94dfe86f36d6,vQUICK,18,1,1,0,0,1000000000000000000,0.9,True,True,False,None,None,None,False,True,True,False,False,None
paxo-finance,polygon,0x1eDf64B621F17dc45c82a65E1312E8df988A94D3,0xd0b5a656fb3fa2b5cc61cb5f2ad7904c39d75d50,vLINK,18,1,1,0,0,1000000000000000000,0.9,True,False,False,14.05819568,0.0,0.0,False,True,True,False,False,0.0
paxo-finance,polygon,0x1eDf64B621F17dc45c82a65E1312E8df988A94D3,0x12f38c40d605e5add1d5b92359b3be8157abdb6b,vUNI,18,1000000000000000000,50000000000000000000,0,0,20000000000000000,0.9,True,False,False,9.1045473,9.1,9.1,False,False,False,False,False,0.0
paxo-finance,polygon,0x1eDf64B621F17dc45c82a65E1312E8df988A94D3,0xb50ff38f0fb98dd5f9fb76ea333927beb8f1920c,vWEFI,18,16482603541249266072900,824130177062463303645000,0,0,20000000000000000,0.0,True,False,False,None,None,None,False,False,False,False,False,None
keom,polygon,0x5B7136CFFd40Eee5B882678a5D02AA25A48d669F,0x7854d4cfa7d0b877e399bcbdffb49536d7a14fc7,kMATIC,18,0,201037623068909,46737947482074679670839,12771259354127332492120,168956872894904343474077171,1e-18,True,None,None,0.10771,0.0,3658.55,False,False,False,False,False,0.0
keom,polygon,0x5B7136CFFd40Eee5B882678a5D02AA25A48d669F,0x4e7d313918b9a8c32f18bc1df346c79e36d0f9dc,kWBTC,8,0,73711321,270130,61678,2827950946639526,1e-18,True,None,None,84626.91408681,0.0,176.41,False,False,False,False,False,0.0
keom,polygon,0x5B7136CFFd40Eee5B882678a5D02AA25A48d669F,0x83f98471f6f5d0ad82b0fe99d2ce26f65995ef32,kDAI,18,0,145772704289759,15797224717506198367761,3294054643541257690314,85771682256177561188542170,1e-18,True,None,None,1.000027,0.0,12503.51,False,False,False,False,False,0.0
keom,polygon,0x5B7136CFFd40Eee5B882678a5D02AA25A48d669F,0x44010cbf1ec8b8d8275d86d8e28278c06dd07c48,kWETH,18,10000000000000,32615721643,1745919783795624385,242395164325726276,46098462450932381750827416,1e-18,True,None,None,2676.35805266,0.03,4024.0,False,False,False,False,False,0.0
keom,polygon,0x5B7136CFFd40Eee5B882678a5D02AA25A48d669F,0xf5eca026809785165ad468171ce10e1da59ca866,kUSDC,6,0,41379631486583,3590836581,1191353294,57987062735877,1e-18,True,None,None,0.99997226,0.0,2399.42,False,False,False,False,False,0.0
keom,polygon,0x5B7136CFFd40Eee5B882678a5D02AA25A48d669F,0xce71f99c6b09ba50aea18f8132d674dc57fe0839,kUSDT,6,0,90764954572618,5526434108,539535551,54942996231107,1e-18,True,None,None,0.99982597,0.0,4986.03,False,False,False,False,False,0.0
keom,polygon,0x5B7136CFFd40Eee5B882678a5D02AA25A48d669F,0x0edc2b1239d3d4ad03a2deb23517a50a406eb6d2,kmiMATIC,18,0,38584523998144,3257894709469100416656,176222380831473920027,79868092419278301221473680,1e-18,True,None,None,0.99523822,0.0,3067.0,False,False,False,False,False,0.0
keom,polygon,0x5B7136CFFd40Eee5B882678a5D02AA25A48d669F,0x6b4c8e36cec677d68cfbaba375230f959199a673,kMaticX,18,0,157139754663648,17452819002488044743628,3100682656060600352543,91333579953384022239092982,1e-18,True,None,None,0.12896168,0.0,1850.88,False,False,False,False,False,0.0
keom,polygon,0x5B7136CFFd40Eee5B882678a5D02AA25A48d669F,0x4bc6e73b215b7f1ddfce83b887525f72a53e1ed8,kstMATIC,18,0,7468481082383,1255152757530039395012,37418471101768952606,163049791918294956471216382,1e-18,True,None,None,None,None,None,False,False,False,False,False,None
keom,polygon,0x5B7136CFFd40Eee5B882678a5D02AA25A48d669F,0xa17e7765b38b9aff1fb8beb3ad865aff68ebda96,kjEUR,18,0,3880184561567,475352379977774943418,5269309916060715651,121149667651858472050756723,0.0,True,None,None,1.12524,0.0,528.96,False,False,False,False,False,0.0
keom,polygon,0x5B7136CFFd40Eee5B882678a5D02AA25A48d669F,0x4da1cf31f15185efe7a0883ac805afd2e9543249,kgDAI,18,0,9325303362303,1171512411379602278418,10901325403885632691,124458265954909295222417718,0.0,True,None,None,None,None,None,False,False,False,False,False,None
keom,polygon,0x5B7136CFFd40Eee5B882678a5D02AA25A48d669F,0x95b847bd54d151231f1c82bf2eecbe5c211bd9bc,kvGHST,18,0,0,0,0,200000000000000000000000000,0.0,True,None,None,None,None,None,True,True,True,False,False,None
keom,polygon,0x5B7136CFFd40Eee5B882678a5D02AA25A48d669F,0x0e9f5e4e8ec73e909830b67e3e61b5db70e3b2e9,kwstETH,18,0,0,21502797790678662,27949935387746389,200000000000000000000000000,0.0,True,None,None,3332.49299795,0.0,None,True,True,True,False,False,None
keom,polygon,0x5B7136CFFd40Eee5B882678a5D02AA25A48d669F,0xfcfe3cd0cc6ba5cf354b396e045721de7a009882,kLINK,18,0,225831436,50052952381511275,4391620586007335,202192097806542486848465153,0.0,True,None,None,14.05819568,0.0,0.64,False,False,False,False,False,0.0
keom,polygon,0x5B7136CFFd40Eee5B882678a5D02AA25A48d669F,0xb4f51362d9681469c7565d7e9445cb8ef4e4d98b,kCRV,18,0,39613790432,8097554368929539827,57602977497745298,202958396653129306103963790,0.0,True,None,None,0.37452341,0.0,3.01,False,False,False,False,False,0.0
keom,polygon,0x5B7136CFFd40Eee5B882678a5D02AA25A48d669F,0x24ce1320e96ec4f849ed62d7ff8a43d4ce28fe81,kAAVE,18,0,5354429,1389534305854508,311476170155354,201339514577400129873792331,0.0,True,None,None,178.80693786,0.0,0.19,False,False,False,False,False,0.0
midas-capital,polygon,0xD265ff7e5487E9DD556a4BB900ccA6D087Eb3AD2,0x9b5d86f4e7a45f4b458a2b673b4a3b43d15428a7,fagEURjEUR-f-1,18,3674002230770229125,18226670498857368031,0,0,201572867134485847,0.0,True,True,True,None,None,None,False,False,False,False,False,None
midas-capital,polygon,0xD265ff7e5487E9DD556a4BB900ccA6D087Eb3AD2,0xcc7eab2605972128752396241e46c281e0405a27,f2eur (PAR)-f-1,18,451515665529345638,2033324448786986819,0,0,222057854957040792,0.0,True,True,True,10.52493409194695,4.75,4.75,False,False,False,False,False,0.0
midas-capital,polygon,0xD265ff7e5487E9DD556a4BB900ccA6D087Eb3AD2,0x1792046890b99ae36756fd00f135dc5f80d41dfa,f2jpy-2-f-1,18,4,20,0,0,200000000000000000,0.0,True,True,True,0.060729625303351416,0.0,0.0,False,True,True,False,False,0.0
midas-capital,polygon,0xD265ff7e5487E9DD556a4BB900ccA6D087Eb3AD2,0x17a6922ade40e8ae783b0f6b8931faeca4a5a264,fjCAD+CADC-f-1,18,47994413310,237294660006,0,0,202256609182804452,0.0,True,True,True,6.536877701481601,0.0,0.0,False,False,False,False,False,0.0
midas-capital,polygon,0xD265ff7e5487E9DD556a4BB900ccA6D087Eb3AD2,0x41eddba1e19fe301a067b2726df5a3332dd02d6a,fjSGD+XSGD-f-1,18,140290,663153,0,0,211549974138698007,0.0,True,True,True,7.288282042322655,0.0,0.0,False,True,False,False,False,0.0
midas-capital,polygon,0xD265ff7e5487E9DD556a4BB900ccA6D087Eb3AD2,0xcef6d873a3838fe311037f269d13ed0f6ea19f84,fJCAD-1,18,14646389232778640506,73038780971673581205,0,0,200528938708039325,0.0,True,True,True,6.520701488101073,95.5,95.5,False,False,False,False,False,0.0
midas-capital,polygon,0xD265ff7e5487E9DD556a4BB900ccA6D087Eb3AD2,0xe150e792e0a18c9984a0630f051a607dee3c265d,fJEUR-1,18,200000002751385,2991805575466811,0,0,66849264668603683,0.0,True,True,True,10.454922553909647,0.0,0.0,False,False,False,False,False,0.0
midas-capital,polygon,0xD265ff7e5487E9DD556a4BB900ccA6D087Eb3AD2,0x456b363d3da38d3823ce2e1955362bbd761b324b,fJJPY-1,18,434748842065267319754,2171841698503569698706,0,0,200175198019641832,0.0,True,True,True,0.05900679722343035,25.65,25.65,False,False,False,False,False,0.0
midas-capital,polygon,0xD265ff7e5487E9DD556a4BB900ccA6D087Eb3AD2,0xcc6bf1d1d98faa2dbf13f576987943eb6012866a,fJSGD-1,18,16647924539468508200,83142961940763289593,0,0,200232516990790198,0.0,True,True,True,7.26426228100796,120.93,120.93,False,False,False,False,False,0.0
midas-capital,polygon,0xD265ff7e5487E9DD556a4BB900ccA6D087Eb3AD2,0x28d0d45e593764c4ce88ccd1c033d0e2e8ce9af3,fMAI-1,18,514,2560,0,0,200781250000000000,0.0,True,True,True,9.247039309650289,0.0,0.0,False,True,False,False,False,0.0
midas-capital,polygon,0xD265ff7e5487E9DD556a4BB900ccA6D087Eb3AD2,0x7ab807f3fbeca9eb22a1a7a490bdc353d85ded41,fJNZD-NZDS-1,18,0,6761288650112556741,0,0,0,0.0,True,True,True,5.2476158932181285,0.0,None,False,False,False,False,False,None
midas-capital,polygon,0xD265ff7e5487E9DD556a4BB900ccA6D087Eb3AD2,0xb3eab218a7e3a68dc5020fc1c0f7f0e3214a8bae,f2eur EURT-f-1,18,8,40,0,0,200000000000000000,0.0,True,True,True,10.574144975418813,0.0,0.0,False,True,True,False,False,0.0
midas-capital,polygon,0xD265ff7e5487E9DD556a4BB900ccA6D087Eb3AD2,0x62bdc203403e7d44b75f357df0897f2e71f607f3,fJCHF-1,18,56665,6844,0,0,8279514903565166569,0.0,True,True,True,11.21025354330021,0.0,0.0,False,True,False,False,False,0.0
midas-capital,polygon,0xD265ff7e5487E9DD556a4BB900ccA6D087Eb3AD2,0xd8029d67a7cfbd08d21968a4cf284b9c89eb70c6,fJMXN-1,18,11389478529677380835,888730772946,0,0,12815442962465546081606357,0.0,True,True,True,0.5106951486591239,5.82,5.82,False,False,False,False,False,0.0
midas-capital,polygon,0xD265ff7e5487E9DD556a4BB900ccA6D087Eb3AD2,0x7adf374fa8b636420d41356b1f714f18228e7ae2,fJGBP-1,18,0,0,0,0,200000000000000000,0.0,True,True,True,12.303887741983319,0.0,None,True,True,True,False,False,None
midas-capital,polygon,0xD265ff7e5487E9DD556a4BB900ccA6D087Eb3AD2,0x54c53c951a97f6d76ce53799aec7690ce1aae932,fJCNY-1,18,48681,8462,0,0,5752895296620184353,0.0,True,True,True,1.385748306408281,0.0,0.0,False,True,False,False,False,0.0
midas-capital,polygon,0xD265ff7e5487E9DD556a4BB900ccA6D087Eb3AD2,0x0d9d6b74b32b14c3002a54ecd2a8baab91b5d1c3,fJAUD-1,18,13769,68699,0,0,200425042577038967,0.0,True,True,True,6.462086875905726,0.0,0.0,False,True,False,False,False,0.0
midas-capital,polygon,0xD265ff7e5487E9DD556a4BB900ccA6D087Eb3AD2,0xbded425025cb7d8c725e072414ddc484c4852a79,fJNZD-1,18,6358622077079996165,31754758742269949866,0,0,200241548949820737,0.0,True,True,True,5.214174743191279,33.15,33.15,False,False,False,False,False,0.0
midas-capital,polygon,0xD265ff7e5487E9DD556a4BB900ccA6D087Eb3AD2,0x5aa0197d0d3e05c4aa070dfa2f54cd67a447173a,fagEUR-1,18,0,173740330465098765946072,0,0,0,0.0,True,True,True,None,None,None,False,False,False,False,False,None
midas-capital,polygon,0xD265ff7e5487E9DD556a4BB900ccA6D087Eb3AD2,0x62e646e1080f09fabc73ea931c8af1c1ada55d9e,fJSEK-1,18,110822944088821469216,550683773878001767737,0,0,201246067790210818,0.0,True,True,True,0.9256191966069723,102.58,102.58,False,False,False,False,False,0.0
midas-capital,polygon,0xD265ff7e5487E9DD556a4BB900ccA6D087Eb3AD2,0xd412eff9163742f6d3a4ad56b5c83d8864e8ec3f,fam3CRV-1,18,5869180276328010,28435389910913947,0,0,206404072344910132,0.0,True,True,True,10.638979217458928,0.06,0.06,False,False,False,False,False,0.0
midas-capital,polygon,0xD265ff7e5487E9DD556a4BB900ccA6D087Eb3AD2,0xc62d6b6539e7f828caa4798e282903c83948fa79,fWETH-1,18,62942258178,311923229775,0,0,201787658531883704,0.0,True,True,True,24871.391177295598,0.0,0.0,False,False,False,False,False,0.0
midas-capital,polygon,0xD265ff7e5487E9DD556a4BB900ccA6D087Eb3AD2,0x6ddf9a3b2de1300bb2b99277716e4e574db3a871,fEURE-JEUR-1,18,2020016400917461836,9997740158416955747,0,0,202047299580679605,0.0,True,True,True,11.033460714919025,22.29,22.29,False,False,False,False,False,0.0
midas-capital,polygon,0xD265ff7e5487E9DD556a4BB900ccA6D087Eb3AD2,0x9df035a2dc13ab63fcf05bb27b3722e68c7ae6b9,fMAI-USDC-1,18,6,31,0,0,193548387096774193,0.0,True,True,True,20428053.389568627,0.0,0.0,False,True,True,False,False,0.0
midas-capital,polygon,0xD265ff7e5487E9DD556a4BB900ccA6D087Eb3AD2,0x5236f79f1c66744071d67888d14306b34ec381a2,fWBTC-1,8,0,221660,0,0,0,0.0,True,True,True,785729.5004610799,0.0,None,False,True,False,False,False,None
midas-capital,polygon,0xB08A309eFBFFa41f36A06b2D0C9a4629749b17a2,0x52623c38554551ff6094a616c1d64ab2c90ec9eb,fWMATIC-2,18,0,0,0,0,200000000000000000,0.65,True,False,False,1.0,0.0,None,True,True,True,False,True,None
midas-capital,polygon,0xB08A309eFBFFa41f36A06b2D0C9a4629749b17a2,0x88bb769b318aa41a1447c492eb54eb9e0085b5e4,fRAKIS-4-2,18,0,0,0,0,200000000000000000,0.7,True,False,True,7588318623.208504,0.0,None,True,True,True,False,True,None
midas-capital,polygon,0xB08A309eFBFFa41f36A06b2D0C9a4629749b17a2,0x2b35836fc3b55e63032836a77640fe6240c590df,fRAKIS-13-2,18,0,0,0,0,200000000000000000,0.7,True,False,True,5284586297.107242,0.0,None,True,True,True,False,True,None
midas-capital,polygon,0xB08A309eFBFFa41f36A06b2D0C9a4629749b17a2,0x2a8f509123a6670ac51a518fcadff3c3a3c1862b,fRAKIS-3-2,18,0,0,0,0,200000000000000000,0.7,True,False,True,437093277.8939094,0.0,None,True,True,True,False,True,None
midas-capital,polygon,0xB08A309eFBFFa41f36A06b2D0C9a4629749b17a2,0xf2aa6fd973a07aa7f413054958c9e8ec08f5d7cf,fUSDC-2,6,1,5,0,0,200000000000000000,0.7,True,False,False,9.291095876092202,0.0,0.0,False,True,True,False,False,0.0
midas-capital,polygon,0xB08A309eFBFFa41f36A06b2D0C9a4629749b17a2,0x4ded2939a2a8912e9cc9eaefabecc43cc9864723,fG-UNI-2,18,1,5,0,0,200000000000000000,0.7,True,False,True,834793.2363902985,0.0,0.0,False,True,True,False,False,0.0
midas-capital,polygon,0xB08A309eFBFFa41f36A06b2D0C9a4629749b17a2,0x1b031ac005b492d6f945bf027fb4288ed7490960,fFRAX-2,18,0,0,0,0,200000000000000000,0.75,True,False,False,None,None,None,True,True,True,False,False,None
midas-capital,polygon,0xB08A309eFBFFa41f36A06b2D0C9a4629749b17a2,0xa20056abf1df1d24a1dc153b6a23a42529c57882,fG-UNI-2,18,6093646816334215,30468234081671074,0,0,200000000000000006,0.7,True,False,True,221.88182491490318,1.35,1.35,False,False,False,False,False,0.0
midas-capital,polygon,0xB08A309eFBFFa41f36A06b2D0C9a4629749b17a2,0x3010e5bc577d4780e221c0254d1583df7e1e2e8b,fRAKIS-2-2,18,0,0,0,0,200000000000000000,0.6,True,False,True,1577550.4062607668,0.0,None,True,True,True,False,True,None
midas-capital,polygon,0xB08A309eFBFFa41f36A06b2D0C9a4629749b17a2,0x2e84b83883e57727baebb4d2a85e7acb0b8e6b54,fPAR-2,18,0,0,0,0,200000000000000000,0.75,True,False,False,10.079350271884291,0.0,None,True,True,True,False,True,None
midas-capital,polygon,0xB08A309eFBFFa41f36A06b2D0C9a4629749b17a2,0x787e7e41309c53dc5926f95ead6b8f4c7506538f,fUSDT-2,6,0,0,0,0,200000000000000000,0.75,True,False,False,9.28988865977619,0.0,None,True,True,True,False,True,None
midas-capital,polygon,0xB08A309eFBFFa41f36A06b2D0C9a4629749b17a2,0x0249e9cce5f2330a19687ab7ea8395c17b4faac9,fWETH-2,18,0,0,0,0,200000000000000000,0.7,True,False,False,24870.35738908276,0.0,None,True,True,True,False,True,None
midas-capital,polygon,0xBd82D36B9CDfB9747aA12025CeCE3782EDe767FE,0x9871e541c19258cc05769181bbe1da814958f5a8,fWMATIC-0,18,0,0,0,0,200000000000000000,0.8,True,True,True,1.0,0.0,None,True,True,True,False,False,None
midas-capital,polygon,0xBd82D36B9CDfB9747aA12025CeCE3782EDe767FE,0x5f3c20369402322001fd3cdd87ef8538ec3dbde4,fUSDC-0,6,260110,467857,75771,0,277999474198312732,0.8,True,False,True,9.292086512103332,2.42,1.21,False,True,False,False,False,0.0
midas-capital,polygon,0xBd82D36B9CDfB9747aA12025CeCE3782EDe767FE,0x0db51e5255e44751b376738d8979d969ad70bff6,fMATICx-0,18,0,4198569681669022966744,14635,0,None,0.8,True,False,True,1.198169678948102,0.0,None,False,False,False,False,False,0.0
midas-capital,polygon,0xBd82D36B9CDfB9747aA12025CeCE3782EDe767FE,0x13e763d25d78c3fd6fea534231bdaebe7fa52945,fMaticX-bba-WMATIC-0,18,10935881141824851462,54311107635559891589,0,0,201356253221848212,0.8,True,False,True,None,None,None,False,False,False,False,False,None
midas-capital,polygon,0xF1ABd146B4620D2AE67F34EA39532367F73bbbd2,0xa5a14c3814d358230a56e8f011b8fc97a508e890,farrakis_USDC_PAR_005-3,18,15824931399,79124656995,0,0,200000000000000000,0.7,True,True,True,834882.2437854265,0.01,0.01,False,False,False,False,False,0.0
midas-capital,polygon,0xF1ABd146B4620D2AE67F34EA39532367F73bbbd2,0x30b32bbfca3a81922f88809f53e625b5ee5286f6,fJEUR-PAR-3,18,0,63098940372544723709,0,0,0,0.7,True,True,True,10.534225257107336,0.0,None,False,False,False,False,False,None
midas-capital,polygon,0xF1ABd146B4620D2AE67F34EA39532367F73bbbd2,0xca1a940b02e15ff71c128f877b29bdb739785299,fPAR-3,18,577524739083660933,291393771841,71234,0,200287839099202732,0.75,True,False,False,10.079350271884291,5.82,0.0,False,False,False,False,False,0.0
midas-capital,polygon,0xF1ABd146B4620D2AE67F34EA39532367F73bbbd2,0xef335e0fac86fe2860e7fc2cc620adad094f3ef4,fUSDC-3,6,4311,21515,0,2,200000000000000000,0.8,True,False,False,9.292095339868977,0.04,0.04,False,True,False,False,False,0.0
midas-capital,polygon,0xF1ABd146B4620D2AE67F34EA39532367F73bbbd2,0xd73ff843507db46711bb13872f83490f0d52915d,fDAI-3,18,5859375948190,196247297999,93,1940040861208,200019898654604762,0.8,True,True,True,9.292584119314222,0.0,0.0,False,False,False,False,False,0.0
midas-capital,polygon,0xF1ABd146B4620D2AE67F34EA39532367F73bbbd2,0xf7d6f9d01f3e4e51f5abad15f95981a58335d4af,fFRAX-3,18,0,0,0,0,200000000000000000,0.75,True,True,True,None,None,None,True,True,True,False,False,None
midas-capital,polygon,0xF1ABd146B4620D2AE67F34EA39532367F73bbbd2,0xced85c3a47f32e83d4991cf7308f11a6ad915c40,fWMATIC-3,18,1200897963191,252908881244,79,383436092924,200031269155757208,0.7,True,True,True,1.0,0.0,0.0,False,False,False,False,False,0.0
midas-capital,polygon,0xF1ABd146B4620D2AE67F34EA39532367F73bbbd2,0x34f55352c6e15e3c63beadedc2a919a4985228b7,fMIMO-3,18,0,0,0,0,200000000000000000,0.25,True,False,True,0.043537978431595036,0.0,None,True,True,True,False,True,None
midas-capital,polygon,0xF1ABd146B4620D2AE67F34EA39532367F73bbbd2,0xcb67bd2ae0597edb2426802cdf34bb4085d9483a,fMIMO_PAR_80_20-3,18,3293768468483580937,16468842342417904685,0,0,200000000000000000,0.35,True,False,True,0.10791218503159328,0.36,0.36,False,False,False,False,False,0.0
midas-capital,polygon,0xF1ABd146B4620D2AE67F34EA39532367F73bbbd2,0x1944fa4a490f85ed99e2c6ff9234f94de16fdbde,fJEUR_PAR STABLE BLP-3,18,14750,24219,0,0,609025971344811924,0.85,True,False,True,10.117701118550105,0.0,0.0,False,True,False,False,False,0.0
midas-capital,polygon,0x59013D8a77D656777329D74ea1C88DA796005F1B,0x74f5de50252e79dbc627e74788cb433a4f8ed7db,fUSDT-8,6,0,24934026,219153,0,43999272319680744,0.8,True,False,False,9.290789016401058,0.0,10.19,False,False,False,False,False,0.0
midas-capital,polygon,0x59013D8a77D656777329D74ea1C88DA796005F1B,0x3cd27d843091f15ccc876b8486cfa82b894bd42c,fIXT-8,18,257825602170088241013,1289128010850441205059,0,0,200000000000000000,0.6,True,False,True,0.000910497323607303,0.23,0.23,False,False,False,False,False,0.0
midas-capital,polygon,0x59013D8a77D656777329D74ea1C88DA796005F1B,0xfd80f9ab2b1da1a3e04a78137b5bcc6d5843a9df,fIXT-USDT-8,18,2388838991562,11944194957810,0,0,200000000000000000,0.6,True,False,True,347207.5862370873,0.83,0.83,False,False,False,False,False,0.0
midas-capital,polygon,0x59013D8a77D656777329D74ea1C88DA796005F1B,0xdebf8cc575a62e28780d4283600de0ef28157adc,fWMATIC-8,18,0,0,0,0,200000000000000000,0.7,True,False,False,1.0,0.0,None,True,True,True,False,True,None
midas-capital,polygon,0x59013D8a77D656777329D74ea1C88DA796005F1B,0x0d8a09c343ee1a3421f8018567330371b8ffae24,fWETH-8,18,0,0,0,0,200000000000000000,0.75,True,False,False,24881.98904289539,0.0,None,True,True,True,False,True,None
donkey,klaytn,0x35dc04eE1D6E600C0d13B21FdfB5C83D022CEF25,0xacc72a0ca4e85f79876ed4c5e6ea29be1cd26c2e,dKLAY,18,1907279860841422376458,77397273465243,17359704080911147562866,1906358380542428945671,224305389375328879151942036,0.8,True,None,None,None,None,None,False,False,False,False,False,None
donkey,klaytn,0x35dc04eE1D6E600C0d13B21FdfB5C83D022CEF25,0x4ca4282c39fe621152244ea693c28fbe2aa78a18,dKETH,18,848026227960826533,178927763110,39851679530516556052,1820775633827867388,217288415441419169245657485,0.85,True,None,None,None,None,None,False,False,False,False,False,None
donkey,klaytn,0x35dc04eE1D6E600C0d13B21FdfB5C83D022CEF25,0xc820e7b1ec1077da8667149632a1a41a506ca690,dKSP,18,378641847496384285138,4429978168951,914786284350212406184,199253609281121091468,246993208732803185758071250,0.5,True,None,None,None,None,None,False,False,False,False,False,None
donkey,klaytn,0x35dc04eE1D6E600C0d13B21FdfB5C83D022CEF25,0xc55f4f5fe1ee6c4c2f391fdc28e31445cdbf58af,dKUSDT,6,46414857233,156009086352417,34493194827255,17243883857205,110863580011056469,0.85,True,None,None,None,None,None,False,False,False,False,False,None
donkey,klaytn,0x35dc04eE1D6E600C0d13B21FdfB5C83D022CEF25,0x26105e8880473bc53d591baaf0fbf3995d1b4a3a,dKXRP,6,141163457,14013203245993,3105533477,252277190,213685600032686,0.8,True,None,None,None,None,None,False,False,False,False,False,None
donkey,klaytn,0x35dc04eE1D6E600C0d13B21FdfB5C83D022CEF25,0x12b472a6250b7536183ce6ea25d4219c5d0cc3c0,dKWBTC,8,699184,369358108,7553928,420970,21204738248226027,0.85,True,None,None,None,None,None,False,False,False,False,False,None
donkey,klaytn,0x35dc04eE1D6E600C0d13B21FdfB5C83D022CEF25,0x1e935b6a81208dba26a8063277551886625e0be6,dkDON,18,553590459992001000000000,2767952299960005,0,0,200000000000000000000000000,0.0,True,None,None,None,None,None,False,False,False,False,False,None
donkey,klaytn,0x35dc04eE1D6E600C0d13B21FdfB5C83D022CEF25,0x5b0b4772865f54c8662067d36b77a2adc2e05929,dKDAI,18,0,8391267168112,10892684276499818331839,3567940587014078790904,872900783962736848605983209,0.85,True,None,None,None,None,None,False,False,False,False,False,None
donkey,klaytn,0x35dc04eE1D6E600C0d13B21FdfB5C83D022CEF25,0x4b3000bbbb19a0b009c12a8a1117b6fdf208595c,dKUSDC,6,10000,60595621689754,819568026244,401181450290,6904567925651701,0.85,True,None,None,None,None,None,False,False,False,False,False,None
donkey,klaytn,0x35dc04eE1D6E600C0d13B21FdfB5C83D022CEF25,0xe537a7658700537589e00ea8f772f7cc1050cfce,dWEMIX,18,467660706349805131931,1525275020729,62562066999122116183,189809936640674059679,223181283428842906517523325,0.35,True,None,None,None,None,None,False,False,False,False,False,None
donkey,klaytn,0x35dc04eE1D6E600C0d13B21FdfB5C83D022CEF25,0x8c38d8137d64049d45ba47ff9141c0ae3b28d3c5,dBORA,18,1441291203872783844128,2053002990991,971086708736493978739213,485199871236678032916093,237373316474542383906112332329,0.5,True,None,None,None,None,None,False,False,False,False,False,None
donkey,klaytn,0x35dc04eE1D6E600C0d13B21FdfB5C83D022CEF25,0x80e283b1f9fa024f8314e68dc81c348e63bab092,dIJM,18,21851116663371352966597,2668164744327469,10037106316877419263303574,4743910073051381137999733,1992023682866369316986174413,0.0,True,None,None,None,None,None,False,False,False,False,False,None
shoebillFinance-v2,klaytn,0xEE3Db1711ef46C04c448Cb9F5A03E64e7aa22814,0xac6a4566d390a0da085c3d952fb031ab46715bcf,sbKLAY,18,791223810803663929417,4277519009302,103184034480267615220,0,209095001878175137776410781,0.0,True,False,True,0.157265,124.43,140.66,False,False,False,False,False,0.0
shoebillFinance-v2,klaytn,0xEE3Db1711ef46C04c448Cb9F5A03E64e7aa22814,0x6ee84c41e794f896a67a5e2756fcf8e77bf2b355,sbgcKLAY,18,378981341171663907217,1374885043360,0,0,275645839539157249132939611,0.88,True,False,True,0.157265,59.6,59.6,False,False,False,False,False,0.0
neku,bsc,0xD5B649c7d27C13a2b80425daEe8Cb6023015Dc6B,0xbc4a19345c598d73939b62371cf9891128eccb8b,nBNB,18,0,1805058316,181618511806424768,214882361284953,100497378858722598190007729,0.8,True,False,False,334.7,0.0,60.72,False,False,False,False,False,0.0
neku,bsc,0xD5B649c7d27C13a2b80425daEe8Cb6023015Dc6B,0xdf19d746b5ab2b7b040daf0ec3341000cfe17bae,nBUSD,18,100000000000000000,1205604909381,121039147868919580014,115728573783915999,100383980152563701593946669,0.8,True,False,False,1.0,0.1,121.02,False,False,False,False,False,0.0
neku,bsc,0xD5B649c7d27C13a2b80425daEe8Cb6023015Dc6B,0x8153303f72ab12f13180c946723bcacae05a4c4a,nNEKU,18,8262446290803353343376,5467358766965695,635218500997927510558763,19143619440385502111752,114193590444558212931079005,0.2,True,False,False,7.5707227819301e-05,0.63,47.27,False,False,False,False,False,0.0
neku,bsc,0xD5B649c7d27C13a2b80425daEe8Cb6023015Dc6B,0x3631de81f1098df530015a97b092bdfff7e93ea8,nUSDT,18,0,804256480000,80426277817289130610,125963457826122,100000626484018263039671125,0.8,True,False,False,1.0,0.0,80.43,False,False,False,False,False,0.0
neku,bsc,0xD5B649c7d27C13a2b80425daEe8Cb6023015Dc6B,0x1ea64325e194e0520a8e219c4d1227681cdbb2fe,nUSDC,18,0,861847560000,86184756000000000000,0,100000000000000000000000000,0.8,True,False,False,0.999,0.0,86.1,False,False,False,False,False,0.0
neku,bsc,0xD5B649c7d27C13a2b80425daEe8Cb6023015Dc6B,0x70faf3509dc8320faffb40666d717224b26af0db,nDAI,18,0,715756300000,71575630000000000000,0,100000000000000000000000000,0.8,True,False,False,1.0189,0.0,72.93,False,False,False,False,False,0.0
neku,bsc,0xD5B649c7d27C13a2b80425daEe8Cb6023015Dc6B,0x2d31197980e621a18209608f77b9133fe03ca94a,nUSDN,18,338429917229673438277,3384299172296,0,0,100000000000021699700074144,0.6,True,False,False,1.0,338.43,338.43,False,False,False,False,False,0.0
neku,bsc,0xD5B649c7d27C13a2b80425daEe8Cb6023015Dc6B,0xbd1bf670692aacbbc96f0cbdd2f868f20e8f3296,nBTCB,18,0,32000000,3200000000000000,0,100000000000000000000000000,0.8,True,False,False,30789.76,0.0,98.53,False,False,False,False,False,3e-06
neku,bsc,0xD5B649c7d27C13a2b80425daEe8Cb6023015Dc6B,0xc7dec270bffc808458dcf687a378958afe7494ea,nTUSD,18,0,881635650000,88163565000000000000,0,100000000000000000000000000,0.5,True,False,False,0.9991,0.0,88.08,False,False,False,False,False,0.0
neku,bsc,0xD5B649c7d27C13a2b80425daEe8Cb6023015Dc6B,0xfd4224a5358162d5d4f97c3c51966383642f0553,nETH,18,0,164630000,16463000000000000,0,100000000000000000000000000,0.8,True,False,False,2116.01,0.0,34.84,False,False,False,False,False,0.0
neku,bsc,0xD5B649c7d27C13a2b80425daEe8Cb6023015Dc6B,0x71ad16c11b13466832c2aad2319820783032e920,nADA,18,0,306241000000,30624100000000000000,0,100000000000000000000000000,0.6,True,False,False,0.4416,0.0,13.52,False,False,False,False,False,0.0
neku,bsc,0xD5B649c7d27C13a2b80425daEe8Cb6023015Dc6B,0x6557732b996e94e2b70d9ff8a8ded16715c01912,nXRP,18,0,517733120000,51773312000000000000,0,100000000000000000000000000,0.6,True,False,False,0.5418,0.0,28.05,False,False,False,False,False,0.0
neku,bsc,0xD5B649c7d27C13a2b80425daEe8Cb6023015Dc6B,0x2907c3ece448f72e5399f07be87c0d39afa9b43b,nDOT,18,0,14912680000,1491268000000000000,0,100000000000000000000000000,0.6,True,False,False,6.79,0.0,10.13,False,False,False,False,False,0.0
neku,bsc,0xD5B649c7d27C13a2b80425daEe8Cb6023015Dc6B,0x660474510ec741368ad6a16f7731cbf03844396f,nFIL,18,0,12337420000,1233742000000000000,0,100000000000000000000000000,0.5,True,False,False,6.294,0.0,7.77,False,False,False,False,False,0.0
neku,bsc,0xD5B649c7d27C13a2b80425daEe8Cb6023015Dc6B,0xba7dabf931a23c334b8f6be15eb1e9425330e6b3,nBCH,18,0,987370000,98737000000000000,0,100000000000000000000000000,0.5,True,False,False,133.9,0.0,13.22,False,False,False,False,False,0.0
neku,bsc,0xD5B649c7d27C13a2b80425daEe8Cb6023015Dc6B,0xae221886a8966df6a8ddd15c6b78b0661344f9e6,nTRX,18,0,5812771480000,581277148000000000000,0,100000000000000000000000000,0.2,True,False,False,0.0664,0.0,38.6,False,False,False,False,False,0.0
neku,bsc,0xD5B649c7d27C13a2b80425daEe8Cb6023015Dc6B,0xbbb52df876c3e4d5c3f08210b19d6c58980bd0a4,nLTC,18,0,3023870000,302387000000000000,0,100000000000000000000000000,0.6,True,False,False,98.39,0.0,29.75,False,False,False,False,False,0.0
neku,bsc,0xD5B649c7d27C13a2b80425daEe8Cb6023015Dc6B,0xbab76356ac465ebd3db94eddec311093b7edaa76,nAVAX,18,0,15680080000,1568008000000000000,0,100000000000000000000000000,0.5,True,False,False,19.31,0.0,30.28,False,False,False,False,False,0.0
neku,bsc,0xD5B649c7d27C13a2b80425daEe8Cb6023015Dc6B,0x87746c74a0f2143f16872d0d563c9136576f0d31,nFTM,18,0,223504320000,22350432000000000000,0,100000000000000000000000000,0.5,True,False,False,0.5275,0.0,11.79,False,False,False,False,False,0.0
neku,bsc,0xD5B649c7d27C13a2b80425daEe8Cb6023015Dc6B,0x7018dc199f71135385edfa277409acdffcf9763b,nXTZ,18,0,89467580000,8946758000000000000,0,100000000000000000000000000,0.2,True,False,False,1.16,0.0,10.38,False,False,False,False,False,0.0
neku,bsc,0xD5B649c7d27C13a2b80425daEe8Cb6023015Dc6B,0xffbc81526797a6b1881e9e99ac35ef3231b2bc8d,nEOS,18,0,133557420000,13355742000000000000,0,100000000000000000000000000,0.2,True,False,False,1.291,0.0,17.24,False,False,False,False,False,0.0
neku,bsc,0xD5B649c7d27C13a2b80425daEe8Cb6023015Dc6B,0xbd52f3f337a996cf691c30b83df29b4c3c059bf0,nUNI,18,0,23917160000,2391716000000000000,0,100000000000000000000000000,0.5,True,False,False,6.417,0.0,15.35,False,False,False,False,False,0.0
neku,bsc,0xD5B649c7d27C13a2b80425daEe8Cb6023015Dc6B,0x53961d35f9bce8f2ea44237a4677fa4efafd3404,n1INCH,18,0,134106860000,13410686000000000000,0,100000000000000000000000000,0.2,True,False,False,0.564,0.0,7.56,False,False,False,False,False,0.0
neku,bsc,0xD5B649c7d27C13a2b80425daEe8Cb6023015Dc6B,0xc3fe09bee85ff474389e70b62168aaaa3f3b1c5a,nLINK,18,0,19102380000,1910238000000000000,0,100000000000000000000000000,0.6,True,False,False,7.857,0.0,15.01,False,False,False,False,False,0.0
neku,bsc,0xD5B649c7d27C13a2b80425daEe8Cb6023015Dc6B,0xe1b21ea0f6754a934a8d090cb840e9f8f5d7a1bc,nDOGE,8,174004285,2336736391827,50550459018,10914121167,17036727923287015,0.5,True,False,False,0.09075,0.16,36.13,False,False,False,False,False,0.0
neku,bsc,0xD5B649c7d27C13a2b80425daEe8Cb6023015Dc6B,0x9e0de2efff7414e3006c6a164b3c0abda068d6bc,nCAKE,18,0,133222424734,46212627458502159704,8419670551795748140,283683148555253584970379075,0.7,True,False,False,3.683,0.0,139.19,False,False,False,False,False,0.0
neku,bsc,0xD5B649c7d27C13a2b80425daEe8Cb6023015Dc6B,0xe237b7ede2baa14de26a413e63ade13634d88535,nAXS,18,0,3989810000,398981000000000000,0,100000000000000000000000000,0.5,True,False,False,9.09,0.0,3.63,False,False,False,False,False,0.0
neku,bsc,0xD5B649c7d27C13a2b80425daEe8Cb6023015Dc6B,0x89952033316788b8108008d049caa44e7f5463e2,nBAKE,18,0,277966710000,27796671000000000000,0,100000000000000000000000000,0.2,True,False,False,0.2191,0.0,6.09,False,False,False,False,False,0.0
neku,bsc,0xD5B649c7d27C13a2b80425daEe8Cb6023015Dc6B,0x4f3a7e0082f682d84bb3d6bfb5015f78302a7673,nALPACA,18,0,2577729960000,1880837440224205891269,649225777689682356502,477789249318622783422589385,0.2,True,False,False,0.304,0.0,374.41,False,False,False,False,False,0.0
neku,bsc,0xD5B649c7d27C13a2b80425daEe8Cb6023015Dc6B,0x88cae1f59a1c07c50c80db0dd674643ab88176f8,nWANA,18,19471893000000000000,194718930000,0,0,100000000000000000000000000,0.0,True,False,False,0.009206438044008962,0.18,0.18,False,False,False,False,False,0.0
neku,bsc,0xD5B649c7d27C13a2b80425daEe8Cb6023015Dc6B,0xd9d266654b5ad5c15a66739e3375f0afc2def03a,nTHG,18,9406112000000000000,94061120000,0,0,100000000000000000000000000,0.0,True,False,False,0.06663611361803877,0.63,0.63,False,False,False,False,False,0.0
neku,bsc,0xD5B649c7d27C13a2b80425daEe8Cb6023015Dc6B,0x3abc88334a4d338b690765f6a0efe4b2ee36f823,nC98,18,0,588394570000,58839457000000000000,0,100000000000000000000000000,0.0,True,False,False,0.2766,0.0,16.27,False,False,False,False,False,0.0
neku,bsc,0xD5B649c7d27C13a2b80425daEe8Cb6023015Dc6B,0x343095c0ac7ca64c6a3b2f07d5bc7069a728e4a0,nDODO,18,0,352739190000,35273919000000000000,0,100000000000000000000000000,0.0,True,False,False,0.1925,0.0,6.79,False,False,False,False,False,0.0
neku,bsc,0xD5B649c7d27C13a2b80425daEe8Cb6023015Dc6B,0x6f467feff62785fa89d43b301788e19c4f70a1ff,nCHESS,18,0,207948850000,94913591378745564784,29647482551498225913,313856550912627498882537700,0.0,True,False,False,0.2816,0.0,18.38,False,False,False,False,False,0.0
neku,bsc,0xD5B649c7d27C13a2b80425daEe8Cb6023015Dc6B,0xc5f8cb4a326f868e3f1faab309dc12a99a7ca093,nBELT,18,8959230000000000000,89592300000,0,0,100000000000000000000000000,0.0,True,False,False,0.16367584001072608,1.47,1.47,False,False,False,False,False,0.0
neku,bsc,0xD5B649c7d27C13a2b80425daEe8Cb6023015Dc6B,0x3823d2b0cec7d1023ac7d69e76b48bafcc31f28b,BUNNY,18,0,170819400000,17081940000000000000,0,100000000000000000000000000,0.0,True,False,False,0.14385473316328812,0.0,2.46,False,False,False,False,False,0.0
neku,bsc,0xD5B649c7d27C13a2b80425daEe8Cb6023015Dc6B,0xf8f3e9d527ecc59965ae8f28107fe12073688398,nAUTO,18,0,551610000,220637147762898757,66190459105159501,279992546650240670038614238,0.0,True,False,False,110.2,0.0,17.02,False,False,False,False,False,0.0
neku,bsc,0xD5B649c7d27C13a2b80425daEe8Cb6023015Dc6B,0xb4d14e354d793a2da5d53fd1090e8fe9893005cc,nEPS,18,0,924097200000,359250182905704904639,106736185162281961852,273254802355664472078261897,0.0,True,False,False,0.1679,0.0,42.4,False,False,False,False,False,0.0
neku,bsc,0xD5B649c7d27C13a2b80425daEe8Cb6023015Dc6B,0xb5dc005d89d0b4d0bc4a9459c7f77a403e9bfeea,nUST,18,0,80125086333480,2473001746416878032876274,989773218386742868115816,18511412541347528918370010314,0.5,True,False,False,0.0225689969905028,0.0,33474.98,False,False,False,False,False,0.0
neku,bsc,0xD5B649c7d27C13a2b80425daEe8Cb6023015Dc6B,0xc47742755606fadd4046926f14f0fd1a4b39ac26,nSQUID,18,0,23874985200000,9220588835060369626650,2733236126024147850660,271721747875103259791340101,0.0,True,False,False,0.007450315568533194,0.0,48.33,False,False,False,False,False,0.0
neku,bsc,0xD5B649c7d27C13a2b80425daEe8Cb6023015Dc6B,0xf0223295f420f10cecb73f3e03433ca86b1f22a2,nV-CAKE-BNB-CLP,8,0,1713867092512167679,1713867092512167679,0,1000000000000000000,0.0,True,False,False,7.44635416121776e-09,0.0,127.62,False,False,False,False,False,0.0
neku,bsc,0xD5B649c7d27C13a2b80425daEe8Cb6023015Dc6B,0x5baffa77ec29886749e62c8283a7cdd2fd4416b5,nV-BUSD-BNB-CLP,8,0,1413496334287861871,1413496334287861871,0,1000000000000000000,0.0,True,False,False,5.032001520660553e-09,0.0,71.13,False,False,False,False,False,0.0
neku,bsc,0xD5B649c7d27C13a2b80425daEe8Cb6023015Dc6B,0x64b05bbf7fa1cdf34a4a7d9dd75894d533d6dd9e,nV-USDT-BNB-CLP,8,0,650640515861708119,650640515861708119,0,1000000000000000000,0.0,True,False,False,5.3640138324196645e-09,0.0,34.9,False,False,False,False,False,0.0
neku,bsc,0xD5B649c7d27C13a2b80425daEe8Cb6023015Dc6B,0x2967dbf9ef8483fb3be5db4094ba112e01ab6342,nV-USDT-BUSD-CLP,8,0,9672047872958891725,9672047872958891725,0,1000000000000000000,0.0,True,False,False,2.2340729610974784e-10,0.0,21.61,False,False,False,False,False,0.0
neku,bsc,0xD5B649c7d27C13a2b80425daEe8Cb6023015Dc6B,0x4752ed7b861897dcccf12d0563210d9f20353b8e,nV-ETH-BNB-CLP,8,0,24176702387770385,24176702387770385,0,1000000000000000000,0.0,True,False,False,1.907121876466759e-07,0.0,46.11,False,False,False,False,False,0.0
neku,bsc,0xD5B649c7d27C13a2b80425daEe8Cb6023015Dc6B,0x40e25a52b8dbd7492af0c8b65ddbca7e62c631d5,nV-BTCB-ETH-CLP,8,0,36343071644131015,36343071644131015,0,1000000000000000000,0.0,True,False,False,1.7250169249281569e-06,0.0,626.92,False,False,False,False,False,0.0
neku,bsc,0xD5B649c7d27C13a2b80425daEe8Cb6023015Dc6B,0x7ea99471d56df7d84c0f52518e803a11929f4074,nV-BTCB-BUSD-CLP,8,0,75540348189653881,75540348189653881,0,1000000000000000000,0.0,True,False,False,4.0348957778311367e-08,0.0,30.48,False,False,False,False,False,0.0
neku,bsc,0xD5B649c7d27C13a2b80425daEe8Cb6023015Dc6B,0xf1103742173f78c2129a843517c8178a394c52d8,nV-USDC-BUSD-CLP,8,0,9656634730541293353,9656634730541293353,0,1000000000000000000,0.0,True,False,False,2.128261411901355e-10,0.0,20.55,False,False,False,False,False,0.0
neku,bsc,0xD5B649c7d27C13a2b80425daEe8Cb6023015Dc6B,0xe63aebe15a94a9c5736332236e72eefca03757dd,nV-BTCB-BNB-CLP,8,0,96389689156099102,96389689156099102,0,1000000000000000000,0.0,True,False,False,7.033189943558223e-07,0.0,677.93,False,False,False,False,False,0.0
neku,bsc,0xD5B649c7d27C13a2b80425daEe8Cb6023015Dc6B,0x8640b8b077a080245698772b4ae1ab14ad8c7dde,nV-USDC-USDT-CLP,8,0,23485357486785091547,23485357486785091547,0,1000000000000000000,0.0,True,False,False,2.130939337586633e-10,0.0,50.05,False,False,False,False,False,0.0
neku,bsc,0xD5B649c7d27C13a2b80425daEe8Cb6023015Dc6B,0x7c60f549a58743d5c8aaaba41b4850d87dd2f9b8,nV-ETH-USDC-CLP,8,0,1111019698996596908,1111019698996596908,0,1000000000000000000,0.0,True,False,False,1.0493343617450844e-08,0.0,116.58,False,False,False,False,False,0.0
neku,bsc,0xD5B649c7d27C13a2b80425daEe8Cb6023015Dc6B,0x464cb3c85329d32c24cf6ad92b879cb6ef7509c9,nV-DOT-BNB-CLP,8,0,337752160589295779,337752160589295779,0,1000000000000000000,0.0,True,False,False,1.0643990189841505e-08,0.0,35.95,False,False,False,False,False,0.0
neku,bsc,0xD5B649c7d27C13a2b80425daEe8Cb6023015Dc6B,0x95c4f71c62ca3247233c0648893a2484ef88377c,nV-CAKE-BUSD-CLP,8,0,6353993975577155843,6353993975577155843,0,1000000000000000000,0.0,True,False,False,6.42857980478762e-10,0.0,40.85,False,False,False,False,False,0.0
neku,bsc,0xD5B649c7d27C13a2b80425daEe8Cb6023015Dc6B,0xaff880db4c55a39616ed7efe2ccd9ae6856d3d3b,nV-MBOX-BNB-CLP,8,0,378846249557695599,378846249557695599,0,1000000000000000000,0.0,True,False,False,2.9817534556670614e-09,0.0,11.3,False,False,False,False,False,0.0
neku,bsc,0xD5B649c7d27C13a2b80425daEe8Cb6023015Dc6B,0x995d1db2a75f3727d28cbdbb6ed21f25588d518b,nV-ALPACA-BUSD-CLP,8,0,51633890045933374476,453865525557740833515,160892654204722983615,5674042205466021337,0.0,True,False,False,1.3570008350613298e-10,0.0,397.56,False,False,False,False,False,0.0
knightswap-lending,bsc,0x4f92913b86d5e79593fa2e475a8232b22ef17ed1,0xe6dfc9b2b8714043aa91079f5aed4024e0931027,oETH,18,10162429730231265,64296554,2888693055369153,4049861337246,202920251748844455956379870,0.7,True,True,True,None,None,None,False,False,False,False,False,None
knightswap-lending,bsc,0x4f92913b86d5e79593fa2e475a8232b22ef17ed1,0xaeb14541ff19060a4fee955e6e5e1160873df9c3,oBTCB,18,22495830367587254,202351153,21809782957897203,506401345277448,216451506852580222263423426,0.7,True,True,True,None,None,None,False,False,False,False,False,None
knightswap-lending,bsc,0x4f92913b86d5e79593fa2e475a8232b22ef17ed1,0xeb818d27aab6776d50c9dab560016447a63eee10,oBUSD,18,6864557320358764676403,24302618548604,407065348243110427793,4534824701891621945,299024890234201623882951718,0.6,True,True,True,None,None,None,False,False,False,False,False,None
knightswap-lending,bsc,0x4f92913b86d5e79593fa2e475a8232b22ef17ed1,0xd6857011f5ad686caae724e6ba8f2fd47877229d,oUSDC,18,136945459260068495,45377438749876,308524258697425073918835,43918303862205438709578,5831225804506252951033089662,0.7,True,True,True,None,None,None,False,False,False,False,False,None
knightswap-lending,bsc,0x4f92913b86d5e79593fa2e475a8232b22ef17ed1,0x2763d553e990e269427abe4f37288da9b2916462,oUSDT,18,1144680244186788955,37915317219,8342017392143982194,27908805599906336,249471441214552398098452528,0.7,True,True,True,None,None,None,False,False,False,False,False,None
knightswap-lending,bsc,0x4f92913b86d5e79593fa2e475a8232b22ef17ed1,0x6b29623f811dac1622a97d58ff6b7978e86a3dbf,oBNB,18,245219921703343257,1551626029,108591524313057993,4082049197272377,225395417634572868460174561,0.7,True,True,True,None,None,None,False,False,False,False,False,None
knightswap-lending,bsc,0x4f92913b86d5e79593fa2e475a8232b22ef17ed1,0x67d3ccd58a47a6305e04e74d610804241ed528fa,oKNIGHT,18,3380710720918653729358453,16214348417508452,1138223796291352956190849,37748618304391319689084,276371629837852500485459515,0.4,True,True,True,None,None,None,False,False,False,False,False,None
knightswap-lending,bsc,0x4f92913b86d5e79593fa2e475a8232b22ef17ed1,0xd23f77e8a2073c66d8becf18762cb8545e85ae41,oGUARD,18,55574837777565478082089,277873130573374,0,0,200000761724929075829748331,0.4,True,True,True,None,None,None,False,False,False,False,False,None
apeswap-lending,bsc,0xad48b2c9dc6709a560018c678e918253a65df86e,0xc2e840bdd02b4a1d970c87a912d8576a7e61d314,oBANANA,18,1591482769750980619864538,5203198841765268,19612853344630233124860,261502483630944797081,309585347321740793072663406,0.4,True,True,True,None,None,None,False,False,False,False,False,None
apeswap-lending,bsc,0xad48b2c9dc6709a560018c678e918253a65df86e,0xaa1b1e1f251610ae10e4d553b05c662e60992eed,oETH,18,6139523707312969402,30618609569,228215073359391376,1570551287162027,207918266668472921700620284,0.7,True,True,True,None,None,None,False,False,False,False,False,None
apeswap-lending,bsc,0xad48b2c9dc6709a560018c678e918253a65df86e,0x0096b6b49d13b347033438c4a699df3afd9d2f96,oBUSD,18,34946627265219379723687,83923897915122,5057594482104883657346,37407155746726586717,476226862484375075479272753,0.0,True,True,True,None,None,None,False,False,False,False,False,None
apeswap-lending,bsc,0xad48b2c9dc6709a560018c678e918253a65df86e,0xdbfd516d42743ca3f1c555311f7846095d85f6fd,oUSDT,18,11378977051268384230385,76600539766792,12654393446593963964067,1449831920882220012872,294822185923689578643594408,0.7,True,True,True,None,None,None,False,False,False,False,False,None
apeswap-lending,bsc,0xad48b2c9dc6709a560018c678e918253a65df86e,0x3353f5bcfd7e4b146f2ed8f1e8d875733cd754a7,oCake,18,6127183502665295105135,23666506961497,166182763234900620699,9727651479892553856,265507648621029886955160461,0.4,True,True,True,None,None,None,False,False,False,False,False,None
apeswap-lending,bsc,0xad48b2c9dc6709a560018c678e918253a65df86e,0x91b66a9ef4f4cad7f8af942855c37dd53520f151,oUSDC,18,31778547035579161352078,106241637334709,3894774283218649118508,2867136374278964430257,308788397539136094904131577,0.7,True,True,True,None,None,None,False,False,False,False,False,None
apeswap-lending,bsc,0xad48b2c9dc6709a560018c678e918253a65df86e,0x34878f6a484005aa90e7188a546ea9e52b538f6f,oBNB,18,60461381751355415816,306767831914,8523602901969336944,102441157728538624,224542915943373439843360485,0.7,True,True,True,None,None,None,False,False,False,False,False,None
apeswap-lending,bsc,0xad48b2c9dc6709a560018c678e918253a65df86e,0x5fce5d208dc325ff602c77497dc18f8eadac8ada,oBTCB,18,926712553592836909,4663787612,42632489497583744,301170568713176,207780446525554062259042683,0.7,True,True,True,None,None,None,False,False,False,False,False,None
apeswap-lending,bsc,0xad48b2c9dc6709a560018c678e918253a65df86e,0x92d106c39ac068eb113b3ecb3273b23cd19e6e26,oDOT,18,980093147254060370535,4619437372238,29884904534311389866,264825299550026954,218579265205979259313135447,0.5,True,True,True,None,None,None,False,False,False,False,False,None
apeswap-lending,bsc,0xad48b2c9dc6709a560018c678e918253a65df86e,0x3ee2bd8c244b5b3656673c2a49447e41d31f8e1e,oBNBx,18,305630603600000000,1528153018,0,0,200000000000000000000000000,0.6,True,True,True,None,None,None,False,False,False,False,False,None
lander,bsc,0x344655CB08a25A7b2501CafB47CdF9490cE7fad3,0x617dd78f430aa23756d3336997d168bd8a6843fe,rUSDT,18,1687345953751207901087,2912531780921468459986,1400601716531125757094,17510171653112575676,1054215963836725696,0.8,True,False,False,0.99984,1687.08,3069.95,False,False,False,False,False,0.0
lander,bsc,0x344655CB08a25A7b2501CafB47CdF9490cE7fad3,0x0a30a5ff808f1a144f2b392d59cabd56d96050e8,rBNB,18,2950000000000000000,3999754448894639359,1123488477078595013,7348847707859500,1016597313991223179,0.8,True,False,False,766.41345073,2260.92,3116.34,False,False,False,False,False,0.0
lander,bsc,0x344655CB08a25A7b2501CafB47CdF9490cE7fad3,0x1fcbd267d4b5858e5094e94ce65d94783f49967d,rBTCB,18,20896058294845104,30812712856200514,10925620710468183,92562071046815,1029741103366740649,0.8,True,False,False,84640.707,1768.66,2685.57,False,False,False,False,False,0.0
lander,bsc,0x344655CB08a25A7b2501CafB47CdF9490cE7fad3,0x9e0847584e6a107784cbeedf585282a281400703,rETH,18,460933279132202005,980887439131603082,597157507321952034,7715750732195196,1070841560222113103,0.8,True,False,False,2676.83652338,1233.84,2811.68,False,False,False,False,False,0.0
lander,bsc,0x344655CB08a25A7b2501CafB47CdF9490cE7fad3,0x6a9008650f1c58ae819f140585d238263b5087e9,rDOGE,8,86952799627,254599880475,940143060830,70764305822,3756213682625453322,0.8,True,False,False,0.0929343,80.81,888.76,False,False,False,False,False,0.0
lander,bsc,0x344655CB08a25A7b2501CafB47CdF9490cE7fad3,0xb10bde77fca1786eb2693a180b9916600074b815,rUSDC,18,1515224797836146866109,2659816482046764269788,1301754591096920631194,15705459109692063086,1053183160842644967,0.8,True,False,False,0.99998155,1515.2,2801.22,False,False,False,False,False,0.0
lander,bsc,0x344655CB08a25A7b2501CafB47CdF9490cE7fad3,0xfd4aace5e61fb10e017c699e18c79d409651d661,rBCH,18,500000000000000000,2000000000000000000,1899409185809747611,39940918580974759,1179734133614386426,0.8,True,False,False,309.38211,154.69,729.98,False,False,False,False,False,0.0
lander,bsc,0x344655CB08a25A7b2501CafB47CdF9490cE7fad3,0x6eb2903bd6f8f0f8171d2cb7836e13a599cd9818,rDAI,18,266000000000000000000,1156636225818812343133,1759782218565661703180,85978221856566170268,1677108111788439541,0.8,True,False,False,1.0000211,266.01,1939.84,False,False,False,False,False,0.0
lander,bsc,0x344655CB08a25A7b2501CafB47CdF9490cE7fad3,0xdb1d85e89a68fd23ddef13b48634c3105aecfb3f,rLTC,18,5297915610916773202,13297915610916773202,9320543000401205672,132054300040120567,1089374059449242463,0.8,True,False,False,69.23469519,366.8,1002.96,False,False,False,False,False,0.0
fenrirfinance,bsc,0x56b4B49f31517be8DacC2ED471BCc20508A0e29D,0xd8629c8f41e56429ea425dff10e673a06b7fdc98,fBUSD,18,0,486927926636,99583297693233480262,219770473793991446,204062083491296828425353482,0.8,True,False,False,1.0,0.0,99.36,False,False,False,False,False,0.0
fenrirfinance,bsc,0x56b4B49f31517be8DacC2ED471BCc20508A0e29D,0xd74daaf227a6b88aff392857c23ece2ad8f80e16,fUSDC,18,0,630185518102,129165920411823761010,822702862318638292,203659420698924823287845957,0.8,True,False,False,1.0,0.0,128.34,False,False,False,False,False,0.0
fenrirfinance,bsc,0x56b4B49f31517be8DacC2ED471BCc20508A0e29D,0x444adc2d487090a660ebfddd934d0e962410d8cc,fWBNB,18,0,1257508761,403607587211626184,67320985081112727,267422870169978447569638840,0.8,True,False,False,726.2520811174985,0.0,244.23,False,False,False,False,False,0.0
fenrirfinance,bsc,0x56b4B49f31517be8DacC2ED471BCc20508A0e29D,0x859917aa732e79d9fde481a091df866c9d54445a,fUSDT,18,0,497553393628,1540468414048732683120,148508001366900773406,2797610126889302009096174203,0.8,True,False,False,1.0399924069570952,0.0,1447.63,False,False,False,False,False,0.0
fenrirfinance,bsc,0x56b4B49f31517be8DacC2ED471BCc20508A0e29D,0xbb71b107bcde54aa88f404d24a1be1986b4e99d5,fETH,18,0,168448720,63986350025376465,5903434559823678,344810666804430375012644797,0.8,True,False,False,4100.996608062435,0.0,238.2,False,False,False,False,False,1e-06
fenrirfinance,bsc,0x56b4B49f31517be8DacC2ED471BCc20508A0e29D,0x914f9e5644d78fd287ff36081544fccfbdf31cae,fBTCB,18,87377819114,12384049,1231918266663733915,123400514759175850,89511745252491909471611425310,0.75,True,False,False,78778.21124118596,0.01,87327.05,False,False,False,False,False,0.007052
fenrirfinance,bsc,0x56b4B49f31517be8DacC2ED471BCc20508A0e29D,0x9f34bd9f72b91a904e8b4fada5ce6ecc572113a1,fDAI,18,0,491979371097,3852699546833599725729,376994965521148598384,7064736420883735985993765599,0.8,True,False,False,1.0225036916018764,0.0,3553.92,False,False,False,False,False,0.0
fenrirfinance,bsc,0x56b4B49f31517be8DacC2ED471BCc20508A0e29D,0xaf528c764284b5ebd501c2bebf611858d896427d,fCake,18,788348097965880,65256060374,16455222141187583753126,1644760211502676684300,226959191731009615464194494984,0.5,True,False,False,1.723568350177869,0.0,25526.84,False,False,False,False,False,0.0
fenrirfinance,bsc,0x56b4B49f31517be8DacC2ED471BCc20508A0e29D,0x6908cc99407be9fb693841def1a6a77cddc01684,fTUSD,18,0,855235748947,7726792121116916735327,791162314458714108713,8109611665786449772109189320,0.8,True,False,False,1.154578366134218,0.0,8007.73,False,False,False,False,False,0.0
fenrirfinance,bsc,0x56b4B49f31517be8DacC2ED471BCc20508A0e29D,0x61d9fc7af7153b2cbdb91032869a9ec1ad1df4fd,fCEEK,18,2648,149999224280,250759522596969056259,44152146644510765250,1377389629474277796291814263,0.0,True,False,False,0.061012928073126055,0.0,12.61,False,False,False,False,False,0.0
fenrirfinance,bsc,0x56b4B49f31517be8DacC2ED471BCc20508A0e29D,0x853d575ac4aae20b69bce0e61eb817c96da90752,fTINC,18,7772231743885956,32920508097,57197730978151458123,10124247676373494423,1430149722926430130790699745,0.0,True,False,False,0.005179490301809088,0.0,0.24,False,False,False,False,False,0.0
fenrirfinance,bsc,0x56b4B49f31517be8DacC2ED471BCc20508A0e29D,0x2395a1080baa393639b2e65c1d6a56df51d351ea,fPEX,18,721,120790981715,201919469715471516081,35552254674514253816,1377314868037847398051507756,0.0,True,False,False,0.03494581916198602,0.0,5.81,False,False,False,False,False,0.0
fenrirfinance,bsc,0x56b4B49f31517be8DacC2ED471BCc20508A0e29D,0x82ad3f5485db4b89ded14f919bed1ad6a2626895,fFroyo,18,100000000006781668665,980737666205,64027011108263976288069,12768062912735720725610,52367671769220765829578878440,0.0,True,False,False,7.896210178035e-06,0.0,0.41,False,False,False,False,False,0.0
fenrirfinance,bsc,0x56b4B49f31517be8DacC2ED471BCc20508A0e29D,0x3b573c73ab570489c99a8feee801b7ef73296b20,fBSW,18,117996270776583886,0,2,117996270776583888,200000000000000000000000000,0.0,True,False,False,0.1187272819532971,0.01,None,True,True,True,False,False,None
fenrirfinance,bsc,0x56b4B49f31517be8DacC2ED471BCc20508A0e29D,0x04f8d3015ee15eda822b9d1f489aa13379ffc4b6,fGMT,8,0,13098250100,2189557686,385518536,137731310383209128,0.0,True,False,False,0.30548922498217024,0.0,5.51,False,False,False,False,False,0.0
fenrirfinance,bsc,0x56b4B49f31517be8DacC2ED471BCc20508A0e29D,0x0be08e9db1dedc17eab83ee1d5fcb39cda099233,fXWG,18,43167706411124810307,2181213539761,2142155458872295072776,349633091774459014555,841591178509785502336391481,0.0,True,False,False,0.001898439202406848,0.08,3.48,False,False,False,False,False,0.0
usdfi-lending,bsc,0x87363D74CD88A6220926Cf64bDEFd23ae63BE115,0xc1ea72c901c014a76dd9656b1c5965a86a6b735c,oETH,18,848091574921822706,4353925734,64161144333357161,21063861827856547,204686278975314125098487497,0.7,True,True,True,None,None,None,False,False,False,False,False,None
usdfi-lending,bsc,0x87363D74CD88A6220926Cf64bDEFd23ae63BE115,0xd6c50114aa0f6a569e47c28620de49725f9c8f45,oBTCB,18,330557959377475003,1631373625,202117325643289,640379846697321,202356892251718836633760092,0.7,True,True,True,None,None,None,False,False,False,False,False,None
usdfi-lending,bsc,0x87363D74CD88A6220926Cf64bDEFd23ae63BE115,0x62c79f52041887ed095a5697bcc89ab1297384d6,oUSDC,18,2608462248976735890175,9439191048571,68649361589783987984,545333982109226504142,225843254733150399051481421,0.7,True,True,True,None,None,None,False,False,False,False,False,None
usdfi-lending,bsc,0x87363D74CD88A6220926Cf64bDEFd23ae63BE115,0xfa246eef86d6e58409c8b5ad7e778e336321f7cb,oCake,18,1102233951522601506491,4845255063547,4275731926613456682,46639133671462781811,218744015717898483059551065,0.7,True,True,True,None,None,None,False,False,False,False,False,None
usdfi-lending,bsc,0x87363D74CD88A6220926Cf64bDEFd23ae63BE115,0x147ba3da72064eadcdb7eaba4e930b6a233b7304,oSTABLE,18,890693968520391530572,4453469836696,0,0,200000000265229489338658737,0.0,True,True,True,None,None,None,False,False,False,False,False,None
usdfi-lending,bsc,0x87363D74CD88A6220926Cf64bDEFd23ae63BE115,0xf34992ad64ccacb0b86d4cabadd1af0797c3fb3b,oUSDFI,18,7988680416040105431714,39943402059047,0,0,200000000105917503608227690,0.0,True,True,True,None,None,None,False,False,False,False,False,None
usdfi-lending,bsc,0x87363D74CD88A6220926Cf64bDEFd23ae63BE115,0x32c13d51188afd2d882b5de6447387dc8b528a59,oBNB,18,4423560429845985512,19027096982,42867513614369301,354800751612338995,216093248262606444205698641,0.7,True,True,True,None,None,None,False,False,False,False,False,None
usdfi-lending,bsc,0x87363D74CD88A6220926Cf64bDEFd23ae63BE115,0x0e8ca6aa4bfb21666b8f19e61a606954c17cc016,oBUSD,18,45662338848987523660,221122218815,95196847365571136,4109636598042,206933214725921059422325153,0.7,True,True,True,None,None,None,False,False,False,False,False,None
usdfi-lending,bsc,0x87363D74CD88A6220926Cf64bDEFd23ae63BE115,0xd577bbc634104811d3288f27a31e441ea9eb0277,oUSDT,18,28366633480763534732229,122914780060183,148557279931580381750,846111012789132670993,225107832714327095136481165,0.7,True,True,True,None,None,None,False,False,False,False,False,None
usdfi-lending,bsc,0x87363D74CD88A6220926Cf64bDEFd23ae63BE115,0xce925d3ce4751fee25b0ce6386b79e69cee03db9,oBNBx,18,929259308990261020,2288709806,0,0,406018843697068085179515327,0.5,True,True,True,None,None,None,False,False,False,False,False,None
usdfi-lending,bsc,0x87363D74CD88A6220926Cf64bDEFd23ae63BE115,0x360238efea31f1e154442633cddd3091f483edce,oFRAX,18,292402917478799985872,83213360742,2493059250033324862,257406899946415787278,450517518438547905944399478,0.5,True,True,True,None,None,None,False,False,False,False,False,None
usdfi-lending,bsc,0x87363D74CD88A6220926Cf64bDEFd23ae63BE115,0xb47e066d7bf5676caf2b34cbec9175c040733c26,oSTABLE,18,448425283880000000000,2242126419400,0,0,200000000000000000000000000,0.0,True,True,True,None,None,None,False,False,False,False,False,None
usdfi-lending,bsc,0x87363D74CD88A6220926Cf64bDEFd23ae63BE115,0x42151f5f25917e99195edcfe516c5f2fe25c3be8,oUSDFI,18,2491056922530000000000,12455284612650,0,0,200000000000000000000000000,0.0,True,True,True,None,None,None,False,False,False,False,False,None
usdfi-lending,bsc,0x87363D74CD88A6220926Cf64bDEFd23ae63BE115,0xb84104de16e19551ec49218fe279901bc9f6643e,oHAY,18,856455540540115302795,1807766641119,66239233990193447402,514465136639755679947,225819875533194167986392162,0.5,True,True,True,None,None,None,False,False,False,False,False,None
usdfi-lending,bsc,0x87363D74CD88A6220926Cf64bDEFd23ae63BE115,0xc89be1bf7cb95f7d8bd8f2bd2b0bee39d690d06d,oUSDFI,18,25984084312790000000000,129920421563950,0,0,200000000000000000000000000,0.0,True,True,True,None,None,None,False,False,False,False,False,None
usdfi-lending,bsc,0x87363D74CD88A6220926Cf64bDEFd23ae63BE115,0x661f93ce51bb7fe83af5c1084bef308fb5d02ff8,oSTABLE,18,5852184641010000000000,29260923205050,0,0,200000000000000000000000000,0.0,True,True,True,None,None,None,False,False,False,False,False,None
sumer,bsc,0x15B5220024c3242F7D61177D6ff715cfac4909eD,0x23811c17bac40500decd5fb92d4feb972ae1e607,sdrBNB,18,4219441501657094499,929376626294477539,1789349657176443409,3460007620853819180,2742465719352107067,4e-18,True,None,None,766.12033,3232.6,1952.67,False,False,False,False,False,0.0
sumer,bsc,0x15B5220024c3242F7D61177D6ff715cfac4909eD,0xbc6590a7b15513e4d649b158393175a839f27ed8,sdrUSDC,18,124990161225390436,124817219265915835,3,171908803972466,1000008277347534372,1e-18,True,None,None,0.99998155,0.12,0.12,False,False,False,False,False,0.0
sumer,bsc,0x15B5220024c3242F7D61177D6ff715cfac4909eD,0xe550a6f792a8b6c07555378ea74063021885a33e,sdrUSDT,18,104120930480493061577,1281474813169819664,168,102835198205336994552,1003322314213664794,1e-18,True,None,None,0.99984,104.1,1.29,False,False,False,False,False,0.0
sumer,bsc,0x15B5220024c3242F7D61177D6ff715cfac4909eD,0xf7bb299dc8e627eaec4282ffc236e085aef8faf3,sdrBTCB,18,89495967691823,89474072661395,0,2189503041,1000220237291104133,3e-18,True,None,None,84626.48141393,7.57,7.57,False,False,False,False,False,0.0
sumer,bsc,0x15B5220024c3242F7D61177D6ff715cfac4909eD,0x86208af42580823401b504b341150c92cc99c69a,sdrSolvBTC,18,183200512924706,1825759345439146,3305111543417701,884718469566283,1426033279402377748,5e-18,True,None,None,84626.48141393,15.5,220.33,False,False,False,False,False,0.0
sumer,bsc,0x15B5220024c3242F7D61177D6ff715cfac4909eD,0xdca98947c3c9cf0b3cf448b6a03f991598fb9460,sdrSolvBTC.BBN,18,89709454288629,89709167375017,100044790,183969759,1000002262741355645,5e-18,True,None,None,84626.48141393,7.59,7.59,False,False,False,False,False,0.0
sumer,bsc,0x15B5220024c3242F7D61177D6ff715cfac4909eD,0x218c9349e8522466bd57fb878a1a479aeaef02a4,sdrSolvBTC.ENA,18,89548894990891,89548894990891,0,0,1000000000000000000,5e-18,True,None,None,84626.48141393,7.58,7.58,False,False,False,False,False,0.0
sumer,bsc,0x15B5220024c3242F7D61177D6ff715cfac4909eD,0x2509bd3b69440d39238b464d09f9f04a61fd62c6,sdrETH,18,2306486732614682,2300289120083027,0,619761253164,1002424847915765333,2e-18,True,None,None,2676.28510819,6.17,6.17,False,False,False,False,False,0.0
sumer,bsc,0x15B5220024c3242F7D61177D6ff715cfac4909eD,0x35c840655d3a2e77d79f179c34e547726b963314,sdrPumpBTC,8,283384,338988,68605,3346,1028481834165221187,5e-18,True,None,None,8.462648141393e-06,0.0,0.0,False,True,False,False,False,0.0
segment-finance,bsc,0x57E09c96DAEE58B77dc771B017de015C38060173,0x8969b89d5f38359fbe95bbe392f5ad82dd93e226,seUSDC,18,514074511446639837477,1649092774290,19504085227668694501,165383346807516767863,223271398436218639672783257,0.8,True,None,None,0.99998155,514.07,368.19,False,False,False,False,False,0.0
segment-finance,bsc,0x57E09c96DAEE58B77dc771B017de015C38060173,0x44b1e0f4533fd155b9859a9db292c90e5b300119,seUSDT,18,13724137508103963441361,71202858720701,3212986691567125448487,252871961315402586829,234319977289128539626411798,0.8,True,None,None,0.99984,13721.94,16681.58,False,False,False,False,False,0.0
segment-finance,bsc,0x57E09c96DAEE58B77dc771B017de015C38060173,0x3821175e59cd0acda6c5fd3ebb618b204e5d7eed,seETH,18,201477425502776386,1603339626,220038351998914239,33091584461168176,242259460654359483160431787,0.8,True,None,None,2676.28510819,539.21,1039.53,False,False,False,False,False,1e-06
segment-finance,bsc,0x57E09c96DAEE58B77dc771B017de015C38060173,0x12cd46b96fe0d86e396248a623b81fd84dd0f61d,seBTC,18,5616616376194206,12676810,141372856639012,3081883349061073,211102468505258420691009804,0.8,True,None,None,84626.48141393,475.31,226.47,False,False,False,False,False,1.8e-05
segment-finance,bsc,0x57E09c96DAEE58B77dc771B017de015C38060173,0x5fcea94b96858048433359bb5278a402363328c3,seBNB,18,2831919377170410271,17412433784,1858735480510037239,534000902044492579,238717574303451831061963853,0.75,True,None,None,766.10824,2169.56,3184.45,False,False,False,False,False,0.0
segment-finance,bsc,0x57E09c96DAEE58B77dc771B017de015C38060173,0x24a8117bf6f4a5be6759918f7c111f279a999ef3,seSTONE,18,149277496129699253,453444608,5648580106918523,54497668840101031,221478887662761103997955137,0.6,True,None,None,2721.3189684626063,406.23,273.3,False,False,False,False,False,1e-06
segment-finance,bsc,0x57E09c96DAEE58B77dc771B017de015C38060173,0xf8adf750633b8f95aa00bdbe2ed2924b6c386004,seSATUSD,18,49711325453413735130051,250049380501426,304064729008681599747,6272900868159971,200022026886150662386813428,0.6,True,None,None,0.99998155,49710.41,50014.46,False,False,False,False,False,0.0
segment-finance,bsc,0x57E09c96DAEE58B77dc771B017de015C38060173,0x07b4fbc9b123ac8eed171372969dd55410946d75,seXPUFETH,18,36877910054487,505034825,90030104817510047118,16833987098658996939,144932885760424748265627028789,0.6,True,None,None,None,None,None,False,False,False,False,False,None
cream,bsc,0x589DE0F0Ccf905477646599bb3E5C622C84cC0BA,0x1ffe17b99b439be0afc831239ddecda2a790ff3a,crBNB,18,143159541614725201823,707212895505,45715009218628301124,917484418184241728,265771548581498403228837203,0.75,True,True,True,1.0,143.16,187.96,False,False,False,False,False,0.0
cream,bsc,0x589DE0F0Ccf905477646599bb3E5C622C84cC0BA,0x11883cdea6bab720092791cc89affa54428ce069,crBTCB,18,5442391524666,3509523746,8684417270428014758,2381372377897985780,1795984524141058096718744925,0.75,True,True,True,110.26901025800879,0.0,695.03,False,False,False,False,False,0.0
cream,bsc,0x589DE0F0Ccf905477646599bb3E5C622C84cC0BA,0x2bc4eb013ddee29d37920938b96d353171289b7c,crBUSD,18,26429513112424568575087,407908495181608,81994895615021875569819,0,265805713801508350721751140,0.3,True,True,True,0.001305209833790153,34.5,141.52,False,False,False,False,False,0.0
cream,bsc,0x589DE0F0Ccf905477646599bb3E5C622C84cC0BA,0xaa46e2c21b7763a73db48e9b318899253e66e20c,crXRP,18,1739754824284658138269,8227043839908,87691638165214530258,665226671150338216,222045885657897570142464024,0.0,True,True,True,0.0019341692,3.36,3.53,False,False,False,False,False,0.0
cream,bsc,0x589DE0F0Ccf905477646599bb3E5C622C84cC0BA,0xcb87cee8c77cdfd310fb3c58ff72e688d46f90b1,crBCH,18,15688732401465227779,66525919095,278284248041202286,788894905286992,240000107804615714238558766,0.0,True,True,True,0.4033747782376927,6.33,6.44,False,False,False,False,False,0.0
cream,bsc,0x589DE0F0Ccf905477646599bb3E5C622C84cC0BA,0xb31f5d117541825d6692c10e4357008edf3e2bcd,crETH,18,19054683585658653910,95469469430,1277685530611025612,14299007454496740,212822698503763778401046467,0.75,True,True,True,3.4908087845413562,66.52,70.93,False,False,False,False,False,0.0
cream,bsc,0x589DE0F0Ccf905477646599bb3E5C622C84cC0BA,0x8cc7e2a6de999758499658bb702143fd025e09b2,crLTC,18,2455311951639275286,16402833641,1405292099293815725,77378034349553135,230644661732537891804617614,0.0,True,True,True,0.09034979846592202,0.22,0.34,False,False,False,False,False,0.0
cream,bsc,0x589DE0F0Ccf905477646599bb3E5C622C84cC0BA,0xef6d459fe81c3ed53d292c936b2df5a8084975de,crUSDT,18,396387761584808,283629703089040,138620938946844604936361509691,27724186454281966315649231453,390991321729618592597364964843370,0.75,True,True,True,0.001303813366225019,0.0,144588668.17,False,False,False,False,False,1e-06
cream,bsc,0x589DE0F0Ccf905477646599bb3E5C622C84cC0BA,0x3942936782d788ce69155f776a51a5f1c9dd9b22,crLINK,18,216237345847996631263,1036855913393,1674267837023751523,5712069261720285,210160253513610123830340948,0.0,True,True,True,0.01832683775958414,3.96,3.99,False,False,False,False,False,0.0
cream,bsc,0x589DE0F0Ccf905477646599bb3E5C622C84cC0BA,0x53d88d2ffdbe71e81d95b08ae0ca49d0c4a8515f,crDOT,18,306327901899492952706,1403564186171,6833696676898471018,67681919974392726,223070608199653761324926829,0.0,True,True,True,0.001504205919878463,0.46,0.47,False,False,False,False,False,0.0
cream,bsc,0x589DE0F0Ccf905477646599bb3E5C622C84cC0BA,0x81c15d3e956e55e77e1f3f257f0a65bd2725fc55,crADA,18,1622435288997835370084,9224317850548,310060013352904803444,15789236015830900484,207788380386419711306049801,0.0,True,True,True,0.000320112998276549,0.52,0.61,False,False,False,False,False,0.0
cream,bsc,0x589DE0F0Ccf905477646599bb3E5C622C84cC0BA,0x426d6d53187be3288fe37f214e3f6901d8145b62,crCREAM,18,24832143699097611454,119970261305,345625436129403554,2051573668342591,209849651802912461923473677,0.0,True,True,True,0.001125349295684261,0.03,0.03,False,False,False,False,False,0.0
cream,bsc,0x589DE0F0Ccf905477646599bb3E5C622C84cC0BA,0x738f3810b3da0f3e6dc8c689d0d72f3b4992c43b,crBAND,18,847489927598314976775,2389178275994,81565549619212850,4388664646761,354754392870345213711972522,0.0,True,True,True,None,None,None,False,False,False,False,False,None
cream,bsc,0x589DE0F0Ccf905477646599bb3E5C622C84cC0BA,0x19ee64850862cfd234e20c0db4eda286f12ec907,crEOS,18,1380794865477785164691,2587999448220,30212443472156677272,553382682162139836,544997769314779310137530041,0.0,True,True,True,None,None,None,False,False,False,False,False,None
cream,bsc,0x589DE0F0Ccf905477646599bb3E5C622C84cC0BA,0x9095e8d707e40982affce41c61c10895157a1b22,crDAI,18,82625051683158420970,32845712937814,1154701387230881134773047,344453878593944104271343,24670803621245755356672042485,0.75,True,True,True,0.001610920192859677,0.13,1305.38,False,False,False,False,False,0.0
cream,bsc,0x589DE0F0Ccf905477646599bb3E5C622C84cC0BA,0xe692714717a89e4f2ab89dd17d8dddd7bb52de8e,crXTZ,18,723733090635797486079,3279138925823,22645522121056345945,231981542593722661,227543464334007086392691388,0.0,True,True,True,0.00041776929,0.3,0.31,False,False,False,False,False,0.0
cream,bsc,0x589DE0F0Ccf905477646599bb3E5C622C84cC0BA,0x1af8c1c3ad36a041cb6678fed86b1e095004fd16,crFIL,18,60408946253683673423,336397171367,15563172220170576845,1265890854645675740,222077454800314443239728075,0.0,True,True,True,0.021407818493934538,1.29,1.6,False,False,False,False,False,0.0
cream,bsc,0x589DE0F0Ccf905477646599bb3E5C622C84cC0BA,0xea466cd2583a0290b9e7b987a769a7eb468fb0a5,crYFI,18,63310704859163172,366425400,15120688657545344,1154557796959767,210893774612100441181206324,0.0,True,True,True,3.4541557377014365,0.22,0.27,False,False,False,False,False,0.0
cream,bsc,0x589DE0F0Ccf905477646599bb3E5C622C84cC0BA,0x3b0be453a4008ebc2edd457e7bd355f1c5469d68,crUNI,18,223579775651674275476,1044476518734,832536818730381206,1521394931207919,214854797643014150838982876,0.0,True,True,True,0.02214437383252985,4.95,4.97,False,False,False,False,False,0.0
cream,bsc,0x589DE0F0Ccf905477646599bb3E5C622C84cC0BA,0x0e9d900c884964dc4b26db96ba113825b1a09baa,crATOM,18,478610520721323438646,2095839938846,10139798024484581912,94143598822291799,233155293059281491195081834,0.0,True,True,True,0.002520735873005672,1.21,1.23,False,False,False,False,False,0.0
cream,bsc,0x589DE0F0Ccf905477646599bb3E5C622C84cC0BA,0xd83c88db3a6ca4a32fff1603b0f7ddce01f5f727,crUSDC,18,6199251233507056701985,70484170458348,44883427516246895040027,5083982057384675283225,652610315099782600170106915,0.75,True,True,True,0.001305044534482246,8.09,60.03,False,False,False,False,False,0.0
cream,bsc,0x589DE0F0Ccf905477646599bb3E5C622C84cC0BA,0x264bc4ea2f45cf6331ad6c3ac8d7257cf487fcbc,crALPHA,18,24766143638379890072438,118723270525205,465008280194181840203,4191549482770570009,212485389405909325102832771,0.0,True,True,True,0.000413048771690018,10.23,10.42,False,False,False,False,False,0.0
cream,bsc,0x589DE0F0Ccf905477646599bb3E5C622C84cC0BA,0x2d3bfadf9bc94e3ab796029a030e863f1898aa06,crTWT,18,2581056452419183237402,11937595012792,10012262253142600931,17419731116320331,217049689838255518434913850,0.0,True,True,True,0.000740164543414848,1.91,1.92,False,False,False,False,False,0.0
cream,bsc,0x589DE0F0Ccf905477646599bb3E5C622C84cC0BA,0xbf9b95b78bc42f6cf53ff2a0ce19d607cfe1ff82,crCAKE,18,1566176905593675322657,5799012427657,279550364586458703808,16382887774626863995,315457917227576120669603539,0.75,True,True,True,0.003229107811874051,5.06,5.91,False,False,False,False,False,0.0
cream,bsc,0x589DE0F0Ccf905477646599bb3E5C622C84cC0BA,0x4ebdef163ff08ac1d56a89bafefd6c01cc28a48f,crXVS,18,179411179833214019324,791041541246,417952052030506075,444966099483783,227331533860901856589372394,0.0,True,True,True,0.004492119445339626,0.81,0.81,False,False,False,False,False,0.0
cream,bsc,0x589DE0F0Ccf905477646599bb3E5C622C84cC0BA,0x4cb7f1f4ad7a6b53802589af3b90612c1674fec4,crBAT,18,6063249572016614280561,25132400470916,7772358474328030316,8965250784381961,241561205912890177032094403,0.0,True,True,True,0.001185726329777137,7.19,7.2,False,False,False,False,False,0.0
cream,bsc,0x589DE0F0Ccf905477646599bb3E5C622C84cC0BA,0x84902bd5ccef97648bf69c5096729a9367043beb,crVAI,18,519727429537798802,470614410699,2172774113851668863537044,1086191943907807415988240,2308859790454350923551224673374,0.0,True,True,True,0.003564621998177953,0.0,3873.26,False,False,False,False,False,0.0
cream,bsc,0x589DE0F0Ccf905477646599bb3E5C622C84cC0BA,0xf77df34f4bf632fb5ca928592a73a29a42bcf0b1,crAUTO,18,23552788768282648704,100522640499,115106102154012256,0,235448400011658163317065454,0.0,True,True,True,0.9520303719432436,22.42,22.53,False,False,False,False,False,0.0
cream,bsc,0x589DE0F0Ccf905477646599bb3E5C622C84cC0BA,0x7f746a80506a4cafa39938f7c08ad59cfa6de418,crRENBTC,8,207365,11667449,31929,64,20504053628175276,0.0,True,True,True,71.47327660357115,0.15,0.17,False,False,False,False,False,0.0
cream,bsc,0x589DE0F0Ccf905477646599bb3E5C622C84cC0BA,0xbe7e1d74acae787355169bc61a8729b2040fce6b,crRENZEC,8,4374805,224979056,345553,4959,20959279871811712,0.0,True,True,True,0.22002995748557547,0.01,0.01,False,False,False,False,False,0.0
cream,bsc,0x589DE0F0Ccf905477646599bb3E5C622C84cC0BA,0xdcf60e349a5aaeeecdd2fb6772931fbf3486ed1c,crBETH,18,85401952901501944,434972932,2654857540234453,10693227570510,202417462643780985893623376,0.0,True,True,True,5.5340628479854255,0.47,0.49,False,False,False,False,False,0.0
cream,bsc,0x589DE0F0Ccf905477646599bb3E5C622C84cC0BA,0xc17c8c5b8bb9456c624f8534fde6cbda2451488c,crIOTX,18,26604472067273847099046,94833510437563,87490107498364517136,131941881185602630,281459898613207382038913652,0.0,True,True,True,0.0001028882542817,2.74,2.75,False,False,False,False,False,0.0
cream,bsc,0x589DE0F0Ccf905477646599bb3E5C622C84cC0BA,0xa8d75a0d17d2f4f2f4673975ab8470269d019c96,crSXP,18,983098760344738362637,4775812570577,415782342313484298,80438694048382,205936570523648585597833619,0.0,True,True,True,0.00130652910903852,1.28,1.28,False,False,False,False,False,0.0
cream,bsc,0x589DE0F0Ccf905477646599bb3E5C622C84cC0BA,0x9b53e7d5e3f6cc8694840ed6c9f7fee79e7bcee5,crSUSHI,18,172454773345335290106,806627847517,12365883487085088099,356046004041621444,228686142433845358084571496,0.0,True,True,True,0.000332889818446909,0.06,0.06,False,False,False,False,False,0.0
cream,bsc,0x589DE0F0Ccf905477646599bb3E5C622C84cC0BA,0x36cdf5972aca2b70f10d0f7af0d95871abc065d9,crCAKE-LP-CAKE-BNB,18,0,337840773,127226948430899764,72076793038073288,163243041694160686756420605,0.0,True,True,True,0.29642392253063016,0.0,0.02,False,False,False,False,False,0.0
cream,bsc,0x589DE0F0Ccf905477646599bb3E5C622C84cC0BA,0x26a490a0f419dcfbed97e568403654c2746a7110,crCAKE-LP-BNB-BUSD,18,0,7805531456,317798499189474342,380634993403144,40665759402209139979411031,0.0,True,True,True,0.22424012537937543,0.0,0.07,False,False,False,False,False,0.0
cream,bsc,0x589DE0F0Ccf905477646599bb3E5C622C84cC0BA,0xe39b9e0366940eb3ca62b85ffae838ef0f8b14e0,crCAKE-LP-BTCB-BNB,18,0,16636793,109030880682647,967092793179,6495469883496657078079891,0.0,True,True,True,19.121284828084633,0.0,0.0,False,False,False,False,False,0.0
cream,bsc,0x589DE0F0Ccf905477646599bb3E5C622C84cC0BA,0x5fa61a5a65920f90af970b13b7f28daeef0440b7,crCAKE-LP-ETH-BNB,18,0,33521478,1991137247763994,1432113410767,59356127863849768199361615,0.0,True,True,True,5.620447962739528,0.0,0.01,False,False,False,False,False,0.0
cream,bsc,0x589DE0F0Ccf905477646599bb3E5C622C84cC0BA,0x19b08ff7d90d63ad109c6fabb8e0fcc866477a41,crCAKE-LP-USDT-BUSD,18,0,9999518220,550315775122320,599873147736460,None,0.0,True,True,True,0.00827167009467529,0.0,None,False,False,False,False,False,None
cream,bsc,0x589DE0F0Ccf905477646599bb3E5C622C84cC0BA,0x15cc701370cb8ada2a2b6f4226ec5cf6aa93bc67,crWBNB,18,10224238010350773814,44839396954,44643850668857530,41087979126026250,228098381706295708046421823,0.0,True,True,True,1.0,10.22,10.23,False,False,False,False,False,0.0
cream,bsc,0x589DE0F0Ccf905477646599bb3E5C622C84cC0BA,0x98b7871702b602e65eaef46051d75ca334f872d0,crCAKE-LP-CAKE-BNB,18,0,124240658306,18756516984208757855,17598980043741231923,9316893167263784314610455,0.0,True,True,True,0.2557756928326457,0.0,0.3,False,False,False,False,False,0.0
cream,bsc,0x589DE0F0Ccf905477646599bb3E5C622C84cC0BA,0x7fd568d6a1a11b19427c8ccb90f7bb80e4ab1c5f,crCAKE-LP-BUSD-BNB,18,0,2180216804,99692776687435465177096,99692318129563726361147,210326730303843648844750395,0.0,True,True,True,0.1636341538400892,0.0,0.08,False,False,False,False,False,0.0
cream,bsc,0x589DE0F0Ccf905477646599bb3E5C622C84cC0BA,0x5ea2dd1de21ed3b5316cef89985edc66cf9b2a0e,crCAKE-LP-BTCB-BNB,18,0,90786,26889735745094043413,26898452715909027982,None,0.0,True,True,True,18.22894302627693,0.0,None,False,True,False,False,False,None
cream,bsc,0x589DE0F0Ccf905477646599bb3E5C622C84cC0BA,0x9972dd9912367cf395bea752ad49d81f33f7ca85,crCAKE-LP-ETH-BNB,18,0,102602208,15070033029443756801,15049092952249176873,204089927524560952918284175,0.0,True,True,True,5.316678317906732,0.0,0.11,False,False,False,False,False,0.0
cream,bsc,0x589DE0F0Ccf905477646599bb3E5C622C84cC0BA,0x04c61ef58a6f1d6c572045a39a5434ab9dee69fb,crCAKE-LP-USDT-BUSD,18,0,8970876387,82837406292104125389,80872666118980732616,219013180916255197196933575,0.0,True,True,True,0.008074090393752642,0.0,0.02,False,False,False,False,False,0.0
cream,bsc,0x589DE0F0Ccf905477646599bb3E5C622C84cC0BA,0x7e545caa813b102d2c6bfb7d6b07a0ea699ccac2,crUSD1,18,6376951320334456105,34886671463,1058205556335394637,42848920830796785,211894905585336952069430505,0.0,True,True,True,0.001612238478874603,0.01,0.01,False,False,False,False,False,0.0
cream,bsc,0x589DE0F0Ccf905477646599bb3E5C622C84cC0BA,0x8166974222577f9ef674c1633f0742256f5a06cf,crASTER,18,31508998699564743658,157495005377,3000810624761,78898,200063498045232296465195351,0.75,True,True,True,0.001118153690588782,0.04,0.04,False,False,False,False,False,0.0
filda,bsc,0xF0700A310Cb14615a67EEc1A8dAd5791859f65f1,0xab9cd8ac3d8a54d7faee07b4aa4914a57f4db578,fBNB,18,651873866673031542,31868179912521718406,9236185152941884,0,20745146212953584,0.65,True,False,False,1.0,0.65,0.66,False,False,False,False,False,0.0
filda,bsc,0xF0700A310Cb14615a67EEc1A8dAd5791859f65f1,0x8aee1d27d906895cc771380ba5a49bbd421dd5a0,fBUSD,18,10100000000000000000,505000000000000000000,0,0,20000000000000000,0.8,True,False,False,0.001305492465431237,0.01,0.01,False,False,False,False,False,0.0
filda,bsc,0xF0700A310Cb14615a67EEc1A8dAd5791859f65f1,0x5480c79f4a02657e33586751a66c331f0230bb2d,fUSDT,18,15598795309045112914,779939753125352664795,89199160628,13379874083,20000000413310572,0.8,True,False,False,0.001305096566298818,0.02,0.02,False,False,False,False,False,0.0
filda,bsc,0xF0700A310Cb14615a67EEc1A8dAd5791859f65f1,0x5b07f2582d0cc26e400d56266aebb201c93560ed,fUSDC,18,11873619896844342974,595929101359428774322,26116519895308731625,13996554896614001251,40262482300000279,0.8,True,False,False,0.001305281332280334,0.02,0.03,False,False,False,False,False,0.0
filda,bsc,0xF0700A310Cb14615a67EEc1A8dAd5791859f65f1,0x891672f0b855b55b20ea3732c1fbdf389e712829,fETH,18,4269363070127249,213468153506362450,0,0,20000000000000000,0.75,True,False,False,3.4933694442465093,0.01,0.01,False,False,False,False,False,0.0
wepiggy,bsc,0x8c925623708A94c7DE98a8e83e8200259fF716E0,0x33a32f0ad4aa704e28c93ed8ffa61d50d51622a7,pBNB,18,31719356368713216518,138276893608,69538523881093459,0,229893036089691023318464769,0.0,True,None,None,679.25,21545.37,21592.61,False,False,False,False,False,0.0
wepiggy,bsc,0x8c925623708A94c7DE98a8e83e8200259fF716E0,0x849c37a029b38d3826562697ccc40c34477c6293,pETH,18,1603414424019983570,7894096628,2865250606492702,0,203478592968963119715184717,0.0,True,None,None,2255.0,3615.7,3622.16,False,False,False,False,False,0.0
wepiggy,bsc,0x8c925623708A94c7DE98a8e83e8200259fF716E0,0x311aea58ca127b955890647413846e351df32554,pBTCB,18,56771096009722587,282703610,38681105884439,0,200951721541889847108779403,0.0,True,None,None,73699.59,4184.01,4186.86,False,False,False,False,False,1.5e-05
wepiggy,bsc,0x8c925623708A94c7DE98a8e83e8200259fF716E0,0x12d803497d1e58dd4d4a4f455d754f1d0f937c8b,pDAI,18,102068254763197432296,444690653218,25371138396345792481,0,286579878028308392096626259,0.0,True,None,None,1.0,102.07,127.44,False,False,False,False,False,0.0
wepiggy,bsc,0x8c925623708A94c7DE98a8e83e8200259fF716E0,0x2a8cd78bfb91acf53f589961d213d87c956e0d7f,pUSDT,18,11363285144318206132197,45199336108388,72134033477037843005,0,252999715535049249568380427,0.0,True,None,None,1.0,11363.29,11435.42,False,False,False,False,False,0.0
wepiggy,bsc,0x8c925623708A94c7DE98a8e83e8200259fF716E0,0x2b7f68170a598e507b19bca41ed745eabc936b3f,pUSDC,18,60166258547369927806,430880515005,42575794320406146490,0,238446737064877117060342388,0.0,True,None,None,1.0,60.17,102.74,False,False,False,False,False,0.0
wepiggy,bsc,0x8c925623708A94c7DE98a8e83e8200259fF716E0,0x2dd8ffa7923a17739f70c34759af7650e44ea3be,pBUSD,18,3817848030326987386913,17572303261811,14515838226672140395,0,218091152392204757017476898,0.0,True,None,None,1.0,3817.85,3832.36,False,False,False,False,False,0.0
wepiggy,bsc,0x8c925623708A94c7DE98a8e83e8200259fF716E0,0x811cd5cb4cc43f44600cfa5ee3f37a402c82aec2,pDOT,18,16966907687455069068,88138640429,1331529356644755820,0,207609703928211984015149982,0.0,True,None,None,1.6,27.15,29.28,False,False,False,False,False,0.0
wepiggy,bsc,0x8c925623708A94c7DE98a8e83e8200259fF716E0,0x17933112e9780abd0f27f2b7d9dda9e840d43159,pUNI,18,50462076387032357572,255272395137,828285942626765395,0,200924045477508559970150032,0.0,True,None,None,4.09,206.39,209.78,False,False,False,False,False,0.0
wepiggy,bsc,0x8c925623708A94c7DE98a8e83e8200259fF716E0,0x417fdfc74503d8008aeeb53248e5c0f1960c2c1d,pCAKE,18,850798119718126805346,3174594747466,74646947324097463785,0,291515969961496892481609857,0.0,True,None,None,1.51,1284.71,1397.42,False,False,False,False,False,0.0
wepiggy,bsc,0x8c925623708A94c7DE98a8e83e8200259fF716E0,0x6a05bd123d780055c38526cc05d3c9b90d0e471c,pLTC,18,18340801235495222012,85470570290,68173306519678061,0,215383780400126075641749412,0.0,True,None,None,57.57,1055.88,1059.8,False,False,False,False,False,0.0
wepiggy,bsc,0x8c925623708A94c7DE98a8e83e8200259fF716E0,0x00ff07204c3b27d72cf83ef521adb7066167561a,pLINK,18,89941540279776488843,447611788503,909544285880356348,0,202968480498470919403644319,0.0,True,None,None,9.7,872.43,881.26,False,False,False,False,False,0.0
wepiggy,bsc,0x8c925623708A94c7DE98a8e83e8200259fF716E0,0xbc52bce2c73fec358abbf047c50377183b9ead0d,pADA,18,11694428921613206562582,57813243108850,13309177832822532607,0,202509623571935872363772782,0.0,True,None,None,0.2912,3405.42,3409.29,False,False,False,False,False,0.0
wepiggy,bsc,0x8c925623708A94c7DE98a8e83e8200259fF716E0,0xdf21d42a0fc6746718f2cfe2798f91c9d7277f32,pFIL,18,953111509592668608,9602729445,9728293491764401882,8735305087332734964,202661121004262088319202874,0.0,True,None,None,1.0,0.95,1.95,False,False,False,False,False,0.0
wepiggy,bsc,0x8c925623708A94c7DE98a8e83e8200259fF716E0,0x23cf81eeaa61c1c7607ee1a3bfcff1f99ac26c85,pNULS,8,479164188073,23977684466222,1123666429,0,20030618685411188,0.0,True,None,None,0.005256,25.18,25.24,False,False,False,False,False,0.0
wepiggy,bsc,0x8c925623708A94c7DE98a8e83e8200259fF716E0,0x33d295aaa719fd756310eb42de2847d0e7be294e,pMASK,18,539012065281819121,278431914,2067572163001822686,0,9361657544341852302893697738,0.0,True,None,None,0.4653,0.25,1.21,False,False,False,False,False,0.0
OCP,bsc,0xc001c415b7e78ea4a3edf165d8f44b70391f8c3c,0xeeee885bad9e424d6e18695dfeb369919d01f58f,kWBNB,18,5539996902190803926,27700185631,42450892432816,2227298518641,199999999985007974151074020,0.65,True,False,True,315.26,1746.54,1746.55,False,False,False,False,False,0.0
OCP,bsc,0xc001c415b7e78ea4a3edf165d8f44b70391f8c3c,0x0c678662876ca526dd216f64ac144a8a9c13a138,kUSDT,18,2758568586350900260946,13703878950614,433073805382040511,18219229166571975087,200000484597604390604097601,0.9,True,False,True,1.0,2758.57,2740.78,False,False,False,False,False,0.0
OCP,bsc,0xc001c415b7e78ea4a3edf165d8f44b70391f8c3c,0x9f7f204ecaaa37e6b3cd52da0627ae00e0bba7f9,kUSDO,18,1169922739005097903847,409556133238594,95896432580063613340667,15151904636105063044707,200007872022863762077721940,0.0,True,False,False,1.0,1169.92,81914.45,False,False,False,False,False,0.0
OCP,bsc,0xc001c415b7e78ea4a3edf165d8f44b70391f8c3c,0x3a67668c43aa08294144755efc8669fef5d94709,kUSDC,18,288539333906995491190,1442696669537,0,0,199999999999719616175360120,0.9,True,False,True,1.0,288.54,288.54,False,False,False,False,False,0.0
OCP,bsc,0xc001c415b7e78ea4a3edf165d8f44b70391f8c3c,0x14da51606f0927f3ccccbcac1a4db1baf513c42e,kBUSD,18,2028991428834182008514,10144957144165,0,0,200000000000116511927768945,0.9,True,False,True,1.0,2028.99,2028.99,False,False,False,False,False,0.0
OCP,bsc,0xc001c415b7e78ea4a3edf165d8f44b70391f8c3c,0x7759eeb5365e94428bf46a26567c49c25ee5b319,kDAI,18,155020207102516256225,775101035513,0,0,199999999999891957601444082,0.9,True,False,True,1.0,155.02,155.02,False,False,False,False,False,0.0
OCP,bsc,0xc001c415b7e78ea4a3edf165d8f44b70391f8c3c,0xcbf42f88c31db471797a0f06886447056fd62521,kCake,18,386542009310336200,1932710048,0,0,199999999850125578692081182,0.5,True,False,True,14.87,5.75,5.75,False,False,False,False,False,0.0
OCP,bsc,0xc001c415b7e78ea4a3edf165d8f44b70391f8c3c,0x15f90d33eae82a837efde8c80ca4806d30763b2c,kpBTC,18,100000007,2,0,0,50000003500000000000000000,0.65,True,False,True,33555.83,0.0,0.0,False,True,True,False,False,2e-06
OCP,bsc,0xc001c415b7e78ea4a3edf165d8f44b70391f8c3c,0x43a8b3df6afb0e13016769f698246d3f813700b5,kEURO,18,2100000000000000000,5201463677280,1289981235273156287427,251788499694811619243,200000000023521200141875769,0.0,True,False,False,1.19,2.5,1237.95,False,False,False,False,False,0.0
OCP,bsc,0xc001c415b7e78ea4a3edf165d8f44b70391f8c3c,0x0bdcd8884b6d1115f6f2e03e552a7d62ff9b6fb1,kpRVN,18,0,1455538442290673,314827377909732180072923,0,216296161449551550858934649,0.5,True,False,False,0.050554,0.0,15915.78,False,False,False,False,False,0.0
OCP,bsc,0xc001c415b7e78ea4a3edf165d8f44b70391f8c3c,0xea42d86ae549690440b192a0cadcdc2a1cbc684a,kDOGE,8,200000003,10000000150,0,0,20000000000000000,0.4,True,False,True,0.208666,0.42,0.42,False,False,False,False,False,0.0
OCP,bsc,0xc001c415b7e78ea4a3edf165d8f44b70391f8c3c,0x1a716df611fbf9f7eac6931939b17229ae97da9b,kOCP,18,1558845316382809049466845,7794226581917027,0,0,199999999999923488170777770,0.5,True,False,True,0.077251,120422.36,120422.36,False,False,False,False,False,0.0
OCP,bsc,0xc001c415b7e78ea4a3edf165d8f44b70391f8c3c,0x6c538d6c4e8cd504dffd01e0e3c08e83e6817053,kCake-LP,18,199990600,1,0,0,199990600000000000000000000,0.65,True,False,True,0.5716,0.0,0.0,False,True,True,False,False,0.0
OCP,bsc,0xc001c415b7e78ea4a3edf165d8f44b70391f8c3c,0xfbba24aaf1971521219a896a76fceecc833f0be6,k1INCH,18,1172000000399947295,5860000002,0,0,199999999999991005972699315,0.65,True,False,True,2.47,2.89,2.89,False,False,False,False,False,0.0
OCP,bsc,0xc001c415b7e78ea4a3edf165d8f44b70391f8c3c,0x809033c1c8910830cd29a609214a6575d7c31229,kOAT,18,182115880100424294676816,888535805173554,1073193809449101443,0,204962987685861007495839831,0.5,True,False,False,1.0,182115.88,182116.95,False,False,False,False,False,0.0
venus,bsc,0xfd36e2c2a6789db23113685031d7f16329158384,0xeca88125a5adbe82614ffc12d0db554e2e2867c8,vUSDC,18,10984020136791465501176518,162190244211559325,32341732036978300117164052,22463584816548895214,267129073766430134574211436,0.825,True,None,None,0.99997763,10983774.42,43324760.51,False,False,False,False,False,0.0
venus,bsc,0xfd36e2c2a6789db23113685031d7f16329158384,0xfd5840cd36d94d7229439859c0112a4185bc0255,vUSDT,18,43754484544371174497899770,675299683101297437,135423813402846850747377177,193481037647406091133,265331243224207174616058587,0.8,True,None,None,0.99985,43747921.37,179151227.75,False,False,False,False,False,0.0
venus,bsc,0xfd36e2c2a6789db23113685031d7f16329158384,0x95c78222b3d6e262426483d42cfa53685a67ab9d,vBUSD,18,818565147144899145181655,3670483262446605,351282494336174109555,200805697138079837195,223053904731981379712715457,0.0,True,None,None,1.0,818565.15,818715.62,False,False,False,False,False,0.0
venus,bsc,0xfd36e2c2a6789db23113685031d7f16329158384,0x2ff3d0f6990a40261c66e1ff2017acbc282eb6d0,vSXP,18,222005939766703779282455,1357856212285503,51889744991505423483142,0,201711847160308800992389138,0.0,True,None,None,0.00046,102.12,125.99,False,False,False,False,False,0.0
venus,bsc,0xfd36e2c2a6789db23113685031d7f16329158384,0x151b1e2635a717bcdc836ecd6fbb62b674fe3e1d,vXVS,18,916710568784815774175390,4558234111095905,1250364092945258108,0,201111175250388790785631822,0.45,True,None,None,3.43113155849283,3145354.56,3145358.85,False,False,False,False,False,0.0
venus,bsc,0xfd36e2c2a6789db23113685031d7f16329158384,0xa07c5b74c9b40447a954e1466938b865b6bbea36,vBNB,18,491997267127291082077035,2274041529067679,75446944775948970945715,148289607632369499122,249465946441263992296435187,0.8,True,None,None,766.1207613943686,376929320.9,434617183.93,False,False,False,False,False,0.0
venus,bsc,0xfd36e2c2a6789db23113685031d7f16329158384,0x882c173bc7ff3b7786ca16dfed3dfffb9ee7847b,vBTC,18,4199062838780932300249,27267842741382,1359552694504316281729,579844435273884,203852391484016945854774596,0.8,True,None,None,84629.75,355365638.28,470424193.86,False,False,False,False,False,1.7e-05
venus,bsc,0xfd36e2c2a6789db23113685031d7f16329158384,0xf508fcd89b8bd15579dc79a6827cb4686a3592c8,vETH,18,7004807723445370043920,85882632455887,11074651068376333673064,3853458080529142,210513516194907112654563045,0.8,True,None,None,2676.38,18747527.29,48387491.61,False,False,False,False,False,1e-06
venus,bsc,0xfd36e2c2a6789db23113685031d7f16329158384,0x57a5297f2cb2c0aac9d554660acd6d385ab50c6b,vLTC,18,43302528512877206491456,218017035505362,1017817981487709585173,0,203288455838465354127903224,0.0,True,None,None,69.23469519,2998037.36,3068505.68,False,False,False,False,False,0.0
venus,bsc,0xfd36e2c2a6789db23113685031d7f16329158384,0xb248a295732e0225acd3337607cc01068e3b9c10,vXRP,18,6079526025301048813538596,30862404770182075,289234202392963446898328,33170386281555577,206359816804581849026039222,0.5,True,None,None,1.4841905512598248,9023175.08,9452453.7,False,False,False,False,False,0.0
venus,bsc,0xfd36e2c2a6789db23113685031d7f16329158384,0x5f0388ebc2b94fa8e123f404b79ccf5f40b29176,vBCH,18,1648149232845331138319,8392194217966,113487171381103596440,0,209913683891529284434788803,0.0,True,None,None,309.38211,509907.89,545018.79,False,False,False,False,False,0.0
venus,bsc,0xfd36e2c2a6789db23113685031d7f16329158384,0x1610bc33319e9398de5f57b33a5b184c806ad217,vDOT,18,293828342206122322334071,1327836268696600,10795033122975324315894,0,229413356533870712506002028,0.0,True,None,None,1.152996,338782.9,351229.53,False,False,False,False,False,0.0
venus,bsc,0xfd36e2c2a6789db23113685031d7f16329158384,0x650b940a1033b8a1b1873f78730fcfc73ec11f1f,vLINK,18,139559789713647475440868,700888344728566,3356080346358161961778,280399055820549,203906757552023223344472751,0.0,True,None,None,14.05348525,1961301.45,2008466.07,False,False,False,False,False,0.0
venus,bsc,0xfd36e2c2a6789db23113685031d7f16329158384,0x334b3ecb4dca3593bccc3c7ebd1a1c1d1780fbf1,vDAI,18,782089442166104196772297,6129047558139374,829335759770978633144660,0,262916087149154270469544098,0.0,True,None,None,1.0000211,782105.94,1611459.2,False,False,False,False,False,0.0
venus,bsc,0xfd36e2c2a6789db23113685031d7f16329158384,0xf91d58b5ae142dacc749f58a49fcbac340cb0343,vFIL,18,173820392561229867252271,843298200667676,922457361629262163646,0,207213592753438329004701196,0.0,True,None,None,1.05125218,182729.07,183698.8,False,False,False,False,False,0.0
venus,bsc,0xfd36e2c2a6789db23113685031d7f16329158384,0x972207a639cc1b374b893cc33fa251b55ceb7c07,vBETH,18,74562176420606105947,367227564076,771563118605128215,0,205141843665146154561123555,0.0,True,None,None,2675.8396,199516.42,201581.0,False,False,False,False,False,1e-06
venus,bsc,0xfd36e2c2a6789db23113685031d7f16329158384,0xebd0070237a0713e8d94fef1b728d3d993d290ef,vCAN,18,43124395492000000000000000,220045822441601102,1035260988679669501770821,0,200683912062904029057735567,0.0,False,None,None,1e-18,0.0,0.0,False,False,False,False,False,0.0
venus,bsc,0xfd36e2c2a6789db23113685031d7f16329158384,0x9a0af7fdb2065ce470d72664de73cae409da28ec,vADA,18,4514204811793222129178551,22136847621719095,97166581343977586223900,0,208312017679195262372693462,0.0,True,None,None,0.24601244669841793,1110550.57,1134454.76,False,False,False,False,False,0.0
venus,bsc,0xfd36e2c2a6789db23113685031d7f16329158384,0xec3422ef92b2fb59e84c8b02ba73f1fe84ed8d71,vDOGE,8,7981733957375597,392507501189347310,8282702611891,12532787,20356341275628978,0.0,True,None,None,0.09291246809638129,7416026.02,7423721.67,False,False,False,False,False,0.0
venus,bsc,0xfd36e2c2a6789db23113685031d7f16329158384,0x5c9476fcd6a4f9a3654139721c949c2233bbbbc8,vMATIC,18,730641621817450538725300,4067336465499419,121172497461345314749106,0,209427994586674435316460508,0.0,True,None,None,0.10772,78704.72,91757.42,False,False,False,False,False,0.0
venus,bsc,0xfd36e2c2a6789db23113685031d7f16329158384,0x86ac3974e2bd0d60825230fa6f355ff11409df5c,vCAKE,18,11758179752226859675717110,42537652317633854,90633589045902697759512,69539186669852309,278548829711076610324080482,0.5,True,None,None,2.4703206,29046473.66,29270367.51,False,False,False,False,False,0.0
venus,bsc,0xfd36e2c2a6789db23113685031d7f16329158384,0x26da28954763b92139ed49283625cecaf52c6f94,vAAVE,18,3695407066348501947565,18145671246335,74590045984753278715,0,207762890727710402049582961,0.0,True,None,None,179.04317,661637.4,674992.23,False,False,False,False,False,0.0
venus,bsc,0xfd36e2c2a6789db23113685031d7f16329158384,0x08ceb3f4a7ed3500ca0982bcd0fc7816688084c3,vTUSDOLD,18,0,191615604808819,1327674437879793741986955,1287698390440742398610167,208626262349231529650084778,0.0,True,None,None,0.9997215,0.0,39964.91,False,False,False,False,False,0.0
venus,bsc,0xfd36e2c2a6789db23113685031d7f16329158384,0x61edcfe8dd6ba3c891cb9bec2dc7657b3b422e93,vTRXOLD,18,231541130270264777854902,1108138422830996,1636694232742264313997,0,210423011871838481380125550,0.0,True,None,None,0.33559679,77704.46,78253.73,False,False,False,False,False,0.0
venus,bsc,0xfd36e2c2a6789db23113685031d7f16329158384,0x78366446547d062f45b4c0f320cdaa6d710d87bb,vUST,6,77038534839,192845400270943,219354647264,201416872301,492499741599025,0.0,False,None,None,1e-18,0.0,0.0,False,False,False,False,False,0.0
venus,bsc,0xfd36e2c2a6789db23113685031d7f16329158384,0xb91a659e88b51474767cd97ef3196a3e7cedd2c8,vLUNA,6,35180063891,175132094010277,376895257,171423595,202050547919123,0.0,False,None,None,1e-18,0.0,0.0,False,False,False,False,False,0.0
venus,bsc,0xfd36e2c2a6789db23113685031d7f16329158384,0xc5d3466aa484b040ee977073fcf337f2c00071c1,vTRX,6,2191352511884,227691481223956,263317862946,0,10780686047782352,0.0,True,None,None,0.33559679,735410.87,823779.5,False,False,False,False,False,0.0
venus,bsc,0xfd36e2c2a6789db23113685031d7f16329158384,0x6cfdec747f37daf3b87a35a1d9c8ad3063a1a8a0,vWBETH,18,10045785829729190170503,1025284476108,250473752271508727312,12956203152341,10042344158110438976741195280,0.8,True,None,None,2965.0495027593843,29786252.28,30528919.32,False,False,False,False,False,3e-05
venus,bsc,0xfd36e2c2a6789db23113685031d7f16329158384,0xbf762cd5991ca1dcddac9ae5c638f5b5dc3bee6e,vTUSD,18,4922349179300829810817,799047729133,4860615426437815625423,0,12243279405040758554448728196,0.0,True,None,None,0.9997215,4920.98,9780.24,False,False,False,False,False,0.0
venus,bsc,0xfd36e2c2a6789db23113685031d7f16329158384,0x27ff564707786720c71a2e5c1490a63266683612,vUNI,18,1934615970812014903589019,193683819192858,9308762570868583077149,343926519002169,10036588193788767877332513795,0.0,True,None,None,9.10926154,17622922.86,17707718.81,False,False,False,False,False,0.0
venus,bsc,0xfd36e2c2a6789db23113685031d7f16329158384,0xc4ef4229fec74ccfe17b2bdef7715fac740ba0ba,vFDUSD,18,2858769851276948153303204,499712100792728,3287305135210013182299476,0,12299231851173937690692834378,0.65,True,None,None,0.99868721,2855016.89,6138006.48,False,False,False,False,False,0.0
venus,bsc,0xfd36e2c2a6789db23113685031d7f16329158384,0x4d41a36d04d97785bcea57b057c412b278e6edcc,vTWT,18,1397272770976148173064734,139222502171387,1094419224244765186775,0,10044117641837536779578196949,0.0,True,None,None,0.5670319549655083,792298.31,792918.88,False,False,False,False,False,0.0
venus,bsc,0xfd36e2c2a6789db23113685031d7f16329158384,0xf841cb62c19fcd4ff5cd0aab5939f3140baac3ea,vSolvBTC,18,2567547885558363094595,256773843671,1852812327466092919,0,10006473639028276629119214381,0.75,True,None,None,84879.6659366594,217932606.8,218089872.89,False,False,False,False,False,0.000849
venus,bsc,0xfd36e2c2a6789db23113685031d7f16329158384,0x86e06eafa6a1ea631eab51de500e3d474933739f,vTHE,18,338027577505571722286614,51977170109469,227790847559302603615098,0,10885902866069957734441867396,0.0,True,None,None,0.07268239,24568.65,41125.04,False,False,False,False,False,0.0
venus,bsc,0xfd36e2c2a6789db23113685031d7f16329158384,0xbf515ba4d1b52ffdceabf20d31d705ce789f2cec,vSOL,18,14456856312285242797524,1660890920550,2354529786245439772043,3458410769718172,10121906521442638908882437987,0.65,True,None,None,119.48359819,1727357.21,2008684.49,False,False,False,False,False,1e-06
venus,bsc,0xfd36e2c2a6789db23113685031d7f16329158384,0x689e0dab47ab16bcae87ec18491692bf621dc6ab,vlisUSD,18,272635255752922711263934,34815874493308,84717393286298180499018,0,10264072186608670789979359126,0.0,True,None,None,0.9986246355519788,272260.28,356861.16,False,False,False,False,False,0.0
venus,bsc,0xfd36e2c2a6789db23113685031d7f16329158384,0x9e4e5fed5ac5b9f732d0d850a615206330bf1866,vPT-sUSDE-26JUN2025,18,100088479640026716215,10008847964,0,0,10000000000002669259748583788,0.0,True,None,None,0.99984,100.07,100.07,False,False,False,False,False,0.0
venus,bsc,0xfd36e2c2a6789db23113685031d7f16329158384,0x699658323d58ee25c69f1a29d476946ab011bd18,vsUSDe,18,1480920032009184221986779,148092003199244,0,0,10000000000113066348115037707,0.75,True,None,None,1.2509114321424,1852499.8,1852499.8,False,False,False,False,False,0.0
venus,bsc,0xfd36e2c2a6789db23113685031d7f16329158384,0x74ca6930108f775cc667894eea33843e691680d7,vUSDe,18,10043634839183495016033,3535283102773,27043583213695611752939,0,10490593532322401819487095603,0.7,True,None,None,0.99984,10042.03,37081.28,False,False,False,False,False,0.0
venus,bsc,0xfd36e2c2a6789db23113685031d7f16329158384,0x0c1da220d301155b87318b90692da8dc43b67340,vUSD1,18,454010462300940933099598,92301782651734,506882628798652588547133,0,10410341636901657275287126063,0.5,True,None,None,0.99943834,453755.46,960353.4,False,False,False,False,False,0.0
venus,bsc,0xfd36e2c2a6789db23113685031d7f16329158384,0xd804de60afd05ee6b89aab5d152258fd461b07d5,vxSolvBTC,18,792181130004578939923,79218112856,0,0,10000000018235462671888014105,0.72,True,None,None,84879.1744896646,67239680.36,67239680.36,False,False,False,False,False,0.000849
venus,bsc,0xfd36e2c2a6789db23113685031d7f16329158384,0xcc1db43a06d97f736c7b045aedd03c6707c09bdf,vasBNB,18,34045365736411464287721,3404536509484,0,0,10000000188446052054515685854,0.6,True,None,None,817.6282338041062,27836452.26,27836452.26,False,False,False,False,False,8e-06
venus,bsc,0xfd36e2c2a6789db23113685031d7f16329158384,0x6bca74586218db34cdb402295796b79663d816e9,vWBNB,18,89733615077570872046723,9965818503719,10500832079636091564505,1433378705332329,10057823718786691917852135552,0.8,True,None,None,765.99006,68735057.2,76778589.09,False,False,False,False,False,8e-06
venus,bsc,0xfd36e2c2a6789db23113685031d7f16329158384,0x6d0cdb3355c93a0cd20071abbb3622731a95c73e,vPT-USDe-30OCT2025,18,103347505680081967980,10334750563,0,0,10000000004845977430679475219,0.0,False,None,None,0.99984,103.33,103.33,False,False,False,False,False,0.0
venus,bsc,0xfd36e2c2a6789db23113685031d7f16329158384,0x89c910eb8c90df818b4649b508ba22130dc73adc,vslisBNB,18,614096965906629120432,61409686586,0,0,10000001629166906434600444453,0.72,True,None,None,795.7357885556399,488658.93,488658.93,False,False,False,False,False,8e-06
venus,bsc,0xfd36e2c2a6789db23113685031d7f16329158384,0x3d5e269787d562b74acc55f18bd26c5d09fa245e,vU,18,21853551958018754949330100,4005953163687131,18534221841314386881271950,17520082713011840235,10081934218640992951912056809,0.75,True,None,None,0.9993684561986059,21839750.48,40362249.64,False,False,False,False,False,0.0
venus,bsc,0xfd36e2c2a6789db23113685031d7f16329158384,0x6d3bd68e90b42615cb5abf4b8de92b154adc435e,vPT-clisBNB-25JUN2026,18,22383438512888955932,2238342583,0,0,10000005666196520701228155118,0.0,True,None,None,765.99006,17145.49,17145.49,False,False,False,False,False,8e-06
venus,bsc,0xfd36e2c2a6789db23113685031d7f16329158384,0x92e6ea74a1a3047dabf4186405a21c7d63a0612a,vXAUM,18,2230794424314059281,223078829,0,0,10000027498414290497284258202,0.65,True,None,None,4159.293,9278.53,9278.53,False,False,False,False,False,4.2e-05
venus,bsc,0xfd36e2c2a6789db23113685031d7f16329158384,0x97421799419eb782628e73e7220d8e0a207469a3,vTSLAB,18,120186408945131782533,12018639729,0,0,10000000969754651552630794396,0.6,True,None,None,370.58927380104205,44539.79,44539.79,False,False,False,False,False,4e-06
venus,bsc,0xfd36e2c2a6789db23113685031d7f16329158384,0xeb8ca841cbe1bc4832a10b15c7dab1081edad371,vNVDAB,18,1488583602941523483660,148858360014,0,0,10000000018820061455712122178,0.6,True,None,None,234.42106687450155,348955.36,348955.36,False,False,False,False,False,2e-06
venus,bsc,0xfd36e2c2a6789db23113685031d7f16329158384,0xc36dfacc7a125859c106f29b9f2d874ccf29a55a,vSPCXB,18,1426730325844405437843,142673001516,0,0,10000002177597738441084357399,0.5,True,None,None,158.87124386646929,226666.42,226666.42,False,False,False,False,False,2e-06
venus,bsc,0xfd36e2c2a6789db23113685031d7f16329158384,0x3e281461efb3d53ec20db207674373ed8ef3bba9,vSKHYB,18,329662473236584908684,32966246423,0,0,10000000273206260522285485556,0.5,True,None,None,196.95438297630824,64928.47,64928.47,False,False,False,False,False,2e-06
venus,bsc,0xfd36e2c2a6789db23113685031d7f16329158384,0xc0768948e668b7bacff8b4bd1babe0ed2b512d3c,vvhUSDT,24,86510763263506022044885177932,8651076325513,0,0,10000000000968205773446171551401971,0.8,True,None,None,1.003639865898,86825.65,86825.65,False,False,False,False,False,0.0
venus,bsc,0xfd36e2c2a6789db23113685031d7f16329158384,0xb1ab0399766997c5d66a30b2f2055277b7fa5d6c,vvhUSDC,24,271596734847505564748435340,27159673475,0,0,10000000003590086045702555707916146,0.825,True,None,None,1.004406347099,272.79,272.79,False,False,False,False,False,0.0
venus,bsc,0xfd36e2c2a6789db23113685031d7f16329158384,0x80a5694441810d2b871beed644b6d16d113ce06e,vvhU,24,99817273960063715442181123997,9981727372400,0,0,10000000023649585551185227239296504,0.75,True,None,None,1.002416399208,100058.47,100058.47,False,False,False,False,False,0.0
demeter,bsc,0x3632E78219227b172F0aaF56F92FB08D87C94379,0x89bb17af665ec0607268c697bb294117992027cf,dmUSDT,18,252707526729950771747604,1266039393805241,312395560397751999279,405703816065794559212,199531088614090316746543998,0.85,True,None,None,0.99984,252667.09,252573.8,False,False,False,False,False,0.0
demeter,bsc,0x3632E78219227b172F0aaF56F92FB08D87C94379,0xb275b6ae294159278547297dbe7617f66a7bc6e2,dmBUSD,18,15555401172364251058837,78719928263117,418367618744282974597,110197088925413717797,201519133111503996405299087,0.85,True,None,None,1.0001433,15557.63,15865.84,False,False,False,False,False,0.0
demeter,bsc,0x3632E78219227b172F0aaF56F92FB08D87C94379,0x6c9fcbd7ad9dfb241f4fa2cc08faabb42d764606,dmBTCB,18,9081710015340420,38078650,1550520589294943,2829819084577627,204902524644590498875354036,0.7,True,None,None,84628.0207135,768.57,660.3,False,False,False,False,False,1.7e-05
demeter,bsc,0x3632E78219227b172F0aaF56F92FB08D87C94379,0x4a345187bfae9a14da764c2222c4b7e816c18216,dmETH,18,246561586400768598,808195357,181190234238320005,154978689558205119,337508906378044787505504068,0.7,True,None,None,2676.40626941,659.9,730.05,False,False,False,False,False,1e-06
demeter,bsc,0x3632E78219227b172F0aaF56F92FB08D87C94379,0x5c4e2b1e6e03ccf5f3c3356c008a69c7f93bd10b,dmWBNB,18,16597982425448671281,80072833519,1077544563292242362,1189135175968173371,205892449264466003141691569,0.6,True,None,None,765.83448,12711.31,12625.85,False,False,False,False,False,0.0
demeter,bsc,0x3632E78219227b172F0aaF56F92FB08D87C94379,0xb0568dbd78d3920903e71fc3f3034c0a4a7d1ccb,dmDOT,18,203578380377156504404,14336329771,217960667221580193002,195511777689282717603,15766048460092581376419288283,0.6,True,None,None,1.152996,234.73,260.61,False,False,False,False,False,0.0
demeter,bsc,0x3632E78219227b172F0aaF56F92FB08D87C94379,0x606bb7e9b80ba73d1303f1c3625cf7f09249d680,dmFIL,18,30333180458148789062,103198544352,1796725745277615723,8935744752235195326,224752796629361602674013655,0.6,True,None,None,1.05125218,31.89,24.38,False,False,False,False,False,0.0
demeter,bsc,0x3632E78219227b172F0aaF56F92FB08D87C94379,0x511069c79dff79dfc0d0c69c4b4a40c4cade68f4,dmBCH,18,7984314143132814566,34523820169,4957041630979254196,3839606111114448364,263636805499594201005815116,0.6,True,None,None,309.38211,2470.2,2815.92,False,False,False,False,False,0.0
demeter,bsc,0x3632E78219227b172F0aaF56F92FB08D87C94379,0x217d2c538628762981e18c32a0b789f94d2368df,dmLINK,18,57116870784880233707,282788000389,1237369718934739074,893131737121426130,203195003633996811170824930,0.6,True,None,None,14.05348525,802.69,807.53,False,False,False,False,False,0.0
demeter,bsc,0x3632E78219227b172F0aaF56F92FB08D87C94379,0x336dd5b84ca82f0d0ceb790d257f0e66dd3c5478,dmUNI,18,43723662528864802563,986466990,3234153317983403565,34203518127852468401,12929269654523095321212927763,0.6,True,None,None,9.10748001,398.21,116.16,False,False,False,False,False,0.0
midas-capital,bsc,0x1851e32F34565cb95754310b031C5a2Fc0a8a905,0x0b2ed08ba628baf7287536a452c3060826422a13,faANKRBNB-THE-W-18,18,87160515050441487842,435802575252207439209,0,0,None,0.6,True,True,True,0.000289859404778271,0.03,None,False,False,False,False,False,0.0
midas-capital,bsc,0x1851e32F34565cb95754310b031C5a2Fc0a8a905,0x336378365892ae2c706bb97cd9f23b339951ab01,faANKRBNB-THE-N-18,18,1305439263341,6527196316703,0,0,None,0.55,True,True,True,1.3744448009221e-05,0.0,None,False,False,False,False,False,0.0
midas-capital,bsc,0x1851e32F34565cb95754310b031C5a2Fc0a8a905,0xbc65fe441545e9e8f97e50f70526b7e8963826bc,fvAMM-ANKR-HAY-18,18,224851,1124255,0,0,None,0.65,True,True,True,0.000180123484592786,0.0,None,False,False,False,False,False,0.0
midas-capital,bsc,0x1851e32F34565cb95754310b031C5a2Fc0a8a905,0x71693c84486b37096192c9942852f542543639bf,fvAMM-ANKR-ankrBNB-18,18,64471669,322358345,0,0,None,0.65,True,True,True,0.005257470474256917,0.0,None,False,False,False,False,False,0.0
midas-capital,bsc,0x1851e32F34565cb95754310b031C5a2Fc0a8a905,0xb2b01d6f953a28ba6c8f9e22986f5bddb7653aea,fankrBNB-18,18,0,122471558443430486350,25589053366766575857,0,None,0.7,True,True,True,1.1090816122750538,0.0,None,False,False,False,False,False,0.0
midas-capital,bsc,0x1851e32F34565cb95754310b031C5a2Fc0a8a905,0x04b6895d7ad8b10a1a13c749159226249a3b8515,fvAMM-HAY-ankrBNB-18,18,23373,116864,0,0,None,0.6,True,True,True,0.07610232710241492,0.0,None,False,True,False,False,False,0.0
midas-capital,bsc,0x1851e32F34565cb95754310b031C5a2Fc0a8a905,0x13ae975c5a1198e4f47c68c31c1230694dc44a57,fANKR-18,18,0,871599562073477153585,155019251721410272995,0,None,0.45,True,True,True,6.220835779156e-06,0.0,None,False,False,False,False,False,0.0
midas-capital,bsc,0x1851e32F34565cb95754310b031C5a2Fc0a8a905,0x5156bc51ed3c2ce6cc59c0b68f9d68916782618f,fANKR-ankrBNB-18,18,0,0,0,0,None,0.55,True,True,True,0.005725218075061039,0.0,None,True,True,True,False,False,None
midas-capital,bsc,0x1851e32F34565cb95754310b031C5a2Fc0a8a905,0x0f3590d7010f3d5ad5d618bd2c223eb394bb5432,faANKRBNB-ANKR--18,18,4185,20922,0,0,None,0.55,True,True,True,3.7427232295546e-05,0.0,None,False,True,False,False,False,0.0
midas-capital,bsc,0x1851e32F34565cb95754310b031C5a2Fc0a8a905,0x6f55b262ca509e112cb27b15402ef0c8cd330f0b,faANKRBNB-ANKR-W-18,18,576552,2882759,0,0,None,0.65,True,True,True,5.0506949858529e-05,0.0,None,False,False,False,False,False,0.0
midas-capital,bsc,0x1851e32F34565cb95754310b031C5a2Fc0a8a905,0x9c00668d28baf10f3fb7b4cac507cb78f9069469,fRDNT-18,18,0,0,0,0,None,0.5,True,True,True,5.92046991668e-07,0.0,None,True,True,True,False,False,None
midas-capital,bsc,0x1851e32F34565cb95754310b031C5a2Fc0a8a905,0xa443a78906b534069a703bc5e186994ca4f90acc,faANKRBNB-RDNT-N-18,18,368958106,1844790529,0,0,None,0.55,True,True,True,1.50692291199e-07,0.0,None,False,False,False,False,False,0.0
midas-capital,bsc,0x31d76A64Bc8BbEffb601fac5884372DEF910F044,0x82a3103bc306293227b756f7554afaee82f8ab7a,fjBRL-1,18,1634807812370325477106,4281898012492402003316,38539257253704399791,552620474711050042588,None,0.7,True,True,True,0.000250771106571226,0.41,None,False,False,False,False,False,0.0
midas-capital,bsc,0x31d76A64Bc8BbEffb601fac5884372DEF910F044,0xc5e84aea78399c39221a0c1ec5c46bea29994344,fETH-1,18,0,126448341471193359,26396936146421080,0,None,0.8,True,True,True,3.494758122420918,0.0,None,False,False,False,False,False,0.0
midas-capital,bsc,0x31d76A64Bc8BbEffb601fac5884372DEF910F044,0x92897f3de21e2ffa8dd8b3a48d1edf29b5fcef0e,fWBNB-1,18,0,514936651811217110,12906997304517,72359730756189,None,0.75,True,True,True,1.0,0.0,None,False,False,False,False,False,None
midas-capital,bsc,0x31d76A64Bc8BbEffb601fac5884372DEF910F044,0xf0a2852958ad041a9fb35c312605482ca3ec17ba,f2brl-1,18,793120508260399704704,3052044902357722345004,0,182711527788855235699,None,0.7,True,True,True,0.000251607484348691,0.2,None,False,False,False,False,False,0.0
midas-capital,bsc,0x31d76A64Bc8BbEffb601fac5884372DEF910F044,0xa7213deb44f570646ea955771cc7f39b58841363,fBUSD-1,18,0,103849827664352100834,770108302588234,26699252172210723904,None,0.75,True,True,True,0.001305632646093698,0.0,None,False,False,False,False,False,None
midas-capital,bsc,0x31d76A64Bc8BbEffb601fac5884372DEF910F044,0x216714ecf4fecc35573cbb2756942274e1b344a2,fBTCB-1,18,0,5496128679172020,0,0,None,0.75,True,True,True,110.47727522429965,0.0,None,False,False,False,False,False,None
midas-capital,bsc,0x31d76A64Bc8BbEffb601fac5884372DEF910F044,0xd79a0a62dd0ad6550ae687c7686845d5e6cd39fa,fMAI-1,18,208469734253651348758,989701643791579995632,1578943636035451242,54590045490115341,None,0.7,True,True,True,0.001300120774258622,0.27,None,False,False,False,False,False,0.0
midas-capital,bsc,0x31d76A64Bc8BbEffb601fac5884372DEF910F044,0x383158db17719d2cf1ce10ccb9a6dd7cc1f54ef3,f3brl-1,18,412314060965162740118,54794477317192034888,0,401355165501724333138,None,0.7,True,True,True,0.000317398695148569,0.13,None,False,False,False,False,False,0.0
midas-capital,bsc,0x31d76A64Bc8BbEffb601fac5884372DEF910F044,0x9b575bf2f6ca8bf8967aa320d3aae3df82dd17cd,fJCHF-1,18,441493362203348428586,1767962636777221641982,22812377462369,0,None,0.7,True,True,True,0.001574675762808502,0.7,None,False,False,False,False,False,0.0
midas-capital,bsc,0x31d76A64Bc8BbEffb601fac5884372DEF910F044,0x1f0452d6a8bb9eabc53fa6809fa0a060dd531267,fJCHF-BUSD-1,18,114089433263883574493,195754959912543694336,0,8990047585576125144,None,0.7,True,True,True,0.00167002798674629,0.19,None,False,False,False,False,False,0.0
midas-capital,bsc,0x31d76A64Bc8BbEffb601fac5884372DEF910F044,0x4b0a640ab2f3a9a5ca269b86bb1f923501feac59,fjEUR-1,18,0,0,0,0,None,0.7,True,True,True,0.001469272468270523,0.0,None,True,True,True,False,False,None
midas-capital,bsc,0x31d76A64Bc8BbEffb601fac5884372DEF910F044,0xa057e4f8ff4a9102f3ee2ff614b9cbc0286f2287,fApeSwap BNBx-WBNB LP-1,18,367175986301,355958236188,0,0,None,0.75,True,True,True,None,None,None,False,False,False,False,False,None
midas-capital,bsc,0x31d76A64Bc8BbEffb601fac5884372DEF910F044,0xd96643ba2bf96e73509c4bb73c0cb259daf34de1,fepsBNBx-BNB-1,18,2,10,0,0,None,0.75,True,True,True,None,None,None,False,True,True,False,False,None
midas-capital,bsc,0x31d76A64Bc8BbEffb601fac5884372DEF910F044,0xbee206c085f228674a2273f8a33cead9e34c3d48,fvaldai3EPS-1,18,0,0,0,0,None,0.75,True,True,True,0.004145211953439085,0.0,None,True,True,True,False,False,None
midas-capital,bsc,0x31d76A64Bc8BbEffb601fac5884372DEF910F044,0xcb710dd270fa9d57edfadd141baf3efc0f776716,fmai3EPS-1,18,1544423,7515116,0,0,None,0.75,True,True,True,0.003470566268956119,0.0,None,False,False,False,False,False,0.0
midas-capital,bsc,0x31d76A64Bc8BbEffb601fac5884372DEF910F044,0x8efcc052ac892b84839839d1b3f1d95a9ec5f9bc,fsAMM-jBRL/BRZ-1,18,1,5,0,0,None,0.75,True,True,True,5014.99157436232,0.0,None,False,True,True,False,False,0.0
midas-capital,bsc,0xb2234eE69555EE4C3b6cEA4fd25c4979BbDBf0fd,0x1f6b34d12301d6bf0b52db7938fc90ab4f12fe95,fBUSD-6,18,101442793350977210161,294119905864326160442,37393688572187373128,10126512285171461260,None,0.8,True,False,False,0.001305632646093698,0.13,None,False,False,False,False,False,0.0
midas-capital,bsc,0xb2234eE69555EE4C3b6cEA4fd25c4979BbDBf0fd,0x0365928a0fab7ebb4385333d7be488e2c36d3b37,fETH-6,18,100000000000000000,500000000000000000,0,0,None,0.6,True,False,True,3.4939027232912934,0.35,None,False,False,False,False,False,0.0
midas-capital,bsc,0xb2234eE69555EE4C3b6cEA4fd25c4979BbDBf0fd,0xfec2b82337dc69c61195bcf43606f46e9cdd2930,fWBNB-6,18,1234434512766235600,6088159011018256978,18336679530159647,5621650180117051,None,0.8,True,False,False,1.0,1.23,None,False,False,False,False,False,0.0
midas-capital,bsc,0xb2234eE69555EE4C3b6cEA4fd25c4979BbDBf0fd,0xbd163d07015ae3c0701304e20febab421a2020aa,fCAKE-6,18,174210958177311249953,644176903230959319135,68849961532379623,6080207679245291168,None,0.8,True,False,False,0.003225403547354746,0.56,None,False,False,False,False,False,0.0
midas-capital,bsc,0xb2234eE69555EE4C3b6cEA4fd25c4979BbDBf0fd,0xedba62938b615456a69e811a151378e26108f7ef,fBTCB-6,18,11562365332739737,37976478044655438,0,3967069723808649,None,0.8,True,False,True,110.47727522429965,1.28,None,False,False,False,False,False,0.0
midas-capital,bsc,0xEF0B026F93ba744cA3EDf799574538484c2C4f80,0x059c595f19d6fa9f8203f3731df54455cd248c44,fWBNB-3,18,1228333596236342932,5319753654896943200,871452245374316716,0,None,0.7,True,False,False,1.0,1.23,None,False,False,False,False,False,0.0
midas-capital,bsc,0xEF0B026F93ba744cA3EDf799574538484c2C4f80,0x3bcb7dbbe729b24be6c660b3e8add1cb352e371d,fBUSD-3,18,6042991221241582176,74396799038222520370,31627061006237250854,890045321831129421,None,0.9,True,False,False,0.001305632646093698,0.01,None,False,False,False,False,False,0.0
midas-capital,bsc,0xEF0B026F93ba744cA3EDf799574538484c2C4f80,0x4fcb5587a8866eed5c89ad700898fa6c16998356,fDAI-3,18,1923373531570674177,9616867657853370885,0,0,None,0.9,True,False,False,0.001305458943505389,0.0,None,False,False,False,False,False,0.0
midas-capital,bsc,0xEF0B026F93ba744cA3EDf799574538484c2C4f80,0x16b8da195cdc7f380b333bf6cf2f0f33c1061755,fUSDC-3,18,2005582238455079232,7870075487753807906339,69077131303445369944695,0,None,0.9,True,False,False,0.001305421490271821,0.0,None,False,False,False,False,False,0.0
midas-capital,bsc,0xEF0B026F93ba744cA3EDf799574538484c2C4f80,0x84d3abf607d7c15acec74fed7e4b1576e3ea86c1,fCake-LP-3,18,1288505845796083279,2339559608796053978,528325690873911626,281396631141231444,None,0.8,True,False,True,0.11428771900391059,0.15,None,False,False,False,False,False,0.0
midas-capital,bsc,0xEF0B026F93ba744cA3EDf799574538484c2C4f80,0x26074c07a7be0fec8fa54a8453b62160968438e5,fWBNB-USDC-3,18,170502075540328896,852488574355811168,0,953896380206,None,0.8,True,False,True,0.43000093080167023,0.07,None,False,False,False,False,False,0.0
midas-capital,bsc,0xEF0B026F93ba744cA3EDf799574538484c2C4f80,0x338711b5b87c8199a62bfa68453c884331efb07d,f-3,18,0,0,0,0,None,0.9,True,False,True,0.004546869500657791,0.0,None,True,True,True,False,False,None
midas-capital,bsc,0xEF0B026F93ba744cA3EDf799574538484c2C4f80,0xc30b4b1813107fdfe90538927566a6c340458845,f-3,18,15112092272687135647,464541004260990313,0,3285446515713892595,None,0.9,True,False,True,7.6136321061e-08,0.0,None,False,False,False,False,False,0.0
midas-capital,bsc,0x5373C052Df65b317e48D6CAD8Bb8AC50995e9459,0x34ea4cbb464e6d120b081661464d4635ca237fa7,fBOMB-0,18,16298623552884688998983,1954519455472724825856606668,0,0,None,0.3,True,False,True,8.9369336385502e-05,1.46,None,False,False,False,False,False,0.0
midas-capital,bsc,0x5373C052Df65b317e48D6CAD8Bb8AC50995e9459,0x3d8e799d9ce63b7c9096dd53b0d3e1b73c8d148b,fBTCB-0,18,0,5672293819678909,3899257540545719,1496163696125074,None,0.8,True,False,False,110.50175324951032,0.0,None,False,False,False,False,False,0.0
midas-capital,bsc,0x5373C052Df65b317e48D6CAD8Bb8AC50995e9459,0x4cf3d3ca995beeeed83f67a5c0456a13e038f7b8,BTCB-BOMB,18,0,218,0,0,None,0.75,True,False,True,0.2291754364166046,0.0,None,False,True,True,False,False,None
midas-capital,bsc,0xCB2841d6d300b9245EB7745Db89A0A50D8468501,0x2bcbbb0538f3c40c4717b42f8d54f192c688f8e1,fankrBNB-14,18,0,306857413788412804,0,0,None,0.8,True,True,True,1.1090816122750538,0.0,None,False,False,False,False,False,None
midas-capital,bsc,0xCB2841d6d300b9245EB7745Db89A0A50D8468501,0x57a64a77f8e4cfbfdcd22d5551f52d675cc5a956,fWBNB-14,18,0,4995153565964842341,171498478383,6334808293889209,None,0.8,True,True,True,1.0,0.0,None,False,False,False,False,False,None
midas-capital,bsc,0x35F3a59389Dc3174A98610727C2e349E275Dc909,0x7479dd29b9256ab74c9bf84d6f9ce6e30014d248,fvaldai3EPS-9,18,0,0,0,0,None,0.65,True,True,True,0.004143985055964118,0.0,None,True,True,True,False,False,None
midas-capital,bsc,0x35F3a59389Dc3174A98610727C2e349E275Dc909,0x6f9b6ccd027d1c6ed09ee215b9ca5b85a57c6ea1,f3EPS-9,18,8137660858,40688304290,0,0,None,0.7,True,True,True,0.001434685168290075,0.0,None,False,False,False,False,False,0.0
midas-capital,bsc,0x35F3a59389Dc3174A98610727C2e349E275Dc909,0xccc9bef35c50a3545e01ef72cc957e0aec8b2e7c,fval3EPS-9,18,0,0,0,0,None,0.65,True,True,True,0.007423425980295084,0.0,None,True,True,True,False,False,None
midas-capital,bsc,0x35F3a59389Dc3174A98610727C2e349E275Dc909,0x583395a255df553cf3227017abd8f63bb6e418f7,fMAI-9,18,22455803328597,405879590,473,7475165970458,None,0.75,True,True,True,0.001299734964924846,0.0,None,False,False,False,False,False,0.0
midas-capital,bsc,0x35F3a59389Dc3174A98610727C2e349E275Dc909,0xb9e2a155344e3f39385d87a51a0b45c3bbc6e798,fBUSD-9,18,0,0,0,0,None,0.8,True,True,True,0.00130524520111834,0.0,None,True,True,True,False,False,None
midas-capital,bsc,0x3F239A5C45849391E7b839190597B5130780790d,0x2f01b89614b963401879b325f853d553375fab58,fBUSD-8,18,0,0,0,0,None,0.8,True,True,True,0.00130524520111834,0.0,None,True,True,True,False,False,None
midas-capital,bsc,0x7f8B5fCA1a63C632776ffc9936D2e323c14B57f8,0x1b6edf832a8f0f7e486c51c0c30881a8eb703542,fBTCB-10,18,0,0,0,0,None,0.75,True,True,True,110.46896198223251,0.0,None,True,True,True,False,False,None
midas-capital,bsc,0x7f8B5fCA1a63C632776ffc9936D2e323c14B57f8,0x7ec6102a1158a1d4e2e72122e09bd42c99f23bd7,fETH-10,18,0,0,0,0,None,0.75,True,True,True,3.4940714338736933,0.0,None,True,True,True,False,False,None
midas-capital,bsc,0x7f8B5fCA1a63C632776ffc9936D2e323c14B57f8,0x8d5be2768c335e88b71e4e913189aee7104f01b4,fUSDC-10,18,1000000000000000000,5000000000000000000,0,0,None,0.75,True,True,True,0.00130503410795671,0.0,None,False,False,False,False,False,0.0
midas-capital,bsc,0x7f8B5fCA1a63C632776ffc9936D2e323c14B57f8,0x1f73754c135d5b9fde674806f43aedfa2c7eadb5,fUSDT-10,18,1000000000000016651,5000000000000083255,0,0,None,0.75,True,True,True,0.001304849376970442,0.0,None,False,False,False,False,False,0.0
midas-capital,bsc,0x7f8B5fCA1a63C632776ffc9936D2e323c14B57f8,0x8330e50de6e0524d7e6b2c09574aae2eee8399b3,fWBNB-10,18,0,0,0,0,None,0.7,True,True,True,1.0,0.0,None,True,True,True,False,False,None
midas-capital,bsc,0x7f8B5fCA1a63C632776ffc9936D2e323c14B57f8,0x62965ea1fc0ad864fc3910eb8fc6161880de652b,fBNBx-10,18,0,0,0,0,None,0.7,True,True,True,None,None,None,True,True,True,False,False,None
midas-capital,bsc,0x7f8B5fCA1a63C632776ffc9936D2e323c14B57f8,0xdfb146ef3f9514898e7483ce30ecf854e6b31252,fstkBNB-10,18,0,0,0,0,None,0.7,True,True,True,1.051483364327769,0.0,None,True,True,True,False,False,None
midas-capital,bsc,0x20a0ED8c794F96C1479e2867995C99E931Ee36Ba,0x4fbae02d3f794cf6fe298864529c4aec3cd0b49c,fBTCB-12,18,192305397910147,96693206229313,19476762800250,0,None,0.7,True,True,True,110.46896198223251,0.02,None,False,False,False,False,False,0.0
midas-capital,bsc,0x20a0ED8c794F96C1479e2867995C99E931Ee36Ba,0x7ce1df0dd9d6a3070b8c23d67f9f7a0bc10ffc9c,fETH-12,18,5619611406347255,1406873296550941,132546491011947,5392261820367183,None,0.7,True,True,True,3.4940714338736933,0.02,None,False,False,False,False,False,0.0
midas-capital,bsc,0x20a0ED8c794F96C1479e2867995C99E931Ee36Ba,0x133bff9d12c04c63a5a384417033a95fae96ac9e,fWBNB-12,18,5412775328476522,525848116009824,465787095014,0,None,0.7,True,True,True,1.0,0.01,None,False,False,False,False,False,0.0
midas-capital,bsc,0x20a0ED8c794F96C1479e2867995C99E931Ee36Ba,0x8f43fbfb25f236fc4d15cc293adf58b88544718b,fMAI-12,18,10103383194309425,50223098123058228,42070,0,None,0.7,True,True,True,0.001299734964924846,0.0,None,False,False,False,False,False,0.0
midas-capital,bsc,0x20a0ED8c794F96C1479e2867995C99E931Ee36Ba,0x8ce7e5a358bbb7dc49eb2bf796830ce76a4aa63a,f3brl-12,18,1158413162829344485,5010796779257777319,0,0,None,0.8,True,True,True,0.00031730450745344,0.0,None,False,False,False,False,False,0.0
midas-capital,bsc,0x20a0ED8c794F96C1479e2867995C99E931Ee36Ba,0x9c42b10a32d7dfe1a978b74dcd07eb1fadea2b86,fBRZ-12,4,5123058730,25203099374,11968701,0,None,0.7,True,True,True,0.000250635328426244,128.4,None,False,False,False,False,False,0.0
midas-capital,bsc,0x20a0ED8c794F96C1479e2867995C99E931Ee36Ba,0xfb760f395e945fd7d4aa1b22334cb1e4e6f0d19f,f2brl-12,18,1943012606303134332690,8565276307593910548475,0,6767685199439438462,None,0.8,True,True,True,0.000251532820119158,0.49,None,False,False,False,False,False,0.0
midas-capital,bsc,0x20a0ED8c794F96C1479e2867995C99E931Ee36Ba,0x8fae9a2de51206ddc390b239e0c401889824a2da,fBUSD-12,18,4036102342336202402,107947247701877590,1448805662458564772,2759848151691698819,None,0.75,True,True,True,0.00130524520111834,0.01,None,False,False,False,False,False,0.0
midas-capital,bsc,0x20a0ED8c794F96C1479e2867995C99E931Ee36Ba,0x9c170d5c6264b04419a06492bf4fbc65ecd63f4d,fsAMM-jBRL/BRZ-12,18,0,0,0,0,None,0.6,True,True,True,5013.5033814217,0.0,None,True,True,True,False,False,None
midas-capital,bsc,0x5EB884651F50abc72648447dCeabF2db091e4117,0x159a529c00cd4f91b65c54e77703edb67b4942e4,fWBNB-13,18,9537961492253826,52006880000229327,1133749628364722,0,None,0.75,True,True,True,1.0,0.01,None,False,False,False,False,False,0.0
midas-capital,bsc,0x5EB884651F50abc72648447dCeabF2db091e4117,0xa47a7672ef042ec2838e9425c083efd982bfa362,fBNBx-13,18,0,457038897985303122,0,146485399353616504,None,0.75,True,True,True,None,None,None,False,False,False,False,False,None
midas-capital,bsc,0x5EB884651F50abc72648447dCeabF2db091e4117,0xf0baae2dc101e6ff1439ed3c9f27b30715d1e6aa,fApeSwap BNBx-WBNB LP-13,18,5343915469461233,25375626251585752,0,0,None,0.75,True,True,True,None,None,None,False,False,False,False,False,None
midas-capital,bsc,0x5EB884651F50abc72648447dCeabF2db091e4117,0x373e0f759828c891ef837b6457a0e7584107dbab,fepsBNBx-BNB-13,18,54340477263611979,243660570953425265,0,0,None,0.75,True,True,True,None,None,None,False,False,False,False,False,None
midas-capital,bsc,0xBc06411a6204B36ce6a5559FFBE3a56C5960F6fe,0xacfbf93d8fd1a9869bab2328669ddba33296a421,fstkBNB-11,18,205040181819033333,992277624458739910,2143180308906849,0,None,0.75,True,False,False,1.051483364327769,0.22,None,False,False,False,False,False,0.0
midas-capital,bsc,0xBc06411a6204B36ce6a5559FFBE3a56C5960F6fe,0x3af258d24ebdc03127ed6ceb8e58ca90835fbca5,fWBNB-11,18,0,567433521100472210,26490858625365,0,None,0.75,True,False,False,1.0,0.0,None,False,False,False,False,False,0.0
midas-capital,bsc,0xBc06411a6204B36ce6a5559FFBE3a56C5960F6fe,0x906ab4476221adc91dc112c25081a374e0bd29c0,fstkBNB-WBNB-11,18,4993557622574338,23773672452227510,0,0,None,0.75,True,False,True,2.139306513975028,0.01,None,False,False,False,False,False,0.0
midas-capital,bsc,0xBc06411a6204B36ce6a5559FFBE3a56C5960F6fe,0x1a8ff97a26b1ab7eb17bd8e607b09f4f4382584b,faWBNB-STKBNB-11,18,148497901072176,676646715455982,0,0,None,0.8,True,False,True,1.6451189076745687,0.0,None,False,False,False,False,False,0.0
midas-capital,bsc,0x1B6D43501E0c7201Ea061961cBAEc88FB012f57B,0x425fab84dea9542964c46c14462782851716289f,fETH-19,18,4084795278088918,20269016416390422,912,16211160436857,None,0.75,True,False,False,3.494004677239176,0.01,None,False,False,False,False,False,0.0
midas-capital,bsc,0x1B6D43501E0c7201Ea061961cBAEc88FB012f57B,0xa83c1442c598d326c2d45f3b4c6b707b041090ae,fBTCB-19,18,29431204757848,161159491277800,29431238865290,0,None,0.8,True,False,False,110.46685139684234,0.0,None,False,False,False,False,False,0.0
midas-capital,bsc,0x1B6D43501E0c7201Ea061961cBAEc88FB012f57B,0x3e03a4e68553311f1273529c9b2b9fd756736ca6,faWBNB-BTCB-19,18,5361498909032512,17011059504317865,0,0,None,0.5,True,False,True,0.1733335365243502,0.0,None,False,False,False,False,False,0.0
midas-capital,bsc,0x1B6D43501E0c7201Ea061961cBAEc88FB012f57B,0x274ba3f7bc996275d7cdeb6239b1b240ffe14198,faWBNB-ETH-19,18,21693118110485238,66599040779370160,0,0,None,0.5,True,False,True,0.05332921457549992,0.0,None,False,False,False,False,False,0.0
olafinance,fantom,0x892701d128d63c9856A9Eb5d967982F78FD3F2AE,0xd65eb596cfb5de402678a12df651e0e588dc3a81,oUSDC,6,102445845,84788248640502,97312824910,8070585583,1053739009881157,0.75,True,True,True,None,None,None,False,False,False,False,False,None
olafinance,fantom,0x892701d128d63c9856A9Eb5d967982F78FD3F2AE,0xfb1f1e3b156de7c2d57fc0c25c21878933261839,oETH,18,65516887860623737858,326268659091,22186603049238755,326866687739859,200873561621209049829300265,0.7,True,True,True,None,None,None,False,False,False,False,False,None
olafinance,fantom,0x892701d128d63c9856A9Eb5d967982F78FD3F2AE,0xc0f13fffe0bddc7cd3030cbd0215dd6563d65971,oBTC,8,645450247,32075524547,378700,10228,20134315124096791,0.7,True,True,True,None,None,None,False,False,False,False,False,None
olafinance,fantom,0x892701d128d63c9856A9Eb5d967982F78FD3F2AE,0xa1232b2532d87f433c528c6dc48e11ab88f99d5f,oSPIRIT,18,1527321371106474177203048,6811604207664369,74224113620532038892010,9831749680812370989759,233676779583759253017622732,0.2,True,True,True,None,None,None,False,False,False,False,False,None
olafinance,fantom,0x892701d128d63c9856A9Eb5d967982F78FD3F2AE,0xda3aa0122e5ee4d2420a65af37327b7b0fb0c542,oBNB,18,3929363585691570560,19457362262,280469400224330499,35276779589118268,214548927553229660426414894,0.6,True,True,True,None,None,None,False,False,False,False,False,None
olafinance,fantom,0x892701d128d63c9856A9Eb5d967982F78FD3F2AE,0xed8f2c964b47d4d607a429d4eea972b186e6f111,oFTM,18,99247327573,285627753627037,519763793548540341142990,55781880273811761847034,1624428674675219476103232186,0.6,True,True,True,None,None,None,False,False,False,False,False,None
olafinance,fantom,0x892701d128d63c9856A9Eb5d967982F78FD3F2AE,0x0fb5a38fa19ba88638412ba03c3671d285af6594,ofUSDT,6,9968643505,51432523921800,1504442690,28022965,222525794133718,0.7,True,True,True,None,None,None,False,False,False,False,False,None
olafinance,fantom,0x892701d128d63c9856A9Eb5d967982F78FD3F2AE,0x93bd6e5b880158341e23bfe1573b46b86e822543,oFRAX,18,0,0,0,0,200000000000000000000000000,0.0,True,True,True,None,None,None,True,True,True,False,False,None
olafinance,fantom,0x892701d128d63c9856A9Eb5d967982F78FD3F2AE,0x2c286dee5a9df3774da4ceb16996cf01cb101663,oMIM,18,983406497142,53599049613077,3338392905529244245684613,582569115993127014762604,51415534593074943096481881819,0.7,True,True,True,None,None,None,False,False,False,False,False,None
olafinance,fantom,0x892701d128d63c9856A9Eb5d967982F78FD3F2AE,0x88c05534566f3bd6b6d704c9259408ff1f1a3f00,oFRAX,18,944303476816767167,114860119133764,1691487309538834717783324,291948502737593773808172,12184731843041528543860484559,0.7,True,True,True,None,None,None,False,False,False,False,False,None
olafinance,fantom,0x892701d128d63c9856A9Eb5d967982F78FD3F2AE,0x1f49b11f0f13b90d82c51ac309234723ea74bd94,oDEI,18,0,0,0,0,200000000000000000000000000,0.0,True,True,True,None,None,None,True,True,True,False,False,None
olafinance,fantom,0x892701d128d63c9856A9Eb5d967982F78FD3F2AE,0x70bb9c1cad5ab159b75ede41b91e459f1f304be6,oUST,6,0,0,0,0,200000000000000,0.0,True,True,True,None,None,None,True,True,True,False,False,None
olafinance,fantom,0x892701d128d63c9856A9Eb5d967982F78FD3F2AE,0x5273c5bbfc230dc41016853b52daa936d66e3857,omiMATIC,18,0,0,0,0,200000000000000000000000000,0.0,True,True,True,None,None,None,True,True,True,False,False,None
olafinance,fantom,0x892701d128d63c9856A9Eb5d967982F78FD3F2AE,0x7d29d25041c880febf1f96d640016c2c701c4858,oDAI,18,10000000000000000000,50000000000,0,0,200000000000000000000000000,0.0,True,True,True,None,None,None,False,False,False,False,False,None
olafinance,fantom,0x892701d128d63c9856A9Eb5d967982F78FD3F2AE,0xa2370152c163375fe62d52d4f1fbc23a2da3ce6e,osFTMX,18,12089046286000000000,60445231430,0,0,200000000000000000000000000,0.5,True,True,True,None,None,None,False,False,False,False,False,None
ironbank,fantom,0x4250a6d3bd57455d7c6821eecb6206f507576cd2,0xd528697008ac67a21818751a5e3c58c8dae54696,iWFTM,18,51239952586050,4619401117661566,1464733391331940764415121,201724840958948067305358,273413916274842364757892627,0.75,True,True,True,None,None,None,False,False,False,False,False,None
ironbank,fantom,0x4250a6d3bd57455d7c6821eecb6206f507576cd2,0x328a7b4d538a2b3942653a9983fda3c12c571141,iUSDC,6,44279626849,841431001303480,120449921738,12753272817,180616444526728,0.75,True,True,True,None,None,None,False,False,False,False,False,None
ironbank,fantom,0x4250a6d3bd57455d7c6821eecb6206f507576cd2,0x46f298d5bb6389ccb6c1366bb0c8a30892ca2f7c,iMIM,18,853001668998,69946552771337,282983057688286070220241,28586294597749408115245,3637016450589648876838503837,0.75,True,True,True,None,None,None,False,False,False,False,False,None
ironbank,fantom,0x4250a6d3bd57455d7c6821eecb6206f507576cd2,0xcc3e89fbc10e155f1164f8c9cf0703acde53f6fd,iETH,18,7050964331333965616,114417571606,6196552710854535618,408442440351913769,112212437492103816334163284,0.75,True,True,True,None,None,None,False,False,False,False,False,None
ironbank,fantom,0x4250a6d3bd57455d7c6821eecb6206f507576cd2,0x20ca53e2395fa571798623f1cfbd11fe2c114c24,iBTC,8,377811287,48772889065,126177122,2714513,10277715870633549,0.75,True,True,True,None,None,None,False,False,False,False,False,None
ironbank,fantom,0x4250a6d3bd57455d7c6821eecb6206f507576cd2,0x04c762a5df2fa02fe868f25359e0c259fb811cfe,iDAI,18,33742259327172388873723,393826923645912,13213815973689411587731,743572188081723173760,117342163113077381017447511,0.75,True,True,True,None,None,None,False,False,False,False,False,None
ironbank,fantom,0x4250a6d3bd57455d7c6821eecb6206f507576cd2,0x0980f2f0d2af35ef2c4521b2342d59db575303f7,iYFI,18,523024343589664430,5043404017,88227816826105369,42623109303054589,112747075030280131134693506,0.45,True,True,True,None,None,None,False,False,False,False,False,None
ironbank,fantom,0x4250a6d3bd57455d7c6821eecb6206f507576cd2,0xb1fd648d8ca4be22445963554b85abbfc210bc83,iSUSHI,18,4441601802160361501823,57999989656407,281920315256566002784585,56305552441379436355621,3966489752501768387582947955,0.45,True,True,True,None,None,None,False,False,False,False,False,None
ironbank,fantom,0x4250a6d3bd57455d7c6821eecb6206f507576cd2,0x79ea17bee0a8dcb900737e8caa247c8358a5dfa1,iAAVE,18,33855904093966437713,171795320585,59197103781704568907,15356349193512642802,452262951153643401887307581,0.45,True,True,True,None,None,None,False,False,False,False,False,None
ironbank,fantom,0x4250a6d3bd57455d7c6821eecb6206f507576cd2,0x70fac71debfd67394d1278d98a29dea79dc6e57a,iFUSDT,6,4331153362,74067243637945,4999102320,569316189,118283590190356,0.75,True,True,True,None,None,None,False,False,False,False,False,None
ironbank,fantom,0x4250a6d3bd57455d7c6821eecb6206f507576cd2,0x2919ec3e7b35fb0c8597a5f806fb1f59c540eab4,iFRAX,18,7035709481,19280332731436,36259817014780729847448,5597606162727955054638,1590336187614957604358517773,0.0,True,True,True,None,None,None,False,False,False,False,False,None
ironbank,fantom,0x4250a6d3bd57455d7c6821eecb6206f507576cd2,0x1cc6cf8455f7783980b1ee06ecd4ed9acd94e1c7,iSNX,18,17325196606299230843,4394447380473,4772791438017545668165,881492695554423725992,889446066970248528346031178,0.45,True,True,True,None,None,None,False,False,False,False,False,None
ironbank,fantom,0x4250a6d3bd57455d7c6821eecb6206f507576cd2,0x4eceddf62277ed78623f9a94995c680f8fd6c00e,iLINK,18,509769276357756702922,4978976880777,15237360146760519834,6831514751487139143,104072610530411955885778266,0.45,True,True,True,None,None,None,False,False,False,False,False,None
hundredfinance,fantom,0x0f390559f258eb8591c8e31cf0905e97cf36ace2,0xfcd8570ad81e6c77b8d252bebeba62ed980bd64d,hFTM,18,21118034672292891691265,79654252904953,1275938902643077060451,5605123270022828435835,210771549448167491775749570,0.75,True,True,True,None,None,None,False,False,False,False,False,None
hundredfinance,fantom,0x0f390559f258eb8591c8e31cf0905e97cf36ace2,0xe4e43864ea18d5e5211352a4b810383460ab7fcc,hUSDT,6,1620224938,5207649360855,293216111,831473546,207765044845945,0.85,True,True,True,None,None,None,False,False,False,False,False,None
hundredfinance,fantom,0x0f390559f258eb8591c8e31cf0905e97cf36ace2,0xedba32185baf7fef9a26ca567bc4a6cbe426e499,hSPELL,18,748535064070166487246331,2119173520370290,1009866122510503877133250,797501032577326925908387,453431559410690572585584868,0.75,True,True,True,None,None,None,False,False,False,False,False,None
hundredfinance,fantom,0x0f390559f258eb8591c8e31cf0905e97cf36ace2,0x5b9451b1bfae2a74d7b9d0d45bdd0e9a27f7bb22,hSUSHI,18,10593355008366673518718,52009611646828,1832185444315715488,36838429437993586546,203007644742083666313664724,0.75,True,True,True,None,None,None,False,False,False,False,False,None
hundredfinance,fantom,0x0f390559f258eb8591c8e31cf0905e97cf36ace2,0x103f2ca2148b863942397dbc50a425cc4f4e9a27,hBNB,18,5216059134300434329,26615189546,471414939526439864,167176653511228906,207411538842310872904124911,0.75,True,True,True,None,None,None,False,False,False,False,False,None
hundredfinance,fantom,0x0f390559f258eb8591c8e31cf0905e97cf36ace2,0x243e33aa7f6787154a8e59d3c27a66db3f8818ee,hUSDC,6,68992502424,326860052032117,7831758069,10496773089,202923199062217,0.85,True,True,True,None,None,None,False,False,False,False,False,None
hundredfinance,fantom,0x0f390559f258eb8591c8e31cf0905e97cf36ace2,0xb4300e088a3ae4e624ee5c71bc1822f68bb5f2bc,hFRAX,18,8804442261778693964391,57627705869397,4724456316339131113208,1452559075905440403634,209557873596101008067830774,0.85,True,True,True,None,None,None,False,False,False,False,False,None
hundredfinance,fantom,0x0f390559f258eb8591c8e31cf0905e97cf36ace2,0xa8236eafbaf1c3d39396de566ceea6f320e3db00,hWBTC,8,20086532,871654070,15224,2533960,20154550531726422,0.8,True,True,True,None,None,None,False,False,False,False,False,None
hundredfinance,fantom,0x0f390559f258eb8591c8e31cf0905e97cf36ace2,0xebd7f3349aba8bb15b897e03d6c1a4ba95b55e31,hAAVE,18,54599038930245569,262615588,3806167606444,2079451719891899,200001050120300223762802686,0.75,True,True,True,None,None,None,False,False,False,False,False,None
hundredfinance,fantom,0x0f390559f258eb8591c8e31cf0905e97cf36ace2,0x8e15a22853a0a60a0fbb0d875055a8e66cff0235,hDAI,18,20249700261940107572213,109777444694598,4143674500643726246655,2050686657642138204853,203527128610975485411089092,0.85,True,True,True,None,None,None,False,False,False,False,False,None
hundredfinance,fantom,0x0f390559f258eb8591c8e31cf0905e97cf36ace2,0x090a00a2de0ea83def700b5e216f87a5d4f394fe,hETH,18,12834027117360298194,61818276151,3884344935906965,320502747164142347,202487184931467482000766411,0.8,True,True,True,None,None,None,False,False,False,False,False,None
hundredfinance,fantom,0x0f390559f258eb8591c8e31cf0905e97cf36ace2,0xa8cd5d59827514bcf343ec19f531ce1788ea48f8,hMIM,18,169773921346804922399139,855704625590662,9060469637299769256075,4288223570380017490922,203979459960546267218172182,0.75,True,True,True,None,None,None,False,False,False,False,False,None
hundredfinance,fantom,0x0f390559f258eb8591c8e31cf0905e97cf36ace2,0x30a026ae9e2a1363e96a5e5ab12786a46066beb8,hLINK,18,7301712856700305470,261019591,551870233763899286,7764676749367003865,340611755449424832636413103,0.75,True,True,True,None,None,None,False,False,False,False,False,None
hundredfinance,fantom,0x0f390559f258eb8591c8e31cf0905e97cf36ace2,0xc0f112479c83a603ac4dc76f616536389a85a917,hYFI,18,5188585783789751608,24435176952,617740600282573,68451143403462507,209564775857595830599655564,0.75,True,True,True,None,None,None,False,False,False,False,False,None
hundredfinance,fantom,0x0f390559f258eb8591c8e31cf0905e97cf36ace2,0xd6fcbccfc375c2c61d7ee2952b329dceba2d4e10,hCRV,18,1087550879349286766076,378962175052,4465124874119982429,1013350741922397247481,207580775812824329187294575,0.75,True,True,True,None,None,None,False,False,False,False,False,None
hundredfinance,fantom,0x0f390559f258eb8591c8e31cf0905e97cf36ace2,0xa8a00134d1d10ad5886fc4f70f7f3c8da83d7ab4,hrenBTC,8,12154011,597885488,31312,156974,20118148443837124,0.8,True,True,True,None,None,None,False,False,False,False,False,None
scream,fantom,0x260e596dabe3afc463e75b6cc05d8c46acacfb09,0xe45ac34e528907d0a0239ab5db507688070b20bf,scUSDC,6,565,37544224366683568,7086030792074,454672817540,176627912467506,0.75,True,True,True,None,None,None,False,False,False,False,False,None
scream,fantom,0x260e596dabe3afc463e75b6cc05d8c46acacfb09,0x8d9aed9882b4953a0c9fa920168fa1fdfa0ebe75,scDAI,18,137549680,55762319371776662,10545356885241770141473141,606445639122627266640529,178237048926440234986992881,0.75,True,True,True,None,None,None,False,False,False,False,False,None
scream,fantom,0x260e596dabe3afc463e75b6cc05d8c46acacfb09,0x51dffe014307e87a75da43d8abe6ac127597ddde,scSCREAM,18,0,0,0,0,101252275092268964837930007,0.0,True,True,True,0.1,0.0,None,True,True,True,False,False,None
scream,fantom,0x260e596dabe3afc463e75b6cc05d8c46acacfb09,0x5aa53f03197e08c4851cad8c92c7922da5857e5d,scWFTM,18,632320665263,79501955392555384,13348621383324073203568150,640221621912495310222550,159850153353614661196995368,0.75,True,True,True,None,None,None,False,False,False,False,False,None
scream,fantom,0x260e596dabe3afc463e75b6cc05d8c46acacfb09,0x2bf25cd481626283d8db0ceb7d7498b538ba027e,scTOMB,18,0,0,0,0,101252275092268964837930007,0.0,True,True,True,None,None,None,True,True,True,False,False,None
scream,fantom,0x260e596dabe3afc463e75b6cc05d8c46acacfb09,0x56e828ab9dc9cb8c91c6d14ef705e61c7d1933a0,scBOO,18,0,0,0,0,101252275092268964837930007,0.0,True,True,True,None,None,None,True,True,True,False,False,None
scream,fantom,0x260e596dabe3afc463e75b6cc05d8c46acacfb09,0xe196c5f077885ad0b8251adb110b4fb1478d5bd3,scFBTC,18,0,0,0,0,101252275092268964837930007,0.75,True,True,True,95746.094876837,0.0,None,True,True,True,False,False,None
scream,fantom,0x260e596dabe3afc463e75b6cc05d8c46acacfb09,0x4565dc3ef685e4775cdf920129111ddf43b9d882,scWBTC,8,7,433855890141,7156461868,443357423,15473120463613597,0.75,True,True,True,None,None,None,False,False,False,False,False,None
scream,fantom,0x260e596dabe3afc463e75b6cc05d8c46acacfb09,0xc772ba6c2c28859b7a0542faa162a56115ddce25,scWETH,18,18027839212013442,7811019050015,1411355576623039320449,82601178947011894097,170115117759530712324611094,0.75,True,True,True,None,None,None,False,False,False,False,False,None
scream,fantom,0x260e596dabe3afc463e75b6cc05d8c46acacfb09,0x182ee724db200ab067c43f3d255c265bdf80fc8a,scFETH,18,0,0,0,0,101252275092268964837930007,0.75,True,True,True,3573.254508,0.0,None,True,True,True,False,False,None
scream,fantom,0x260e596dabe3afc463e75b6cc05d8c46acacfb09,0x02224765bc8d54c21bb51b0951c80315e1c263f9,scFUSDT,6,425496,7962221219169269,1840342813701,306491980144,192641125740165,0.75,True,True,True,None,None,None,False,False,False,False,False,None
scream,fantom,0x260e596dabe3afc463e75b6cc05d8c46acacfb09,0x7c94562373ed1606130a2ed0a5d89fa8f0ade75c,scSUSHI,18,0,0,0,0,101252275092268964837930007,0.0,True,True,True,1.413,0.0,None,True,True,True,False,False,None
scream,fantom,0x260e596dabe3afc463e75b6cc05d8c46acacfb09,0x4ad6c49fc206c8070915151f31eabe4c70016f55,scBAND,18,0,0,0,0,101252275092268964837930007,0.0,True,True,True,2.0207021,0.0,None,True,True,True,False,False,None
scream,fantom,0x260e596dabe3afc463e75b6cc05d8c46acacfb09,0x0921702135bf5a099bb3dd42df53af19ed782747,scYFI,18,2679892945757277,1397040357,186897277024182273,9027689487553103,129237125883820439268813477,0.65,True,True,True,None,None,None,False,False,False,False,False,None
scream,fantom,0x260e596dabe3afc463e75b6cc05d8c46acacfb09,0x820bda1786afa19da6b92d6ac603574962337326,scCRV,18,211254985,65402115239983,27774567467399578008262,13516944712639942715067,217999413359089279177373354,0.65,True,True,True,None,None,None,False,False,False,False,False,None
scream,fantom,0x260e596dabe3afc463e75b6cc05d8c46acacfb09,0x383d965c8d2ac0a9c1f6930ad10943606bca4cb7,scFRAX,18,5000047939447702761,49382079905,1,0,101252275097903306144674628,0.0,True,True,True,0.998219,4.99,4.99,False,False,False,False,False,0.0
scream,fantom,0x260e596dabe3afc463e75b6cc05d8c46acacfb09,0x196d71b3e64b80630aff1288716ee4bf649b89a6,scSNX,18,1,0,0,0,101252275092268964837930007,0.0,True,True,True,2.8525704,0.0,None,True,True,True,False,False,None
scream,fantom,0x260e596dabe3afc463e75b6cc05d8c46acacfb09,0x83fad9bce24b605fe149b433d62c8011070239b8,scFUSD,18,1206216773046,378679101679066,127488535631987891036762,15606719363837867008261,295452840606390533662769538,0.85,True,True,True,0.76,0.0,85030.18,False,False,False,False,False,0.0
scream,fantom,0x260e596dabe3afc463e75b6cc05d8c46acacfb09,0x2359012ebe36cca231203d78b914284947b58aa3,scLINK,18,84119318054253305294339,418227176500134,1960966749831646498803,3986832718042072980,205812302040442201803422453,0.65,True,True,True,None,None,None,False,False,False,False,False,None
scream,fantom,0x260e596dabe3afc463e75b6cc05d8c46acacfb09,0x4e6854ea84884330207fb557d1555961d85fc17e,scFRAX,18,19300462164170,6882936115096203,1751568739781618630073605,104799079474580547661269,239253951044890905067500304,0.75,True,True,True,None,None,None,False,False,False,False,False,None
scream,fantom,0x260e596dabe3afc463e75b6cc05d8c46acacfb09,0x5a3b9dcdd462f264ec1bd56d618bf4552c2eaf8a,scDOLA,18,140896463388132530634,97979422910423,42602593064911168120980,9024584154668872839008,344142722747588547119396072,0.75,True,True,True,None,None,None,False,False,False,False,False,None
scream,fantom,0x260e596dabe3afc463e75b6cc05d8c46acacfb09,0x90b7c21be43855afd2515675fc307c084427404f,scMIM,18,348330082,1095055836551434,497800583260976343401740,105631445693929841275133,358127069394079196590331976,0.75,True,True,True,None,None,None,False,False,False,False,False,None
scream,fantom,0x260e596dabe3afc463e75b6cc05d8c46acacfb09,0x0467c22fb5af07ebb14c851c75bff4180674ed64,scBIFI,18,0,20673698084,6377386331253025172,1932722818944480087,214991217064759427730839836,0.55,True,True,True,None,None,None,False,False,False,False,False,None
scream,fantom,0x260e596dabe3afc463e75b6cc05d8c46acacfb09,0x789b5dbd47d7ca3799f8e9fdce01bc5e356fcdf1,scTUSD,18,374514028,5562206444471702,1634598371258249169118158,212291323557267641965566,255709143826299049015568521,0.75,True,True,True,None,None,None,False,False,False,False,False,None
scream,fantom,0x260e596dabe3afc463e75b6cc05d8c46acacfb09,0xb19b33fff3a9b21f120b6ac585b8ce21635beb96,scSPELL,18,6325551998334,262178470300222252,68115364254489410714431199,4691968953745571201310839,241909243074473763347862915,0.45,True,True,True,None,None,None,False,False,False,False,False,None
scream,fantom,0x260e596dabe3afc463e75b6cc05d8c46acacfb09,0xa25f9ffd7855fc350a103d91ab7c906d6bf1977d,scBOO,18,26842970813455551060707,137475522644482,12577326295501052130775,2598070499457332355047,267845692827247770201190453,0.4,True,True,True,None,None,None,False,False,False,False,False,None
scream,fantom,0x260e596dabe3afc463e75b6cc05d8c46acacfb09,0x68c102aba11f5e086c999d99620c78f5bc30ecd8,scDEI,18,11004488952799543156742777,55037032188264055,2989123610531032510974,27213082323184884089,200000807196049162650490794,0.85,True,True,True,None,None,None,False,False,False,False,False,None
capyfi,ethereum,0x0b9af1fd73885aD52680A1aeAa7A3f17AC702afA,0x98ac8ac56d833bd69d34f909ac15226772fac9aa,caUXD,18,11936201628356766391,125000000000,14689806369874093318,1235505656554999274,203124018733406883480000000,0.0,True,True,True,1.0,11.94,25.39,False,False,False,False,False,0.0
capyfi,ethereum,0x0b9af1fd73885aD52680A1aeAa7A3f17AC702afA,0xbaa6bc4e24686d710b9318b49b0bb16ec7c46bfa,caETH,18,37352095836625705,236292942,10094722325251362,184944400524333,200013903764221336750718521,0.0,True,True,True,2677.61870113,100.01,126.55,False,False,False,False,False,1e-06
capyfi,ethereum,0x0b9af1fd73885aD52680A1aeAa7A3f17AC702afA,0x0568f6cb5a0e84faca107d02f81ddeb1803f3b50,caLAC,18,117332608315942560922722079,587690214030758984,206972781613598089069949,91672530003212227301,200002461533031896436018557,0.6,True,False,False,0.009995,1172739.42,1174807.2,False,False,False,False,False,0.0
capyfi,ethereum,0x0b9af1fd73885aD52680A1aeAa7A3f17AC702afA,0xda5928d59ece82808af2cbbe4f2872fea8e12cd6,caWBTC,8,581398248,35031588624,122363454,1127,20089313749187396,0.8,True,False,False,84566.75736236,491669.65,595147.5,False,False,False,False,False,0.0
capyfi,ethereum,0x0b9af1fd73885aD52680A1aeAa7A3f17AC702afA,0x0f864a3e50d1070adde5100fd848446c0567362b,caUSDT,6,1214273630149,15429330578304610,2040826261071,1518382722,210869907283787,0.85,True,False,False,0.99983258,1214070.34,3253036.79,False,False,False,False,False,0.0
capyfi,ethereum,0x0b9af1fd73885aD52680A1aeAa7A3f17AC702afA,0xc3ad34de18b59a24bd0877e454fb924181f09c8f,caUSDC,6,361640165398,5716885023910418,851398724584,659257609,212069969450551,0.85,True,False,False,0.99998993,361636.52,1212367.42,False,False,False,False,False,0.0
capyfi,ethereum,0x0b9af1fd73885aD52680A1aeAa7A3f17AC702afA,0x37de57183491fa9745d8fa5dcd950f0c3a4645c9,caETH,18,1221976609124471145748,14443860385213,1749000423178654504159,6044446049782482211,205272863845230254743767793,0.8,True,False,False,2677.61870113,3271987.42,7938958.94,False,False,False,False,False,1e-06
capyfi,ethereum,0x0b9af1fd73885aD52680A1aeAa7A3f17AC702afA,0xf61159b4a0ee5b1615c9afb3da38111043344c32,caRPC,18,4090155904787103532336474708,20450779515045170817,116928151081301201682,173680935295156132,200000005795991269073183325,0.5,True,False,False,0.01005186,41113674.53,41113675.71,False,False,False,False,False,0.0
capyfi,ethereum,0x0b9af1fd73885aD52680A1aeAa7A3f17AC702afA,0xf80eeec09f417fa7fcc4a848ef03af9df2658d7b,caWARS,18,338351051844757916341966472,3719061880732545374,424365061222363061418766546,1225844467969544506689723,204753320331728477621860772,0.0,True,False,False,0.00065592,221931.22,499476.7,False,False,False,False,False,0.0
capyfi,ethereum,0x0b9af1fd73885aD52680A1aeAa7A3f17AC702afA,0x93d9ddeebf3b5dbf7d7dfc04d3804ce5450987c8,caWBRL,18,2121085611057146095171114,11017023843093422,83811290964176270696619,37166362493524495926,200132065343677781088675268,0.0,True,False,False,0.19207756,407412.95,423504.08,False,False,False,False,False,0.0
capyfi,ethereum,0x0b9af1fd73885aD52680A1aeAa7A3f17AC702afA,0x59b8022f431c7f00ef4894895c2f6bb1986f9acc,caWMXN,18,200000000000000000000,1000000000000,0,0,200000000000000000000000000,0.0,True,False,False,0.055062,11.01,11.01,False,False,False,False,False,0.0
capyfi,ethereum,0x0b9af1fd73885aD52680A1aeAa7A3f17AC702afA,0xe9b369ee5a75a71d2981e5fcb4b5011293cf8fdb,caWCOP,18,50000000000000000000000,250000000000000,0,0,200000000000000000000000000,0.0,True,False,False,0.000306,15.3,15.3,False,False,False,False,False,0.0
capyfi,ethereum,0x0b9af1fd73885aD52680A1aeAa7A3f17AC702afA,0x2437e33631327b2437170972f753e15cb9fd1806,caUSDAR,18,10000000000000000000,50000000000,0,0,200000000000000000000000000,0.0,True,False,False,0.954679,9.55,9.55,False,False,False,False,False,0.0
mantradao,ethereum,0x606246e9EF6C70DCb6CEE42136cd06D127E2B7C7,0x4f905f75f5576228ed2d0ea508fb0c32a0696090,zenETH,18,45082523825104888,3381904203,466041145537274379852,17702422660203433834,132583236687528387363372042859,0.75,True,True,True,1.0,0.05,448.38,False,False,False,False,False,0.0
mantradao,ethereum,0x606246e9EF6C70DCb6CEE42136cd06D127E2B7C7,0x5b4463bbd7b2e870601e91161e0f1f7f84cde214,zenWBTC,8,61,129097551,1698588996,91621678,12447698399793811735,0.6,True,True,True,13.952848122781932,0.0,224.22,False,False,False,False,False,2e-06
mantradao,ethereum,0x606246e9EF6C70DCb6CEE42136cd06D127E2B7C7,0x004c0908518e19aa8b27a55c171564097fa3c354,zenUSDT,6,3000000,0,8000000,11000000,100000000000000000,0.7,True,True,True,0.0006486287895304121,0.0,None,True,True,True,False,False,None
mantradao,ethereum,0x606246e9EF6C70DCb6CEE42136cd06D127E2B7C7,0x0968c90198f08b67365840fa37631b29fe2aa9fc,zenUSDC,6,4,2961154610827,454486720233,10230310135,150028103388335659,0.75,True,True,True,0.0006485564905507819,0.0,288.13,False,False,False,False,False,0.0
mantradao,ethereum,0x606246e9EF6C70DCb6CEE42136cd06D127E2B7C7,0x3bafa9cd93c7bdc07fd9609e95e04a8904eacf7d,zenDAI,18,2656880023379,1602287179141,262885901244593828267768,6504828799439714578529,160009438873035919631183627745,0.75,True,True,True,0.000648558934090578,0.0,166.28,False,False,False,False,False,0.0
mantradao,ethereum,0x606246e9EF6C70DCb6CEE42136cd06D127E2B7C7,0x3f2e9a93428a22d2f4cacc3f184f1aad85054e1c,zenCOMP,18,190222087123560533,834071985,256822088286918527049,74159315490497874288,219229272978811551012590358133,0.5,True,True,True,0.03462131105790023,0.01,6.33,False,False,False,False,False,0.0
mantradao,ethereum,0x606246e9EF6C70DCb6CEE42136cd06D127E2B7C7,0x66d696474784ded49b5d0a43e50bf59d63402d74,zenCREAM,18,40657131522941279321,1760513163,1861866718844918350687236,744701086562088344866978,634591273098225024233788702436415,0.45,True,True,True,0.008188058212391987,0.33,9147.75,False,False,False,False,False,5e-06
mantradao,ethereum,0x606246e9EF6C70DCb6CEE42136cd06D127E2B7C7,0x27d15446176b469ee7fbdec1e5a4b506fd77c0cd,zenLINK,18,10342933059941,407916916384,148148325658059015984107,44207023681058538546902,254809981671601913991845498819,0.5,True,True,True,0.00461565028035465,0.0,479.76,False,False,False,False,False,0.0
mantradao,ethereum,0x606246e9EF6C70DCb6CEE42136cd06D127E2B7C7,0x11c70caa910647d820bd014d676dcd97edd64a99,zenOM,18,579473616339129117071887,5794736163359,0,0,100000000000557250059511803044,0.5,True,False,True,2.3163599559345e-05,13.42,13.42,False,False,False,False,False,0.0
mantradao,ethereum,0x606246e9EF6C70DCb6CEE42136cd06D127E2B7C7,0xf533c78c0790676008d576c5cc2e63e0856ed4f0,zenRFUEL,18,274371936085678810264452,2743719360838,0,0,100000000000684767651994176513,0.3,True,True,True,3.91007742575e-06,1.07,1.07,False,False,False,False,False,0.0
mantradao,ethereum,0x606246e9EF6C70DCb6CEE42136cd06D127E2B7C7,0xf76cc2dc02f56b27761dbdb7a62e2b1c4a22afcd,zenUSDT,6,1,2940688067810,549481074416,64981154261,164757331952184427,0.7,True,True,True,0.0006486287895304121,0.0,314.26,False,False,False,False,False,0.0
mantradao,ethereum,0x606246e9EF6C70DCb6CEE42136cd06D127E2B7C7,0x57a8cb15e9575bf9bf80f3531183395703912f57,zenAAVE,18,276762771377562974,5388408106,1114493491252031791608,244106176859614894970,161580945621826376862777290165,0.5,True,True,True,0.05194294052940212,0.01,45.22,False,False,False,False,False,0.0
mantradao,ethereum,0x606246e9EF6C70DCb6CEE42136cd06D127E2B7C7,0x391f902c8979050ba8036e3d61d13d79cf545db8,zenUNI,18,100594840076403,41986306001,9463025280339349945570,2208608321155123470701,172780550391984615195249979476,0.5,True,True,True,0.004172484139785017,0.0,30.27,False,False,False,False,False,0.0
mantradao,ethereum,0x606246e9EF6C70DCb6CEE42136cd06D127E2B7C7,0xb3c114d12cc260ff0a07a2cf22a910625367b403,zenSUSHI,18,719396911246656,214110137604,51375171651814184870439,10061055034525764132850,192957315328508306572266509877,0.5,True,True,True,0.000792368154178695,0.0,32.74,False,False,False,False,False,0.0
mantradao,ethereum,0x606246e9EF6C70DCb6CEE42136cd06D127E2B7C7,0xc4bdaa3b4f2c9a78baa4442cd81874881850ff2e,zenSNX,18,35921980517192,60035243555,12902868599783316574945,2931883075432715081490,166085535259599264744700176639,0.5,True,True,True,0.001461022013248715,0.0,14.57,False,False,False,False,False,0.0
mantradao,ethereum,0x606246e9EF6C70DCb6CEE42136cd06D127E2B7C7,0xb595a7715d7d5a0252e5d3cdddfa2e1c7c1feebe,zenYFI,18,34208255450051,44378515,39604664657415258903,14433263420089291466,567198687148080946106466158229,0.5,True,True,True,4.821635616882098,0.0,121.37,False,False,False,False,False,3e-06
mantradao,ethereum,0x606246e9EF6C70DCb6CEE42136cd06D127E2B7C7,0x1c1bb5efec38b1b01e0e72fa0c8521d695299b60,zenDSD,18,2871142224157674422408634,28488033231906,434179954898946323213,10283838861564631418083,100438403099250145778020535612,0.3,True,True,True,1.553327958569e-06,4.46,4.44,False,False,False,False,False,0.0
mantradao,ethereum,0x606246e9EF6C70DCb6CEE42136cd06D127E2B7C7,0x53bafba543f8f1283ed5b21cafe7925c367ec3bd,zenBONDLY,18,2204707281698264561363,1992053903047969,1029552654566478660277740613,415126110061302883424449066,308439820966863628762907741754,0.0,True,True,True,4.5715e-14,0.0,0.0,False,False,False,False,False,0.0
mantradao,ethereum,0x606246e9EF6C70DCb6CEE42136cd06D127E2B7C7,0x5b37c72dde4c4efc3e2eeff4107ef6eb61f5de10,zenPOLS,18,0,490313864787,9472615413298222820128079,4716063783681259772218027,9701034319482854840256047176994,0.3,True,True,True,0.000285027632511248,0.0,1355.75,False,False,False,False,False,0.0
mantradao,ethereum,0x606246e9EF6C70DCb6CEE42136cd06D127E2B7C7,0x2ddfd56221568b6d4350b68432569a57bc1f9572,zen1INCH,18,857733855353926623,198725184090,200781274643104485293842,92116270709089902619537,546814749048900662668536969928,0.4,True,True,True,0.000321127113932413,0.0,34.9,False,False,False,False,False,0.0
mantradao,ethereum,0x606246e9EF6C70DCb6CEE42136cd06D127E2B7C7,0xa0998fc7dcf51169d97a74f0b0b7d97e4af8e873,zenRSR,18,12779398981182577597416,44161131355571,14023008101656289183481578,4878439709580785731873784,207362164644848289421569816273,0.4,True,True,True,2.80303956996e-06,0.04,25.67,False,False,False,False,False,0.0
mantradao,ethereum,0x606246e9EF6C70DCb6CEE42136cd06D127E2B7C7,0x0e0055bf26f4bdde57b112112e5db25d56706580,zenROYA,18,54858368276271314514581,548583682754,0,0,100000000001588298270569818195,0.3,True,True,True,1.452140556022e-06,0.08,0.08,False,False,False,False,False,0.0
mantradao,ethereum,0x606246e9EF6C70DCb6CEE42136cd06D127E2B7C7,0x650d62fcb1f22a10a2b810bfe305c1312a24a367,zenFTT,18,81697103474,4132631552551,29289210568317770249538,13117446583883669749269,3913187947890794946061325523,0.4,True,True,True,0.001245073385372599,0.0,20.14,False,False,False,False,False,0.0
mantradao,ethereum,0x606246e9EF6C70DCb6CEE42136cd06D127E2B7C7,0x290a565ec7c28557ae872de2f3a5ce500f46a5d2,zenSRM,6,3114256,12049939939196,88970177600,39751182356,4084842725223094,0.4,True,True,True,0.00025195212072048954,0.0,12.4,False,False,False,False,False,0.0
mantradao,ethereum,0x606246e9EF6C70DCb6CEE42136cd06D127E2B7C7,0x31b992fda33c6c52c602cf379b9bbe1745a903f7,zenBAL,18,6821120006009746607,679562503078,1013508684880279778296,174647227342762982895,1244451501831111662829891734,0.4,True,True,True,0.004267282324343652,0.03,3.61,False,False,False,False,False,0.0
mantradao,ethereum,0x606246e9EF6C70DCb6CEE42136cd06D127E2B7C7,0x144bdf52690c59b510da5dbc09bb5f145fbdb8e1,zenCRV,18,217718970237716471,27983016443535,111913733595186369719293,43872575324698749597443,2431523996948429785116772089,0.4,True,True,True,0.000679496347669941,0.0,46.23,False,False,False,False,False,0.0
mantradao,ethereum,0x606246e9EF6C70DCb6CEE42136cd06D127E2B7C7,0x1badcb0833072b986c845681d3c73603adc5ba54,zenUMA,18,58723083659493198,1172761485455,3786506403301901600239,1394238728365484630080,2039908734802898126400937657,0.4,True,True,True,0.001286981655047233,0.0,3.08,False,False,False,False,False,0.0
mantradao,ethereum,0x606246e9EF6C70DCb6CEE42136cd06D127E2B7C7,0x3bdbd2b661560bcdf59bdc74576f65e2f714b836,zenRUNE,18,1678408887231189130174,231016265110967,909486195296691746103501,528615219222279150238807,1655941345852375120295826313,0.4,True,False,False,0.001186354349014637,1.99,453.84,False,False,False,False,False,0.0
mantradao,ethereum,0x606246e9EF6C70DCb6CEE42136cd06D127E2B7C7,0xa8e31ad81d609ff616645849987fef30a3ffabd9,zenFRAX,18,27720304503674978631,3778920944999,34500501803074119992355,17410016314135889348751,4529919001374196660056452754,0.4,True,True,True,0.000647593835540103,0.02,11.09,False,False,False,False,False,0.0
mantradao,ethereum,0x606246e9EF6C70DCb6CEE42136cd06D127E2B7C7,0x15fcfd53fec9b72cf3725649f3ec4603077ad21e,zenHEGIC,18,114000632254,874344706162102,87568889849496325306803023,76814719540502204978207375,12299691681326917885291623138,0.4,True,True,True,1.7046096793302e-05,0.0,183.32,False,False,False,False,False,0.0
mantradao,ethereum,0x606246e9EF6C70DCb6CEE42136cd06D127E2B7C7,0xb15e13bc622315e29a7142fea3d0c67464b44e97,zenrHEGIC,18,3048768852394112717274,35935368799017,2509825793515183969836808,2436760508470677006973138,2118081890924774649306592158,0.3,True,True,True,0.00014554,0.44,11.08,False,False,False,False,False,0.0
mantradao,ethereum,0x606246e9EF6C70DCb6CEE42136cd06D127E2B7C7,0x4dd6d5d861edcd361455b330fa28c4c9817da687,zenMPH,18,23330237755166997669234,2278776416482,377279871321643951514656,336296661332642353710274,28222798550573206639786338037,0.3,True,False,False,0.000944836858607953,22.04,60.77,False,False,False,False,False,0.0
mantradao,ethereum,0x606246e9EF6C70DCb6CEE42136cd06D127E2B7C7,0x8ec3e4978e531565a46c22fbe0423be1bb8e1156,zenzLOT,18,3427588038556535733,2728571255,252765053020117721,918886764983791053,1012055786167424973844049383,0.3,True,True,True,0.04110103,0.14,0.11,False,False,False,False,False,0.0
mantradao,ethereum,0x606246e9EF6C70DCb6CEE42136cd06D127E2B7C7,0x0c91f1795e012bcef586c925f747f23b0969b5ea,zenzHEGIC,18,68702279501014130995584,60198070631709,164053612242547915413,6579960882459842204061,1034690507140403855668107312,0.3,True,True,True,4.5458243341389e-05,3.12,2.83,False,False,False,False,False,0.0
mantradao,ethereum,0x606246e9EF6C70DCb6CEE42136cd06D127E2B7C7,0xe3334e66634acf17b2b97ab560ec92d6861b25fa,zenWHITE,18,0,197675423617,46286307834316032209603,41106331735743229418632,26204451741098113480265394361,0.3,True,False,False,0.06657013766259977,0.0,344.83,False,False,False,False,False,0.0
mantradao,ethereum,0x606246e9EF6C70DCb6CEE42136cd06D127E2B7C7,0xa07be94d721df448b63ec6c3160138a2b2619e1d,zenWNXM,18,55722852258,1454021201293,2400081855765470734741,453285112446238174709,1338905334835386729125988643,0.3,True,True,True,0.010900140677021814,0.0,21.22,False,False,False,False,False,0.0
mantradao,ethereum,0x606246e9EF6C70DCb6CEE42136cd06D127E2B7C7,0x7a665de4b80835295901dd84ece07e942a9fe400,zenRENBTC,8,46867,1761020514,291453782,26009254,150759967240222620,0.6,True,True,True,14.646578436668959,0.01,38.89,False,False,False,False,False,0.0
mantradao,ethereum,0x606246e9EF6C70DCb6CEE42136cd06D127E2B7C7,0xd2cc7eae32e010ba80ce26b084b9a69f6109871f,zenMRK,8,0,0,0,0,100000000000000000,0.4,True,True,True,6.303467951316151e-07,0.0,None,True,True,True,False,False,None
mantradao,ethereum,0x606246e9EF6C70DCb6CEE42136cd06D127E2B7C7,0x1b6d730a1dcaeb870ba3b0c6e51f801c1cca0499,zenBNT,18,15107191893981976807,8311030377309,55489637987272663389459,24045499046235393658390,3785240181388596131685986231,0.4,True,True,True,0.000262987711289574,0.0,8.27,False,False,False,False,False,0.0
mantradao,ethereum,0x606246e9EF6C70DCb6CEE42136cd06D127E2B7C7,0x180087a6a87fd6b09a78c9b9b87b71335906c61d,zenKNC,18,19449214348585771303,7512373857742,60163777897925307051111,27230945444450765879028,4386400662669844767243054845,0.3,True,True,True,0.000512446953534478,0.01,16.89,False,False,False,False,False,0.0
mantradao,ethereum,0x606246e9EF6C70DCb6CEE42136cd06D127E2B7C7,0xa6b8cbb493fe5682d627bdb9a6b361488086a2fd,zenCEL,4,162614,3091809113463,154494295,65247674,28918096725530,0.4,True,True,True,0.00039331133336363566,0.01,3.52,False,False,False,False,False,0.0
mantradao,ethereum,0x606246e9EF6C70DCb6CEE42136cd06D127E2B7C7,0x4e50972850822f8be8a034e23891b7063893cc34,zenCORN,18,27581090021234319118470,5267418956552,1297244684757766808175,23185336098284645655151,1080794722171486521273653448,0.3,True,True,True,2.4812728092819e-05,0.68,0.14,False,False,False,False,False,0.0
mantradao,ethereum,0x606246e9EF6C70DCb6CEE42136cd06D127E2B7C7,0xa24c0e9195481821f9b5292e8c6a4209cc8cc3c9,zenAPI3,18,16172598014732856244,32391033779218,494064667349154518871346,235292337418902015077718,7989510439592861732171415057,0.3,True,True,True,0.000976270185259044,0.02,252.65,False,False,False,False,False,0.0
mantradao,ethereum,0x606246e9EF6C70DCb6CEE42136cd06D127E2B7C7,0xa3968dabf386d99f67c92c4e3c7cfdf2c0ccc396,zenMATIC,18,30210583791968239350,1016920235641535,4332239567483977236532143,1690038232991783563802267,2598268234291852427622115762,0.4,True,True,True,0.000734427402838795,0.02,1940.53,False,False,False,False,False,0.0
mantradao,ethereum,0x606246e9EF6C70DCb6CEE42136cd06D127E2B7C7,0x132e549262f2b2ad48aa306c3d389e55bb510419,zenBAO,18,9895164032265240489914339,68311809132391700,157650795513414467929182148,51424014210800016064345576,1699880984118420272981502359,0.3,True,True,True,2.5746285791e-08,0.25,2.99,False,False,False,False,False,0.0
mantradao,ethereum,0x606246e9EF6C70DCb6CEE42136cd06D127E2B7C7,0xab576bcbb0c3303c9e680fbfdeca67e062eae59c,zenUST,18,147641036,48170595316651,81939788975583317151554,8678556617234475177733,1520870395658676376306779411,0.7,True,True,True,1.4262313671099e-05,0.0,1.04,False,False,False,False,False,0.0
mantradao,ethereum,0x606246e9EF6C70DCb6CEE42136cd06D127E2B7C7,0xa3c5409a987c9325d8598b4731bf513a41c2287d,zenMKR,18,2062378863356707,23240582028,138062645634230821902,57692210009616139431,3458282495104732287473157769,0.4,True,True,True,0.4206883388424826,0.0,33.81,False,False,False,False,False,0.0
mantradao,ethereum,0x606246e9EF6C70DCb6CEE42136cd06D127E2B7C7,0x07d22cd5d483b1242518d5cd26b21b552f0cfcdb,zenDVG,18,4737663221875382551,96257082911210,2582219652105848557977135,1243025365113679352944684,13912732280602172201807412653,0.3,True,True,True,6.396701505598e-06,0.0,8.57,False,False,False,False,False,0.0
mantradao,ethereum,0x606246e9EF6C70DCb6CEE42136cd06D127E2B7C7,0x90ea640fd96b10d79b95166ea9d4b5fb2fb4f4be,zenGRT,18,805613333338636741,155652360336988,533348726577117216906457,196406951389150205065779,2164712311922660715887799007,0.4,True,True,True,5.643267572722e-05,0.0,19.01,False,False,False,False,False,0.0
mantradao,ethereum,0x606246e9EF6C70DCb6CEE42136cd06D127E2B7C7,0x33a9f9bace23cfb8dad597a564d055ad415648ff,zenZRX,18,1009470911376715793677,114306061857127,184763039617106281889696,35733099850531358099590,1312611144503327668067218813,0.4,True,True,True,0.000143127007923051,0.14,21.47,False,False,False,False,False,0.0
mantradao,ethereum,0x606246e9EF6C70DCb6CEE42136cd06D127E2B7C7,0x7283fe6ae81f39d07850b78f282037b65448a2bc,zenOMG,18,116524571762607610029,33528832471344,108491524249612841623015,39598296958020440155141,2058221142127015431470653032,0.4,True,True,True,0.000916216420061728,0.11,63.23,False,False,False,False,False,0.0
mantradao,ethereum,0x606246e9EF6C70DCb6CEE42136cd06D127E2B7C7,0xd7756be9aedc211a9d5677d7d67295e6d7dd86c7,zenINJ,18,3889911755727340262,9691709458565,99885221066303549235738,59835487124500200505585,4132771831925056867029467947,0.3,True,False,True,0.001736855497143551,0.01,69.57,False,False,False,False,False,0.0
mantradao,ethereum,0x606246e9EF6C70DCb6CEE42136cd06D127E2B7C7,0x4a5b823592c2a1e95502c0b55afba2397e71799d,zenBADGER,18,3784884681143935068199,2092753162746,534922522567865401293635,478127221102137343534645,28947602242484191049711477381,0.3,True,True,True,0.002034433595337025,7.7,123.25,False,False,False,False,False,0.0
mantradao,ethereum,0x606246e9EF6C70DCb6CEE42136cd06D127E2B7C7,0xf9aea09993e1a43b5f7dcdbd67cda89690a51491,zenROOK,18,77839490203020,644557979298,137477174595515250769014,108644592887071205086433,44732332408149897137449493357,0.3,True,True,True,0.010403044561026543,0.0,299.95,False,False,False,False,False,0.0
mantradao,ethereum,0x606246e9EF6C70DCb6CEE42136cd06D127E2B7C7,0x8fb35c58e48660a29c80452d3c7bf98fe81de921,zenUTK,18,9473166776903489499,115377550102855,230924413706986209169524,61919087589241464985679,1464884625595282093507283351,0.3,True,True,True,6.5321625572661e-05,0.0,11.04,False,False,False,False,False,0.0
mantradao,ethereum,0x606246e9EF6C70DCb6CEE42136cd06D127E2B7C7,0xb98f519b00d41657920e8f8c2cd3417b11964f5a,zenPAID,18,1340616105092773504883394,1340616105089202,0,0,1000000000002664077262563065,0.4,True,True,True,0.000434281673406544,582.21,582.21,False,False,False,False,False,0.0
mantradao,ethereum,0x606246e9EF6C70DCb6CEE42136cd06D127E2B7C7,0x49a39e062aaf28950f9d0d5fd423dfb3175c0bb1,zenALPHA,18,22654673015480081798,47361152139985,1433547215215490538982601,1091132344953420224321915,7230346169006737553049297526,0.3,True,True,True,9.2880865134116e-05,0.0,31.81,False,False,False,False,False,0.0
mantradao,ethereum,0x606246e9EF6C70DCb6CEE42136cd06D127E2B7C7,0x223f6fc2696beeb0d096a72b8db674e6bd520398,zenRGT,18,778577869743788491,313523241579,821664536891439579378,300021096250413255085,1666294389786515574765978775,0.3,True,True,True,0.000238739300835082,0.0,0.12,False,False,False,False,False,0.0
mantradao,ethereum,0x606246e9EF6C70DCb6CEE42136cd06D127E2B7C7,0x01a8f03e4efb1cef12d796d21468c5903a6ed5d6,zenFXF,18,60801152284,5050276793252,3282621386917823059354198,1918313569209244676109588,270145157099424472041574104876,0.3,True,True,True,1.21113433842e-06,0.0,1.65,False,False,False,False,False,0.0
mantradao,ethereum,0x606246e9EF6C70DCb6CEE42136cd06D127E2B7C7,0xf9f170aff03231771e35b1cc5361c014c17df562,zenUTK,18,0,0,0,0,100000000000000000000000000000,0.4,True,True,True,7.888170676662e-06,0.0,None,True,True,True,False,False,None
mantradao,ethereum,0x606246e9EF6C70DCb6CEE42136cd06D127E2B7C7,0x2dd28391d7552363eed30eb172116cf3e13eca23,zenPAID,18,20007973885558267033825,1667136782786,388284051461427117901187,124744528281746381731969,170080523681682953588171866320,0.3,True,True,True,1.5668583964547e-05,0.31,4.44,False,False,False,False,False,0.0
mantradao,ethereum,0x606246e9EF6C70DCb6CEE42136cd06D127E2B7C7,0x25942b9496282ce18c3b8d8c722ccf8e5112b252,zenENJ,18,255154927509774,954651801676,189953561329480502160235,49739714289424154851711,146874333708950102563151955617,0.3,True,True,True,0.000286432778259042,0.0,40.16,False,False,False,False,False,0.0
mantradao,ethereum,0x606246e9EF6C70DCb6CEE42136cd06D127E2B7C7,0xaab14c2115aad338cedb93e423834897651a3ee2,zenLABS,18,742661631851256474410,51817277988823,47175359273511479922629365,21442326442597437390754861,496625382330902748049818711337,0.3,True,True,True,5.55316681198e-07,0.0,14.29,False,False,False,False,False,0.0
mantradao,ethereum,0x606246e9EF6C70DCb6CEE42136cd06D127E2B7C7,0x6a4e7daf7e1244944bda17390b1ec5f44c9df671,zenKYL,18,529831588066972779550,3947326689333,1386494647802516837510081,510899216765308889608892,221954079704844062917901023785,0.3,True,True,True,7.888170676662e-06,0.0,6.91,False,False,False,False,False,0.0
tonpound,ethereum,0x1775286Cbe9db126a95AbF52c58a3214FCA26803,0x276d2b35b4204e8c3a5c2b9031ca63e72acb00de,tWETH,18,7180163825953460854,35869431584,153,0,200175009998102706678230254,0.5,True,False,False,2677.61870113,19225.74,19225.74,False,False,False,False,False,1e-06
tonpound,ethereum,0x1775286Cbe9db126a95AbF52c58a3214FCA26803,0x6365b24999105afd1bc44ddd43718b2407e43298,tUSDC,6,212278247,1054586455389,158,0,201290661296894,0.5,True,False,False,0.99998993,212.28,212.28,False,False,False,False,False,0.0
tonpound,ethereum,0x1775286Cbe9db126a95AbF52c58a3214FCA26803,0x8ad4475d330926cc4387d3d1b0c80688e71bf310,tUSDT,6,2013708342,10054085620289,894,0,200287655392188,0.5,True,False,False,0.99983258,2013.37,2013.37,False,False,False,False,False,0.0
tonpound,ethereum,0x1775286Cbe9db126a95AbF52c58a3214FCA26803,0x06078583447f9c0b4b688ace305de8a342c7af2b,tDAI,18,234461770129942428080,1161250026775,51581296630737,0,201904685731101053491297561,0.5,True,False,False,1.00003831,234.47,234.47,False,False,False,False,False,0.0
tonpound,ethereum,0x1775286Cbe9db126a95AbF52c58a3214FCA26803,0xc5fa52aa356203ae375d0a98d7423c350b5b31c6,tWBTC,8,356161,17824992,758,0,20023515298071382,0.5,True,False,False,84617.52787909,301.37,302.02,False,False,False,False,False,0.0
tonpound,ethereum,0x1775286Cbe9db126a95AbF52c58a3214FCA26803,0xd307d71b53964bd3e2e2e9429c04b7c7f8a55002,tpTON,9,689366062009,3415679137862,19373635,0,201829682420202929,0.5,True,True,True,2e-06,0.0,0.0,False,False,False,False,False,0.0
tonpound,ethereum,0x1775286Cbe9db126a95AbF52c58a3214FCA26803,0x3444dba50284765ff1579085c01f296aad588b1c,tcbETH,18,9000000000000000,45000000,0,0,200000000000000000000000000,0.5,True,False,False,3054.445336029132,27.49,27.49,False,False,False,False,False,1e-06
tonpound,ethereum,0x1775286Cbe9db126a95AbF52c58a3214FCA26803,0x1ddc1a193dc1e7625120f43986194ca86e95d24e,trETH,18,34995946213631590,174979731,0,0,200000000077903823043367234,0.5,True,False,False,3131.2591817225994,109.58,109.58,False,False,False,False,False,1e-06
tonpound,ethereum,0x1775286Cbe9db126a95AbF52c58a3214FCA26803,0xc243e958c3fa4bc7e54c7496eccd05a1dfc52e79,tsETH2,18,9000000000000000,45000000,0,0,200000000000000000000000000,0.5,True,False,False,2660.271486,23.94,23.94,False,False,False,False,False,1e-06
strike,ethereum,0xe2e17b2CBbf48211FA7eB8A875360e5e39bA2602,0xbee9cf658702527b0acb2719c1faa29edc006a92,sETH,18,34024954635606,39255535102,38658168116296642359,20051052887565089285,474000652528060619276690964,0.75,True,False,False,2677.61870113,0.09,49822.85,False,False,False,False,False,1e-06
strike,ethereum,0xe2e17b2CBbf48211FA7eB8A875360e5e39bA2602,0x69702cfd7dad8bccaa24d6b440159404aaa140f5,sUSDT,6,1947,43653496001837,22948984602,2675883048,464409620254627,0.8,True,False,False,0.99983258,0.0,20269.71,False,False,False,False,False,0.0
strike,ethereum,0xe2e17b2CBbf48211FA7eB8A875360e5e39bA2602,0x3774e825d567125988fb293e926064b6faa71dab,sUSDC,6,16583,186949658962416,67154400065,4670880564,334226531520774,0.8,True,False,False,0.99998993,0.02,62482.91,False,False,False,False,False,0.0
strike,ethereum,0xe2e17b2CBbf48211FA7eB8A875360e5e39bA2602,0x18a908ed663823c908a900b934d6249d4befbe44,sBUSD,18,2725930767995904195851,8476665915368,302258745774141753221,1191315821878043887175,216697662764058257921779445,0.0,True,False,False,None,None,None,False,False,False,False,False,None
strike,ethereum,0xe2e17b2CBbf48211FA7eB8A875360e5e39bA2602,0x3f3b3b269d9f7088b022290906acff8710914be1,,18,None,None,None,None,None,0.0,None,None,None,14.028,None,None,False,False,False,False,False,None
strike,ethereum,0xe2e17b2CBbf48211FA7eB8A875360e5e39bA2602,0x280f76a218ddc8d56b490b5835e251e55a2e8f8d,sUNI,18,1,1698087806390,457768114820077719964,13002115154550105492,261921673303258007074299299,0.6,True,False,False,9.10772491,0.0,4050.81,False,False,False,False,False,0.0
strike,ethereum,0xe2e17b2CBbf48211FA7eB8A875360e5e39bA2602,0x9d1c2a187cf908aed8cfae2353ef72f06223d54d,sWBTC,8,0,284069546,6369319,196541,21729812600186293,0.6,True,False,False,84617.52787909,0.0,5223.25,False,False,False,False,False,0.0
strike,ethereum,0xe2e17b2CBbf48211FA7eB8A875360e5e39bA2602,0xa28d2ec98c6bb076a2e152dc9e0d94c8c01e36b0,sCOMP,18,0,0,0,0,20000000000000000,0.0,True,True,False,24.44363169,0.0,None,True,True,True,False,False,None
strike,ethereum,0xe2e17b2CBbf48211FA7eB8A875360e5e39bA2602,0xb7e11002228d599f2a64b0c44d2299c9c644ff26,sCOMP,18,239155397,2525614108698,680594845129940446702,10452552449267761544,265338354886836761700567733,0.6,True,False,False,24.44363169,0.0,16380.71,False,False,False,False,False,0.0
strike,ethereum,0xe2e17b2CBbf48211FA7eB8A875360e5e39bA2602,0xdbee1d8c452c781c17ea20115cbad0d5f627a680,sSXP,18,5931173444944836455662,25823872505731,151311967409647123959,84835973000724769014,232252131744482623339290808,0.0,True,False,False,1e-18,0.0,0.0,False,False,False,False,False,0.0
strike,ethereum,0xe2e17b2CBbf48211FA7eB8A875360e5e39bA2602,0x4164e5b047842ad7dff18fc6a6e63a1e40610f46,sSTRK,18,154963408455116164162419,403522827733191,125188446675143610158,252207835334356704173,383711598018525630535402584,0.5,True,False,True,8.656340750925853,1341416.07,1340316.54,False,False,False,False,False,0.0
strike,ethereum,0xe2e17b2CBbf48211FA7eB8A875360e5e39bA2602,0xa9ba206cfb0548bf93ef1040dddd5121da9eaf85,sUST,6,0,5027166012921147,1051770556784,10332486461,207162060621477,0.0,True,False,True,1e-18,0.0,0.0,False,False,False,False,False,0.0
strike,ethereum,0xe2e17b2CBbf48211FA7eB8A875360e5e39bA2602,0xf24a7d2077285e192aa7df957a4a699c144510d8,sAPE,18,11237046518235502,188838502170972,65404039948040720127188,1880464788976627405062,336391073143532754777581945,0.6,True,False,False,0.16708703,0.0,10613.97,False,False,False,False,False,0.0
strike,ethereum,0xe2e17b2CBbf48211FA7eB8A875360e5e39bA2602,0x54a0ed40abea082ed62c3a4f92621b8ed47732a2,sDAI,18,0,81309993916158,25310141165922342624906,2034185711859890474866,286261925908680113075344194,0.6,True,False,False,1.00003831,0.0,23276.85,False,False,False,False,False,0.0
strike,ethereum,0xe2e17b2CBbf48211FA7eB8A875360e5e39bA2602,0xc13fdf3af7ec87dca256d9c11ff96405d360f522,sXCN,18,84152804846360021384,37769743622541431,58502319955033693755632200,56542154014791399143172299,51900010564997334676932426,0.2,True,False,False,0.00478081,0.4,9371.58,False,False,False,False,False,0.0
strike,ethereum,0xe2e17b2CBbf48211FA7eB8A875360e5e39bA2602,0x1ebfd36223079dc79fefc62260db9e25f3f5e2c7,sWSTETH,18,344856623716389,625453655407,46853960521938412315443,9345764937582515016339,59969584644612717252624615453,0.8,True,False,False,3334.71136082,1.15,125079007.09,False,False,False,False,False,0.0002
strike,ethereum,0xe2e17b2CBbf48211FA7eB8A875360e5e39bA2602,0x34c93f84181f566a642aa6bc2af6cac29c3246e3,sRETH,18,1000000000000,17857008658,23690422003838303915,4022942237021736838,1101387200033946865827856619,0.7,True,False,False,3140.92037723,0.0,61773.99,False,False,False,False,False,3e-06
strike,ethereum,0xe2e17b2CBbf48211FA7eB8A875360e5e39bA2602,0xfd814c643d389ec095389da6a5c99684beb7f905,sCRVUSD,18,1,2039025708109,1537085345326730757853,637763153746216594066,441054856740648404028493653,0.7,True,False,False,0.99940517,0.0,898.79,False,False,False,False,False,0.0
sumer,ethereum,0x60A4570bE892fb41280eDFE9DB75e1a62C70456F,0x42778d0962884510b85d4d1b30dfe9e9dd270446,,18,None,None,None,None,None,0.0,None,None,None,2677.61870113,None,None,False,False,False,False,False,None
sumer,ethereum,0x60A4570bE892fb41280eDFE9DB75e1a62C70456F,0x3d592e26050e132ee3d1504aca74f0f4ed75e5cc,sdrUSDC,6,52011484,54572471,3005747,309353,1002481232707971020,1e-18,True,None,None,9.9998993e-13,0.0,0.0,False,False,False,False,False,0.0
sumer,ethereum,0x60A4570bE892fb41280eDFE9DB75e1a62C70456F,0xe3502f1c2450ed1bb87b87a84af6742f60f41368,sdrUSDT,6,54513722,2942899,30006,51600828,1000000339800992150,1e-18,True,None,None,9.9983258e-13,0.0,0.0,False,False,False,False,False,0.0
sumer,ethereum,0x60A4570bE892fb41280eDFE9DB75e1a62C70456F,0x5096e5cf4f151052acd615b2635e7fdb6db0763c,sdrDAI,18,23320426288704719,1116990001850985357,1224837354437888766,22815778072659346,1097003554752859580,1e-18,True,None,None,1.00003831,0.02,1.23,False,False,False,False,False,0.0
sumer,ethereum,0x60A4570bE892fb41280eDFE9DB75e1a62C70456F,0xf5d682d42e16550cc5d8f48193243103d2ceaf0a,sdrUSDe,18,971669865472539,1373872103995279487,1373358751664049583,367606644392068,1000066025716358004,1e-18,True,None,None,0.99980738,0.0,1.37,False,False,False,False,False,0.0
sumer,ethereum,0x60A4570bE892fb41280eDFE9DB75e1a62C70456F,0x549d0cdc753601fbe29f9de186868429a8558e07,sdrsUSDe,18,76852770,129311127,58287063,5828706,1000000000000000000,1e-18,True,None,None,1.250597,0.0,0.0,False,False,False,False,False,0.0
sumer,ethereum,0x60A4570bE892fb41280eDFE9DB75e1a62C70456F,0x15b5220024c3242f7d61177d6ff715cfac4909ed,sdrwstETH,18,0,0,0,0,1000000000000000000,2e-18,True,None,None,3332.760527375498,0.0,None,True,True,True,False,False,None
sumer,ethereum,0x60A4570bE892fb41280eDFE9DB75e1a62C70456F,0x1ff86e97b273de2b1d42f0fdd5ea7350a66c4857,sdrRETH,18,0,0,0,0,1000000000000000000,2e-18,True,None,None,3131.2591818746237,0.0,None,True,True,True,False,False,None
sumer,ethereum,0x60A4570bE892fb41280eDFE9DB75e1a62C70456F,0x23811c17bac40500decd5fb92d4feb972ae1e607,sdrpufETH,18,922737,1503470,829618,248885,1000000000000000000,2e-18,True,None,None,2902.066768505033,0.0,0.0,False,False,False,False,False,0.0
sumer,ethereum,0x60A4570bE892fb41280eDFE9DB75e1a62C70456F,0x61561b2e01c69c2906735866c94cc4a33bb71c85,sdrrsETH,18,0,0,0,0,1000000000000000000,2e-18,True,None,None,2895.228220183222,0.0,None,True,True,True,False,False,None
sumer,ethereum,0x60A4570bE892fb41280eDFE9DB75e1a62C70456F,0xbc6590a7b15513e4d649b158393175a839f27ed8,sdrweETH,18,19617206622818346,9343775343204965,8460716991193779,18734084454119876,1000006829861050802,2e-18,True,None,None,2957.1533374196374,58.01,27.63,False,False,False,False,False,0.0
sumer,ethereum,0x60A4570bE892fb41280eDFE9DB75e1a62C70456F,0xe550a6f792a8b6c07555378ea74063021885a33e,sdrPT-weETH-26SEP2024,18,0,0,0,0,1000000000000000000,2e-18,True,None,None,2676.2652295125063,0.0,None,True,True,True,False,False,None
sumer,ethereum,0x60A4570bE892fb41280eDFE9DB75e1a62C70456F,0xf7bb299dc8e627eaec4282ffc236e085aef8faf3,sdrPT-pufETH-26SEP2024,18,0,0,0,0,1000000000000000000,2e-18,True,None,None,2675.7754585389093,0.0,None,True,True,True,False,False,None
sumer,ethereum,0x60A4570bE892fb41280eDFE9DB75e1a62C70456F,0x86208af42580823401b504b341150c92cc99c69a,sdrPT-rsETH-26SEP2024,18,103119936840596862,103119936840596862,0,0,1000000000000000000,2e-18,True,None,None,2677.61870113,276.12,276.12,False,False,False,False,False,0.0
sumer,ethereum,0x60A4570bE892fb41280eDFE9DB75e1a62C70456F,0xdca98947c3c9cf0b3cf448b6a03f991598fb9460,sdrWBTC,8,0,0,0,0,1000000000000000000,3e-18,True,None,None,8.461752787909e-06,0.0,None,True,True,True,False,False,None
sumer,ethereum,0x60A4570bE892fb41280eDFE9DB75e1a62C70456F,0x2509bd3b69440d39238b464d09f9f04a61fd62c6,sdrsuUSD,18,0,0,0,0,1000000000000000000,1e-18,True,None,None,1.0,0.0,None,True,True,True,False,False,None
sumer,ethereum,0x60A4570bE892fb41280eDFE9DB75e1a62C70456F,0x4342e9bf67f89dea0cf3c906f5113dd8b588ac6f,sdrsuETH,18,0,0,0,0,1000000000000000000,2e-18,True,None,None,2677.61870113,0.0,None,True,True,True,False,False,None
sumer,ethereum,0x60A4570bE892fb41280eDFE9DB75e1a62C70456F,0x77cca710e21a94b94a26a98ea23027d64e36b9d4,sdrsuBTC,18,0,0,0,0,1000000000000000000,3e-18,True,None,None,84617.52787909,0.0,None,True,True,True,False,False,None
sumer,ethereum,0x60A4570bE892fb41280eDFE9DB75e1a62C70456F,0xa46d0328dfa5822d3e9b4423e2a0a73467c2d2d5,sdrPT-sUSDE-26SEP2024,18,0,0,0,0,1000000000000000000,1e-18,True,None,None,0.9995603811584831,0.0,None,True,True,True,False,False,None
sumer,ethereum,0x60A4570bE892fb41280eDFE9DB75e1a62C70456F,0x5573fc3650d2a38d1c83fadf682bc379cfaccfa1,sdrSolvBTC.BBN,18,816691290068,974408040,56707644,815773547615,1000043161589676538,4e-18,True,None,None,84617.52787909,0.07,0.0,False,False,False,False,False,0.0
sumer,ethereum,0x60A4570bE892fb41280eDFE9DB75e1a62C70456F,0xa9ea90899fa648b4ce49f6ae28174aeada660118,sdrSolvBTC,18,7696912061491,0,0,7696912061491,1000000000000000000,4e-18,True,None,None,84617.52787909,0.65,None,True,True,True,False,False,None
sumer,ethereum,0x60A4570bE892fb41280eDFE9DB75e1a62C70456F,0xf9df1e0d8bbec7fcadeadebdba0e673ca4e15164,tBTC,18,41698410957453,41698410957453,0,0,1000000000000000000,4e-18,True,None,None,84617.52787909,3.53,3.53,False,False,False,False,False,0.0
sumer,ethereum,0x60A4570bE892fb41280eDFE9DB75e1a62C70456F,0x1bc39d2e227481087f21de67bae32bc5bc36c70b,sdrtBTC,18,0,0,0,0,1000000000000000000,3e-18,True,None,None,84617.52787909,0.0,None,True,True,True,False,False,None
sumer,ethereum,0x60A4570bE892fb41280eDFE9DB75e1a62C70456F,0x91942b802439f2169c36441ef3b250af6bac15bd,sdrFBTC,8,0,0,0,0,1000000000000000000,4e-18,True,None,None,8.461752787909e-06,0.0,None,True,True,True,False,False,None
sumer,ethereum,0x60A4570bE892fb41280eDFE9DB75e1a62C70456F,0x83db38aa8d165340012bb734bdd408c46a39d6dd,sdreBTC,8,0,0,0,0,1000000000000000000,4e-18,True,None,None,8.461752787909e-06,0.0,None,True,True,True,False,False,None
sumer,ethereum,0x60A4570bE892fb41280eDFE9DB75e1a62C70456F,0x09ec28782a71627b61dce160fc0fbbc1edbd2a6d,sdrPT-rsETH-26DEC2024,18,0,0,0,0,1000000000000000000,2e-18,True,None,None,2677.61870113,0.0,None,True,True,True,False,False,None
sumer,ethereum,0x60A4570bE892fb41280eDFE9DB75e1a62C70456F,0x3d9b5399059d36644b8b67860439af221c67b273,sdrPT-weETH-26DEC2024,18,0,0,0,0,1000000000000000000,2e-18,True,None,None,2676.2652295125063,0.0,None,True,True,True,False,False,None
sumer,ethereum,0x60A4570bE892fb41280eDFE9DB75e1a62C70456F,0x29688ddc25ecd3307aa4a83ca3abb18f6ad70738,sdrPT-pufETH-26DEC2024,18,0,0,0,0,1000000000000000000,2e-18,True,None,None,2675.7754585389093,0.0,None,True,True,True,False,False,None
compound-onchain,ethereum,0x3d9819210A31b4961b30EF54bE2aeD79B9c9Cd3B,0x6c8c6b02e7b2be14d4fa6022dfd6d75921d90e4e,cBAT,18,30182748548609031031802043,144052131137230523,124426997546577091449236,520550195710777167014693,206776707260712132572555713,0.34,True,True,True,0.09803492,2958963.34,2920129.43,False,False,False,False,False,0.0
compound-onchain,ethereum,0x3d9819210A31b4961b30EF54bE2aeD79B9c9Cd3B,0x5d3a536e4d6dbd6114cc1ead35777bab948e3643,cDAI,18,1077543585483137970804383,28435341608547834,6281317051550092790842187,230331855875393399290630,250692566992582178603736847,0.835,True,True,True,1.00003831,1077584.87,7128801.88,False,False,False,False,False,0.0
compound-onchain,ethereum,0x3d9819210A31b4961b30EF54bE2aeD79B9c9Cd3B,0x4ddc2d193948926d02f9b1fe9e1daa0718270ed5,cETH,18,21669032360626498627207,108403229381384,152054426072881778506,25954775975377102447,201056113688683742439268479,0.825,True,True,True,2677.61870113,58021406.28,58359053.07,False,False,False,False,False,1e-06
compound-onchain,ethereum,0x3d9819210A31b4961b30EF54bE2aeD79B9c9Cd3B,0x158079ee67fce2f58472a96584a73c7ab9ac95c1,cREP,18,986737913497281881138,4882106443477,80504739715707790,8412102330217195671,200406592366299713776698382,0.0,True,True,True,6.43368,6348.36,6294.75,False,False,False,False,False,0.0
compound-onchain,ethereum,0x3d9819210A31b4961b30EF54bE2aeD79B9c9Cd3B,0x39aa39c021dfbae8fac545936693ac917d5e7563,cUSDC,6,3151072892033,30240265949144559,4678375445926,171611148991,253233129690270,0.845,True,True,True,0.99998993,3151041.16,7657760.07,False,False,False,False,False,0.0
compound-onchain,ethereum,0x3d9819210A31b4961b30EF54bE2aeD79B9c9Cd3B,0xf650c3d88d12db855b8bf7d11be6c55a4e07dcc9,cUSDT,6,16805574424339,65084697849539190,20039021009,50056714583,257749629099396,0.0,True,True,True,0.99983258,16802760.84,16772748.17,False,False,False,False,False,0.0
compound-onchain,ethereum,0x3d9819210A31b4961b30EF54bE2aeD79B9c9Cd3B,0xc11b1268c1a384e55c48c2391d8d480264a3a7f4,cWBTC,8,1219315438,60924638366,14348730,2713000,20204488709562084,0.6,True,True,True,84566.75736236,1031135.53,1040975.49,False,False,False,False,False,0.0
compound-onchain,ethereum,0x3d9819210A31b4961b30EF54bE2aeD79B9c9Cd3B,0xb3319f5d18bc0d84dd1b4825dcde5d5f7266d407,cZRX,18,2594752935259918344621477,12009450005942392,2117880496299557138972,108998770998940465758354,207159532162276731187293260,0.0,True,True,True,0.12650087,328238.5,314717.98,False,False,False,False,False,0.0
compound-onchain,ethereum,0x3d9819210A31b4961b30EF54bE2aeD79B9c9Cd3B,0xf5dce57282a584d2746faf1593d3121fcac444dc,cDAI,18,156791524771481347469854,731449938003011,154884035536462915142,52191595680320788888,214497546666948569053120649,0.0,True,True,True,14.426337,2261927.38,2263408.85,False,False,False,False,False,0.0
compound-onchain,ethereum,0x3d9819210A31b4961b30EF54bE2aeD79B9c9Cd3B,0x35a18000230da775cac24873d00ff85bccded550,cUNI,18,149191292564862655303630,966927755588478,66219093483988022224914,16997658081229137657458,205199123534173832927096452,0.4,True,True,True,9.10772491,1358793.25,1807088.54,False,False,False,False,False,0.0
compound-onchain,ethereum,0x3d9819210A31b4961b30EF54bE2aeD79B9c9Cd3B,0x70e36f6bf80a52b3b46b3af8e106cc0ed743e8e4,cCOMP,18,16532308685566835952841,66571941262929,1522779024867348831,2833162444364826013389,205802456114588025975245109,0.0,True,True,True,24.44363169,404109.66,334894.11,False,False,False,False,False,0.0
compound-onchain,ethereum,0x3d9819210A31b4961b30EF54bE2aeD79B9c9Cd3B,0xccf4429db6322d5c611ee964527d42e5d685dd6a,cWBTC,8,27661189927,1376006599617,62890875,93891659,20079983010757821,0.69,True,True,True,84566.75736236,23392171.37,23365955.01,False,False,False,False,False,0.0
compound-onchain,ethereum,0x3d9819210A31b4961b30EF54bE2aeD79B9c9Cd3B,0x12392f67bdf24fae0af363c24ac620a2f67dad86,cTUSD,18,111645982495837546926748,246397376847042,1639522749479218888398,50130355245020994814427,256314214089629211269730784,0.0,True,True,True,0.9999284,111637.99,63150.63,False,False,False,False,False,0.0
compound-onchain,ethereum,0x3d9819210A31b4961b30EF54bE2aeD79B9c9Cd3B,0xface851a4921ce59e912d19329929ce6da6eb0c7,cLINK,18,25008802717690437760900,95969089188967,120906753276862378929,5719487624833001465398,202254934481193110735097021,0.26,True,True,True,14.028,350823.48,272286.59,False,False,False,False,False,0.0
compound-onchain,ethereum,0x3d9819210A31b4961b30EF54bE2aeD79B9c9Cd3B,0x95b4ef2869ebd94beb4eee400a99824bf5dc325b,cMKR,18,51874468615074564777,237141907816,123907254746665830,3687558062361960990,203721131589039748425163694,0.18,True,True,True,2031.2501969,105370.02,98131.36,False,False,False,False,False,0.0
compound-onchain,ethereum,0x3d9819210A31b4961b30EF54bE2aeD79B9c9Cd3B,0x4b0181102a0112a2ef11abee5563bb4a3176c9d7,cSUSHI,18,49456096125407834802378,168564553462896,1195212802090949824561,14541066936173182123405,214222036896233329153224621,0.12,True,True,True,0.25230162,12477.85,9110.67,False,False,False,False,False,0.0
compound-onchain,ethereum,0x3d9819210A31b4961b30EF54bE2aeD79B9c9Cd3B,0xe65cdb6479bac1e22340e4e755fae7e509ecd06c,cAAVE,18,583258891968348217795,747392807703,96468966222840401249,520223724587905215985,213414060129231774621761997,0.08,True,True,True,178.68780503,104221.25,28501.44,False,False,False,False,False,0.0
compound-onchain,ethereum,0x3d9819210A31b4961b30EF54bE2aeD79B9c9Cd3B,0x80a2ae356fc9ef4305676f7a3e2ed04e12c33946,cYFI,18,12865560191937382463,60229542406,3613204556259535,549870495462859532,204539207985142308138956509,0.1,True,True,True,2647.75716075,34064.88,32618.52,False,False,False,False,False,1e-06
compound-onchain,ethereum,0x3d9819210A31b4961b30EF54bE2aeD79B9c9Cd3B,0x041171993284df560249b57358f931d9eb7b925d,cUSDP,18,71547030197117271184701,140551725225321,80479646027084995340,36069767962414203971796,252986875996910719678076378,0.0,True,True,True,0.99735836,71358.03,35463.81,False,False,False,False,False,0.0
compound-onchain,ethereum,0x3d9819210A31b4961b30EF54bE2aeD79B9c9Cd3B,0x7713dd9ca933848f6819f38b8352d9a15ea73f67,cFEI,18,1963999924654317446658,8619371998122,69762164917475326,228479735526246813374,201359211746649374022864719,0.0,True,True,True,1.001094,1966.15,1737.49,False,False,False,False,False,0.0
cream,ethereum,0xbdC857eae1D15ad171E11af6FC3e99413Ed57Ec4,0xba2e90b4dcdb235e46b9554360e31f2afa1d8b35,crWETH,18,103752148797409325,1035549876,99111030704969,35292644729744,100252020293211401050855806,0.0,True,True,True,2677.61870113,277.81,277.98,False,False,False,False,False,0.0
cream,ethereum,0xbdC857eae1D15ad171E11af6FC3e99413Ed57Ec4,0x19b3bde6f02fc2c985947dcc1dc2a4cddfd43ee8,crUSDT,6,731217924,6504129217226,438602,85,112491067837679,0.7,True,True,True,0.99983258,731.1,731.53,False,False,False,False,False,0.0
cream,ethereum,0xbdC857eae1D15ad171E11af6FC3e99413Ed57Ec4,0xc42d8f3d791c107c458b2fea025a36669b51fc5f,crUSDC,6,373935528,3409394425005,2337790,420,110363557598487,0.7,True,True,True,0.99998993,373.93,376.27,False,False,False,False,False,0.0
cream,ethereum,0xbdC857eae1D15ad171E11af6FC3e99413Ed57Ec4,0x9435f39c4a1a51765dd4294fc84fe024f5ace0d2,crDAI,18,164784541753145557316,3010612743324,155514162471312219827,1925181195614429659,105750407034193642089729658,0.7,True,True,True,1.00003831,164.79,318.39,False,False,False,False,False,0.0
cream,ethereum,0xbdC857eae1D15ad171E11af6FC3e99413Ed57Ec4,0x3ce67ac36df0379ac01de346803396a6936f9387,crFRAX,18,83234016863889399632,1002999999999,17654205009986379709,58822187387577889,100527816237875103956368768,0.7,True,True,True,0.9921291,82.58,100.04,False,False,False,False,False,0.0
cream,ethereum,0xbdC857eae1D15ad171E11af6FC3e99413Ed57Ec4,0x41bf804e7bba33e3b81c41d7a87297d7d947f17d,crCRV,18,211388436577350350651,2113884365772,0,0,100000000000071125295893416,0.7,True,True,True,0.37548338,79.37,79.37,False,False,False,False,False,0.0
cream,ethereum,0xbdC857eae1D15ad171E11af6FC3e99413Ed57Ec4,0x8ad5505bfe38692630a51f1a47ede66a8d2e8b13,crCrvUSD,18,254588588537656175365,2534438938747,247162889089523875,112881945286708142,100504638556173424011897994,0.0,True,True,True,1.006,256.12,256.25,False,False,False,False,False,0.0
wepiggy,ethereum,0x0C8c1ab017c3C0c8A48dD9F1DB2F59022D190f0b,0x27a94869341838d5783368a8503fda5fbcd7987c,pETH,18,21011054825639523318,58933816020,1066047822436125693,9332541377740581503,216252096521461050096786181,0.8,True,None,None,2677.61870113,56259.59,34125.08,False,False,False,False,False,1e-06
wepiggy,ethereum,0x0C8c1ab017c3C0c8A48dD9F1DB2F59022D190f0b,0x85166b72c87697a6acff24101b43fd54fe28a179,pDAI,18,16344338726422850214505,9481265435172,126155057064791665806,13772448731453282906021,284565923239065359580124523,0.75,True,None,None,1.00003831,16344.96,2698.15,False,False,False,False,False,0.0
wepiggy,ethereum,0x0C8c1ab017c3C0c8A48dD9F1DB2F59022D190f0b,0x5cfad792c4df1323188180778aec58e00eace32a,pUSDT,6,35950275115,113483637570304,570871057,7050553990,259690232115997,0.8,True,None,None,0.99983258,35944.26,29465.66,False,False,False,False,False,0.0
wepiggy,ethereum,0x0C8c1ab017c3C0c8A48dD9F1DB2F59022D190f0b,0xf8e5b9738bf63adfff36a849f9b9c9617c8d8c1f,pUSDC,6,12228941227,7033348905793,1758468070,11796236306,311540493774629,0.8,True,None,None,0.99998993,12228.82,2191.15,False,False,False,False,False,0.0
wepiggy,ethereum,0x0C8c1ab017c3C0c8A48dD9F1DB2F59022D190f0b,0xc12b9d620bfcb48be3e0ccbf0ea80c717333b46f,pWBTC,8,443062921,2807075675,729107,370669494,26049363275537628,0.7,True,None,None,84566.75736236255,374683.95,61837.36,False,False,False,False,False,0.0
wepiggy,ethereum,0x0C8c1ab017c3C0c8A48dD9F1DB2F59022D190f0b,0x82413f75f0da101e0fe7f6ff6cba3461f7e04f29,pUNI,18,4049339007926482335433,19957458411913,18219452499060031340,39174861433370381248,201848527795881587501776410,0.6,True,None,None,9.10772491,36880.27,36689.41,False,False,False,False,False,0.0
wepiggy,ethereum,0x0C8c1ab017c3C0c8A48dD9F1DB2F59022D190f0b,0x82de3959c09f665a82c794fafc1eb34cfcb555ee,pYFII,18,6574631760857146226,30172583300,61800735878709799,544310754544546459,201909186284069669500257871,0.0,True,None,None,417.99,2748.13,2546.45,False,False,False,False,False,0.0
wepiggy,ethereum,0x0C8c1ab017c3C0c8A48dD9F1DB2F59022D190f0b,0x690aa2591e57180cba5a6123e9d462907a5e1c95,pLRC,18,4332382447384578656227,204281442241,3819571919806639155,4294909624699549549563,202134830025926935559577695,0.0,True,None,None,0.03123,135.3,1.29,False,False,False,False,False,0.0
wepiggy,ethereum,0x0C8c1ab017c3C0c8A48dD9F1DB2F59022D190f0b,0xef86384cf696929c3227428f539e740ee12fcdc7,pxLON,18,1753462333918403705741,8862065902232,57534874410688948305,36939710421861875901,200185545614191002611944657,0.0,True,None,None,0.5,876.73,887.03,False,False,False,False,False,0.0
wepiggy,ethereum,0x0C8c1ab017c3C0c8A48dD9F1DB2F59022D190f0b,0x959f30f765a44273eccaa0fac094160aa7c238e2,pRAI,18,7278541030758816374,2285683,15385410052603596577,22662350740218462869,700159708914176637792729787,0.0,True,None,None,3.33,24.24,0.01,False,False,False,False,False,0.0
fluxfinance,ethereum,0x95Af143a021DF745bc78e845b54591C53a8B3A51,0x1dd7950c266fb1be96180a8fdb0591f70200e018,fOUSG,18,336339561725865749857494,1681697808629403,0,0,199999999999991169553513242,0.92,True,False,True,116.767284,39273457.12,39273457.12,False,False,False,False,False,0.0
fluxfinance,ethereum,0x95Af143a021DF745bc78e845b54591C53a8B3A51,0x465a5a630482f3abd6d3b84b39b29b07214d19e5,fUSDC,6,1574087297934,43932481306172418,8702043280814,0,233907356771679,0.0,True,False,False,1.0,1574087.3,10276130.58,False,False,False,False,False,0.0
fluxfinance,ethereum,0x95Af143a021DF745bc78e845b54591C53a8B3A51,0xe2ba8693ce7474900a045757fe0efca900f6530b,fDAI,18,756031259594698528326061,39663338760996243,8513087271823304253296274,0,233694863341484011515989304,0.0,True,False,False,1.0,756031.26,9269118.53,False,False,False,False,False,0.0
fluxfinance,ethereum,0x95Af143a021DF745bc78e845b54591C53a8B3A51,0x81994b9607e06ab3d5cf3afff9a67374f05f27d7,fUSDT,6,1955522629163,82634645895578504,17399705033730,0,234226545695509,0.0,True,False,False,1.0,1955522.63,19355227.66,False,False,False,False,False,0.0
fluxfinance,ethereum,0x95Af143a021DF745bc78e845b54591C53a8B3A51,0x1c9a2d6b33b4826757273d47ebee0e2dddcd978b,fFRAX,18,589167447409912926264,2778561907922,4321750327929658008,0,213595815895170998619989480,0.0,True,False,False,1.0,589.17,593.49,False,False,False,False,False,0.0
cozy,ethereum,0x895879b2c1fbb6ccfcd101f2d3f3c76363664f92,0xf8ec0f87036565d6b2b19780a54996c3b03e91ea,cozyETH,18,10442010947705648699,54152670206,457956381316312212,39781254274123669,200547563646169969659649030,0.75,True,True,True,2677.61870113,27959.72,29079.44,False,False,False,False,False,1e-06
cozy,ethereum,0x895879b2c1fbb6ccfcd101f2d3f3c76363664f92,0xe6ef65ec40d943c3f675165b0b17e06862fe3d82,cozyDAI,18,4223029592317092571658,19650847778433,9682635659886261548,241544006655522620682,203104123868986601789589660,0.75,True,True,True,1.00003831,4223.19,3991.32,False,False,False,False,False,0.0
cozy,ethereum,0x895879b2c1fbb6ccfcd101f2d3f3c76363664f92,0xdbdf2fc3af896e18f2a9dc58883d12484202b57e,cozyUSDC,6,11418981092,61425660373621,921563176,33578810,200355444013837,0.75,True,True,True,1.0,11418.98,12306.97,False,False,False,False,False,0.0
cozy,ethereum,0x895879b2c1fbb6ccfcd101f2d3f3c76363664f92,0xf146c26136c1f80c9f0967d27bcb7e500d45681f,cozyWBTC,8,224188,11181719,442,986,20000860332834334,0.65,True,True,True,84617.52787909,189.7,189.24,False,False,False,False,False,0.0
cozy,ethereum,0x895879b2c1fbb6ccfcd101f2d3f3c76363664f92,0x913f50d0195e92bb76c453d61b969dc5d20afa3d,Cozy-USDC-1,6,1703258629,3189368934262,323524400,0,635480896307464,0.0,True,True,True,1.0,1703.26,2026.78,False,False,False,False,False,0.0
cozy,ethereum,0x895879b2c1fbb6ccfcd101f2d3f3c76363664f92,0x9affb6d8568cefa2837d251b1553967430d1a5e5,Cozy-USDC-2,6,1156967817,12004848236106,1374345323,0,210857571059230,0.0,True,True,True,1.0,1156.97,2531.31,False,False,False,False,False,0.0
cozy,ethereum,0x895879b2c1fbb6ccfcd101f2d3f3c76363664f92,0x7d4377114fd3c61c59d72de48102bf6acd3882b1,Cozy-ETH-1,18,146889009573782612,898332975,32899682255515680,0,200135914892023519452795329,0.0,True,True,True,2677.61870113,393.31,481.41,False,False,False,False,False,1e-06
cozy,ethereum,0x895879b2c1fbb6ccfcd101f2d3f3c76363664f92,0x7ecc1d6fc7f63b003de4391dfd4c78365e844e1d,Cozy-WBTC-1,8,983061,50253745,23073,0,20021075046247797,0.0,True,True,True,84617.52787909,831.84,851.37,False,False,False,False,False,0.0
cozy,ethereum,0x895879b2c1fbb6ccfcd101f2d3f3c76363664f92,0x11581582aa816c8293e67c726af49fc2c8b98c6e,Cozy-USDC-3,6,2596809197,24086600180195,4264409230,0,284856242710483,0.0,True,True,True,1.0,2596.81,6861.22,False,False,False,False,False,0.0
cozy,ethereum,0x895879b2c1fbb6ccfcd101f2d3f3c76363664f92,0xb9351dcd5347a67a1a2e0e72c1d069fb1f2e1d65,Cozy-ETH-2,18,3348895013247225862,11978901910,385479940538150286,0,311746016608410156686891177,0.0,True,True,True,2677.61870113,8967.06,9999.23,False,False,False,False,False,1e-06
cozy,ethereum,0x895879b2c1fbb6ccfcd101f2d3f3c76363664f92,0x43647239ede197099b57bf72d0373f8049acfb0f,Cozy-ETH-3,18,532253462570104580,4764291245,604439264573681481,0,238585902643276809371464023,0.0,True,True,True,2677.61870113,1425.17,3043.63,False,False,False,False,False,1e-06
cozy,ethereum,0x895879b2c1fbb6ccfcd101f2d3f3c76363664f92,0x40340fdce2310fdea42589c4a9fe029f1ed80730,Cozy-ETH-4,18,5484914135721840925,18773125525,1186460826107322298,0,355368367027906676877131252,0.0,True,True,True,2677.61870113,14686.51,17863.4,False,False,False,False,False,1e-06
cozy,ethereum,0x895879b2c1fbb6ccfcd101f2d3f3c76363664f92,0x93f02045b350877f82abbb387bc3f8a05ecb8aab,Cozy-ETH-5,18,0,0,0,0,200000000000000000000000000,0.0,True,True,True,2677.61870113,0.0,None,True,True,True,False,False,None
cozy,ethereum,0x895879b2c1fbb6ccfcd101f2d3f3c76363664f92,0xada37514948649a61a3d6da30585aaef78d88fe3,Cozy-ETH-6,18,0,0,0,0,200000000000000000000000000,0.0,True,True,True,2677.61870113,0.0,None,True,True,True,False,False,None
cozy,ethereum,0x895879b2c1fbb6ccfcd101f2d3f3c76363664f92,0x97f84825d16b32ca97afc1c8bf51ab1086bcff1f,Cozy-USDC-4,6,947783540,4328765444279,81475074,0,237771860649158,0.0,True,True,True,1.0,947.78,1029.26,False,False,False,False,False,0.0
cozy,ethereum,0x895879b2c1fbb6ccfcd101f2d3f3c76363664f92,0xaef3f76e426d2f0139eaecd19672dd9c9a3fc582,Cozy-DAI-1,18,918629064842191538792,4570757797025,48235609135336373946,0,211532686025682142611976590,0.0,True,True,True,1.00003831,918.66,966.9,False,False,False,False,False,0.0
cozy,ethereum,0x895879b2c1fbb6ccfcd101f2d3f3c76363664f92,0x8c83b281fa131360fc90a83397a3afa5c1d8e8a7,Cozy-USDC-5,6,112406600,790516151921,84814208,0,249483590589189,0.0,True,True,True,1.0,112.41,197.22,False,False,False,False,False,0.0
cozy,ethereum,0x895879b2c1fbb6ccfcd101f2d3f3c76363664f92,0xcdea28bb9e923ab33cbc5cf2652b98d700d8f988,Cozy-USDC-6,6,0,0,0,0,200000000000000,0.0,True,True,True,1.0,0.0,None,True,True,True,False,False,None
cozy,ethereum,0x895879b2c1fbb6ccfcd101f2d3f3c76363664f92,0x43c97fceadd7dbb1cf1fab54bd8f467165a42461,Cozy-WBTC-2,8,1,0,0,0,20000000000000000,0.0,True,True,True,84617.52787909,0.0,None,True,True,True,False,False,None
damm-finance,ethereum,0x4F96AB61520a6636331a48A11eaFBA8FB51f74e4,0xa12949ed1ed88fd8e32c96a153b14756f2c92178,dAAVE,18,1929158764142327489,9645793818,0,0,200000000056224246467715654,0.0,True,False,False,61.37,118.39,118.39,False,False,False,False,False,0.0
damm-finance,ethereum,0x4F96AB61520a6636331a48A11eaFBA8FB51f74e4,0x184f5af3b3716815acd42b5785088a5ccd684ae0,dAGEUR,18,1363584828457414980,6817924142,0,0,200000000008421181990909866,0.0,True,False,False,1.071,1.46,1.46,False,False,False,False,False,0.0
damm-finance,ethereum,0x4F96AB61520a6636331a48A11eaFBA8FB51f74e4,0xe3de278415f6a0034de7063f1102812dfa40a1e8,dANGLE,18,1872598550659151159222,9362992753295,0,0,200000000000016144327565222,0.0,True,False,False,0.02616297,48.99,48.99,False,False,False,False,False,0.0
damm-finance,ethereum,0x4F96AB61520a6636331a48A11eaFBA8FB51f74e4,0x44564a5c97537c80c997a7dc24bcd62dc15a13bb,dAPE,18,10439999999627759340,52199999998,0,0,200000000000531788122625739,0.0,True,False,False,4.62,48.23,48.23,False,False,False,False,False,0.0
damm-finance,ethereum,0x4F96AB61520a6636331a48A11eaFBA8FB51f74e4,0x3ddf12351be501dcf25e232d80b8ca95204cc56c,dCNV,18,21893799999748111907,109468999998,0,0,200000000001353003197276909,0.0,True,False,False,5.44,119.1,119.1,False,False,False,False,False,0.0
damm-finance,ethereum,0x4F96AB61520a6636331a48A11eaFBA8FB51f74e4,0xc305d02b6fefa458c0bac981cbcafcc77bef688d,dCOMP,18,4679528479844582613,23397642396,0,0,200000000027549041142290308,0.0,True,False,False,35.43,165.8,165.8,False,False,False,False,False,0.0
damm-finance,ethereum,0x4F96AB61520a6636331a48A11eaFBA8FB51f74e4,0xc537eab8b5827da129d36c64d22508e3da044793,dCRV,18,34965632339275313194,174828161696,0,0,200000000000430784109776080,0.0,True,False,False,0.647351,22.64,22.64,False,False,False,False,False,0.0
damm-finance,ethereum,0x4F96AB61520a6636331a48A11eaFBA8FB51f74e4,0x355bf04abbf4e515c79f2c4242da93f741879c36,dCVX,18,11409458503297705157,57047292516,0,0,200000000001712704541983245,0.0,True,False,False,3.4,38.79,38.79,False,False,False,False,False,0.0
damm-finance,ethereum,0x4F96AB61520a6636331a48A11eaFBA8FB51f74e4,0x68fcd092fa88cb1972815de8afaaf318ef7d80ea,dDAI,18,96168714410072922278,352998986861,48207923962919477000,73152444542164915238,201768833571393087047084469,0.0,True,False,False,1.001,96.26,71.3,False,False,False,False,False,0.0
damm-finance,ethereum,0x4F96AB61520a6636331a48A11eaFBA8FB51f74e4,0xf1667d8fa2a9d4a00717cb4f74cc698546acf602,dFRAX,18,41652853470378513429,24819116108,981183266797819931,37663047793182576492,200288717872247155692302142,0.0,True,False,False,1.0,41.65,4.97,False,False,False,False,False,0.0
damm-finance,ethereum,0x4F96AB61520a6636331a48A11eaFBA8FB51f74e4,0x705c2c37279e4b647b2808c4d68d5e9fa3970886,dFXS,18,1374505741456362382,514366,20379,1374402820096549835,200093629502972591500993456,0.0,True,False,False,5.5,7.56,0.0,False,True,False,False,False,0.0
damm-finance,ethereum,0x4F96AB61520a6636331a48A11eaFBA8FB51f74e4,0xe75b0eca6ac75ab93567d5bc6e905fb18d03418b,dKNC,18,37856068337300218298,189280341686,0,0,200000000000529470187486525,0.0,True,False,False,0.533381,20.19,20.19,False,False,False,False,False,0.0
damm-finance,ethereum,0x4F96AB61520a6636331a48A11eaFBA8FB51f74e4,0xa5ef16b6ef2418421bd62091e367ae9a03e04ce4,dLINK,18,1001410000000000001,5000000000,0,0,200282000000000000200000000,0.0,True,False,False,6.07,6.08,6.08,False,False,False,False,False,0.0
damm-finance,ethereum,0x4F96AB61520a6636331a48A11eaFBA8FB51f74e4,0xd1110f45a5e4053119cb3aee838fd3a70fb95859,dMATIC,18,25944300000000000001,129721500000,0,0,200000000000000000007708822,0.0,True,False,False,0.844403,21.91,21.91,False,False,False,False,False,0.0
damm-finance,ethereum,0x4F96AB61520a6636331a48A11eaFBA8FB51f74e4,0x2878a6982a3cdb9d57e821ecc7ba1cfb335144ff,dRBN,18,999999999802295272,4999999999,0,0,200000000000459054400091810,0.0,True,False,False,0.184122,0.18,0.18,False,False,False,False,False,0.0
damm-finance,ethereum,0x4F96AB61520a6636331a48A11eaFBA8FB51f74e4,0xb4ca4313d20462adfb0140815eb7804692f09292,dSNX,18,69128539104618432222,345642695521,0,0,200000000001210591826247858,0.0,True,False,False,1.77,122.36,122.36,False,False,False,False,False,0.0
damm-finance,ethereum,0x4F96AB61520a6636331a48A11eaFBA8FB51f74e4,0xf10fe97a8355d33a3cab5a93587c5bfd2e7e58d9,dSTETH,18,52791282274587364,102435279,321,27190570251120653,249920850251865199683792534,0.0,True,False,False,1310.49,69.18,33.55,False,False,False,False,False,0.0
damm-finance,ethereum,0x4F96AB61520a6636331a48A11eaFBA8FB51f74e4,0x39b5b793f162bf5c90c34165de0107f17dfacae4,dUNI,18,5608934669593157340,28044173347,0,0,200003565809978422395892630,0.0,True,False,False,5.79,32.48,32.48,False,False,False,False,False,0.0
damm-finance,ethereum,0x4F96AB61520a6636331a48A11eaFBA8FB51f74e4,0xa3006250a22e1ca3c3f19fd1fb080c5dc65992c5,dUSDC,6,1,26779048463723,35376112223,8501852648,1003555432987321,0.0,True,False,False,1.001,0.0,26901.13,False,False,False,False,False,0.0
damm-finance,ethereum,0x4F96AB61520a6636331a48A11eaFBA8FB51f74e4,0xbf0852a95ec76e87f7431fa505b27937c9836372,dUSDT,6,266881139,1288594145076,180266366,184555353,203781891298685,0.0,True,False,False,1.001,267.15,262.85,False,False,False,False,False,0.0
damm-finance,ethereum,0x4F96AB61520a6636331a48A11eaFBA8FB51f74e4,0x63d6b99659f7b05b054deef582f5daaa51780e80,dWBTC,8,256931,5624137,109,144466,20016226489504078,0.0,True,False,False,17233.84,44.28,19.4,False,False,False,False,False,0.0
damm-finance,ethereum,0x4F96AB61520a6636331a48A11eaFBA8FB51f74e4,0x118823514681353634ff95837939e783d85b18af,dWETH,18,207443224930752589,597100605,6880504625871047,94653049168855791,200419626752459654600416959,0.0,True,False,False,1322.02,274.24,158.21,False,False,False,False,False,0.0
damm-finance,ethereum,0x4F96AB61520a6636331a48A11eaFBA8FB51f74e4,0x33e67bb96d51d0b6cf759f4cf0c75916b04a0229,dWOO,18,1209999999800567066,6049999999,0,0,200000000000093729917370864,0.0,True,False,False,0.14816,0.18,0.18,False,False,False,False,False,0.0
damm-finance,ethereum,0x4F96AB61520a6636331a48A11eaFBA8FB51f74e4,0xd2715f392871a4117a6ffaaf6cf43df33f154eef,dBTRFLY,18,314886265955589525,1574431330,0,0,199999999971792688475019104,0.0,True,False,False,200.57,63.16,63.16,False,False,False,False,False,0.0
damm-finance,ethereum,0x4F96AB61520a6636331a48A11eaFBA8FB51f74e4,0xfa71d6bd87d73a2c598e2fc3cf00b3bcca81a5da,dTUSD,18,100000000000028,500000,0,0,200000000000056000000000000,0.0,True,False,False,6.695e-05,0.0,0.0,False,True,False,False,False,0.0
damm-finance,ethereum,0x4F96AB61520a6636331a48A11eaFBA8FB51f74e4,0x4e6991d54a39092b76063bd26aad9d24b7a3c132,dAUSDC,6,853669134,13528861060684,2498262317,495175165,211160146680933,0.0,True,False,False,1.002,855.38,2862.47,False,False,False,False,False,0.0
damm-finance,ethereum,0x4F96AB61520a6636331a48A11eaFBA8FB51f74e4,0x474a023313092ab7b69bc387e952f2e9616d0eaa,dAUSDT,6,2826,1523788074686,408207172,88746226,209651051420539,0.0,True,False,False,0.992561,0.0,317.09,False,False,False,False,False,0.0
damm-finance,ethereum,0x4F96AB61520a6636331a48A11eaFBA8FB51f74e4,0x4b2ea02cfeac47ac1b33504900daa983aaaf5f9f,dADAI,18,3260528143242686945,13249030154110,2821661066449677423328,84346245131561279364,206851016080690340554275416,0.0,True,False,False,1.0,3.26,2740.58,False,False,False,False,False,0.0
damm-finance,ethereum,0x4F96AB61520a6636331a48A11eaFBA8FB51f74e4,0xfb1e3466d592d304426bfcd1e954ac6957743f80,dAETH,18,63930848988242635,599510636,64362632307097184,5799726929471971,204322904399427282220894576,0.0,True,False,False,1320.44,84.42,161.75,False,False,False,False,False,0.0
damm-finance,ethereum,0x4F96AB61520a6636331a48A11eaFBA8FB51f74e4,0xa317a88d45b9eab04d9c8ce58f462770b7256438,dALINK,18,100864222575182207,500514898,0,0,201520919713327308391128049,0.0,True,False,False,6.03,0.61,0.61,False,False,False,False,False,0.0
damm-finance,ethereum,0x4F96AB61520a6636331a48A11eaFBA8FB51f74e4,0x052ca088c61d94ab983ca4669b01f36a0f0fa9c4,dAUNI,18,100518238769198,502192,0,0,200158980567587695542740625,0.0,True,False,False,5.81,0.0,0.0,False,True,False,False,False,0.0
damm-finance,ethereum,0x4F96AB61520a6636331a48A11eaFBA8FB51f74e4,0xa9045052affceff7cab7e06f9afa200c4497c2bf,dATUSD,18,1378703256961067599,6647934564,0,0,207388211133581729250005295,0.0,True,False,False,1.001,1.38,1.38,False,False,False,False,False,0.0
damm-finance,ethereum,0x4F96AB61520a6636331a48A11eaFBA8FB51f74e4,0x9dd451ab7bb62da57b638070760a747bb6b1c5b1,dAWBTC,8,25095655,1251611021,0,0,20050682343743919,0.0,True,False,False,17035.72,4275.23,4275.23,False,False,False,False,False,0.0
damm-finance,ethereum,0x4F96AB61520a6636331a48A11eaFBA8FB51f74e4,0x5714eb15a226059202cdfa1bf304167e36752862,dCUSDC,8,723836116462,529141279360375,12083122423138,2076846175827,20278350569707092,0.0,True,False,False,0.02271114,164.39,2436.93,False,False,False,False,False,0.0
damm-finance,ethereum,0x4F96AB61520a6636331a48A11eaFBA8FB51f74e4,0x1aa712bc9b16737ef98f15eeb841fc33b680901f,dCUSDT,8,136511985451,590595633500,1918741822,126601674808,20029021201695017,0.0,True,False,False,0.022063,30.12,2.61,False,False,False,False,False,0.0
damm-finance,ethereum,0x4F96AB61520a6636331a48A11eaFBA8FB51f74e4,0xd8821e68d0c16b1e3fa2ba8dfc1013d245e06f77,dCDAI,8,809509818837,54822629903444,341227378800,32616673005,20395236904929269,0.0,True,False,False,0.02213437,179.18,247.49,False,False,False,False,False,0.0
damm-finance,ethereum,0x4F96AB61520a6636331a48A11eaFBA8FB51f74e4,0x3be69a1d7b8821cdcce90509abb62d250a5aefcc,dCETH,8,583175973,155974502735,2639564613,87190523,20102965600264075,0.0,True,False,False,26.51,154.6,831.23,False,False,False,False,False,0.0
damm-finance,ethereum,0x4F96AB61520a6636331a48A11eaFBA8FB51f74e4,0x364df75d3dd10b6bb57cc3ef2191dce754f34a9c,dCLINK,8,700010000,35000500000,0,0,20000000000000000,0.0,True,False,False,0.122241,0.86,0.86,False,False,False,False,False,0.0
damm-finance,ethereum,0x4F96AB61520a6636331a48A11eaFBA8FB51f74e4,0x1a490dcd4ee1e9fa0ea5d540c76577c3e25bce23,dCUNI,8,200010000,10000500000,0,0,20000000000000000,0.0,True,False,False,0.117335,0.23,0.23,False,False,False,False,False,0.0
damm-finance,ethereum,0x4F96AB61520a6636331a48A11eaFBA8FB51f74e4,0xba91b55e8c0d1db91f961bf4769dbd52c474f31c,dCTUSD,8,6285925611,314296280550,0,0,20000000000000000,0.0,True,False,False,0.020571,1.29,1.29,False,False,False,False,False,0.0
damm-finance,ethereum,0x4F96AB61520a6636331a48A11eaFBA8FB51f74e4,0x54336e4123d5934706708e8ee7a641aed9aa0a8c,dCWBTC,8,10000,500000,0,0,20000000000000000,0.0,True,False,False,344.81,0.03,0.03,False,True,False,False,False,0.0
bao-markets,ethereum,0x0Be1fdC1E87127c4fe7C05bAE6437e3cf90Bf8d8,0xc0601094c0c88264ba285fef0a1b00ef13e79347,bdUSD,18,18518352997794584191530,82121571923506,3369769586965816564126,3226286153934649187965,227246459044996632625091156,0.0,True,False,False,1.0,18518.35,18661.84,False,False,False,False,False,0.0
bao-markets,ethereum,0x0Be1fdC1E87127c4fe7C05bAE6437e3cf90Bf8d8,0xe7a52262c1934951207c5fc7a944a82d283c83e5,bdETH,18,0,0,0,0,200000000000000000,0.65,True,True,False,2677.61870113,0.0,None,True,True,True,False,False,None
bao-markets,ethereum,0x0Be1fdC1E87127c4fe7C05bAE6437e3cf90Bf8d8,0x7749f9f3206a49d4c47b60db05716409dc3a4149,bdUSDC,6,0,0,0,0,200000000000000,0.7,True,True,False,0.99998993,0.0,None,True,True,True,False,False,None
bao-markets,ethereum,0x0Be1fdC1E87127c4fe7C05bAE6437e3cf90Bf8d8,0xf635fdf9b36b557bd281aa02fdfaebec04cd084a,bdETH,18,232361329902104245,1161766536,0,8023199982808,199999999571446975298314152,0.65,True,False,False,2677.61870113,622.18,622.15,False,False,False,False,False,1e-06
bao-markets,ethereum,0x0Be1fdC1E87127c4fe7C05bAE6437e3cf90Bf8d8,0xe0a55c00e6510f4f7df9af78b116b7f8e705ca8f,bdSTBL,18,699538034910869410152,984698118995,0,502598411111851910899,200000000000017771185566861,0.9,True,False,False,None,None,None,False,False,False,False,False,None
bao-markets,ethereum,0x0Be1fdC1E87127c4fe7C05bAE6437e3cf90Bf8d8,0x62cfe0b2763f45ea07ff119a83ed1f0ae2f73f42,,18,None,None,None,None,None,0.0,None,None,None,3330.810835178736,None,None,False,False,False,False,False,None
bao-markets,ethereum,0x0Be1fdC1E87127c4fe7C05bAE6437e3cf90Bf8d8,0x18fabeac59123224e6409d4da620ac164378912a,bdrETH,18,4500000000000114,22500000000000569,0,0,200000000000000008,0.9,True,False,False,3140.920377231983,14.13,14.13,False,False,False,False,False,0.0
venus,ethereum,0x687a01ecF6d3907658f7A7c714749fAC32336D1B,0x8716554364f20bca783cb2baa744d39361fd1d8d,vWBTC_Core,8,291864053,289270582,167056,0,1009543061658444065,0.75,True,None,None,84618.00340468,246969.53,247110.89,False,False,False,False,False,0.000846
venus,ethereum,0x687a01ecF6d3907658f7A7c714749fAC32336D1B,0x7c8ff7d2a1372433726f879bd945ffb250b94c65,vWETH_Core,18,275923113032060334355,38547209201,117820752673393993018,342245859003526,10214579255438828100467547515,0.75,True,None,None,2676.56608754,738526.45,1053880.56,False,False,False,False,False,2.7e-05
venus,ethereum,0x687a01ecF6d3907658f7A7c714749fAC32336D1B,0x17c07e0c232f2f80dfdbd7a95b942d893a4c5acb,vUSDC_Core,6,23252267602,27605585567958,79947944876,0,11296782327195822,0.78,True,None,None,0.99995619,23251.25,311840.63,False,False,False,False,False,0.0
venus,ethereum,0x687a01ecF6d3907658f7A7c714749fAC32336D1B,0x8c3e3821259b82ffb32b2450a95d2dcbf161c24e,vUSDT_Core,6,659169903419,93309278631792,388130479030,0,11286859704627146,0.78,True,None,None,0.9998309,659058.44,1052990.65,False,False,False,False,False,0.0
venus,ethereum,0x687a01ecF6d3907658f7A7c714749fAC32336D1B,0x672208c10aaaa2f9a6719f449c4c8227bc0bc202,vcrvUSD_Core,18,360121480407894082981,50342721463,175405631429061315533,0,10637627372420611215735776520,0.0,True,None,None,0.99940517,359.91,535.21,False,False,False,False,False,0.0
venus,ethereum,0x687a01ecF6d3907658f7A7c714749fAC32336D1B,0xd8add9b41d4e1cd64edad8722ab0ba8d35536657,vDAI_Core,18,1959031213286269767362,525940770296,3778070419242655524046,0,10908265638543440285869341666,0.0,True,None,None,1.00003831,1959.11,5737.32,False,False,False,False,False,0.0
venus,ethereum,0x687a01ecF6d3907658f7A7c714749fAC32336D1B,0x13eb80fdbe5c5f4a7039728e258a6f05fb3b912b,vTUSD_Core,18,228244157849316675717735,22522203171501,1929355681282349986961,0,10219848909890596306655651883,0.0,True,None,None,0.9999284,228227.82,230157.03,False,False,False,False,False,0.0
venus,ethereum,0x687a01ecF6d3907658f7A7c714749fAC32336D1B,0x4fafbdc4f2a9876bd1764827b26fb8dc4fd1db95,vFRAX_Core,18,2498635094908560523,276445405,369825915383146406,0,10376229658408346230243906568,0.0,True,None,None,0.9921291,2.48,2.85,False,False,False,False,False,0.0
venus,ethereum,0x687a01ecF6d3907658f7A7c714749fAC32336D1B,0x17142a05fe678e9584fa1d88efac1bf181bf7abe,vsFRAX_Core,18,15383504667391502270,2057787379,6078666835790837056,0,10429732304807929977103820112,0.0,True,None,None,1.151558866579872,17.72,24.71,False,False,False,False,False,0.0
venus,ethereum,0x687a01ecF6d3907658f7A7c714749fAC32336D1B,0x256addbe0a387c98f487e44b85c29eb983413c5e,vEIGEN,18,11173982966504840591558,1115104905368,22443911528261625,0,10020586723837245553870910142,0.0,True,None,None,0.25197,2815.51,2815.51,False,False,False,False,False,0.0
venus,ethereum,0x687a01ecF6d3907658f7A7c714749fAC32336D1B,0x325ceb02fe1c2ff816a83a5770ea0e88e2faecf2,veBTC,8,54861,54861,0,0,1000000000000000000,0.0,True,None,None,84962.3504462751,46.61,46.61,False,True,False,False,False,0.00085
venus,ethereum,0x687a01ecF6d3907658f7A7c714749fAC32336D1B,0x25c20e6e110a1ce3febacc8b7e48368c7b2f0c91,vLBTC_Core,8,18534933,18534912,0,0,1000001132997016656,0.735,True,None,None,84989.53313368882,15752.75,15752.75,False,False,False,False,False,0.00085
venus,ethereum,0x687a01ecF6d3907658f7A7c714749fAC32336D1B,0x0c6b19287999f1e31a5c0a44393b24b62d2c0468,vUSDS_Core,18,6988629961432563530,696894389,13824,0,10028248285168181134544907348,0.73,True,None,None,0.99999878,6.99,6.99,False,False,False,False,False,0.0
venus,ethereum,0x687a01ecF6d3907658f7A7c714749fAC32336D1B,0xe36ae842dbbd7ae372eba02c8239cd431cc063d6,vsUSDS_Core,18,451762585063246037887297,45176258506321,0,0,10000000000000797717396006967,0.73,True,None,None,1.1115273151092138,502146.45,502146.45,False,False,False,False,False,0.0
venus,ethereum,0x687a01ecF6d3907658f7A7c714749fAC32336D1B,0x0ec5488e4f8f319213a14cab188e01fb8517faa8,vBAL_Core,18,20457237762479401716139,2052569072202,245325969845600952973,0,10086171526551967855407938492,0.0,True,None,None,0.13247,2709.97,2742.47,False,False,False,False,False,0.0
venus,ethereum,0x687a01ecF6d3907658f7A7c714749fAC32336D1B,0xf87c0a64dc3a8622d6c63265fa29137788163879,vyvUSDC-1_Core,6,0,0,0,0,10000000000000000,0.0,True,None,None,1.1204109126474,0.0,None,True,True,True,False,False,None
venus,ethereum,0x687a01ecF6d3907658f7A7c714749fAC32336D1B,0x475d0c68a8cd275c15d1f01f4f291804e445f677,vyvUSDT-1_Core,6,0,0,0,0,10000000000000000,0.0,True,None,None,1.0939929745002,0.0,None,True,True,True,False,False,None
venus,ethereum,0x687a01ecF6d3907658f7A7c714749fAC32336D1B,0x520d67226bc904ac122dce66ed2f8f61aa1ed764,vyvUSDS-1_Core,18,1,0,0,0,10000000000000000000000000000,0.0,True,None,None,1.1115897745547636,0.0,None,True,True,True,False,False,None
venus,ethereum,0x687a01ecF6d3907658f7A7c714749fAC32336D1B,0xba3916302cba4abcb51a01e706fc6051aaf272a0,vyvWETH-1_Core,18,1,0,0,0,10000000000000000000000000000,0.0,True,None,None,2824.0948624945713,0.0,None,True,True,True,False,False,None
venus,ethereum,0x687a01ecF6d3907658f7A7c714749fAC32336D1B,0xc42e4bfb996ed35235bda505430cbe404eb49f77,vweETHs_Core,18,74760291960342691393,7476029190,0,0,10000000008071489538017708034,0.7,True,None,None,2847.3576522201033,212869.29,212869.29,False,False,False,False,False,2.8e-05
venus,ethereum,0x687a01ecF6d3907658f7A7c714749fAC32336D1B,0xa836ce315b7a6bb19397ee996551659b1d92298e,vsUSDe_Core,18,128384811642248451391,12838481161,0,0,10000000002511858761686116867,0.72,True,None,None,1.2508729417018418,160.59,160.59,False,False,False,False,False,0.0
venus,ethereum,0x687a01ecF6d3907658f7A7c714749fAC32336D1B,0xa0ee2baa024cc3aa1bc9395522d07b7970ca75b3,vUSDe_Core,18,128103516803604660767,38819261877,273270792413132999959,0,10339565715816654210774240579,0.0,True,None,None,0.99978031,128.08,401.29,False,False,False,False,False,0.0
venus,ethereum,0x687a01ecF6d3907658f7A7c714749fAC32336D1B,0x5e35c312862d53fd566737892adcf010cb4928f7,vtBTC_Core,18,1513800724565919,151380,1922377,0,10000004799103553970141366098,0.75,True,None,None,84617.52787909,128.09,128.09,False,True,False,False,False,0.000846
hundredfinance,ethereum,0x0f390559f258eb8591c8e31cf0905e97cf36ace2,0xfcd8570ad81e6c77b8d252bebeba62ed980bd64d,hETH,18,0,455000000,91000000000000000,0,200000000000000000000000000,0.8,True,False,False,2677.61870113,0.0,243.66,False,False,False,False,False,1e-06
hundredfinance,ethereum,0x0f390559f258eb8591c8e31cf0905e97cf36ace2,0x090a00a2de0ea83def700b5e216f87a5d4f394fe,hDAI,18,0,5046171725,1028386361861079371,1419318093053964,203514089439361163833559390,0.0,True,False,False,1.00003831,0.0,1.03,False,False,False,False,False,0.0
hundredfinance,ethereum,0x0f390559f258eb8591c8e31cf0905e97cf36ace2,0x8e15a22853a0a60a0fbb0d875055a8e66cff0235,hWBTC,8,1,1,0,0,1000000000000000000,0.8,True,False,False,84617.52787909,0.0,0.0,False,True,True,False,False,0.000846
hundredfinance,ethereum,0x0f390559f258eb8591c8e31cf0905e97cf36ace2,0xe4e43864ea18d5e5211352a4b810383460ab7fcc,hLINK,18,10000000000001,1,0,0,10000000000001000000000000000000,0.75,True,False,False,14.070297306170158,0.0,0.0,False,True,True,False,False,0.000141
hundredfinance,ethereum,0x0f390559f258eb8591c8e31cf0905e97cf36ace2,0x243e33aa7f6787154a8e59d3c27a66db3f8818ee,hUNI,18,0,1745818422180,397313576669100652950,4814989223309404003,224822113490862950991729579,0.75,True,False,False,9.186174150531599,0.0,3605.56,False,False,False,False,False,0.0
hundredfinance,ethereum,0x0f390559f258eb8591c8e31cf0905e97cf36ace2,0xedba32185baf7fef9a26ca567bc4a6cbe426e499,hCOMP,18,1,1,0,0,1000000000000000000,0.75,True,False,False,24.669975975486164,0.0,0.0,False,True,True,False,False,0.0
hundredfinance,ethereum,0x0f390559f258eb8591c8e31cf0905e97cf36ace2,0xb4300e088a3ae4e624ee5c71bc1822f68bb5f2bc,hSNX,18,0,0,0,0,200000000000000000000000000,0.75,True,False,False,0.2517339591101485,0.0,None,True,True,True,False,True,None
hundredfinance,ethereum,0x0f390559f258eb8591c8e31cf0905e97cf36ace2,0x607312a5c671d0c511998171e634de32156e69d0,hUSDC,6,0,0,0,0,200000000000000,0.0,True,False,False,0.99998993,0.0,None,True,True,True,False,False,None
hundredfinance,ethereum,0x0f390559f258eb8591c8e31cf0905e97cf36ace2,0x103f2ca2148b863942397dbc50a425cc4f4e9a27,hUSDT,6,0,0,0,0,200000000000000,0.0,True,False,False,0.99983258,0.0,None,True,True,True,False,False,None
hundredfinance,ethereum,0x0f390559f258eb8591c8e31cf0905e97cf36ace2,0xa8236eafbaf1c3d39396de566ceea6f320e3db00,hsUSD,18,0,0,0,0,200000000000000000000000000,0.0,True,False,False,0.4220325531683775,0.0,None,True,True,True,False,False,None
hundredfinance,ethereum,0x0f390559f258eb8591c8e31cf0905e97cf36ace2,0x30a026ae9e2a1363e96a5e5ab12786a46066beb8,hYFI,18,1,0,0,0,200000000000000000000000000,0.75,True,False,False,2646.541680785736,0.0,None,True,True,True,False,True,None
moonwell,ethereum,0xdec80bB934397575594E91970b37baf65f5b21bE,0xb85ca1decc4971f8094da7676f8b71002a9590c4,mWETH,18,165350988448474804597,2747341104474,385371005906357934101,224624668362001827,200374598112332969836334590,0.8,True,False,False,2677.61870113,442746.9,1474022.05,False,False,False,False,False,1e-06
moonwell,ethereum,0xdec80bB934397575594E91970b37baf65f5b21bE,0xe655790552c68f2871eb44b2cfe3dcfe6a63e62e,mUSDC,6,25533950457,755035324298089,127631184946,414842283,202308803580816,0.85,True,False,False,0.99998993,25533.69,152748.75,False,False,False,False,False,0.0
moonwell,ethereum,0xdec80bB934397575594E91970b37baf65f5b21bE,0xeddc25b67d474eeecfa4f69227b81d870c467011,mUSDT,6,17894012676,578642192490525,99310280992,566453349,201571613395457,0.85,True,False,False,0.99983258,17891.02,116618.31,False,False,False,False,False,0.0
moonwell,ethereum,0xdec80bB934397575594E91970b37baf65f5b21bE,0x636080eb65f1b665b646f47d31f21901cdaaee9f,mcbBTC,8,185252995,20730852224,230828426,402706,20051212102065486,0.8,True,False,False,84974.43756243,157417.69,353220.65,False,False,False,False,False,0.0
donkey,ethereum,0x55e41bc3a99aa24E194D507517b1e8b65eFdAa9e,0xec0d3f28d37a3393cf09ee3ad446c485b6afdaa3,dETH,18,78097600068954209929,403915382993,3035331349033745543,25619007711524724,200802732020934319978960891,0.85,True,None,None,None,None,None,False,False,False,False,False,None
donkey,ethereum,0x55e41bc3a99aa24E194D507517b1e8b65eFdAa9e,0x6d827ebb2d6303ff38aea22146b9799a846904c1,dTON,18,126814177871920286546,1177927719893,11813648792760466007713,11655057950969408310416,242294170383309648298296377,0.0,True,None,None,None,None,None,False,False,False,False,False,None
donkey,ethereum,0x55e41bc3a99aa24E194D507517b1e8b65eFdAa9e,0xe3209f1d0ca79db548ef0b822a8af106ec4d4ea1,dAXS,18,0,0,0,0,200000000000000000000000000,0.0,True,None,None,None,None,None,True,True,True,False,False,None
donkey,ethereum,0x55e41bc3a99aa24E194D507517b1e8b65eFdAa9e,0x8de66d3cbb0e660ef48165f7ef4ea35ad9625765,dLINK,18,131574364132904064509,418921168754,3563652751979888095,50551656042093168563,201914744710506169813023981,0.6,True,None,None,None,None,None,False,False,False,False,False,None
donkey,ethereum,0x55e41bc3a99aa24E194D507517b1e8b65eFdAa9e,0xb2ec0d90561044aa8f09844daf417c59be5345d1,dSAND,18,512869033871475314591,1982075907901,1245491012678564944951,760800798720150146902,503290133265529725531221906,0.25,True,None,None,None,None,None,False,False,False,False,False,None
donkey,ethereum,0x55e41bc3a99aa24E194D507517b1e8b65eFdAa9e,0x1c07bca0cee9ff1b93057d8af98f18d1c1e203c5,dCHZ,18,5027880520322241047903,24764580598450,686728423,892995625192444236,202991021984534291534338689,0.0,True,None,None,None,None,None,False,False,False,False,False,None
donkey,ethereum,0x55e41bc3a99aa24E194D507517b1e8b65eFdAa9e,0x1dca9c08e493a6a2a5ef2e3cbed0df2380245511,dMANA,18,19065781752623441388336,93701770223879,208214122321527147609,377792940821531049374,201663243810391971523528913,0.25,True,None,None,None,None,None,False,False,False,False,False,None
donkey,ethereum,0x55e41bc3a99aa24E194D507517b1e8b65eFdAa9e,0x9d6dae758d5c2e81ea4d813cad0056e0de59c5b2,dBORA,18,712943315578640548277212,5017664083996459,363127637847658127344228,53473855978876035034830,203799433427386107654865557,0.0,True,None,None,None,None,None,False,False,False,False,False,None
donkey,ethereum,0x55e41bc3a99aa24E194D507517b1e8b65eFdAa9e,0x45f9be645c19f07c5643599435a7b106e5d8a79c,dCBK,18,2301111336353259392261,9730325907152,95208993,1998980340653868,236488413577354979803991681,0.0,True,None,None,None,None,None,False,False,False,False,False,None
donkey,ethereum,0x55e41bc3a99aa24E194D507517b1e8b65eFdAa9e,0x9dc533e6c168e153f0241e36e31436387631b1da,dPLA,18,2549513101147771661613,15324573049080,907618770613350842944,308790821531337932738,205443965071431012538696243,0.0,True,None,None,None,None,None,False,False,False,False,False,None
donkey,ethereum,0x55e41bc3a99aa24E194D507517b1e8b65eFdAa9e,0x303f5b535cbc47836d4bc8bce99992b8d7987e43,dMTL,8,40998335203,1960065590114,23065,315325167,20755954956912345,0.0,True,None,None,None,None,None,False,False,False,False,False,None
donkey,ethereum,0x55e41bc3a99aa24E194D507517b1e8b65eFdAa9e,0xc31a07bd0792f8fe556d607776ff4f6570efc3d5,dSTORJ,8,75575852366,3681832346744,0,88911,20526671596504072,0.0,True,None,None,None,None,None,False,False,False,False,False,None
donkey,ethereum,0x55e41bc3a99aa24E194D507517b1e8b65eFdAa9e,0x3f5fa4ba2e595230c3e89543f404631429d0dd26,dUSDT,6,6716969152,31538084225093,1643466475,1489325715,217867067097660,0.85,True,None,None,None,None,None,False,False,False,False,False,None
donkey,ethereum,0x55e41bc3a99aa24E194D507517b1e8b65eFdAa9e,0x922bb502de4f82c61e96133f92286b291056e356,dSRM,6,7709318803,36985152819186,74825224,232085124,204191637112349,0.0,True,None,None,None,None,None,False,False,False,False,False,None
donkey,ethereum,0x55e41bc3a99aa24E194D507517b1e8b65eFdAa9e,0x8622f8d39caea7f85ee1d50af2e4479fa2012923,dHUNT,18,473217012486156288292,6605238381521,230842670892007235894187,174958175299646575452115,8532275347172137325241421359,0.0,True,None,None,None,None,None,False,False,False,False,False,None
donkey,ethereum,0x55e41bc3a99aa24E194D507517b1e8b65eFdAa9e,0x3a52e4863c52d15b384be651939f8e33ee69716a,dWBTC,8,32135137,1611114587,474155,2564,20238615094855447,0.8,True,None,None,None,None,None,False,False,False,False,False,None
donkey,ethereum,0x55e41bc3a99aa24E194D507517b1e8b65eFdAa9e,0xf732fddb3c5cc0ad7215d3db4875a94e67a09c26,dELF,18,189231432948145306960,944377878958,78783054,80800593594825937,200291256888961390916205882,0.0,True,None,None,None,None,None,False,False,False,False,False,None
donkey,ethereum,0x55e41bc3a99aa24E194D507517b1e8b65eFdAa9e,0x6a4fb30dcb6fc184acf3c306081930f234d5a143,dOMG,18,491788448067974444064,23201496447,164901155900674951917,317284039906644684601,14628606600325149767698516243,0.0,True,None,None,None,None,None,False,False,False,False,False,None
donkey,ethereum,0x55e41bc3a99aa24E194D507517b1e8b65eFdAa9e,0xbbdc8d915bf30d53df420ecb5dc2d8fb4538ed8a,dAXS,18,15784788343309350195,93604944708,5175099538046144048,126654665654866618,222565520237096015966165427,0.25,True,None,None,None,None,None,False,False,False,False,False,None
donkey,ethereum,0x55e41bc3a99aa24E194D507517b1e8b65eFdAa9e,0xc1d7187a3ab7828443a218071b9c71b51044bf2d,dDON,18,2157855167283000000000000,10789275836415000,0,0,200000000000000000000000000,0.0,True,None,None,None,None,None,False,False,False,False,False,None
donkey,ethereum,0x55e41bc3a99aa24E194D507517b1e8b65eFdAa9e,0xeb167917a8f2bf28d22cabb03ec597c386e04079,dSNT,18,781311745466274394242,3857612782361,454262406,315551526090713600,202455829032855840627277100,0.0,True,None,None,None,None,None,False,False,False,False,False,None
donkey,ethereum,0x55e41bc3a99aa24E194D507517b1e8b65eFdAa9e,0x30635728b43596fd07a855af332f82cffa95d80b,dPOLY,18,330370000000000000000,1651850000000,0,0,200000000000000000000000000,0.0,True,None,None,None,None,None,False,False,False,False,False,None
donkey,ethereum,0x55e41bc3a99aa24E194D507517b1e8b65eFdAa9e,0xcc62b24a9fc939502fee6269402329b90c91b847,dKNC,18,1378032381862886996116,5347821371075,774889064094515178027,1064555759197833377732,203515714389089515052880079,0.25,True,None,None,None,None,None,False,False,False,False,False,None
donkey,ethereum,0x55e41bc3a99aa24E194D507517b1e8b65eFdAa9e,0x76081093616e8cba6fb3822357e3af1fdb8e5faf,dSTPT,18,21518960201945581623888,104045588367910,629081642851805680320,39713437584625090216,212486937255202912865755502,0.0,True,None,None,None,None,None,False,False,False,False,False,None
donkey,ethereum,0x55e41bc3a99aa24E194D507517b1e8b65eFdAa9e,0x366a6c33ff4157b3759f5ca15af214d407aa4844,dUSDC,6,1582766837,6375911496688,8760567134,3298899294,1104851389587083,0.85,True,None,None,None,None,None,False,False,False,False,False,None
donkey,ethereum,0x55e41bc3a99aa24E194D507517b1e8b65eFdAa9e,0x65ca80f2373c4943c9f0f476cf53167261e3208b,dDAI,18,1431142454223836742013,4149423279848,254687966237392533040,774086343667956411474,219727903205544146093054818,0.85,True,None,None,None,None,None,False,False,False,False,False,None
donkey,ethereum,0x55e41bc3a99aa24E194D507517b1e8b65eFdAa9e,0xcb8b0a5a26ec2ca82c213f86d611421daeada511,dCNG,18,1465797820000000000000000,7328989100000000,0,0,200000000000000000000000000,0.1,True,None,None,None,None,None,False,False,False,False,False,None
donkey,ethereum,0x55e41bc3a99aa24E194D507517b1e8b65eFdAa9e,0x53e505d422857d8f12489f7a7f0241dedd3c1ecb,dSHIB,18,8333764095499962468472704,21903103528600377,175375194371558232975184,4094439666724539181424406,201555894459541176523609684,0.35,True,None,None,None,None,None,False,False,False,False,False,None
donkey,ethereum,0x55e41bc3a99aa24E194D507517b1e8b65eFdAa9e,0x191fd838012b633eafd59ea4c821a076b9138114,drenDOGE,8,85192000053,7687145690356,49038947339422461,47528007798721864,196565122291922220152,0.0,True,None,None,None,None,None,False,False,False,False,False,None
donkey,ethereum,0x55e41bc3a99aa24E194D507517b1e8b65eFdAa9e,0x08497e5b7cf21bd0c53d63b757f7d59e1fa2f364,dgOHM,18,162548040427863092,198690452,21587892011578489,141414411480700343,215015470188478095565457770,0.35,True,None,None,None,None,None,False,False,False,False,False,None
onyx,ethereum,0x7D61ed92a6778f5ABf5c94085739f1EDAbec2800,0x1961ad247b47f4f2242e55a0e5578c6cf01f8d12,oXCN,18,6644983638135466376515990,502028905581923833,326052850446757698719066838,224236262859091429570305141,216046466687170428014643219,0.0,True,True,True,0.00478081,31768.4,518534.16,False,False,False,False,False,0.0
onyx,ethereum,0x7D61ed92a6778f5ABf5c94085739f1EDAbec2800,0x714bd93ab6ab2f0bcfd2aeaf46a46719991d0d79,oETH,18,839109014,3045465066013,801922024696985063353,41608877443906249396,249654200844040290285184140,0.0,True,True,True,2677.61870113,0.0,2035828.7,False,False,False,False,False,1e-06
onyx,ethereum,0x7D61ed92a6778f5ABf5c94085739f1EDAbec2800,0x1933f1183c421d44d531ed40a5d2445f6a91646d,oBTC,8,2,96746967903,8440635582,6064047774,24564984944880169,0.0,True,True,True,84617.52787909,0.0,2011009.85,False,False,False,False,False,0.0
onyx,ethereum,0x7D61ed92a6778f5ABf5c94085739f1EDAbec2800,0xbced4e924f28f43a24ceedec69ee21ed4d04d2dd,oUSDT,6,2,6574352173436113,1439302547972,14562516181,216711851480927,0.0,True,True,True,0.99983258,0.0,1424501.5,False,False,False,False,False,0.0
onyx,ethereum,0x7D61ed92a6778f5ABf5c94085739f1EDAbec2800,0x8f35113cfaba700ed7a907d92b114b44421e412a,oUSDC,6,385,13944113053189748,3048670020293,29907550969,216490102898186,0.0,True,True,True,0.99998993,0.0,3018732.07,False,False,False,False,False,0.0
onyx,ethereum,0x7D61ed92a6778f5ABf5c94085739f1EDAbec2800,0x830dacd5d0a62afa92c9bc6878461e9cd317b085,oDAI,18,101000000000000000002,2754725894260498,603530965589033022826425,6272536746837176154836,216848954041779928846022388,0.0,True,True,True,1.00003831,101.0,597382.31,False,False,False,False,False,0.0
onyx,ethereum,0x7D61ed92a6778f5ABf5c94085739f1EDAbec2800,0xfee4428b7f403499c50a6da947916b71d33142dc,oLINK,18,681801987526567,66144484013804,17944715912632838980036,1121888159373296716675,254334562978081369303275005,0.0,True,True,True,14.028,0.01,235990.64,False,False,False,False,False,0.0
onyx,ethereum,0x7D61ed92a6778f5ABf5c94085739f1EDAbec2800,0x7497e945f23192d1dc3095409837f67927170f2d,oMATIC,18,19246725483397,770490513311882,207063162704553725517897,11372336615550679577204,253982135700919804806753966,0.0,True,True,True,0.10791,0.0,21117.0,False,False,False,False,False,0.0
onyx,ethereum,0x7D61ed92a6778f5ABf5c94085739f1EDAbec2800,0xc0534bb221c0963b213f417585e3ca581993793a,oUNI,18,0,59895621032566,16590430852434461506037,1196113711662767185024,257019075441284949866236704,0.0,True,True,True,9.10772491,0.0,140207.21,False,False,False,False,False,0.0
onyx,ethereum,0x7D61ed92a6778f5ABf5c94085739f1EDAbec2800,0xf52459e8bc708d55400c167e0d77ed49641226d3,oAPE,18,8701591315267350,166622338714576,49238901321891758338442,3563702705046486366515,274124152084302448927853198,0.0,True,True,True,0.16708703,0.0,7631.73,False,False,False,False,False,0.0
onyx,ethereum,0x7D61ed92a6778f5ABf5c94085739f1EDAbec2800,0x11b258a1c5ec962f43ab523be9b8fa317cb2eb69,oUSDP,18,102000000000000000000,741880975242169,176475901629699435507513,3742457037020702775586,232969236792008051732615467,0.0,True,True,True,0.99735836,101.73,172378.88,False,False,False,False,False,0.0
onyx,ethereum,0x7D61ed92a6778f5ABf5c94085739f1EDAbec2800,0x4476175752a4947de953e26b40fc8c1e145fea82,oGUSD,2,10100,964729361397160,21516290,245729,22058684903,0.0,True,True,True,None,None,None,False,False,False,False,False,None
onyx,ethereum,0x7D61ed92a6778f5ABf5c94085739f1EDAbec2800,0x3f2dd7adbcd464d5b0a766f7eb367bd20a249691,,18,None,None,None,None,None,0.0,None,None,None,None,None,None,False,False,False,False,False,None
onyx,ethereum,0x7D61ed92a6778f5ABf5c94085739f1EDAbec2800,0x7ab16ed27ab8b22cb625db55c0e58521969cb091,,18,None,None,None,None,None,0.0,None,None,None,None,None,None,False,False,False,False,False,None
onyx,ethereum,0x7D61ed92a6778f5ABf5c94085739f1EDAbec2800,0x307269cf921213bd2e16b22dcd4401aec21d00bf,,18,None,None,None,None,None,0.0,None,None,None,5.722661557817e-06,None,None,False,False,False,False,False,None
onyx,ethereum,0x7D61ed92a6778f5ABf5c94085739f1EDAbec2800,0x0c19d213e9f2a5cbaa4ec6e8eac55a22276b0641,oPAXG,18,9966000000000002,601300702894,152200937456666234499,6429209255906655207,242443911173106734050083613,0.0,True,True,True,None,None,None,False,False,False,False,False,None
onyx,ethereum,0x7D61ed92a6778f5ABf5c94085739f1EDAbec2800,0x5bcc74bd3cf4e2665674cd79a68f87d2d3fd6df0,,18,None,None,None,None,None,0.0,None,None,None,None,None,None,False,False,False,False,False,None
onyx,ethereum,0x7D61ed92a6778f5ABf5c94085739f1EDAbec2800,0x5fdbcd61bc9bd4b6d3fd1f49a5d253165ea11750,,18,None,None,None,None,None,0.0,None,None,None,4.248673234945e-06,None,None,False,False,False,False,False,None
takara,sei,0x71034bf5eC0FAd7aEE81a213403c8892F3d8CAeE,0xc68351b9b3638a6f4a3ae100bd251e227bbd7479,tUSDT,6,141104614,115058297,7797133,28321096,1047996138861676355,0.0,True,True,True,0.99975,141.07,120.55,False,False,False,False,False,1e-06
takara,sei,0x71034bf5eC0FAd7aEE81a213403c8892F3d8CAeE,0xc3c9e322f4aae352ace79d0e62ade3563fb86e87,tUSDC,6,1688666223,1683808535,82450962,14093779,1043481707972219062,0.0,True,True,True,0.999949,1688.58,1756.93,False,False,False,False,False,1e-06
takara,sei,0x71034bf5eC0FAd7aEE81a213403c8892F3d8CAeE,0xa26b9bfe606d29f16b5aecf30f9233934452c4e2,tSEI,18,20372202975859752526666635,40022521533729215424278067,20892369422139847510234475,117098995691804507329971,1028107970849126042,0.5,True,False,False,0.0702463898125,1431073.71,2890461.46,False,False,False,False,False,0.0
takara,sei,0x71034bf5eC0FAd7aEE81a213403c8892F3d8CAeE,0x92e51466482146e71b692ced2265284968e8b3d6,tfastUSD,18,6622023940927401725,7350300375004288443,1467608778351865219,342358685005830278,1054007814513147241,0.0,True,True,True,0.99994995,6.62,7.75,False,False,False,False,False,0.0
takara,sei,0x71034bf5eC0FAd7aEE81a213403c8892F3d8CAeE,0xda642a7821e91ed285262fead162e5fd17200429,tiSEI,6,36057694256,36837271105,929454223,16519548,1003620187435162618,0.0,True,True,True,0.075882,2736.13,2805.41,False,False,False,False,False,0.0
takara,sei,0x71034bf5eC0FAd7aEE81a213403c8892F3d8CAeE,0xabfb7a392a6daac50f99c5d14b5f27effd08fe03,tuBTC,18,229931770151290120375,230013289953992188065,81676906063839785,2028645809907,1000000674198938649,0.5,True,False,False,84618.3799025,19456453.88,19463365.07,False,False,False,False,False,0.0
takara,sei,0x71034bf5eC0FAd7aEE81a213403c8892F3d8CAeE,0xa82a40324dbf7b57e87bd07c9e1d722e9754be9b,tUSDT0,6,451841473172,1723905623477,1472014212573,24067312832,1102025741456342892,0.75,True,False,False,0.99975,451728.51,1899313.43,False,False,False,False,False,1e-06
takara,sei,0x71034bf5eC0FAd7aEE81a213403c8892F3d8CAeE,0x51be1bade695f7adb37ecf597ec2f97ebd99fbfe,tFBTC,8,3054,3054,0,0,1000000000000000000,0.0,True,True,True,84618.3799025,2.58,2.58,False,True,False,False,False,0.000846
takara,sei,0x71034bf5eC0FAd7aEE81a213403c8892F3d8CAeE,0x413498e8ed8608053de3f407dbedd29f19f80c04,tSBTC,18,110450000002500,110450000002500,0,0,1000000000000000000,0.0,True,True,True,84618.3799025,9.35,9.35,False,False,False,False,False,0.0
takara,sei,0x71034bf5eC0FAd7aEE81a213403c8892F3d8CAeE,0xa54a39d8d2126c2aae1622443b30f19414c74f3b,tSolvBTC,18,2119919198955057,59743393586895,0,2060175805368162,1000000000000000000,0.0,True,True,True,84618.3799025,179.38,5.06,False,False,False,False,False,0.0
takara,sei,0x71034bf5eC0FAd7aEE81a213403c8892F3d8CAeE,0x963db326b734fd58a9396c020bbb52c14acafb02,tMBTC,18,45002231704521388586,45002223362551825529,0,8341969563057,1000000000000000000,0.5,True,False,False,84618.3799025,3808015.94,3808015.23,False,False,False,False,False,0.0
takara,sei,0x71034bf5eC0FAd7aEE81a213403c8892F3d8CAeE,0x0c5596dff747b5eeab703beb0ee21da7bda0b392,tspSEI,18,61559718724897916553955760,61572829203013483224652699,33197756094612445084020,2309733048544608736839,1000288723860193046,0.5,True,False,False,0.07607448771015782,4683124.07,4685473.86,False,False,False,False,False,0.0
takara,sei,0x71034bf5eC0FAd7aEE81a213403c8892F3d8CAeE,0xd1e6a6f58a29f64ab2365947acb53efeb6cc05e0,tnUSDC,6,216087375714,526976140032,357186314988,7429972666,1073755859234233664,0.75,True,False,False,0.999949,216076.36,565814.86,False,False,False,False,False,1e-06
takara,sei,0x71034bf5eC0FAd7aEE81a213403c8892F3d8CAeE,0x7f3c2a5bca48150c7ce07dceab9b73336a7e592a,tenzoBTC,8,26990000900,26990000900,899,261,1000000023638383798,0.75,True,True,False,84618.3799025,22838501.5,22838502.04,False,False,False,False,False,0.000846
takara,sei,0x71034bf5eC0FAd7aEE81a213403c8892F3d8CAeE,0xe8e69c45df3888a8df6b81fb068f63593cda2afe,tfiaBTC,8,1806291,1796429,0,9862,1000000000000000000,0.0,True,True,True,84618.3799025,1528.45,1520.11,False,False,False,False,False,0.000846
takara,sei,0x71034bf5eC0FAd7aEE81a213403c8892F3d8CAeE,0xe6eacaf0888ef15928bdd057716074a679fad49d,tETH,18,657388368093140955,567408097543212485,814429097689297,58765881047469218,1056447588144808434,0.65,True,False,False,2674.12,1757.94,1602.97,False,False,False,False,False,0.0
takara,sei,0x71034bf5eC0FAd7aEE81a213403c8892F3d8CAeE,0x372b1b8ba8438adbb06bde2894ee1d27996fe2a8,twstETH,18,32312076587868,32312076587868,0,0,1000000000000000000,0.0,True,True,True,3330.149981499024,0.11,0.11,False,False,False,False,False,0.0
takara,sei,0x71034bf5eC0FAd7aEE81a213403c8892F3d8CAeE,0xf2954e2875df36914da0346f648a0b04e8122199,twBTC,8,126611,126611,0,0,1000000000000000000,0.5,True,False,False,84618.3799025,107.14,107.14,False,True,False,False,False,0.000846
takara,sei,0x71034bf5eC0FAd7aEE81a213403c8892F3d8CAeE,0xf1a90d0edfbb98e37f46626ac717fab9437272f3,tsfastUSD,18,355359285210081714,355359285210081714,0,0,1000000000000000000,0.0,True,True,True,0.99994995,0.36,0.36,False,False,False,False,False,0.0
takara,sei,0x71034bf5eC0FAd7aEE81a213403c8892F3d8CAeE,0xadeb3aff3cdb149bd35820698fb7c8b8e52f4b84,tUSDY,18,53745842957610863032,53745842957610863032,0,0,1000000000000000000,0.0,True,False,False,0.99994995,53.74,53.74,False,False,False,False,False,0.0
takara,sei,0x71034bf5eC0FAd7aEE81a213403c8892F3d8CAeE,0x829beb6e2d04650c3385e65e4351e11f8db22bc1,tsUSDr,18,10000000000000000,10000000000000000,0,0,1000000000000000000,0.0,True,False,False,0.9947546428588118,0.01,0.01,False,False,False,False,False,0.0
kawa,sei,0xD527237E176647cbF8A7c7bCeFEfBf9130Bec948,0x20e56093357d91ce85b0e3c2f0e4bdc676e94edb,kSEI,18,4594420614503362963486,23438657068173,99648380500038526232,3566411389463255064,200118230748940866782873024,0.5,True,False,False,None,None,None,False,False,False,False,False,None
kawa,sei,0xD527237E176647cbF8A7c7bCeFEfBf9130Bec948,0x7a6400705d62f7dd0dc03efcb9f4b863b0814eb3,kUSDC,6,94356478,471782390000,0,0,200000000000000,0.5,True,False,True,None,None,None,False,False,False,False,False,None
kawa,sei,0xD527237E176647cbF8A7c7bCeFEfBf9130Bec948,0xd88a4f76c494b0edf4ba0fe1bf060cd1d3a7d6ac,kUSDT,6,25048973,125244865000,0,0,200000000000000,0.5,True,False,True,None,None,None,False,False,False,False,False,None
